zone_id,zone_division,zone_type,official_capacity,official_description,geometry_usable_for_reference_model,geometry_status,geometry_method,geometry_source_evidence,source_confidence,official_boundary_verified,feature_reference_crs,feature_status,geometry_review_status,reference_geometry_area_sqm,reference_geometry_perimeter_m,context_method,distance_to_primary_road_m,distance_to_secondary_road_m,distance_to_major_road_m,distance_to_bus_access_m,distance_to_bus_station_m,distance_to_railway_station_m,commercial_poi_count_250m,market_poi_count_250m,food_poi_count_250m,retail_poi_count_250m,service_poi_count_250m,bus_count_250m,bus_station_count_250m,rail_count_250m,ambiguous_count_250m,healthcare_count_250m,education_count_250m,toilet_count_250m,parking_count_250m,road_length_250m,road_density_250m_per_km2,major_road_length_250m,major_road_density_250m_per_km2,pedestrian_road_length_250m,pedestrian_road_density_250m_per_km2,local_road_length_250m,local_road_density_250m_per_km2,commercial_poi_count_500m,market_poi_count_500m,food_poi_count_500m,retail_poi_count_500m,service_poi_count_500m,bus_count_500m,bus_station_count_500m,rail_count_500m,ambiguous_count_500m,healthcare_count_500m,education_count_500m,toilet_count_500m,parking_count_500m,road_length_500m,road_density_500m_per_km2,major_road_length_500m,major_road_density_500m_per_km2,pedestrian_road_length_500m,pedestrian_road_density_500m_per_km2,local_road_length_500m,local_road_density_500m_per_km2,residential_land_ratio_500m,commercial_land_ratio_500m,industrial_land_ratio_500m,park_land_ratio_500m,mapped_landuse_coverage_ratio_500m,classified_landuse_coverage_ratio_500m,landuse_category_overlap_ratio_500m,landuse_missing_coverage_ratio_500m,landuse_composition_reliable,residential_mapped_share_500m,commercial_mapped_share_500m,industrial_mapped_share_500m,park_mapped_share_500m,environment_cluster,proposed_vendor_count,text_associated_vendor_count,review_required_vendor_count,vegetable_fruit_count,food_count,clothing_count,flower_count,general_goods_count,other_count,unknown_count,candidate_policy_status
NE_F_001,Nashik East,FREE,118,Vacant platforms and open space within Phule Market.,True,REFERENCE_LIKELY,VENDOR_REFERENCE_UNION,Phule Market,LIKELY,False,EPSG:32643,REFERENCE_READY,NOT_INDEPENDENTLY_VERIFIED,76473.20539784787,1141.161929427763,REPRESENTATIVE_POINT_FIXED_BUFFER,136.71186991136983,668.6662083435091,136.71186991136983,363.24014524772116,373.02584275071774,8865.028910346206,1.0,1.0,0.0,0.0,0.0,0.0,0.0,0.0,0.0,3.0,0.0,0.0,0.0,3846.8349969544133,19623.277031043992,828.4811526464828,4226.205487433656,0.0,0.0,3018.3538443079306,15397.071543610333,3.0,1.0,0.0,2.0,0.0,2.0,1.0,0.0,0.0,7.0,1.0,1.0,0.0,11783.046511416076,15026.76785891493,2895.991979153554,3693.2213710484775,264.0949706856486,336.7969237289597,8736.796148632648,11141.923901341454,0.09432476328514995,0.032166069995694706,0.0,0.0,0.12649083328084465,0.12649083328084465,0.0,0.8735091667191553,True,0.745704339505163,0.25429566049483704,0.0,0.0,0.0,34,32,2,15,14,0,0,0,4,1,REQUIRES_LIVE_CAPACITY_AND_MUNICIPAL_CHECK
NE_F_002,Nashik East,FREE,10,"Shivneri Chowk, Kathada Road.",True,REFERENCE_HIGH,VENDOR_REFERENCE_UNION,"Shivneri Chowk, Kathada Road",HIGH,False,EPSG:32643,REFERENCE_READY,NOT_INDEPENDENTLY_VERIFIED,68543.51969292255,3538.3759447231814,REPRESENTATIVE_POINT_FIXED_BUFFER,9.332301944452299,809.6946474657449,9.332301944452299,1710.5207396675319,1713.652557400588,9413.370463120857,0.0,0.0,0.0,0.0,0.0,0.0,0.0,0.0,0.0,0.0,0.0,0.0,0.0,3167.3763721647,16157.25760574065,1026.9089031963417,5238.414933060918,0.0,0.0,2140.4674689683584,10918.842672679732,0.0,0.0,0.0,0.0,0.0,0.0,0.0,0.0,0.0,0.0,1.0,0.0,0.0,12808.18689480997,16334.116221592978,3245.030512507549,4138.345729120479,0.0,0.0,9563.156382302423,12195.7704924725,0.0,0.0,0.0,0.0,0.0,0.0,0.0,1.0,False,,,,,1.0,3,3,0,0,2,0,0,1,0,0,REQUIRES_LIVE_CAPACITY_AND_MUNICIPAL_CHECK
NE_F_003,Nashik East,FREE,,Roadside along the western side of 100 Feet Tigarania Company Road.,True,REFERENCE_LIKELY,VENDOR_REFERENCE_UNION,"100 Feet Road, Tigraniya Road",LIKELY,False,EPSG:32643,REFERENCE_READY,NOT_INDEPENDENTLY_VERIFIED,23113.121345145475,1218.4087911695756,REPRESENTATIVE_POINT_FIXED_BUFFER,1204.2048036555088,486.5368875944565,486.5368875944565,1010.1175865142201,2169.7263227171256,11314.756732209507,0.0,0.0,0.0,0.0,0.0,0.0,0.0,0.0,0.0,0.0,0.0,0.0,0.0,2436.1141430480557,12426.980295781797,0.0,0.0,0.0,0.0,2436.1141430480566,12426.980295781801,0.0,0.0,0.0,0.0,0.0,0.0,0.0,0.0,0.0,0.0,0.0,0.0,0.0,11707.317482730114,14930.191601395913,293.3641382717168,374.1235171794227,0.0,0.0,11413.953344458398,14556.068084216491,0.0,0.0,0.33334818145773465,0.005675693487967624,0.33902387494570224,0.33902387494570224,0.0,0.6609761250542978,True,0.0,0.0,0.9832587203810451,0.016741279618954972,1.0,8,6,2,5,0,0,0,1,2,0,REQUIRES_LIVE_CAPACITY_AND_MUNICIPAL_CHECK
NE_F_004,Nashik East,FREE,155,"Along the western compound wall of Trikoni Garden, on an 80-foot-long roadside stretch near Aathvan Hotel, Gajar Park, Tapovan Road and Saubhagya Society.",True,REFERENCE_LIKELY,VENDOR_REFERENCE_UNION,"Trikoni Garden, Tapovan Road",LIKELY,False,EPSG:32643,REFERENCE_READY,NOT_INDEPENDENTLY_VERIFIED,48702.09459281511,2560.851084027521,REPRESENTATIVE_POINT_FIXED_BUFFER,714.2809978090195,320.75657788248463,320.75657788248463,1442.9822226093718,2089.6277120377245,10591.955127258625,0.0,0.0,0.0,0.0,0.0,0.0,0.0,0.0,0.0,0.0,0.0,0.0,0.0,1604.8654679368326,8186.657264949936,0.0,0.0,656.1071297041148,3346.8999784030843,948.7583382327181,4839.757286546853,0.0,0.0,0.0,0.0,0.0,0.0,0.0,0.0,0.0,1.0,0.0,0.0,0.0,7663.466228658709,9773.120041673264,1494.7680123261475,1906.2584453345505,1398.661866602955,1783.6955122087008,4770.036349729608,6083.166084130015,0.0,0.0,0.0,0.004877421372514424,0.004877421372514424,0.004877421372514424,0.0,0.9951225786274855,False,,,,,1.0,9,9,0,2,3,0,0,3,1,0,REQUIRES_LIVE_CAPACITY_AND_MUNICIPAL_CHECK
NE_F_005,Nashik East,FREE,33,"Gumshah Baba Chowk, Nanavali Road, along the NMC school wall, leaving the prescribed distance from the dargah.",True,REFERENCE_LIKELY,VENDOR_REFERENCE_UNION,Gumshah Baba Chowk,LIKELY,False,EPSG:32643,REFERENCE_READY,NOT_INDEPENDENTLY_VERIFIED,5778.503672969737,381.2748493721687,REPRESENTATIVE_POINT_FIXED_BUFFER,963.1814219776198,10.102193892042193,10.102193892042193,1572.780364517573,2667.460745784673,11213.868675632291,0.0,0.0,0.0,0.0,0.0,0.0,0.0,0.0,0.0,0.0,0.0,0.0,0.0,4204.529549111397,21447.930101692677,961.9035604211626,4906.813018555816,143.2277506824001,730.6260425516618,3099.398238007834,15810.4910405852,2.0,0.0,2.0,0.0,0.0,0.0,0.0,0.0,0.0,0.0,3.0,0.0,0.0,11025.142597554972,14060.222733092018,1976.415318703964,2520.4970682406833,831.0938229395524,1059.8832767222884,8217.633455911458,10479.84238812905,0.0,0.0,0.0,0.03759702212084384,0.03759702212084384,0.03759702212084384,0.0,0.9624029778791562,False,,,,,1.0,30,29,1,6,10,3,2,6,3,0,REQUIRES_LIVE_CAPACITY_AND_MUNICIPAL_CHECK
NE_F_007,Nashik East,FREE,99,"Open space opposite Survey No. 262, Rukmini Nagar, near Pakhal Road and Ashoka Marg, leaving the corner of the 150-foot road on the western side.",True,REFERENCE_HIGH,VENDOR_REFERENCE_UNION,"Ashoka Marg, Pakhal Road",HIGH,False,EPSG:32643,REFERENCE_READY,NOT_INDEPENDENTLY_VERIFIED,94125.56908835605,4830.810629482462,REPRESENTATIVE_POINT_FIXED_BUFFER,498.2573135010253,970.828968087658,498.2573135010253,947.9046796590509,2096.3593206855267,5604.252818666101,0.0,0.0,0.0,0.0,0.0,0.0,0.0,0.0,0.0,0.0,0.0,0.0,0.0,4497.888850738569,22944.399497968116,0.0,0.0,232.44074914081256,1185.7148064070236,4265.448101597754,21758.68469156108,2.0,0.0,0.0,0.0,2.0,0.0,0.0,0.0,0.0,6.0,0.0,0.0,0.0,17163.05668941274,21887.825730920194,52.82683672739248,67.3693863004134,341.1693970360385,435.08894960734654,16769.060455649305,21385.367395012432,0.005394919552687871,0.0,0.0,0.0047909818512203925,0.010185901403908262,0.010185901403908262,1.734723475976807e-18,0.9898140985960917,False,,,,,1.0,33,32,1,29,1,0,2,1,0,0,REQUIRES_LIVE_CAPACITY_AND_MUNICIPAL_CHECK
NE_F_008,Nashik East,FREE,93,"Inside Indiranagar Jogging Track, along the existing wall behind the NMC attendance shed near Sainath Nagar Chowfuli.",True,REFERENCE_HIGH,VENDOR_REFERENCE_UNION,"Indira Nagar Jogging Track, Sainath Nagar",HIGH,False,EPSG:32643,REFERENCE_READY,NOT_INDEPENDENTLY_VERIFIED,1338.508022274007,153.4846044798623,REPRESENTATIVE_POINT_FIXED_BUFFER,354.8865792488983,542.828692500329,354.8865792488983,1667.204067164248,1667.204067164248,8377.986333846728,0.0,0.0,0.0,0.0,0.0,0.0,0.0,0.0,0.0,0.0,0.0,0.0,0.0,4724.404769103534,24099.89086204695,0.0,0.0,0.0,0.0,4724.404769103535,24099.890862046952,0.0,0.0,0.0,0.0,0.0,0.0,0.0,0.0,0.0,0.0,0.0,0.0,0.0,17623.168319306395,22474.600182238897,1212.6394516016899,1546.4635158764718,148.34282131968826,189.1796945168435,16342.998390074757,20842.01591569207,0.0,0.0,0.0,0.0017069820872318375,0.0017069820872318375,0.0017069820872318375,0.0,0.9982930179127681,False,,,,,1.0,143,132,11,46,56,3,2,15,18,3,REQUIRES_LIVE_CAPACITY_AND_MUNICIPAL_CHECK
NE_F_010,Nashik East,FREE,191,Open space within Krushnakant Vegetable Market.,True,REFERENCE_LIKELY,VENDOR_REFERENCE_UNION,Krishnakant Vegetable Market,LIKELY,False,EPSG:32643,REFERENCE_READY,NOT_INDEPENDENTLY_VERIFIED,76473.20539784787,1141.161929427763,REPRESENTATIVE_POINT_FIXED_BUFFER,136.71186991136983,668.6662083435091,136.71186991136983,363.24014524772116,373.02584275071774,8865.028910346206,1.0,1.0,0.0,0.0,0.0,0.0,0.0,0.0,0.0,3.0,0.0,0.0,0.0,3846.8349969544133,19623.277031043992,828.4811526464828,4226.205487433656,0.0,0.0,3018.3538443079306,15397.071543610333,3.0,1.0,0.0,2.0,0.0,2.0,1.0,0.0,0.0,7.0,1.0,1.0,0.0,11783.046511416076,15026.76785891493,2895.991979153554,3693.2213710484775,264.0949706856486,336.7969237289597,8736.796148632648,11141.923901341454,0.09432476328514995,0.032166069995694706,0.0,0.0,0.12649083328084465,0.12649083328084465,0.0,0.8735091667191553,True,0.745704339505163,0.25429566049483704,0.0,0.0,0.0,67,65,2,52,8,0,1,6,0,0,REQUIRES_LIVE_CAPACITY_AND_MUNICIPAL_CHECK
NE_F_011,Nashik East,FREE,81,Space at the corner of Bharat Nagar.,True,REFERENCE_LIKELY,VENDOR_REFERENCE_UNION,Bharat Nagar Corner,LIKELY,False,EPSG:32643,REFERENCE_READY,NOT_INDEPENDENTLY_VERIFIED,2822.89364152391,188.41986941837195,REPRESENTATIVE_POINT_FIXED_BUFFER,2.8148246576642872,2181.809504332327,2.8148246576642872,1.4725502860585132e-09,1995.4506306581834,14312.239826090588,0.0,0.0,0.0,0.0,0.0,2.0,0.0,0.0,0.0,0.0,0.0,0.0,0.0,5163.770854440126,26341.16256136112,1001.345043384978,5108.009884895784,0.0,0.0,4162.425811055147,21233.152676465335,1.0,0.0,0.0,0.0,0.0,3.0,0.0,0.0,0.0,1.0,0.0,0.0,0.0,16954.99823507735,21622.491456685304,2029.646599155148,2588.382236426836,65.81016025303703,83.92685201762228,14859.541475669164,18950.182368240843,0.0,0.0,0.12960173054368557,0.008441404386688708,0.13804313493037423,0.13804313493037426,0.0,0.8619568650696258,True,0.0,0.0,0.9388495169213135,0.061150483078686646,0.0,106,105,1,43,36,0,2,15,7,3,REQUIRES_LIVE_CAPACITY_AND_MUNICIPAL_CHECK
NE_F_012,Nashik East,FREE,66,"Shivaji Nagar, beside Reliance Mall near Datta Mandir, Datta Mandir Road.",True,REFERENCE_LIKELY,VENDOR_REFERENCE_UNION,"Reliance Mall, Shivaji Nagar, Datta Mandir Road",LIKELY,False,EPSG:32643,REFERENCE_READY,NOT_INDEPENDENTLY_VERIFIED,104707.41175733514,5360.6887989485185,REPRESENTATIVE_POINT_FIXED_BUFFER,554.3743869710653,4141.430762427159,554.3743869710653,578.313290044417,3194.2018022015327,15627.784835061639,0.0,0.0,0.0,0.0,0.0,0.0,0.0,0.0,0.0,0.0,0.0,0.0,0.0,2464.594140289314,12572.26099436935,0.0,0.0,0.0,0.0,2464.594140289314,12572.26099436935,0.0,0.0,0.0,0.0,0.0,0.0,0.0,0.0,0.0,1.0,0.0,0.0,0.0,10537.97252703306,13438.941000014634,0.0,0.0,0.0,0.0,10537.97252703306,13438.941000014634,0.0,0.0,0.0,0.002591599864743188,0.002591599864743188,0.002591599864743188,0.0,0.9974084001352568,False,,,,,1.0,33,30,3,23,7,0,0,3,0,0,REQUIRES_LIVE_CAPACITY_AND_MUNICIPAL_CHECK
NE_F_014,Nashik East,FREE,146,Platforms constructed by NMC in the vegetable market at Old Sindhi Colony.,True,REFERENCE_LIKELY,VENDOR_REFERENCE_UNION,"Old Sindhi Colony Vegetable Market, Upnagar",LIKELY,False,EPSG:32643,REFERENCE_READY,NOT_INDEPENDENTLY_VERIFIED,76473.20539784787,1141.161929427763,REPRESENTATIVE_POINT_FIXED_BUFFER,136.71186991136983,668.6662083435091,136.71186991136983,363.24014524772116,373.02584275071774,8865.028910346206,1.0,1.0,0.0,0.0,0.0,0.0,0.0,0.0,0.0,3.0,0.0,0.0,0.0,3846.8349969544133,19623.277031043992,828.4811526464828,4226.205487433656,0.0,0.0,3018.3538443079306,15397.071543610333,3.0,1.0,0.0,2.0,0.0,2.0,1.0,0.0,0.0,7.0,1.0,1.0,0.0,11783.046511416076,15026.76785891493,2895.991979153554,3693.2213710484775,264.0949706856486,336.7969237289597,8736.796148632648,11141.923901341454,0.09432476328514995,0.032166069995694706,0.0,0.0,0.12649083328084465,0.12649083328084465,0.0,0.8735091667191553,True,0.745704339505163,0.25429566049483704,0.0,0.0,0.0,20,16,4,9,5,1,0,3,2,0,REQUIRES_LIVE_CAPACITY_AND_MUNICIPAL_CHECK
NE_F_015,Nashik East,FREE,20,Along one side of the road from Gosavi Nagar to the Takli boundary.,True,REFERENCE_HIGH,OSM_NAMED_LINE_BUFFER,Takli Road,HIGH,False,EPSG:32643,REFERENCE_READY,NOT_INDEPENDENTLY_VERIFIED,30644.341890997475,1592.689285291882,REPRESENTATIVE_POINT_FIXED_BUFFER,1426.6897271036762,2.5903006441760446,2.5903006441760446,2834.9386085656706,3440.042145712107,3500.066713408772,0.0,0.0,0.0,0.0,0.0,0.0,0.0,0.0,0.0,0.0,0.0,0.0,0.0,3983.3442915373316,20319.631230544048,744.2530040532249,3796.5451835823073,0.0,0.0,3239.0912874841065,16523.08604696174,1.0,0.0,1.0,0.0,0.0,0.0,0.0,0.0,0.0,1.0,0.0,0.0,0.0,12841.004615610485,16375.968239375496,1396.5394284949007,1780.9887941529123,334.53650468197907,426.63010718989057,11444.465187115584,14594.979445222581,0.0,0.0,0.10573612041468083,0.0,0.10573612041468083,0.10573612041468083,0.0,0.8942638795853192,True,0.0,0.0,1.0,0.0,1.0,1,0,1,1,0,0,0,0,0,0,REQUIRES_LIVE_CAPACITY_AND_MUNICIPAL_CHECK
NE_F_016,Nashik East,FREE,31,Along the drain on Amardham Road.,True,REFERENCE_HIGH,VENDOR_REFERENCE_UNION,"Along the Drain, Amardham Road",HIGH,False,EPSG:32643,REFERENCE_READY,NOT_INDEPENDENTLY_VERIFIED,203730.50745332008,10311.79504649557,REPRESENTATIVE_POINT_FIXED_BUFFER,490.7149993552318,738.2193272334365,490.7149993552318,518.3522552621694,1462.9776083930342,7327.012451733152,0.0,0.0,0.0,0.0,0.0,0.0,0.0,0.0,0.0,0.0,0.0,0.0,0.0,4039.6953739699866,20607.086476857097,0.0,0.0,0.0,0.0,4039.695373969987,20607.086476857097,3.0,0.0,0.0,2.0,1.0,0.0,0.0,0.0,0.0,1.0,0.0,0.0,1.0,13274.575571297228,16928.89570980178,18.058422338239065,23.02967404160322,34.31132338902843,43.75678997783448,13222.20582556996,16862.109245782343,0.04042625418083411,0.031393067111028475,0.012095849917622198,0.009993087613988151,0.09390825882347295,0.09390825882347294,0.0,0.906091741176527,False,,,,,1.0,19,17,2,7,8,1,0,0,3,0,REQUIRES_LIVE_CAPACITY_AND_MUNICIPAL_CHECK
NW_F_001,Nashik West,FREE,115,"Space behind Sharanpur Vegetable Market, adjacent to the gymnasium, on both sides.",True,REFERENCE_LIKELY,VENDOR_REFERENCE_UNION,Sharanpur Vegetable Market,LIKELY,False,EPSG:32643,REFERENCE_READY,NOT_INDEPENDENTLY_VERIFIED,76473.20539784787,1141.161929427763,REPRESENTATIVE_POINT_FIXED_BUFFER,136.71186991136983,668.6662083435091,136.71186991136983,363.24014524772116,373.02584275071774,8865.028910346206,1.0,1.0,0.0,0.0,0.0,0.0,0.0,0.0,0.0,3.0,0.0,0.0,0.0,3846.8349969544133,19623.277031043992,828.4811526464828,4226.205487433656,0.0,0.0,3018.3538443079306,15397.071543610333,3.0,1.0,0.0,2.0,0.0,2.0,1.0,0.0,0.0,7.0,1.0,1.0,0.0,11783.046511416076,15026.76785891493,2895.991979153554,3693.2213710484775,264.0949706856486,336.7969237289597,8736.796148632648,11141.923901341454,0.09432476328514995,0.032166069995694706,0.0,0.0,0.12649083328084465,0.12649083328084465,0.0,0.8735091667191553,True,0.745704339505163,0.25429566049483704,0.0,0.0,0.0,33,29,4,8,13,4,1,6,0,1,REQUIRES_LIVE_CAPACITY_AND_MUNICIPAL_CHECK
NW_F_002,Nashik West,FREE,50,Space beside the MSEB compound at Sharanpur Mini Market.,True,REFERENCE_LIKELY,VENDOR_REFERENCE_UNION,"Along MSEB Compound, Sharanpur",LIKELY,False,EPSG:32643,REFERENCE_READY,NOT_INDEPENDENTLY_VERIFIED,4651.179296653002,295.4324535547834,REPRESENTATIVE_POINT_FIXED_BUFFER,42.65053021234591,2.147602821617493,2.147602821617493,1116.2696642155252,1116.2696642155252,9635.316112707034,3.0,0.0,1.0,3.0,0.0,0.0,0.0,0.0,0.0,6.0,1.0,0.0,0.0,5352.799952587996,27305.42808427043,1738.2669421183386,8867.158010702191,0.0,0.0,3614.5330104696577,18438.270073568237,5.0,0.0,1.0,5.0,0.0,0.0,0.0,0.0,0.0,16.0,1.0,0.0,0.0,17370.015507793076,22151.75765354679,4144.0925314989745,5284.907973193968,15.181755103057458,19.361097268309496,13210.741221191045,16847.488583084516,0.010161495048332587,0.02760497036680104,0.0,0.0037659159859894757,0.0415323814011231,0.0415323814011231,0.0,0.9584676185988769,False,,,,,1.0,34,32,2,12,7,4,2,7,0,2,REQUIRES_LIVE_CAPACITY_AND_MUNICIPAL_CHECK
NW_F_003,Nashik West,FREE,150,"Space behind Hotel Green View, along Canal Road, on both sides.",True,REFERENCE_HIGH,VENDOR_REFERENCE_UNION,Canal Road Space behind Hotel Green View,HIGH,False,EPSG:32643,REFERENCE_READY,NOT_INDEPENDENTLY_VERIFIED,265929.3559709889,13422.167715447398,REPRESENTATIVE_POINT_FIXED_BUFFER,992.1842788229559,474.27121457463375,474.27121457463375,2656.80613635476,2656.80613635476,2699.341592358529,0.0,0.0,0.0,0.0,0.0,0.0,0.0,0.0,0.0,0.0,0.0,0.0,0.0,4401.631899892507,22453.37848612037,0.0,0.0,495.228893664292,2526.2361868511903,4401.631899892507,22453.37848612037,0.0,0.0,0.0,0.0,0.0,0.0,0.0,0.0,0.0,1.0,0.0,0.0,0.0,16797.30486251128,21421.387124274843,305.63607616327903,389.77376193546803,1264.9009454964294,1613.1119277244168,16225.976497933885,20692.77939982937,0.0,0.0,0.00037587113786584765,0.0,0.00037587113786584765,0.00037587113786584765,0.0,0.9996241288621341,False,,,,,1.0,114,104,10,32,33,14,4,23,5,3,REQUIRES_LIVE_CAPACITY_AND_MUNICIPAL_CHECK
NW_F_004,Nashik West,FREE,130,"Gangawadi grass-market ground, on both sides.",True,REFERENCE_LIKELY,VENDOR_REFERENCE_UNION,Gangawadi Grass Market Ground,LIKELY,False,EPSG:32643,REFERENCE_READY,NOT_INDEPENDENTLY_VERIFIED,154.3880173448424,49.460212090526,REPRESENTATIVE_POINT_FIXED_BUFFER,405.6554944964841,647.8433036501857,405.6554944964841,901.742530053051,2337.0946101021755,5466.071443437397,0.0,0.0,0.0,0.0,0.0,0.0,0.0,0.0,0.0,3.0,0.0,0.0,0.0,2893.2797802904,14759.05015471331,0.0,0.0,0.0,0.0,2893.2797802904,14759.05015471331,0.0,0.0,0.0,0.0,0.0,0.0,0.0,0.0,3.0,4.0,0.0,0.0,0.0,14194.283651256184,18101.787610221745,940.7642931385253,1199.7446186139075,0.0,0.0,13253.519358117659,16902.042991607836,0.005394919552687871,0.0,0.0,0.0016170770899497603,0.00701199664263763,0.00701199664263763,1.734723475976807e-18,0.9929880033573624,False,,,,,1.0,128,101,27,45,16,19,6,32,4,6,REQUIRES_LIVE_CAPACITY_AND_MUNICIPAL_CHECK
NW_F_005,Nashik West,FREE,100,Stretch from Phanibaba Dargah to Gangawadi Garden.,True,REFERENCE_LIKELY,VENDOR_REFERENCE_UNION,From Phani Baba Dargah to Gangawadi Garden,LIKELY,False,EPSG:32643,REFERENCE_READY,NOT_INDEPENDENTLY_VERIFIED,2822.8936415011253,188.4198694176116,REPRESENTATIVE_POINT_FIXED_BUFFER,127.33604770167507,295.46367123524936,127.33604770167507,378.26064526850104,853.8925075219861,8711.769222006671,2.0,0.0,0.0,2.0,0.0,0.0,0.0,0.0,0.0,0.0,0.0,1.0,2.0,4445.028282333363,22674.749882464705,812.7141279082218,4145.775550969219,1103.0493248948828,5626.8185400349375,2626.525912260866,13398.299029284124,20.0,6.0,4.0,8.0,1.0,1.0,0.0,0.0,0.0,4.0,1.0,2.0,4.0,17600.544260229435,22445.748010311505,2340.8732836871727,2985.285629401769,2914.698914867319,3717.078085867522,12989.836444704175,16565.771559225057,0.010517255205141754,0.05728229154433354,0.0,0.028078110379699782,0.09587765712917505,0.09587765712917508,0.0,0.9041223428708249,False,,,,,0.0,138,110,28,32,30,19,5,30,17,5,REQUIRES_LIVE_CAPACITY_AND_MUNICIPAL_CHECK
NW_F_006,Nashik West,FREE,50,Near Hanuman Ghat.,True,REFERENCE_LIKELY,VENDOR_REFERENCE_UNION,Near Hanuman Ghat,LIKELY,False,EPSG:32643,REFERENCE_READY,NOT_INDEPENDENTLY_VERIFIED,92.84829615977857,55.62347732188033,REPRESENTATIVE_POINT_FIXED_BUFFER,23.70779181756422,579.9010274767171,23.70779181756422,750.8052742977583,1053.2248901809905,6973.773813545535,1.0,0.0,1.0,0.0,0.0,0.0,0.0,0.0,0.0,0.0,0.0,0.0,0.0,4402.533315335291,22457.976740261198,991.0734700148805,5055.613062587134,331.13528388978506,1689.1702960140387,3080.324561430626,15713.193381660027,3.0,0.0,2.0,1.0,0.0,0.0,0.0,0.0,1.0,1.0,0.0,0.0,0.0,17526.59675330897,22351.4437046158,2953.6072008586875,3766.6973232026294,656.6565089867728,837.4256109427732,13916.333043463515,17747.3207704704,0.0,0.021677811333703313,0.0,0.01450144865466057,0.03617925998836388,0.03617925998836389,0.0,0.9638207400116361,False,,,,,1.0,21,19,2,5,8,3,0,4,0,1,REQUIRES_LIVE_CAPACITY_AND_MUNICIPAL_CHECK
NW_F_007,Nashik West,FREE,16,"Space beside the tennis court in D'Souza Colony, along the canal-side strip.",True,REFERENCE_HIGH,VENDOR_REFERENCE_UNION,"Canal-side Space beside the Tennis Court, D'Souza Colony",HIGH,False,EPSG:32643,REFERENCE_READY,NOT_INDEPENDENTLY_VERIFIED,57596.84258043955,3005.454492667982,REPRESENTATIVE_POINT_FIXED_BUFFER,904.4045656782691,0.5700665761185353,0.5700665761185353,981.1860662653913,2401.937984814948,10361.067966196913,0.0,0.0,0.0,0.0,0.0,0.0,0.0,0.0,0.0,0.0,0.0,0.0,0.0,1723.7179775401696,8792.941580140889,1144.5575765644064,5838.558300703182,0.0,0.0,579.160400975763,2954.383279437706,1.0,0.0,1.0,0.0,0.0,0.0,0.0,0.0,0.0,0.0,0.0,0.0,0.0,8844.123789351968,11278.797462892084,2195.405817457435,2799.772838296261,0.0,0.0,6648.717971894533,8479.024624595822,0.0,0.0,0.008788990675648187,0.0,0.008788990675648187,0.008788990675648187,0.0,0.9912110093243518,False,,,,,1.0,60,36,24,15,14,9,4,14,2,2,REQUIRES_LIVE_CAPACITY_AND_MUNICIPAL_CHECK
NW_F_008,Nashik West,FREE,40,"Space behind the Senior Citizens Association, on the canal-side land.",True,REFERENCE_LIKELY,VENDOR_REFERENCE_UNION,Canal-side Space behind Senior Citizens Association,LIKELY,False,EPSG:32643,REFERENCE_READY,NOT_INDEPENDENTLY_VERIFIED,129366.01195404923,6593.896962495694,REPRESENTATIVE_POINT_FIXED_BUFFER,1026.0631294958584,2758.2142885498774,1026.0631294958584,1859.5983060594874,2102.400418754343,13702.448342389833,0.0,0.0,0.0,0.0,0.0,0.0,0.0,0.0,0.0,0.0,0.0,0.0,0.0,2240.2970436176056,11428.08816950619,0.0,0.0,0.0,0.0,2240.2970436176056,11428.08816950619,0.0,0.0,0.0,0.0,0.0,0.0,0.0,0.0,0.0,0.0,0.0,0.0,0.0,8713.513092480238,11112.231318908773,0.0,0.0,0.0,0.0,8713.513092480238,11112.231318908773,0.0,0.0,0.0,0.0,0.0,0.0,0.0,1.0,False,,,,,1.0,18,0,18,7,3,0,0,2,6,0,REQUIRES_LIVE_CAPACITY_AND_MUNICIPAL_CHECK
NW_F_009,Nashik West,FREE,80,Roadside behind City Centre Mall.,True,REFERENCE_LIKELY,VENDOR_REFERENCE_UNION,Roadside Space behind City Centre Mall,LIKELY,False,EPSG:32643,REFERENCE_READY,NOT_INDEPENDENTLY_VERIFIED,12443.336087215032,685.0490808265903,REPRESENTATIVE_POINT_FIXED_BUFFER,652.824075791641,177.35277282896956,177.35277282896956,882.9522784954274,1928.6801323463783,10357.20060211156,8.0,0.0,5.0,2.0,0.0,0.0,0.0,0.0,0.0,2.0,2.0,0.0,0.0,3721.309080302084,18982.950674703112,630.7326789060415,3217.461133764465,0.0,0.0,3090.576401396043,15765.489540938648,15.0,0.0,8.0,6.0,0.0,0.0,0.0,0.0,0.0,6.0,4.0,0.0,1.0,15574.190249145067,19861.56476915696,1832.0599464154504,2336.4025162532075,694.5512145057374,885.7522421211975,13047.579088223878,16639.410010782554,0.010381439071947914,0.06984711862899395,0.0,0.01699723578452798,0.09722579348546986,0.09722579348546986,0.0,0.9027742065145301,False,,,,,0.0,23,13,10,6,8,4,0,4,0,1,REQUIRES_LIVE_CAPACITY_AND_MUNICIPAL_CHECK
NW_F_010,Nashik West,FREE,46,Roadside space along the open space opposite Sandeep Hotel.,True,REFERENCE_LIKELY,VENDOR_REFERENCE_UNION,Roadside Open Space behind Sandeep Hotel,LIKELY,False,EPSG:32643,REFERENCE_READY,NOT_INDEPENDENTLY_VERIFIED,2822.8936414961954,188.41986941744707,REPRESENTATIVE_POINT_FIXED_BUFFER,181.95412533692627,1532.2167052266134,181.95412533692627,430.6974809652975,1221.2654204800767,13247.421110846886,1.0,0.0,0.0,0.0,0.0,0.0,0.0,0.0,0.0,2.0,0.0,0.0,0.0,3196.6907962367136,16306.794839603306,256.043851727685,1306.1177405648564,0.0,0.0,2940.6469445090283,15000.677099038448,2.0,0.0,0.0,1.0,0.0,3.0,0.0,0.0,0.0,3.0,0.0,0.0,0.0,14763.621819926251,18827.85726339132,1076.9806134096584,1373.4595421124088,0.0,0.0,13686.641206516595,17454.397721278914,0.05924656317584787,0.03994996422160388,0.0,0.0005469590626646679,0.09974348646011642,0.09974348646011642,0.0,0.9002565135398836,False,,,,,0.0,46,36,10,9,19,5,1,6,4,2,REQUIRES_LIVE_CAPACITY_AND_MUNICIPAL_CHECK
NW_F_011,Nashik West,FREE,60,Space beside the old NMC school building at Mumbai Naka.,True,REFERENCE_HIGH,VENDOR_REFERENCE_UNION,"Space beside Old NMC School Building, Mumbai Naka",HIGH,False,EPSG:32643,REFERENCE_READY,NOT_INDEPENDENTLY_VERIFIED,828.4883651153789,175.2856345685956,REPRESENTATIVE_POINT_FIXED_BUFFER,41.61869958663234,1513.2816095884418,41.61869958663234,3333.3306203354637,3333.3306203354637,4878.995240034026,0.0,0.0,0.0,0.0,0.0,0.0,0.0,0.0,0.0,0.0,0.0,0.0,0.0,3134.350289904829,15988.786651839951,584.9682250379967,2984.0098531303665,0.0,0.0,2549.3820648668325,13004.776798709585,0.0,0.0,0.0,0.0,0.0,0.0,0.0,0.0,0.0,0.0,0.0,0.0,0.0,7904.317035467552,10080.273981789036,1450.154690318711,1849.3636488512084,0.0,0.0,6454.162345148842,8230.910332937829,0.0,0.0,0.0,0.0,0.0,0.0,0.0,1.0,False,,,,,1.0,16,0,16,7,4,1,0,4,0,0,REQUIRES_LIVE_CAPACITY_AND_MUNICIPAL_CHECK
NW_F_012,Nashik West,FREE,30,"Open space opposite Hindu Samaj Seva Sangh, near Jhankar Hotel.",True,REFERENCE_LIKELY,VENDOR_REFERENCE_UNION,"Open Space opposite Hindu Samaj Seva Sangh, near Jhankar Hotel",LIKELY,False,EPSG:32643,REFERENCE_READY,NOT_INDEPENDENTLY_VERIFIED,2822.8936414961954,188.41986941744707,REPRESENTATIVE_POINT_FIXED_BUFFER,181.95412533692627,1532.2167052266134,181.95412533692627,430.6974809652975,1221.2654204800767,13247.421110846886,1.0,0.0,0.0,0.0,0.0,0.0,0.0,0.0,0.0,2.0,0.0,0.0,0.0,3196.6907962367136,16306.794839603306,256.043851727685,1306.1177405648564,0.0,0.0,2940.6469445090283,15000.677099038448,2.0,0.0,0.0,1.0,0.0,3.0,0.0,0.0,0.0,3.0,0.0,0.0,0.0,14763.621819926251,18827.85726339132,1076.9806134096584,1373.4595421124088,0.0,0.0,13686.641206516595,17454.397721278914,0.05924656317584787,0.03994996422160388,0.0,0.0005469590626646679,0.09974348646011642,0.09974348646011642,0.0,0.9002565135398836,False,,,,,0.0,16,13,3,6,6,0,1,3,0,0,REQUIRES_LIVE_CAPACITY_AND_MUNICIPAL_CHECK
NW_F_013,Nashik West,FREE,20,"Pumping Station Road, space adjacent to Ram Mandir Garden.",True,REFERENCE_HIGH,OSM_NAMED_POINT_BUFFER,Ram Mandir,HIGH,False,EPSG:32643,REFERENCE_READY,NOT_INDEPENDENTLY_VERIFIED,2822.893641498528,188.4198694175248,REPRESENTATIVE_POINT_FIXED_BUFFER,348.2151014385047,354.46245414931224,348.2151014385047,399.39432268381006,2873.047201784368,11592.28839596695,0.0,0.0,0.0,0.0,0.0,0.0,0.0,0.0,0.0,0.0,3.0,0.0,0.0,2329.9046315731543,11885.18979302982,0.0,0.0,0.0,0.0,2329.9046315731543,11885.18979302982,4.0,0.0,2.0,0.0,0.0,1.0,0.0,0.0,0.0,1.0,5.0,0.0,0.0,11890.992760212,15164.430323399429,3166.7537136735464,4038.5203330586096,146.75768077880184,187.1581851467008,8617.67674856234,10990.012460559523,0.0,0.0,0.0,0.003507795653910783,0.003507795653910783,0.003507795653910783,0.0,0.9964922043460892,False,,,,,1.0,40,25,15,7,9,2,1,2,17,2,REQUIRES_LIVE_CAPACITY_AND_MUNICIPAL_CHECK
NW_F_014,Nashik West,FREE,80,"Madhav Ashram / Sai Prerna Apartment area, Vanvihar Colony, Parijat Nagar.",True,REFERENCE_HIGH,OSM_NAMED_POINT_BUFFER,Parijat Nagar,HIGH,False,EPSG:32643,REFERENCE_READY,NOT_INDEPENDENTLY_VERIFIED,2822.8936414790232,188.41986941687387,REPRESENTATIVE_POINT_FIXED_BUFFER,711.9892918703225,172.6132233035413,172.6132233035413,331.37109703656563,2619.5570155785886,10986.048526019747,1.0,0.0,0.0,1.0,0.0,0.0,0.0,0.0,0.0,0.0,0.0,0.0,0.0,4993.9138435483,25474.6967048754,716.9280980850525,3657.156777246919,473.1610458965436,2413.66481569327,3803.824699566703,19403.87511193521,6.0,0.0,4.0,1.0,0.0,1.0,0.0,0.0,0.0,2.0,6.0,0.0,0.0,14797.266954311433,18870.764471089966,3249.298909525757,4143.789161008841,982.7255900447318,1253.2573215517823,10565.242454740946,13473.717988529344,0.00029368386390902655,0.0,0.0,0.011265823246457451,0.011559507110366478,0.011559507110366482,0.0,0.9884404928896335,False,,,,,0.0,18,0,18,8,6,1,0,3,0,0,REQUIRES_LIVE_CAPACITY_AND_MUNICIPAL_CHECK
NW_F_016,Nashik West,FREE,100,"Bhadrakali Taxi Stand / Matangwada area, along the stretch from Bhadrakali towards Main Road.",True,REFERENCE_LIKELY,VENDOR_REFERENCE_UNION,"Bhadrakali Taxi Stand / Matangwada Area toward Main Road | Matangwada Area, Bhadrakali to Main Road",LIKELY,False,EPSG:32643,REFERENCE_READY,NOT_INDEPENDENTLY_VERIFIED,28257.071677861233,1538.5264823049397,REPRESENTATIVE_POINT_FIXED_BUFFER,313.43471904536,93.06992962200675,93.06992962200675,543.7118576397165,707.2589538039565,8941.49108509543,2.0,0.0,0.0,1.0,0.0,0.0,0.0,0.0,0.0,0.0,0.0,0.0,0.0,3537.6235501301053,18045.943486192904,269.7698381825652,1376.136037409332,383.7295929929684,1957.4616832467195,2884.1241189545717,14712.345765536851,4.0,0.0,0.0,2.0,0.0,0.0,0.0,0.0,0.0,2.0,0.0,2.0,3.0,15248.046474129289,19445.637802303016,2181.7538952375444,2782.362717252649,1820.6038892010508,2321.792753644493,11475.31251982934,14634.318652388338,0.00973370568529252,0.03658206160505686,0.0,0.028029055330460944,0.07434482262081032,0.07434482262081031,1.3877787807814457e-17,0.9256551773791897,False,,,,,0.0,65,0,65,18,14,11,2,16,2,2,REQUIRES_LIVE_CAPACITY_AND_MUNICIPAL_CHECK
NW_F_017,Nashik West,FREE,48,"Bhadrakali vegetable-market ground, near Kondaji Chivda.",True,REFERENCE_LIKELY,VENDOR_REFERENCE_UNION,Bhadrakali Vegetable Market Ground (near Kandaji Chivda),LIKELY,False,EPSG:32643,REFERENCE_READY,NOT_INDEPENDENTLY_VERIFIED,76473.20539784787,1141.161929427763,REPRESENTATIVE_POINT_FIXED_BUFFER,136.71186991136983,668.6662083435091,136.71186991136983,363.24014524772116,373.02584275071774,8865.028910346206,1.0,1.0,0.0,0.0,0.0,0.0,0.0,0.0,0.0,3.0,0.0,0.0,0.0,3846.8349969544133,19623.277031043992,828.4811526464828,4226.205487433656,0.0,0.0,3018.3538443079306,15397.071543610333,3.0,1.0,0.0,2.0,0.0,2.0,1.0,0.0,0.0,7.0,1.0,1.0,0.0,11783.046511416076,15026.76785891493,2895.991979153554,3693.2213710484775,264.0949706856486,336.7969237289597,8736.796148632648,11141.923901341454,0.09432476328514995,0.032166069995694706,0.0,0.0,0.12649083328084465,0.12649083328084465,0.0,0.8735091667191553,True,0.745704339505163,0.25429566049483704,0.0,0.0,0.0,73,57,16,21,18,15,0,14,0,5,REQUIRES_LIVE_CAPACITY_AND_MUNICIPAL_CHECK
NW_F_018,Nashik West,FREE,100,"Open space near Boys Town, opposite Siddharth Nagar slum area.",True,REFERENCE_LIKELY,VENDOR_REFERENCE_UNION,"Open Space near Boys Town, Siddharth Nagar",LIKELY,False,EPSG:32643,REFERENCE_READY,NOT_INDEPENDENTLY_VERIFIED,2822.893641484624,188.41986941706085,REPRESENTATIVE_POINT_FIXED_BUFFER,1261.9104918229134,86.39696587046022,86.39696587046022,964.851394994388,2326.3426597325306,10763.547417327187,0.0,0.0,0.0,0.0,0.0,0.0,0.0,0.0,0.0,0.0,0.0,0.0,0.0,3905.90869618852,19924.620750292986,927.7282164097599,4732.479509658778,0.0,0.0,2978.1804797787595,15192.141240634206,0.0,0.0,0.0,0.0,0.0,0.0,0.0,0.0,0.0,1.0,0.0,0.0,0.0,10403.294674299803,13267.188064405067,2062.096707667024,2629.765442979753,0.0,0.0,8341.197966632777,10637.422621425312,0.0,0.0,0.2016388850885865,0.005675693487967624,0.2073145785765541,0.2073145785765541,0.0,0.7926854214234459,True,0.0,0.0,0.9726227961056207,0.02737720389437922,1.0,19,0,19,2,7,3,1,4,1,1,REQUIRES_LIVE_CAPACITY_AND_MUNICIPAL_CHECK
NW_F_019,Nashik West,FREE,30,Near the ST Workshop on N. D. Patel Road.,True,REFERENCE_HIGH,VENDOR_REFERENCE_UNION,"Near ST Workshop, N. D. Patel Road",HIGH,False,EPSG:32643,REFERENCE_READY,NOT_INDEPENDENTLY_VERIFIED,121855.32303556225,6218.4798921904185,REPRESENTATIVE_POINT_FIXED_BUFFER,8.630330144621622e-11,64.30751509692502,8.630330144621622e-11,1498.2778738802472,2077.417662075477,12174.354969073649,4.0,0.0,1.0,4.0,0.0,0.0,0.0,0.0,0.0,0.0,0.0,0.0,0.0,3871.9774606452725,19751.53247497109,1239.9238471494928,6325.035820167953,0.0,0.0,2632.05361349578,13426.49665480314,25.0,2.0,3.0,22.0,0.0,0.0,0.0,0.0,0.0,1.0,0.0,0.0,0.0,14296.71980076406,18232.42311586323,2497.38997501676,3184.8893553461976,20.93416609808385,26.697073118662235,11793.721044517231,15040.380953860957,0.0,0.0,0.0,0.0,0.0,0.0,0.0,1.0,False,,,,,1.0,2,0,2,0,1,1,0,0,0,0,REQUIRES_LIVE_CAPACITY_AND_MUNICIPAL_CHECK
NW_F_020,Nashik West,FREE,75,"Lane beside Hotel Priya, opposite CBS, on one side of the road.",True,REFERENCE_LIKELY,VENDOR_REFERENCE_UNION,"Lane beside Hotel Priya, opposite CBS | Lane opposite CBS",LIKELY,False,EPSG:32643,REFERENCE_READY,NOT_INDEPENDENTLY_VERIFIED,50779.38860126195,2712.005285718549,REPRESENTATIVE_POINT_FIXED_BUFFER,621.9354664374229,473.1407541660563,473.1407541660563,574.2661473840967,2060.1235657571146,6466.364987801225,0.0,0.0,0.0,0.0,0.0,0.0,0.0,0.0,0.0,2.0,1.0,0.0,0.0,4200.418368554251,21426.958358672407,0.0,0.0,0.0,0.0,4200.418368554252,21426.95835867241,1.0,0.0,0.0,0.0,1.0,0.0,0.0,0.0,0.0,7.0,1.0,0.0,2.0,17176.26159344025,21904.66577540516,27.54929649966864,35.13326394628539,132.71290181473404,169.2470589436137,17015.999395125848,21700.28545251526,0.005147871643644547,0.01739620543802184,0.01451785291212213,0.0038095307420354723,0.04087146073582398,0.040871460735823976,1.3877787807814457e-17,0.959128539264176,False,,,,,1.0,3,0,3,0,1,1,0,1,0,0,REQUIRES_LIVE_CAPACITY_AND_MUNICIPAL_CHECK
NW_F_021,Nashik West,FREE,5,Milk Market.,True,REFERENCE_LIKELY,VENDOR_REFERENCE_UNION,Dudh Bazar,LIKELY,False,EPSG:32643,REFERENCE_READY,NOT_INDEPENDENTLY_VERIFIED,76473.20539784787,1141.161929427763,REPRESENTATIVE_POINT_FIXED_BUFFER,136.71186991136983,668.6662083435091,136.71186991136983,363.24014524772116,373.02584275071774,8865.028910346206,1.0,1.0,0.0,0.0,0.0,0.0,0.0,0.0,0.0,3.0,0.0,0.0,0.0,3846.8349969544133,19623.277031043992,828.4811526464828,4226.205487433656,0.0,0.0,3018.3538443079306,15397.071543610333,3.0,1.0,0.0,2.0,0.0,2.0,1.0,0.0,0.0,7.0,1.0,1.0,0.0,11783.046511416076,15026.76785891493,2895.991979153554,3693.2213710484775,264.0949706856486,336.7969237289597,8736.796148632648,11141.923901341454,0.09432476328514995,0.032166069995694706,0.0,0.0,0.12649083328084465,0.12649083328084465,0.0,0.8735091667191553,True,0.745704339505163,0.25429566049483704,0.0,0.0,0.0,3,0,3,1,1,0,0,1,0,0,REQUIRES_LIVE_CAPACITY_AND_MUNICIPAL_CHECK
NW_F_022,Nashik West,FREE,18,"Space opposite Prabhat Theatre, Bhadrakali.",True,REFERENCE_LIKELY,VENDOR_REFERENCE_UNION,"Opposite Bharat Theatre, Bhadrakali",LIKELY,False,EPSG:32643,REFERENCE_READY,NOT_INDEPENDENTLY_VERIFIED,362.1241615590453,78.77621613238975,REPRESENTATIVE_POINT_FIXED_BUFFER,561.974922937437,454.67576361812985,454.67576361812985,529.4193623540898,1173.597182810153,7953.904853777295,3.0,0.0,2.0,3.0,0.0,0.0,0.0,0.0,0.0,0.0,0.0,0.0,0.0,4044.020492494659,20629.1495492449,0.0,0.0,95.91713862935612,489.2875792278779,3948.103353865303,20139.861970017024,15.0,3.0,7.0,8.0,0.0,0.0,0.0,0.0,0.0,2.0,0.0,1.0,3.0,17108.88250507058,21818.738089513787,177.56285328409498,226.4436259401648,718.9071050509143,916.8129964740656,16228.244068000758,20695.671202807975,0.013935977290244513,0.03194592826575192,0.0,0.0,0.045881905555996444,0.045881905555996444,0.0,0.9541180944440035,False,,,,,0.0,96,0,96,19,21,8,0,25,17,6,REQUIRES_LIVE_CAPACITY_AND_MUNICIPAL_CHECK
NW_F_024,Nashik West,FREE,46,"Chitramandir, Vishrambaug area.",True,REFERENCE_LIKELY,OSM_NAMED_POLYGON,Temple,LIKELY,False,EPSG:32643,REFERENCE_READY,NOT_INDEPENDENTLY_VERIFIED,140.59997703785456,49.754420150577104,REPRESENTATIVE_POINT_FIXED_BUFFER,494.0019078708822,13.87954790117547,13.87954790117547,1266.9410721891363,1266.9410721891363,6390.91107659306,0.0,0.0,0.0,0.0,0.0,0.0,0.0,0.0,0.0,0.0,0.0,0.0,0.0,4632.325624290143,23630.181459671923,892.2363280106754,4551.430112177073,0.0,0.0,3740.089296279468,19078.75134749485,0.0,0.0,0.0,0.0,0.0,0.0,0.0,0.0,0.0,0.0,0.0,0.0,0.0,16690.778019773756,21285.534810103887,1613.026268964848,2057.071680959823,1787.8974334220177,2280.082630714635,15077.751750808908,19228.463129144064,0.0,0.0,0.0,0.002961197249282355,0.002961197249282355,0.002961197249282355,0.0,0.9970388027507177,False,,,,,1.0,2,2,0,0,1,1,0,0,0,0,REQUIRES_LIVE_CAPACITY_AND_MUNICIPAL_CHECK
NW_F_025,Nashik West,FREE,48,"Balaji Temple, Tilbhandeshwar Lane.",True,REFERENCE_HIGH,VENDOR_REFERENCE_UNION,Balaji Temple,HIGH,False,EPSG:32643,REFERENCE_READY,NOT_INDEPENDENTLY_VERIFIED,57.40092686363764,30.922032884975522,REPRESENTATIVE_POINT_FIXED_BUFFER,100.95272933835773,439.8497703646158,100.95272933835773,279.73468625862665,589.2169745018008,8497.547640176364,2.0,1.0,0.0,1.0,0.0,0.0,0.0,0.0,0.0,1.0,0.0,2.0,2.0,5061.286727915162,25818.37580090061,1045.2389462856488,5331.919207046472,1477.6305207925318,7537.612890075637,2712.1201463098014,13834.927938070716,19.0,4.0,4.0,11.0,0.0,1.0,0.0,0.0,0.0,5.0,1.0,2.0,6.0,17576.90108628016,22415.59617427831,2887.634772826171,3682.5635331702197,3195.199243313364,4074.7965516161184,12022.972054374306,15332.741821927331,0.014100069833992925,0.07100490858859262,0.0,0.01590419592842944,0.10100917435101499,0.10100917435101499,1.3877787807814457e-17,0.898990825648985,True,0.1395919719628046,0.702955043883884,0.0,0.1574529841533115,0.0,70,41,29,11,18,13,3,16,6,3,REQUIRES_LIVE_CAPACITY_AND_MUNICIPAL_CHECK
NW_F_026,Nashik West,FREE,300,Open plot near Akashvani Kendra.,True,REFERENCE_LIKELY,OSM_NAMED_POLYGON,Open Plot,LIKELY,False,EPSG:32643,REFERENCE_READY,NOT_INDEPENDENTLY_VERIFIED,994.0117503427537,150.7568119816655,REPRESENTATIVE_POINT_FIXED_BUFFER,288.5244180897989,264.82049114569406,264.82049114569406,329.13014991066365,1203.9113203301292,9397.08683238713,1.0,0.0,0.0,1.0,0.0,0.0,0.0,0.0,0.0,0.0,0.0,0.0,1.0,3403.55513745163,17362.04058804808,0.0,0.0,141.44577270392028,721.5359080482027,3403.55513745163,17362.04058804808,2.0,0.0,0.0,1.0,0.0,1.0,0.0,0.0,0.0,0.0,0.0,0.0,1.0,14063.786008367939,17935.365642531353,3034.2510233131793,3869.5413540825148,716.5869569660128,913.8541414244532,10542.571858227391,13444.80646800685,0.017528055432630918,0.0012231527192089527,0.0,0.014863918291396477,0.033615126443236346,0.03361512644323634,6.938893903907228e-18,0.9663848735567636,False,,,,,0.0,186,158,28,161,15,0,2,0,7,1,REQUIRES_LIVE_CAPACITY_AND_MUNICIPAL_CHECK
NW_F_027,Nashik West,FREE,100,"Behind the Divisional Referral Hospital at Navapura, along the road from Shivaji Road to Pimpalpar.",True,REFERENCE_HIGH,VENDOR_REFERENCE_UNION,"Behind Sandarbha Seva Hospital, Navapura – Shivaji Road to Pimpalpar Road | Navapura behind the Hospital – Shivaji Road to Pimpalpar Road",HIGH,False,EPSG:32643,REFERENCE_READY,NOT_INDEPENDENTLY_VERIFIED,7850.980502578886,455.4218721070014,REPRESENTATIVE_POINT_FIXED_BUFFER,301.8336658890867,77.22061833232007,77.22061833232007,188.27303652618068,804.9035989993511,8200.769962808305,3.0,0.0,0.0,2.0,1.0,1.0,0.0,0.0,0.0,1.0,0.0,0.0,0.0,4233.788913880436,21597.18646986802,997.4223509964584,5087.99964803654,95.91713862935612,489.2875792278779,3140.449424254621,16019.8992426036,31.0,2.0,11.0,17.0,4.0,2.0,0.0,0.0,0.0,5.0,2.0,0.0,1.0,15865.642341051633,20233.24987816777,2626.413994210295,3349.4320296679025,177.92298717214447,226.9029000615565,13061.30535966919,16656.914948438305,0.0,0.05796646969436244,0.0,0.019445794685731974,0.07741226438009441,0.07741226438009441,0.0,0.9225877356199056,False,,,,,0.0,248,3,245,43,65,53,7,62,6,12,REQUIRES_LIVE_CAPACITY_AND_MUNICIPAL_CHECK
PAN_F_001,Panchavati,FREE,40,Adgaon Holi Chowk.,True,REFERENCE_LIKELY,VENDOR_REFERENCE_UNION,"Holi Chowk, Adgaon | Adgaon Chowk",LIKELY,False,EPSG:32643,REFERENCE_READY,NOT_INDEPENDENTLY_VERIFIED,2822.8936414951627,188.4198694174126,REPRESENTATIVE_POINT_FIXED_BUFFER,641.3818367801846,1.5425712317844648e-10,1.5425712317844648e-10,768.8344367440596,2378.017173677894,8467.804842241027,0.0,0.0,0.0,0.0,0.0,0.0,0.0,0.0,0.0,1.0,0.0,0.0,0.0,6339.7885334849725,32340.20352037626,999.0189794657138,5096.1442871470435,529.3363330289693,2700.2233040533815,5340.769554019259,27244.059233229218,0.0,0.0,0.0,0.0,0.0,0.0,0.0,0.0,0.0,1.0,0.0,0.0,0.0,19826.849871850183,25284.926959186258,1999.3749662326663,2549.7772118098405,1124.9638352983068,1434.6519286267917,17827.47490561752,22735.14974737642,0.03353435030516073,0.0,0.0,0.012011392951255272,0.045545743256416006,0.045545743256416006,0.0,0.954454256743584,False,,,,,1.0,29,25,4,14,7,0,0,6,2,0,REQUIRES_LIVE_CAPACITY_AND_MUNICIPAL_CHECK
PAN_F_002,Panchavati,FREE,15,"Adgaon Bus Stop, near Samaj Mandir.",True,REFERENCE_LIKELY,OSM_NAMED_POLYGON,Temple,LIKELY,False,EPSG:32643,REFERENCE_READY,NOT_INDEPENDENTLY_VERIFIED,140.59997703785456,49.754420150577104,REPRESENTATIVE_POINT_FIXED_BUFFER,494.0019078708822,13.87954790117547,13.87954790117547,1266.9410721891363,1266.9410721891363,6390.91107659306,0.0,0.0,0.0,0.0,0.0,0.0,0.0,0.0,0.0,0.0,0.0,0.0,0.0,4632.325624290143,23630.181459671923,892.2363280106754,4551.430112177073,0.0,0.0,3740.089296279468,19078.75134749485,0.0,0.0,0.0,0.0,0.0,0.0,0.0,0.0,0.0,0.0,0.0,0.0,0.0,16690.778019773756,21285.534810103887,1613.026268964848,2057.071680959823,1787.8974334220177,2280.082630714635,15077.751750808908,19228.463129144064,0.0,0.0,0.0,0.002961197249282355,0.002961197249282355,0.002961197249282355,0.0,0.9970388027507177,False,,,,,1.0,13,0,13,0,2,0,0,0,7,4,REQUIRES_LIVE_CAPACITY_AND_MUNICIPAL_CHECK
PAN_F_004,Panchavati,FREE,80,From Mhasrul Vegetable Market up to Samaj Mandir.,True,REFERENCE_LIKELY,VENDOR_REFERENCE_UNION,Mhasrul Vegetable Market,LIKELY,False,EPSG:32643,REFERENCE_READY,NOT_INDEPENDENTLY_VERIFIED,76473.20539784787,1141.161929427763,REPRESENTATIVE_POINT_FIXED_BUFFER,136.71186991136983,668.6662083435091,136.71186991136983,363.24014524772116,373.02584275071774,8865.028910346206,1.0,1.0,0.0,0.0,0.0,0.0,0.0,0.0,0.0,3.0,0.0,0.0,0.0,3846.8349969544133,19623.277031043992,828.4811526464828,4226.205487433656,0.0,0.0,3018.3538443079306,15397.071543610333,3.0,1.0,0.0,2.0,0.0,2.0,1.0,0.0,0.0,7.0,1.0,1.0,0.0,11783.046511416076,15026.76785891493,2895.991979153554,3693.2213710484775,264.0949706856486,336.7969237289597,8736.796148632648,11141.923901341454,0.09432476328514995,0.032166069995694706,0.0,0.0,0.12649083328084465,0.12649083328084465,0.0,0.8735091667191553,True,0.745704339505163,0.25429566049483704,0.0,0.0,0.0,77,73,4,48,6,2,0,11,8,2,REQUIRES_LIVE_CAPACITY_AND_MUNICIPAL_CHECK
PAN_F_005,Panchavati,FREE,50,"Prabhat Nagar, along the Samaj Mandir compound wall on Makhmalabad Link Road.",True,REFERENCE_HIGH,OSM_NAMED_LINE_BUFFER,Ambad Link Road,HIGH,False,EPSG:32643,REFERENCE_READY,NOT_INDEPENDENTLY_VERIFIED,3479.8672166015403,236.8756372970289,REPRESENTATIVE_POINT_FIXED_BUFFER,134.495734393214,2.677887719606501e-10,2.677887719606501e-10,1783.4966698618184,2124.38037574952,9555.11127018195,2.0,0.0,1.0,1.0,0.0,0.0,0.0,0.0,0.0,0.0,0.0,0.0,0.0,4778.006902587455,24373.323311227312,1997.3380213513863,10188.71808867449,76.07846366017209,388.0875498121765,2704.590417575897,13796.517672740645,4.0,0.0,2.0,2.0,0.0,0.0,0.0,0.0,0.0,0.0,1.0,0.0,0.0,16520.82497478621,21068.79587493383,4017.404422604478,5123.344255271094,321.7955660259455,410.3817517833835,12181.62498615579,15535.069867879356,0.0,0.029775387502440274,0.0,0.0,0.029775387502440274,0.029775387502440274,0.0,0.9702246124975598,False,,,,,1.0,0,0,0,0,0,0,0,0,0,0,REQUIRES_LIVE_CAPACITY_AND_MUNICIPAL_CHECK
PAN_F_006,Panchavati,FREE,15,NMC open space in Nandurgaon between Samaj Mandir and the Sulabh public toilet.,True,REFERENCE_LIKELY,OSM_NAMED_POLYGON,Temple,LIKELY,False,EPSG:32643,REFERENCE_READY,NOT_INDEPENDENTLY_VERIFIED,140.59997703785456,49.754420150577104,REPRESENTATIVE_POINT_FIXED_BUFFER,494.0019078708822,13.87954790117547,13.87954790117547,1266.9410721891363,1266.9410721891363,6390.91107659306,0.0,0.0,0.0,0.0,0.0,0.0,0.0,0.0,0.0,0.0,0.0,0.0,0.0,4632.325624290143,23630.181459671923,892.2363280106754,4551.430112177073,0.0,0.0,3740.089296279468,19078.75134749485,0.0,0.0,0.0,0.0,0.0,0.0,0.0,0.0,0.0,0.0,0.0,0.0,0.0,16690.778019773756,21285.534810103887,1613.026268964848,2057.071680959823,1787.8974334220177,2280.082630714635,15077.751750808908,19228.463129144064,0.0,0.0,0.0,0.002961197249282355,0.002961197249282355,0.002961197249282355,0.0,0.9970388027507177,False,,,,,1.0,5,3,2,1,2,0,0,2,0,0,REQUIRES_LIVE_CAPACITY_AND_MUNICIPAL_CHECK
PAN_F_007,Panchavati,FREE,250,"Area near the water channel between Dindori Road and Peth Road, subject to final approval of the Irrigation Department.",True,REFERENCE_HIGH,VENDOR_REFERENCE_UNION,"Near the Canal, Dindori Road",HIGH,False,EPSG:32643,REFERENCE_READY,NOT_INDEPENDENTLY_VERIFIED,116288.40939383591,5877.249560284551,REPRESENTATIVE_POINT_FIXED_BUFFER,2.796611140366562e-12,1024.808662479171,2.796611140366562e-12,1373.4697532672283,1378.7454703295664,9459.604174923861,0.0,0.0,0.0,0.0,0.0,0.0,0.0,0.0,0.0,0.0,0.0,0.0,0.0,2182.995583679136,11135.784906292121,1014.2860185565598,5174.023722516806,0.0,0.0,1168.709565122576,5961.761183775315,1.0,0.0,0.0,0.0,0.0,0.0,0.0,0.0,0.0,0.0,0.0,0.0,0.0,10892.272723148366,13890.775489018353,3693.9811929182815,4710.886764929665,0.0,0.0,7198.2915302300835,9179.888724088687,0.0,0.0,0.0,0.0,0.0,0.0,0.0,1.0,False,,,,,1.0,274,264,10,141,70,4,6,25,22,6,REQUIRES_LIVE_CAPACITY_AND_MUNICIPAL_CHECK
PAN_F_008,Panchavati,FREE,250,"Tarwala Nagar, Dindori Road-Hirawadi Link Road, near Raje Sambhaji Chowk, along the reserved-garden wall at Survey No. 159.",True,REFERENCE_HIGH,OSM_NAMED_LINE_BUFFER,Dindori Road,HIGH,False,EPSG:32643,REFERENCE_READY,NOT_INDEPENDENTLY_VERIFIED,116288.4093937759,5877.249560284629,REPRESENTATIVE_POINT_FIXED_BUFFER,3.702579180449383e-11,1024.8086624787018,3.702579180449383e-11,1373.4697532676923,1378.7454703300311,9459.604174924249,0.0,0.0,0.0,0.0,0.0,0.0,0.0,0.0,0.0,0.0,0.0,0.0,0.0,2182.995583679793,11135.784906295474,1014.2860185563815,5174.023722515896,0.0,0.0,1168.7095651234117,5961.7611837795785,1.0,0.0,0.0,0.0,0.0,0.0,0.0,0.0,0.0,0.0,0.0,0.0,0.0,10892.272723148752,13890.775489018846,3693.981192919644,4710.886764931403,0.0,0.0,7198.291530229108,9179.888724087443,0.0,0.0,0.0,0.0,0.0,0.0,0.0,1.0,False,,,,,1.0,3,0,3,1,1,0,0,0,1,0,REQUIRES_LIVE_CAPACITY_AND_MUNICIPAL_CHECK
PAN_F_009,Panchavati,FREE,350,"Canal-side footpath space on Peth Road, subject to final approval of the Irrigation Department.",True,REFERENCE_HIGH,VENDOR_REFERENCE_UNION,"Near the Canal, Peth Road",HIGH,False,EPSG:32643,REFERENCE_READY,NOT_INDEPENDENTLY_VERIFIED,129366.01195404923,6593.896962495694,REPRESENTATIVE_POINT_FIXED_BUFFER,1026.0631294958584,2758.2142885498774,1026.0631294958584,1859.5983060594874,2102.400418754343,13702.448342389833,0.0,0.0,0.0,0.0,0.0,0.0,0.0,0.0,0.0,0.0,0.0,0.0,0.0,2240.2970436176056,11428.08816950619,0.0,0.0,0.0,0.0,2240.2970436176056,11428.08816950619,0.0,0.0,0.0,0.0,0.0,0.0,0.0,0.0,0.0,0.0,0.0,0.0,0.0,8713.513092480238,11112.231318908773,0.0,0.0,0.0,0.0,8713.513092480238,11112.231318908773,0.0,0.0,0.0,0.0,0.0,0.0,0.0,1.0,False,,,,,1.0,320,304,16,175,74,1,3,30,34,3,REQUIRES_LIVE_CAPACITY_AND_MUNICIPAL_CHECK
PAN_F_010,Panchavati,FREE,300,"Along the MERI Office compound wall on Dindori Road, from Goraksh Nagar to the RTO Corner.",True,REFERENCE_LIKELY,VENDOR_REFERENCE_UNION,"Gore Nagar, RTO Corner",LIKELY,False,EPSG:32643,REFERENCE_READY,NOT_INDEPENDENTLY_VERIFIED,136805.4333440907,6965.979154773398,REPRESENTATIVE_POINT_FIXED_BUFFER,3.9320734094406973e-10,152.7506049106031,3.9320734094406973e-10,1197.5247923702325,1197.5247923702325,9772.367884820045,1.0,0.0,1.0,1.0,0.0,0.0,0.0,0.0,0.0,2.0,1.0,0.0,0.0,4045.8015685756213,20638.235083035084,1827.6408700795896,9323.067699868665,0.0,0.0,2218.1606984960317,11315.16738316642,8.0,0.0,2.0,6.0,1.0,0.0,0.0,0.0,0.0,18.0,1.0,0.0,0.0,18866.33144814446,24059.990151608283,5817.740492824614,7419.289719716004,602.4531845487085,768.3008075463757,12446.137770771138,15872.399624345904,0.02873021798402271,0.025299644815113907,0.0,0.0,0.05402986279913661,0.05402986279913661,6.938893903907228e-18,0.9459701372008634,False,,,,,1.0,53,51,2,42,3,1,2,4,1,0,REQUIRES_LIVE_CAPACITY_AND_MUNICIPAL_CHECK
PAN_F_011,Panchavati,FREE,50,Beside Mahalaxmi Temple near Makhmalabad Bus Stop.,True,REFERENCE_LIKELY,OSM_NAMED_POINT_BUFFER,Laxmi Temple,LIKELY,False,EPSG:32643,REFERENCE_READY,NOT_INDEPENDENTLY_VERIFIED,2822.8936414798322,188.41986941690098,REPRESENTATIVE_POINT_FIXED_BUFFER,692.5267673615324,68.75895910485075,68.75895910485075,303.96938825540457,2723.3030401423784,11080.819802842,2.0,0.0,1.0,1.0,0.0,0.0,0.0,0.0,0.0,0.0,0.0,0.0,0.0,4207.385198587298,21462.497194072133,969.1006451360114,4943.526417307564,381.54513814371194,1946.3184544098435,2856.7394153075747,14572.652322354726,6.0,0.0,4.0,1.0,0.0,1.0,0.0,0.0,0.0,2.0,4.0,0.0,0.0,14485.394665937823,18473.037747828854,3109.420684724247,3965.404257701114,801.819016986522,1022.5494927348652,10574.154964227057,13485.083997392876,0.0,0.0,0.0,0.007760016335832199,0.007760016335832199,0.007760016335832199,0.0,0.9922399836641678,False,,,,,0.0,24,21,3,18,4,0,1,1,0,0,REQUIRES_LIVE_CAPACITY_AND_MUNICIPAL_CHECK
PAN_F_012,Panchavati,FREE,40,"Makhmalabad-Mhasrul Link Road, Irrigation Colony, along the reserved-garden compound wall opposite Hotel Manas.",True,REFERENCE_HIGH,OSM_NAMED_LINE_BUFFER,Colony Road,HIGH,False,EPSG:32643,REFERENCE_READY,NOT_INDEPENDENTLY_VERIFIED,3856.3717433074626,255.70086418078927,REPRESENTATIVE_POINT_FIXED_BUFFER,525.6104956718119,1069.7141094287842,525.6104956718119,581.612786823331,737.3624749008561,7872.821208256296,0.0,0.0,0.0,0.0,0.0,0.0,0.0,0.0,0.0,0.0,0.0,0.0,0.0,2164.876612364001,11043.35734079583,0.0,0.0,21.636531372396874,110.37116212355436,2143.2400809916044,10932.986178672278,4.0,1.0,3.0,1.0,0.0,0.0,0.0,0.0,0.0,0.0,0.0,1.0,2.0,12148.015488569812,15492.208107332968,0.0,0.0,989.937777285066,1262.4549312964718,11324.226388685602,14441.640450091596,0.021636621456488106,0.0013113027731626685,0.004210849503951684,0.0,0.027158773733602468,0.027158773733602468,0.0,0.9728412262663976,False,,,,,1.0,1,0,1,1,0,0,0,0,0,0,REQUIRES_LIVE_CAPACITY_AND_MUNICIPAL_CHECK
PAN_F_013,Panchavati,FREE,150,"Near Nilgiri Baug and the NMC housing scheme, Survey No. 270.",True,REFERENCE_LIKELY,VENDOR_REFERENCE_UNION,"Nilgiri Baug, Aurangabad Road",LIKELY,False,EPSG:32643,REFERENCE_READY,NOT_INDEPENDENTLY_VERIFIED,185384.9641825378,9394.963163788118,REPRESENTATIVE_POINT_FIXED_BUFFER,1202.816468914744,107.5391727387481,107.5391727387481,851.031878387046,2249.785648727631,10702.927187602529,0.0,0.0,0.0,0.0,0.0,0.0,0.0,0.0,0.0,0.0,0.0,0.0,0.0,3692.684554005366,18836.93271192394,965.6852956383582,4926.104211935265,0.0,0.0,2726.9992583670078,13910.828499988675,0.0,0.0,0.0,0.0,0.0,0.0,0.0,0.0,0.0,0.0,0.0,0.0,0.0,10540.961423946339,13442.752701854779,2017.1516704262426,2572.4476143203174,0.0,0.0,8523.809753520094,10870.30508753446,0.0,0.0,0.19057892718441433,0.0,0.19057892718441433,0.19057892718441433,0.0,0.8094210728155857,True,0.0,0.0,1.0,0.0,1.0,17,3,14,1,11,0,0,1,4,0,REQUIRES_LIVE_CAPACITY_AND_MUNICIPAL_CHECK
PAN_F_014,Panchavati,FREE,7,"Near the Adivasi Ashram School, Borgad Colony, Dindori Road.",True,REFERENCE_HIGH,OSM_NAMED_LINE_BUFFER,Dindori Road,HIGH,False,EPSG:32643,REFERENCE_READY,NOT_INDEPENDENTLY_VERIFIED,116288.4093937759,5877.249560284629,REPRESENTATIVE_POINT_FIXED_BUFFER,3.702579180449383e-11,1024.8086624787018,3.702579180449383e-11,1373.4697532676923,1378.7454703300311,9459.604174924249,0.0,0.0,0.0,0.0,0.0,0.0,0.0,0.0,0.0,0.0,0.0,0.0,0.0,2182.995583679793,11135.784906295474,1014.2860185563815,5174.023722515896,0.0,0.0,1168.7095651234117,5961.7611837795785,1.0,0.0,0.0,0.0,0.0,0.0,0.0,0.0,0.0,0.0,0.0,0.0,0.0,10892.272723148752,13890.775489018846,3693.981192919644,4710.886764931403,0.0,0.0,7198.291530229108,9179.888724087443,0.0,0.0,0.0,0.0,0.0,0.0,0.0,1.0,False,,,,,1.0,0,0,0,0,0,0,0,0,0,0,REQUIRES_LIVE_CAPACITY_AND_MUNICIPAL_CHECK
PAN_F_015,Panchavati,FREE,400,"Near K. K. Wagh Engineering College, along Irrigation Department land, on the road towards the bidi workers' colony.",True,REFERENCE_HIGH,OSM_NAMED_LINE_BUFFER,College road,HIGH,False,EPSG:32643,REFERENCE_READY,NOT_INDEPENDENTLY_VERIFIED,17609.951903286626,943.3774900164913,REPRESENTATIVE_POINT_FIXED_BUFFER,181.97184684189642,0.5882135360076085,0.5882135360076085,1362.0312006941685,1362.0312006941685,9899.712760647368,2.0,0.0,1.0,2.0,0.0,0.0,0.0,0.0,0.0,6.0,0.0,0.0,0.0,5636.601998442374,28753.144498462003,1599.2189295122516,8157.853433265002,0.0,0.0,4037.3830689301203,20595.29106519699,10.0,0.0,3.0,7.0,1.0,0.0,0.0,0.0,0.0,15.0,1.0,0.0,0.0,18141.821300825366,23136.031667302523,4936.119039373042,6294.969204845709,258.1082403752424,329.1621234656115,12947.594021077075,16511.900338991192,0.02157419482263258,0.031243358320064054,0.0,0.0,0.05281755314269663,0.05281755314269663,1.3877787807814457e-17,0.9471824468573034,False,,,,,1.0,0,0,0,0,0,0,0,0,0,0,REQUIRES_LIVE_CAPACITY_AND_MUNICIPAL_CHECK
PAN_F_016,Panchavati,FREE,50,"Shri Dattanagar Garden, Konark Nagar.",True,REFERENCE_LIKELY,VENDOR_REFERENCE_UNION,"Datta Nagar Garden, Konark Nagar | Konark Nagar",LIKELY,False,EPSG:32643,REFERENCE_READY,NOT_INDEPENDENTLY_VERIFIED,5645.787282978754,376.839738834439,REPRESENTATIVE_POINT_FIXED_BUFFER,1192.2620500520293,180.69675965024297,180.69675965024297,3290.776775719217,3290.776775719217,3328.7271568693127,0.0,0.0,0.0,0.0,0.0,0.0,0.0,0.0,0.0,0.0,0.0,0.0,0.0,4542.931346507012,23174.167963039676,333.16721349137566,1699.5354708944687,0.0,0.0,4209.7641330156375,21474.632492145214,0.0,0.0,0.0,0.0,0.0,0.0,0.0,0.0,0.0,0.0,1.0,0.0,0.0,14434.950384386013,18408.706803539157,959.3702635874643,1223.4725737276515,321.5751659085039,410.1006783447219,13154.004954890042,16775.13355146678,0.0,0.0,0.0,0.0,0.0,0.0,0.0,1.0,False,,,,,1.0,21,2,19,5,14,0,0,1,1,0,REQUIRES_LIVE_CAPACITY_AND_MUNICIPAL_CHECK
PAN_F_017,Panchavati,FREE,10,"Near Shri Swami Samarth Kendra, opposite the NMC school, at Bidi Kamgar Garden.",True,REFERENCE_LIKELY,OSM_NAMED_POLYGON,NMC School,LIKELY,False,EPSG:32643,REFERENCE_READY,NOT_INDEPENDENTLY_VERIFIED,828.4883651153789,175.2856345685956,REPRESENTATIVE_POINT_FIXED_BUFFER,41.61869958663234,1513.2816095884418,41.61869958663234,3333.3306203354637,3333.3306203354637,4878.995240034026,0.0,0.0,0.0,0.0,0.0,0.0,0.0,0.0,0.0,0.0,0.0,0.0,0.0,3134.350289904829,15988.786651839951,584.9682250379967,2984.0098531303665,0.0,0.0,2549.3820648668325,13004.776798709585,0.0,0.0,0.0,0.0,0.0,0.0,0.0,0.0,0.0,0.0,0.0,0.0,0.0,7904.317035467552,10080.273981789036,1450.154690318711,1849.3636488512084,0.0,0.0,6454.162345148842,8230.910332937829,0.0,0.0,0.0,0.0,0.0,0.0,0.0,1.0,False,,,,,1.0,0,0,0,0,0,0,0,0,0,0,REQUIRES_LIVE_CAPACITY_AND_MUNICIPAL_CHECK
PAN_F_018,Panchavati,FREE,10,Road from Chamunda Chowk on Hirawadi Road towards Prashant Dada Chowk.,True,REFERENCE_LIKELY,VENDOR_REFERENCE_UNION,"Chamunda Chowk, Hirawadi Road | Hirawadi Road",LIKELY,False,EPSG:32643,REFERENCE_READY,NOT_INDEPENDENTLY_VERIFIED,196040.04627084982,9990.590507686684,REPRESENTATIVE_POINT_FIXED_BUFFER,645.6885433131769,0.014298426018772806,0.014298426018772806,812.9966872745355,2447.628269218432,8496.578248670867,0.0,0.0,0.0,0.0,0.0,0.0,0.0,0.0,0.0,1.0,0.0,0.0,0.0,5862.354747720477,29904.74282360756,999.2872529630122,5097.512790127219,300.5717269845774,1533.2610499247726,4863.067494757464,24807.230033480344,0.0,0.0,0.0,0.0,0.0,0.0,0.0,0.0,0.0,1.0,0.0,0.0,0.0,19939.581527889077,25428.69219205759,1999.4353155881786,2549.854174567718,1086.2529524289405,1385.2844369574657,17940.1462123009,22878.838017489878,0.03353435030516073,0.0,0.0,0.014872421353017537,0.048406771658178256,0.048406771658178256,1.3877787807814457e-17,0.9515932283418217,False,,,,,1.0,15,0,15,1,8,0,1,4,1,0,REQUIRES_LIVE_CAPACITY_AND_MUNICIPAL_CHECK
PAN_F_019,Panchavati,FREE,10,"Adjacent to Shri Dattanagar Garden, Peth Road.",True,REFERENCE_LIKELY,OSM_NAMED_POINT_BUFFER,Shri Datta Garden,LIKELY,False,EPSG:32643,REFERENCE_READY,NOT_INDEPENDENTLY_VERIFIED,2822.893641489763,188.41986941723238,REPRESENTATIVE_POINT_FIXED_BUFFER,1192.8063721924293,183.62092323929133,183.62092323929133,3293.516505358312,3293.516505358312,3331.4424894856606,0.0,0.0,0.0,0.0,0.0,0.0,0.0,0.0,0.0,0.0,0.0,0.0,0.0,4519.825668630994,23056.302466258523,325.2016304736091,1658.9018480863251,0.0,0.0,4194.624038157386,21397.400618172203,0.0,0.0,0.0,0.0,0.0,0.0,0.0,0.0,0.0,0.0,1.0,0.0,0.0,14395.941654029748,18358.959470795737,957.5815984334439,1221.1915120327194,315.87631587607086,402.8330081019564,13122.483739720234,16734.934950661063,0.0,0.0,0.0,0.0,0.0,0.0,0.0,1.0,False,,,,,1.0,0,0,0,0,0,0,0,0,0,0,REQUIRES_LIVE_CAPACITY_AND_MUNICIPAL_CHECK
PAN_F_020,Panchavati,FREE,10,"Savarkar Nagar, opposite Akash Petrol Pump, Dindori Road.",True,REFERENCE_LIKELY,VENDOR_REFERENCE_UNION,"Opposite Akash Petrol Pump, Savarkar Nagar",LIKELY,False,EPSG:32643,REFERENCE_READY,NOT_INDEPENDENTLY_VERIFIED,159509.04554299818,8100.935137363633,REPRESENTATIVE_POINT_FIXED_BUFFER,522.3162300970299,219.86720686861156,219.86720686861156,943.4496033688287,3340.732141463748,11915.838315475208,1.0,0.0,0.0,0.0,0.0,0.0,0.0,0.0,0.0,0.0,0.0,0.0,0.0,4559.771880247601,23260.07402846849,382.2127348536664,1949.72396444467,0.0,0.0,4177.559145393933,21310.350064023813,4.0,0.0,3.0,0.0,0.0,0.0,0.0,0.0,0.0,0.0,0.0,0.0,0.0,17094.424936554133,21800.30053809697,1471.6181464852714,1876.7357187952946,0.0,0.0,15622.806790068862,19923.56481930168,0.0,0.0,0.0,0.005987823129165506,0.005987823129165506,0.005987823129165506,0.0,0.9940121768708345,False,,,,,1.0,6,6,0,1,3,0,0,1,1,0,REQUIRES_LIVE_CAPACITY_AND_MUNICIPAL_CHECK
PAN_F_022,Panchavati,FREE,5,"Near Shri Siddhivinayak Temple, along the open-space compound wall at Hirawadi.",True,REFERENCE_LIKELY,OSM_NAMED_POLYGON,Temple,LIKELY,False,EPSG:32643,REFERENCE_READY,NOT_INDEPENDENTLY_VERIFIED,140.59997703785456,49.754420150577104,REPRESENTATIVE_POINT_FIXED_BUFFER,494.0019078708822,13.87954790117547,13.87954790117547,1266.9410721891363,1266.9410721891363,6390.91107659306,0.0,0.0,0.0,0.0,0.0,0.0,0.0,0.0,0.0,0.0,0.0,0.0,0.0,4632.325624290143,23630.181459671923,892.2363280106754,4551.430112177073,0.0,0.0,3740.089296279468,19078.75134749485,0.0,0.0,0.0,0.0,0.0,0.0,0.0,0.0,0.0,0.0,0.0,0.0,0.0,16690.778019773756,21285.534810103887,1613.026268964848,2057.071680959823,1787.8974334220177,2280.082630714635,15077.751750808908,19228.463129144064,0.0,0.0,0.0,0.002961197249282355,0.002961197249282355,0.002961197249282355,0.0,0.9970388027507177,False,,,,,1.0,0,0,0,0,0,0,0,0,0,0,REQUIRES_LIVE_CAPACITY_AND_MUNICIPAL_CHECK
PAN_F_023,Panchavati,FREE,7,"Near Shri Mahadev Temple, along the NMC open-space compound wall at Gunjal Baba Nagar, Hirawadi.",True,REFERENCE_LIKELY,OSM_NAMED_POLYGON,Temple,LIKELY,False,EPSG:32643,REFERENCE_READY,NOT_INDEPENDENTLY_VERIFIED,140.59997703785456,49.754420150577104,REPRESENTATIVE_POINT_FIXED_BUFFER,494.0019078708822,13.87954790117547,13.87954790117547,1266.9410721891363,1266.9410721891363,6390.91107659306,0.0,0.0,0.0,0.0,0.0,0.0,0.0,0.0,0.0,0.0,0.0,0.0,0.0,4632.325624290143,23630.181459671923,892.2363280106754,4551.430112177073,0.0,0.0,3740.089296279468,19078.75134749485,0.0,0.0,0.0,0.0,0.0,0.0,0.0,0.0,0.0,0.0,0.0,0.0,0.0,16690.778019773756,21285.534810103887,1613.026268964848,2057.071680959823,1787.8974334220177,2280.082630714635,15077.751750808908,19228.463129144064,0.0,0.0,0.0,0.002961197249282355,0.002961197249282355,0.002961197249282355,0.0,0.9970388027507177,False,,,,,1.0,0,0,0,0,0,0,0,0,0,0,REQUIRES_LIVE_CAPACITY_AND_MUNICIPAL_CHECK
PAN_F_024,Panchavati,FREE,10,"Opposite Bhikusa Paper Mill, near the water channel on Hirawadi Road.",True,REFERENCE_HIGH,OSM_NAMED_LINE_BUFFER,Hirawadi Road,HIGH,False,EPSG:32643,REFERENCE_READY,NOT_INDEPENDENTLY_VERIFIED,30315.776452472994,1578.6632861626854,REPRESENTATIVE_POINT_FIXED_BUFFER,222.49976105417048,1186.937853578583,222.49976105417048,751.1119256936859,751.1119256936859,8049.760733487143,1.0,0.0,1.0,0.0,0.0,0.0,0.0,0.0,0.0,5.0,0.0,0.0,0.0,5000.458133888722,25508.08010250575,370.69316226790716,1890.96091266092,26.937292244995273,137.41113112681793,4602.827679375819,23479.70805871801,1.0,0.0,1.0,0.0,0.0,0.0,0.0,0.0,0.0,8.0,0.0,0.0,0.0,16210.673796756468,20673.264061586022,2011.2729298538231,2564.95053198266,393.5091436304676,501.8371561180241,13805.891723272176,17606.476373485337,0.006171948643405173,0.0,0.03279083433991407,0.002431853732230536,0.04139463671554978,0.04139463671554978,0.0,0.9586053632844502,False,,,,,1.0,0,0,0,0,0,0,0,0,0,0,REQUIRES_LIVE_CAPACITY_AND_MUNICIPAL_CHECK
PAN_F_026,Panchavati,FREE,10,"Opposite Aathvan Lawns, Chavan Nagar, Tapovan Shed.",True,REFERENCE_HIGH,VENDOR_REFERENCE_UNION,"Opposite Aathvan Lawns, Tapovan Road",HIGH,False,EPSG:32643,REFERENCE_READY,NOT_INDEPENDENTLY_VERIFIED,47678.52521640989,2424.3128738265927,REPRESENTATIVE_POINT_FIXED_BUFFER,76.20605810541387,2305.9487755380414,76.20605810541387,2199.191342206704,2199.191342206704,5656.88648188309,0.0,0.0,0.0,0.0,0.0,0.0,0.0,0.0,0.0,0.0,0.0,0.0,0.0,2203.687745463145,11241.338698794338,929.8963914153552,4743.53969259365,0.0,0.0,1273.7913540477894,6497.799006200687,0.0,0.0,0.0,0.0,0.0,0.0,0.0,0.0,0.0,0.0,0.0,0.0,0.0,8041.726359630123,10255.510327825763,1969.6164030231575,2511.826498407251,0.0,0.0,6072.109956606965,7743.683829418511,0.0,0.0,0.0,0.0,0.0,0.0,0.0,1.0,False,,,,,1.0,8,0,8,3,5,0,0,0,0,0,REQUIRES_LIVE_CAPACITY_AND_MUNICIPAL_CHECK
PAN_F_027,Panchavati,FREE,19,NMC land beside the public toilet opposite the east gate of Shri Kalaram Temple.,True,REFERENCE_HIGH,VENDOR_REFERENCE_UNION,Kalaram Temple,HIGH,False,EPSG:32643,REFERENCE_READY,NOT_INDEPENDENTLY_VERIFIED,234.30087394138667,66.80038114860378,REPRESENTATIVE_POINT_FIXED_BUFFER,314.5550702343336,797.8412878350196,314.5550702343336,321.08146708122206,558.8195017254176,8156.882678970308,3.0,1.0,2.0,0.0,0.0,0.0,0.0,0.0,0.0,0.0,0.0,0.0,0.0,4030.8281297972653,20561.85334649383,0.0,0.0,773.4626770626797,3945.548066706887,3490.0584318348974,17803.306748703457,11.0,2.0,4.0,6.0,0.0,1.0,0.0,0.0,0.0,5.0,1.0,2.0,5.0,15237.276332584443,19431.902779136868,2108.3710414048046,2688.7785063865626,2040.7068050087632,2602.487174879983,11381.336494289053,14514.472234169656,0.015787312359349527,0.027857090059670353,0.0008120591141411916,0.0,0.04445646153316107,0.04445646153316107,0.0,0.9555435384668389,False,,,,,0.0,17,0,17,4,3,0,3,3,2,2,REQUIRES_LIVE_CAPACITY_AND_MUNICIPAL_CHECK
PAN_F_028,Panchavati,FREE,15,Sita Gufa area.,True,REFERENCE_LIKELY,VENDOR_REFERENCE_UNION,Sita Gufa Road,LIKELY,False,EPSG:32643,REFERENCE_READY,NOT_INDEPENDENTLY_VERIFIED,23113.121345145475,1218.4087911695756,REPRESENTATIVE_POINT_FIXED_BUFFER,1204.2048036555088,486.5368875944565,486.5368875944565,1010.1175865142201,2169.7263227171256,11314.756732209507,0.0,0.0,0.0,0.0,0.0,0.0,0.0,0.0,0.0,0.0,0.0,0.0,0.0,2436.1141430480557,12426.980295781797,0.0,0.0,0.0,0.0,2436.1141430480566,12426.980295781801,0.0,0.0,0.0,0.0,0.0,0.0,0.0,0.0,0.0,0.0,0.0,0.0,0.0,11707.317482730114,14930.191601395913,293.3641382717168,374.1235171794227,0.0,0.0,11413.953344458398,14556.068084216491,0.0,0.0,0.33334818145773465,0.005675693487967624,0.33902387494570224,0.33902387494570224,0.0,0.6609761250542978,True,0.0,0.0,0.9832587203810451,0.016741279618954972,1.0,12,12,0,2,3,0,0,4,3,0,REQUIRES_LIVE_CAPACITY_AND_MUNICIPAL_CHECK
PAN_F_029,Panchavati,FREE,30,"Adjacent to Ganeshwadi Vegetable Market, towards Waghadi Bridge.",True,REFERENCE_LIKELY,VENDOR_REFERENCE_UNION,"Ganeshwadi Vegetable Market, near Waghadi Bridge | Beside Ganeshwadi Vegetable Market",LIKELY,False,EPSG:32643,REFERENCE_READY,NOT_INDEPENDENTLY_VERIFIED,8220.566986191432,473.9106267325461,REPRESENTATIVE_POINT_FIXED_BUFFER,76.7611672201086,490.4366106713123,76.7611672201086,1231.0409694966327,1301.1177501280133,9493.021786582653,3.0,2.0,0.0,1.0,0.0,0.0,0.0,0.0,0.0,1.0,1.0,0.0,0.0,3317.5805392172583,16923.471385022352,932.8928539198736,4758.825093159531,0.0,0.0,2384.687685297385,12164.646291862822,5.0,2.0,0.0,3.0,0.0,0.0,0.0,0.0,0.0,2.0,2.0,0.0,0.0,13067.664677806948,16665.024905171864,2083.565008808279,2657.1436916578314,488.3816492724271,622.8268438947885,10984.099668998668,14007.88121351403,0.0,0.021707802411767792,0.0,0.0,0.021707802411767792,0.021707802411767792,0.0,0.9782921975882322,False,,,,,1.0,42,27,15,12,14,0,0,5,10,1,REQUIRES_LIVE_CAPACITY_AND_MUNICIPAL_CHECK
PAN_F_030,Panchavati,FREE,20,"Road towards Varvandi, for a stretch of 125 metres from Mhasrul Vegetable Market.",True,REFERENCE_HIGH,VENDOR_REFERENCE_UNION,Road toward Varvandi,HIGH,False,EPSG:32643,REFERENCE_READY,NOT_INDEPENDENTLY_VERIFIED,58247.32978526118,3038.0615025515262,REPRESENTATIVE_POINT_FIXED_BUFFER,76.7611672201086,490.4366106713123,76.7611672201086,1231.0409694966327,1301.1177501280133,9493.021786582653,3.0,2.0,0.0,1.0,0.0,0.0,0.0,0.0,0.0,1.0,1.0,0.0,0.0,3317.5805392172583,16923.471385022352,932.8928539198736,4758.825093159531,0.0,0.0,2384.687685297385,12164.646291862822,5.0,2.0,0.0,3.0,0.0,0.0,0.0,0.0,0.0,2.0,2.0,0.0,0.0,13067.664677806948,16665.024905171864,2083.565008808279,2657.1436916578314,488.3816492724271,622.8268438947885,10984.099668998668,14007.88121351403,0.0,0.021707802411767792,0.0,0.0,0.021707802411767792,0.021707802411767792,0.0,0.9782921975882322,False,,,,,1.0,11,10,1,3,3,0,0,0,4,1,REQUIRES_LIVE_CAPACITY_AND_MUNICIPAL_CHECK
PAN_F_031,Panchavati,FREE,30,"Pedestrian road in front of the Panchavati public library, opposite Indrakund, excluding the western and northern sides of the library.",True,REFERENCE_LIKELY,VENDOR_REFERENCE_UNION,Pedestrian Road opposite Indrakund,LIKELY,False,EPSG:32643,REFERENCE_READY,NOT_INDEPENDENTLY_VERIFIED,30044.750750312778,1599.6410976488778,REPRESENTATIVE_POINT_FIXED_BUFFER,12.51736282589124,599.9151112760767,12.51736282589124,19.61539675968543,297.21465798137893,8443.24162113027,4.0,0.0,0.0,4.0,0.0,1.0,0.0,0.0,0.0,6.0,1.0,0.0,0.0,4970.8661909604625,25357.1272037129,1609.943367521242,8212.560385400795,470.6380226619217,2400.7944992050548,3144.1114653783798,16038.579858623649,8.0,1.0,2.0,5.0,0.0,3.0,1.0,0.0,0.0,6.0,2.0,2.0,3.0,15584.166741228833,19874.28766136008,3638.8941717287807,4640.634994417535,1929.9612463075503,2461.254786431321,10298.507009162146,13133.553701086912,0.06575171177415991,0.05230662378856139,0.0,0.004321950761914472,0.12238028632463575,0.12238028632463575,2.7755575615628914e-17,0.8776197136753643,True,0.537273720701565,0.4274105361202429,0.0,0.03531574317819227,0.0,30,23,7,10,0,8,0,7,3,2,REQUIRES_LIVE_CAPACITY_AND_MUNICIPAL_CHECK
PAN_F_032,Panchavati,FREE,20,"NMC open space beside Dr. Bachhav Hospital, Peth Road.",True,REFERENCE_HIGH,OSM_NAMED_POINT_BUFFER,Dr Aware Hospital,HIGH,False,EPSG:32643,REFERENCE_READY,NOT_INDEPENDENTLY_VERIFIED,2822.893641483544,188.4198694170249,REPRESENTATIVE_POINT_FIXED_BUFFER,126.01740600155942,598.5698676868038,126.01740600155942,719.7080905208736,821.7851944339,7769.665666757467,1.0,0.0,1.0,1.0,0.0,0.0,0.0,0.0,0.0,7.0,0.0,0.0,0.0,4610.702356194697,23519.877955495267,892.9660840187191,4555.152706029487,416.2484543566645,2123.3452279735234,3301.4878178193135,16841.380021492256,4.0,0.0,2.0,2.0,0.0,0.0,0.0,0.0,1.0,11.0,0.0,0.0,0.0,16831.013310054994,21464.375074431286,3076.271979940007,3923.1301402957492,749.1801884785365,955.4198709016343,13005.561141636454,16585.825063233908,0.0,0.02432213494435422,0.0,0.0018006451811264368,0.026122780125480652,0.02612278012548066,0.0,0.9738772198745194,False,,,,,1.0,0,0,0,0,0,0,0,0,0,0,REQUIRES_LIVE_CAPACITY_AND_MUNICIPAL_CHECK
PAN_F_033,Panchavati,FREE,20,"Along Kannamwar Bridge service road, near Takle Nagar Bypass.",True,REFERENCE_LIKELY,VENDOR_REFERENCE_UNION,"Takle Nagar Bypass, near Karmaveer Bridge",LIKELY,False,EPSG:32643,REFERENCE_READY,NOT_INDEPENDENTLY_VERIFIED,7175.766929170539,484.52135551453773,REPRESENTATIVE_POINT_FIXED_BUFFER,9.008193668188426,51.158652450305894,9.008193668188426,219.46851162262413,219.46851162262413,7428.277235662014,5.0,0.0,3.0,1.0,0.0,1.0,1.0,0.0,1.0,5.0,0.0,0.0,0.0,4788.094095839807,24424.77958315301,1896.0725512623596,9672.147875808816,0.0,0.0,2892.021544577447,14752.631707344193,9.0,0.0,3.0,5.0,0.0,2.0,2.0,0.0,2.0,16.0,0.0,0.0,0.0,16075.225787099582,20500.52895474467,4293.719148587552,5475.724875964099,183.22738899601202,233.66753557075498,11715.518509774662,14940.650265840944,0.033037513727231724,0.08991311642028532,0.03618908942364587,0.007210428881818282,0.16635014845298118,0.16635014845298118,0.0,0.8336498515470188,True,0.19860224973931878,0.5405051769202313,0.217547683366659,0.04334488997379108,0.0,0,0,0,0,0,0,0,0,0,0,REQUIRES_LIVE_CAPACITY_AND_MUNICIPAL_CHECK
PAN_F_034,Panchavati,FREE,10,"NMC open space at Survey No. 295, opposite Shri Vishnudev Apartment, Takle Nagar.",True,REFERENCE_LIKELY,OSM_NAMED_POLYGON,Apartment,LIKELY,False,EPSG:32643,REFERENCE_READY,NOT_INDEPENDENTLY_VERIFIED,77.79450313377953,35.61593041670795,REPRESENTATIVE_POINT_FIXED_BUFFER,323.116187415972,552.0761488546857,323.116187415972,765.3460352777854,765.3460352777854,7010.51017829825,0.0,0.0,0.0,0.0,0.0,0.0,0.0,0.0,0.0,0.0,0.0,0.0,0.0,3068.4511254984654,15652.625220355576,0.0,0.0,0.0,0.0,3068.4511254984654,15652.625220355576,3.0,0.0,2.0,0.0,0.0,0.0,0.0,0.0,1.0,2.0,0.0,0.0,0.0,16349.091864830792,20849.78684577576,2558.5019017403033,3262.824610494006,1248.7343391108277,1592.494862266216,13644.757821352727,17400.98437818524,0.0,0.0,0.0,0.0029339089099152463,0.0029339089099152463,0.0029339089099152463,0.0,0.9970660910900847,False,,,,,1.0,7,0,7,0,5,0,0,0,1,1,REQUIRES_LIVE_CAPACITY_AND_MUNICIPAL_CHECK
PAN_F_035,Panchavati,FREE,15,"NMC open space at the Kshirsagar Colony corner, opposite Janakalyan Bank, Hirawadi Road.",True,REFERENCE_HIGH,OSM_NAMED_LINE_BUFFER,Hirawadi Road,HIGH,False,EPSG:32643,REFERENCE_READY,NOT_INDEPENDENTLY_VERIFIED,30315.776452472994,1578.6632861626854,REPRESENTATIVE_POINT_FIXED_BUFFER,222.49976105417048,1186.937853578583,222.49976105417048,751.1119256936859,751.1119256936859,8049.760733487143,1.0,0.0,1.0,0.0,0.0,0.0,0.0,0.0,0.0,5.0,0.0,0.0,0.0,5000.458133888722,25508.08010250575,370.69316226790716,1890.96091266092,26.937292244995273,137.41113112681793,4602.827679375819,23479.70805871801,1.0,0.0,1.0,0.0,0.0,0.0,0.0,0.0,0.0,8.0,0.0,0.0,0.0,16210.673796756468,20673.264061586022,2011.2729298538231,2564.95053198266,393.5091436304676,501.8371561180241,13805.891723272176,17606.476373485337,0.006171948643405173,0.0,0.03279083433991407,0.002431853732230536,0.04139463671554978,0.04139463671554978,0.0,0.9586053632844502,False,,,,,1.0,1,0,1,0,1,0,0,0,0,0,REQUIRES_LIVE_CAPACITY_AND_MUNICIPAL_CHECK
PAN_F_036,Panchavati,FREE,385,"Along the northern compound wall of Maasaheb Thackeray Stadium, Hirawadi Road.",True,REFERENCE_HIGH,VENDOR_REFERENCE_UNION,"Beside M. Saheb Thackeray Stadium, Hirawadi",HIGH,False,EPSG:32643,REFERENCE_READY,NOT_INDEPENDENTLY_VERIFIED,93620.56370874558,4805.420730189076,REPRESENTATIVE_POINT_FIXED_BUFFER,222.49976105416448,1186.93785357853,222.49976105416448,751.1119256937438,751.1119256937438,8049.7607334871145,1.0,0.0,1.0,0.0,0.0,0.0,0.0,0.0,0.0,5.0,0.0,0.0,0.0,5000.458133889794,25508.080102511223,370.69316226802647,1890.9609126615287,26.937292244995273,137.41113112681793,4602.827679376773,23479.708058722877,1.0,0.0,1.0,0.0,0.0,0.0,0.0,0.0,0.0,8.0,0.0,0.0,0.0,16210.673796756671,20673.264061586284,2011.2729298538277,2564.950531982666,393.5091436304676,501.8371561180241,13805.891723272374,17606.47637348559,0.006171948643405173,0.0,0.03279083433991407,0.002431853732230536,0.04139463671554978,0.04139463671554978,0.0,0.9586053632844502,False,,,,,1.0,101,98,3,23,44,2,4,11,15,2,REQUIRES_LIVE_CAPACITY_AND_MUNICIPAL_CHECK
PAN_F_038,Panchavati,FREE,40,"Along the compound wall of Amrutdham Sanatorium, Bidi Kamgar Nagar Road.",True,REFERENCE_LIKELY,VENDOR_REFERENCE_UNION,Near Amrutdham Sanatorium | Amrutdham,LIKELY,False,EPSG:32643,REFERENCE_READY,NOT_INDEPENDENTLY_VERIFIED,6854.935390097377,405.6290459693547,REPRESENTATIVE_POINT_FIXED_BUFFER,1107.3892159712934,1384.3094478043176,1107.3892159712934,1225.051491206144,1617.764522982396,12182.068691481623,1.0,0.0,1.0,0.0,0.0,0.0,0.0,0.0,0.0,0.0,0.0,0.0,0.0,3049.2815854500996,15554.838547616924,0.0,0.0,0.0,0.0,3049.2815854500996,15554.838547616924,2.0,0.0,1.0,1.0,0.0,0.0,0.0,0.0,0.0,0.0,0.0,0.0,0.0,11952.653644862898,15243.065657540448,0.0,0.0,0.0,0.0,11952.6536448629,15243.06565754045,0.0,0.0,0.2829283104102024,3.0577780533895664e-05,0.2829588881907362,0.2829588881907363,0.0,0.7170411118092638,True,0.0,0.0,0.9998919356068671,0.00010806439313291288,1.0,17,0,17,4,9,0,0,2,2,0,REQUIRES_LIVE_CAPACITY_AND_MUNICIPAL_CHECK
NR_F_002,Nashik Road,FREE,35,"Along the road in the open space at Lokhande Mala, Hanuman Nagar, opposite Shri Borhade's house.",True,REFERENCE_LIKELY,OSM_NAMED_POLYGON,Suryamukhi Hanuman Mandir Kadam Mala,LIKELY,False,EPSG:32643,REFERENCE_READY,NOT_INDEPENDENTLY_VERIFIED,147.36248735486743,48.75173168660395,REPRESENTATIVE_POINT_FIXED_BUFFER,569.1752822556207,473.0554560740697,473.0554560740697,3873.5544768782725,3873.5544768782725,9325.474005359503,0.0,0.0,0.0,0.0,0.0,0.0,0.0,0.0,0.0,0.0,0.0,0.0,0.0,964.0811866278445,4917.921413472055,0.0,0.0,0.0,0.0,964.0811866278445,4917.921413472055,0.0,0.0,0.0,0.0,0.0,0.0,0.0,0.0,0.0,0.0,0.0,0.0,0.0,5853.096661310949,7464.3789872250545,335.1136157824186,427.3660895630999,0.0,0.0,5517.98304552853,7037.012897661954,0.0,0.0,0.0,0.0,0.0,0.0,0.0,1.0,False,,,,,1.0,0,0,0,0,0,0,0,0,0,0,REQUIRES_LIVE_CAPACITY_AND_MUNICIPAL_CHECK
NR_F_003,Nashik Road,FREE,30,"Rukmini Nagar, opposite Datta Mandir, along the 12-metre DP Road.",True,REFERENCE_HIGH,OSM_NAMED_LINE_BUFFER,Old Datta Mandir Road,HIGH,False,EPSG:32643,REFERENCE_READY,NOT_INDEPENDENTLY_VERIFIED,66714.62166556055,3398.167015122464,REPRESENTATIVE_POINT_FIXED_BUFFER,554.3743869710653,4141.430762427159,554.3743869710653,578.313290044417,3194.2018022015327,15627.784835061639,0.0,0.0,0.0,0.0,0.0,0.0,0.0,0.0,0.0,0.0,0.0,0.0,0.0,2464.594140289314,12572.26099436935,0.0,0.0,0.0,0.0,2464.594140289314,12572.26099436935,0.0,0.0,0.0,0.0,0.0,0.0,0.0,0.0,0.0,1.0,0.0,0.0,0.0,10537.97252703306,13438.941000014634,0.0,0.0,0.0,0.0,10537.97252703306,13438.941000014634,0.0,0.0,0.0,0.002591599864743188,0.002591599864743188,0.002591599864743188,0.0,0.9974084001352568,False,,,,,1.0,0,0,0,0,0,0,0,0,0,0,REQUIRES_LIVE_CAPACITY_AND_MUNICIPAL_CHECK
NR_F_005,Nashik Road,FREE,80,"Along the 15-metre DP Road at Gosavi Nagar, in the open space beside Canal Road.",True,REFERENCE_HIGH,OSM_NAMED_LINE_BUFFER,Canal Road,HIGH,False,EPSG:32643,REFERENCE_READY,NOT_INDEPENDENTLY_VERIFIED,90881.79674495291,4606.957075958665,REPRESENTATIVE_POINT_FIXED_BUFFER,992.1842788233017,474.2712145746362,474.2712145746362,2656.8061363549064,2656.8061363549064,2699.341592358684,0.0,0.0,0.0,0.0,0.0,0.0,0.0,0.0,0.0,0.0,0.0,0.0,0.0,4401.631899889824,22453.378486106685,0.0,0.0,495.2288936642907,2526.236186851184,4401.631899889824,22453.378486106685,0.0,0.0,0.0,0.0,0.0,0.0,0.0,0.0,0.0,1.0,0.0,0.0,0.0,16797.304862512672,21421.387124276618,305.63607616377806,389.77376193610445,1264.9009454973584,1613.1119277256014,16225.97649793384,20692.779399829313,0.0,0.0,0.000375871137858016,0.0,0.000375871137858016,0.000375871137858016,0.0,0.999624128862142,False,,,,,1.0,0,0,0,0,0,0,0,0,0,0,REQUIRES_LIVE_CAPACITY_AND_MUNICIPAL_CHECK
NR_F_006,Nashik Road,FREE,20,Space along Canal Road at Janpath Society.,True,REFERENCE_HIGH,OSM_NAMED_LINE_BUFFER,Canal Road,HIGH,False,EPSG:32643,REFERENCE_READY,NOT_INDEPENDENTLY_VERIFIED,90881.79674495291,4606.957075958665,REPRESENTATIVE_POINT_FIXED_BUFFER,992.1842788233017,474.2712145746362,474.2712145746362,2656.8061363549064,2656.8061363549064,2699.341592358684,0.0,0.0,0.0,0.0,0.0,0.0,0.0,0.0,0.0,0.0,0.0,0.0,0.0,4401.631899889824,22453.378486106685,0.0,0.0,495.2288936642907,2526.236186851184,4401.631899889824,22453.378486106685,0.0,0.0,0.0,0.0,0.0,0.0,0.0,0.0,0.0,1.0,0.0,0.0,0.0,16797.304862512672,21421.387124276618,305.63607616377806,389.77376193610445,1264.9009454973584,1613.1119277256014,16225.97649793384,20692.779399829313,0.0,0.0,0.000375871137858016,0.0,0.000375871137858016,0.000375871137858016,0.0,0.999624128862142,False,,,,,1.0,1,0,1,0,1,0,0,0,0,0,REQUIRES_LIVE_CAPACITY_AND_MUNICIPAL_CHECK
NR_F_007,Nashik Road,FREE,250,"Along Canal Road, on the southern side, from the raddi store to the Anganwadi.",True,REFERENCE_HIGH,OSM_NAMED_LINE_BUFFER,Canal Road,HIGH,False,EPSG:32643,REFERENCE_READY,NOT_INDEPENDENTLY_VERIFIED,90881.79674495291,4606.957075958665,REPRESENTATIVE_POINT_FIXED_BUFFER,992.1842788233017,474.2712145746362,474.2712145746362,2656.8061363549064,2656.8061363549064,2699.341592358684,0.0,0.0,0.0,0.0,0.0,0.0,0.0,0.0,0.0,0.0,0.0,0.0,0.0,4401.631899889824,22453.378486106685,0.0,0.0,495.2288936642907,2526.236186851184,4401.631899889824,22453.378486106685,0.0,0.0,0.0,0.0,0.0,0.0,0.0,0.0,0.0,1.0,0.0,0.0,0.0,16797.304862512672,21421.387124276618,305.63607616377806,389.77376193610445,1264.9009454973584,1613.1119277256014,16225.97649793384,20692.779399829313,0.0,0.0,0.000375871137858016,0.0,0.000375871137858016,0.000375871137858016,0.0,0.999624128862142,False,,,,,1.0,0,0,0,0,0,0,0,0,0,0,REQUIRES_LIVE_CAPACITY_AND_MUNICIPAL_CHECK
NR_F_008,Nashik Road,FREE,50,"Open space near Samaj Mandir at Shivaji Nagar, part of Survey No. 26.",True,REFERENCE_HIGH,VENDOR_REFERENCE_UNION,Shivaji Nagar,HIGH,False,EPSG:32643,REFERENCE_READY,NOT_INDEPENDENTLY_VERIFIED,667.0135358542025,116.22747778227374,REPRESENTATIVE_POINT_FIXED_BUFFER,81.71849266764863,4146.060049302153,81.71849266764863,357.7963594537354,2808.671427021105,15143.447902160633,0.0,0.0,0.0,0.0,0.0,0.0,0.0,0.0,0.0,2.0,0.0,0.0,0.0,6039.130953793809,30806.504523035874,947.0710073862933,4831.14996113034,0.0,0.0,5092.059946407514,25975.35456190553,0.0,0.0,0.0,0.0,0.0,1.0,0.0,0.0,0.0,3.0,0.0,0.0,0.0,18995.81865806634,24225.123527116008,1981.1055766272075,2526.478493922296,0.0,0.0,17014.713081439124,21698.6450331937,0.0,0.0,0.06459273449054843,0.0,0.06459273449054843,0.06459273449054845,0.0,0.9354072655094515,False,,,,,1.0,23,0,23,10,10,0,0,0,2,1,REQUIRES_LIVE_CAPACITY_AND_MUNICIPAL_CHECK
NR_F_009,Nashik Road,FREE,50,"Open space beside Gangasagar Building, along Canal Road on the eastern side of Jail Road.",True,REFERENCE_HIGH,VENDOR_REFERENCE_UNION,Gangasagar,HIGH,False,EPSG:32643,REFERENCE_READY,NOT_INDEPENDENTLY_VERIFIED,120159.63510442755,6133.731268421691,REPRESENTATIVE_POINT_FIXED_BUFFER,992.1842788229559,474.27121457463375,474.27121457463375,2656.80613635476,2656.80613635476,2699.341592358529,0.0,0.0,0.0,0.0,0.0,0.0,0.0,0.0,0.0,0.0,0.0,0.0,0.0,4401.631899892507,22453.37848612037,0.0,0.0,495.228893664292,2526.2361868511903,4401.631899892507,22453.37848612037,0.0,0.0,0.0,0.0,0.0,0.0,0.0,0.0,0.0,1.0,0.0,0.0,0.0,16797.30486251128,21421.387124274843,305.63607616327903,389.77376193546803,1264.9009454964294,1613.1119277244168,16225.976497933885,20692.77939982937,0.0,0.0,0.00037587113786584765,0.0,0.00037587113786584765,0.00037587113786584765,0.0,0.9996241288621341,False,,,,,1.0,46,43,3,14,25,0,1,2,4,0,REQUIRES_LIVE_CAPACITY_AND_MUNICIPAL_CHECK
NR_F_010,Nashik Road,FREE,250,Reserved land beside K. N. Kela High School.,True,REFERENCE_HIGH,OSM_NAMED_POINT_BUFFER,"Pethe High School, Nashik",HIGH,False,EPSG:32643,REFERENCE_READY,NOT_INDEPENDENTLY_VERIFIED,2822.893641494172,188.41986941737943,REPRESENTATIVE_POINT_FIXED_BUFFER,911.3393228201625,61.003682270106374,61.003682270106374,1543.8308845604918,2644.1708225076136,9716.454918062127,0.0,0.0,0.0,0.0,0.0,0.0,0.0,0.0,0.0,0.0,2.0,0.0,0.0,6916.520983683959,35282.20146206277,948.8315013101804,4840.130502278389,189.47858526837948,966.5584235132098,5956.416148509785,30384.56400831603,0.0,0.0,0.0,0.0,0.0,0.0,0.0,0.0,0.0,4.0,2.0,0.0,0.0,23781.49098445529,30328.22997143044,1800.516870229167,2296.176036373991,1247.3050775945587,1590.6721434138508,21756.191439510963,27745.391477399327,0.0,0.0,0.0,0.018360866256802,0.018360866256802,0.018360866256802,0.0,0.981639133743198,False,,,,,1.0,176,172,4,144,20,1,0,8,2,1,REQUIRES_LIVE_CAPACITY_AND_MUNICIPAL_CHECK
NR_F_011,Nashik Road,FREE,30,"Pawarwadi, near the water tank, along the 12-metre DP Road.",True,REFERENCE_LIKELY,VENDOR_REFERENCE_UNION,"Near Water Tank, Pawarwadi",LIKELY,False,EPSG:32643,REFERENCE_READY,NOT_INDEPENDENTLY_VERIFIED,274990.11394470633,13875.169841052544,REPRESENTATIVE_POINT_FIXED_BUFFER,8.630330144621622e-11,64.30751509692502,8.630330144621622e-11,1498.2778738802472,2077.417662075477,12174.354969073649,4.0,0.0,1.0,4.0,0.0,0.0,0.0,0.0,0.0,0.0,0.0,0.0,0.0,3871.9774606452725,19751.53247497109,1239.9238471494928,6325.035820167953,0.0,0.0,2632.05361349578,13426.49665480314,25.0,2.0,3.0,22.0,0.0,0.0,0.0,0.0,0.0,1.0,0.0,0.0,0.0,14296.71980076406,18232.42311586323,2497.38997501676,3184.8893553461976,20.93416609808385,26.697073118662235,11793.721044517231,15040.380953860957,0.0,0.0,0.0,0.0,0.0,0.0,0.0,1.0,False,,,,,1.0,7,7,0,7,0,0,0,0,0,0,REQUIRES_LIVE_CAPACITY_AND_MUNICIPAL_CHECK
NR_F_013,Nashik Road,FREE,50,"Along the compound wall of the NMC naturopathy centre, Jetvan Nagar, Jai Bhavani Road.",True,REFERENCE_LIKELY,VENDOR_REFERENCE_UNION,Jetwan Nagar,LIKELY,False,EPSG:32643,REFERENCE_READY,NOT_INDEPENDENTLY_VERIFIED,267191.9400773499,13484.539227021985,REPRESENTATIVE_POINT_FIXED_BUFFER,1418.0055588964292,1192.8304217412294,1192.8304217412294,1996.092066273633,1996.092066273633,2073.042512115315,0.0,0.0,0.0,0.0,0.0,0.0,0.0,0.0,0.0,1.0,0.0,0.0,0.0,4881.331982742412,24900.399901135846,0.0,0.0,0.0,0.0,4881.331982742412,24900.399901135846,0.0,0.0,0.0,0.0,0.0,0.0,0.0,0.0,0.0,1.0,2.0,0.0,0.0,16284.106402070116,20766.91171987664,0.0,0.0,110.11626631965268,140.42985995792475,16250.47354700623,20724.02017183871,0.0,0.0,0.0,0.0,0.0,0.0,0.0,1.0,False,,,,,1.0,2,0,2,2,0,0,0,0,0,0,REQUIRES_LIVE_CAPACITY_AND_MUNICIPAL_CHECK
NR_F_014,Nashik Road,FREE,35,Open space near Mhasoba Temple and behind Big Bazaar.,True,REFERENCE_LIKELY,OSM_NAMED_POLYGON,Temple,LIKELY,False,EPSG:32643,REFERENCE_READY,NOT_INDEPENDENTLY_VERIFIED,140.59997703785456,49.754420150577104,REPRESENTATIVE_POINT_FIXED_BUFFER,494.0019078708822,13.87954790117547,13.87954790117547,1266.9410721891363,1266.9410721891363,6390.91107659306,0.0,0.0,0.0,0.0,0.0,0.0,0.0,0.0,0.0,0.0,0.0,0.0,0.0,4632.325624290143,23630.181459671923,892.2363280106754,4551.430112177073,0.0,0.0,3740.089296279468,19078.75134749485,0.0,0.0,0.0,0.0,0.0,0.0,0.0,0.0,0.0,0.0,0.0,0.0,0.0,16690.778019773756,21285.534810103887,1613.026268964848,2057.071680959823,1787.8974334220177,2280.082630714635,15077.751750808908,19228.463129144064,0.0,0.0,0.0,0.002961197249282355,0.002961197249282355,0.002961197249282355,0.0,0.9970388027507177,False,,,,,1.0,17,15,2,0,10,0,1,5,1,0,REQUIRES_LIVE_CAPACITY_AND_MUNICIPAL_CHECK
NR_F_015,Nashik Road,FREE,100,"Bhalerao Mala, Jai Bhavani Road, beside Tulja Temple.",True,REFERENCE_HIGH,VENDOR_REFERENCE_UNION,"Jay Bhavani Road, Bhalerao Mala",HIGH,False,EPSG:32643,REFERENCE_READY,NOT_INDEPENDENTLY_VERIFIED,115257.50219666192,5887.737378703144,REPRESENTATIVE_POINT_FIXED_BUFFER,1418.0055588964292,1192.8304217412294,1192.8304217412294,1996.092066273633,1996.092066273633,2073.042512115315,0.0,0.0,0.0,0.0,0.0,0.0,0.0,0.0,0.0,1.0,0.0,0.0,0.0,4881.331982742412,24900.399901135846,0.0,0.0,0.0,0.0,4881.331982742412,24900.399901135846,0.0,0.0,0.0,0.0,0.0,0.0,0.0,0.0,0.0,1.0,2.0,0.0,0.0,16284.106402070116,20766.91171987664,0.0,0.0,110.11626631965268,140.42985995792475,16250.47354700623,20724.02017183871,0.0,0.0,0.0,0.0,0.0,0.0,0.0,1.0,False,,,,,1.0,0,0,0,0,0,0,0,0,0,0,REQUIRES_LIVE_CAPACITY_AND_MUNICIPAL_CHECK
NR_F_016,Nashik Road,FREE,200,"K. J. Mehta High School Road, land reserved for Children's Park.",True,REFERENCE_HIGH,OSM_NAMED_POINT_BUFFER,"Pethe High School, Nashik",HIGH,False,EPSG:32643,REFERENCE_READY,NOT_INDEPENDENTLY_VERIFIED,2822.893641494172,188.41986941737943,REPRESENTATIVE_POINT_FIXED_BUFFER,911.3393228201625,61.003682270106374,61.003682270106374,1543.8308845604918,2644.1708225076136,9716.454918062127,0.0,0.0,0.0,0.0,0.0,0.0,0.0,0.0,0.0,0.0,2.0,0.0,0.0,6916.520983683959,35282.20146206277,948.8315013101804,4840.130502278389,189.47858526837948,966.5584235132098,5956.416148509785,30384.56400831603,0.0,0.0,0.0,0.0,0.0,0.0,0.0,0.0,0.0,4.0,2.0,0.0,0.0,23781.49098445529,30328.22997143044,1800.516870229167,2296.176036373991,1247.3050775945587,1590.6721434138508,21756.191439510963,27745.391477399327,0.0,0.0,0.0,0.018360866256802,0.018360866256802,0.018360866256802,0.0,0.981639133743198,False,,,,,1.0,6,0,6,6,0,0,0,0,0,0,REQUIRES_LIVE_CAPACITY_AND_MUNICIPAL_CHECK
NR_F_017,Nashik Road,FREE,50,"Somani Garden, from M. G. Road to Datta Mandir Road on the southern side.",True,REFERENCE_HIGH,VENDOR_REFERENCE_UNION,"Somani Garden, Muktidham, Nashik Road",HIGH,False,EPSG:32643,REFERENCE_READY,NOT_INDEPENDENTLY_VERIFIED,94081.28481257329,4829.828788195762,REPRESENTATIVE_POINT_FIXED_BUFFER,2080.633725040173,1686.7495348483924,1686.7495348483924,1790.4721061445825,1790.4721061445825,1719.1815434321622,0.0,0.0,0.0,0.0,0.0,0.0,0.0,0.0,0.0,0.0,0.0,0.0,0.0,2204.5284819767303,11245.627420699297,0.0,0.0,0.0,0.0,2204.5284819767303,11245.627420699297,0.0,0.0,0.0,0.0,0.0,0.0,0.0,0.0,0.0,0.0,0.0,0.0,0.0,7560.276676651267,9641.523731501786,0.0,0.0,0.0,0.0,7560.276676651267,9641.523731501786,0.0,0.0,0.0,0.0,0.0,0.0,0.0,1.0,False,,,,,1.0,36,34,2,7,16,0,0,5,6,2,REQUIRES_LIVE_CAPACITY_AND_MUNICIPAL_CHECK
NR_F_018,Nashik Road,FREE,300,Existing authorised vegetable market adjacent to Durga Garden.,True,REFERENCE_HIGH,VENDOR_REFERENCE_UNION,Durga Garden,HIGH,False,EPSG:32643,REFERENCE_READY,NOT_INDEPENDENTLY_VERIFIED,27357.73487688358,1488.6045554757707,REPRESENTATIVE_POINT_FIXED_BUFFER,76.7611672201086,490.4366106713123,76.7611672201086,1231.0409694966327,1301.1177501280133,9493.021786582653,3.0,2.0,0.0,1.0,0.0,0.0,0.0,0.0,0.0,1.0,1.0,0.0,0.0,3317.5805392172583,16923.471385022352,932.8928539198736,4758.825093159531,0.0,0.0,2384.687685297385,12164.646291862822,5.0,2.0,0.0,3.0,0.0,0.0,0.0,0.0,0.0,2.0,2.0,0.0,0.0,13067.664677806948,16665.024905171864,2083.565008808279,2657.1436916578314,488.3816492724271,622.8268438947885,10984.099668998668,14007.88121351403,0.0,0.021707802411767792,0.0,0.0,0.021707802411767792,0.021707802411767792,0.0,0.9782921975882322,False,,,,,1.0,135,135,0,72,28,17,0,15,2,1,REQUIRES_LIVE_CAPACITY_AND_MUNICIPAL_CHECK
NR_F_019,Nashik Road,FREE,30,"Kranti Chowk, near Genuji Bhavan.",True,REFERENCE_LIKELY,VENDOR_REFERENCE_UNION,"Vasco Chowk and Kranti Chowk, Nashik Road | Kranti Chowk, Nashik Road",LIKELY,False,EPSG:32643,REFERENCE_READY,NOT_INDEPENDENTLY_VERIFIED,132080.08402600605,6729.768737400996,REPRESENTATIVE_POINT_FIXED_BUFFER,645.6885433131769,0.014298426018772806,0.014298426018772806,812.9966872745355,2447.628269218432,8496.578248670867,0.0,0.0,0.0,0.0,0.0,0.0,0.0,0.0,0.0,1.0,0.0,0.0,0.0,5862.354747720477,29904.74282360756,999.2872529630122,5097.512790127219,300.5717269845774,1533.2610499247726,4863.067494757464,24807.230033480344,0.0,0.0,0.0,0.0,0.0,0.0,0.0,0.0,0.0,1.0,0.0,0.0,0.0,19939.581527889077,25428.69219205759,1999.4353155881786,2549.854174567718,1086.2529524289405,1385.2844369574657,17940.1462123009,22878.838017489878,0.03353435030516073,0.0,0.0,0.014872421353017537,0.048406771658178256,0.048406771658178256,1.3877787807814457e-17,0.9515932283418217,False,,,,,1.0,49,38,11,45,2,0,0,0,2,0,REQUIRES_LIVE_CAPACITY_AND_MUNICIPAL_CHECK
NR_F_020,Nashik Road,FREE,100,Along the service road on Dr. Babasaheb Ambedkar Road.,True,REFERENCE_LIKELY,VENDOR_REFERENCE_UNION,Ambedkar Road Service Road,LIKELY,False,EPSG:32643,REFERENCE_READY,NOT_INDEPENDENTLY_VERIFIED,2598.8685713860277,192.79416115874167,REPRESENTATIVE_POINT_FIXED_BUFFER,9.008193668188426,51.158652450305894,9.008193668188426,219.46851162262413,219.46851162262413,7428.277235662014,5.0,0.0,3.0,1.0,0.0,1.0,1.0,0.0,1.0,5.0,0.0,0.0,0.0,4788.094095839807,24424.77958315301,1896.0725512623596,9672.147875808816,0.0,0.0,2892.021544577447,14752.631707344193,9.0,0.0,3.0,5.0,0.0,2.0,2.0,0.0,2.0,16.0,0.0,0.0,0.0,16075.225787099582,20500.52895474467,4293.719148587552,5475.724875964099,183.22738899601202,233.66753557075498,11715.518509774662,14940.650265840944,0.033037513727231724,0.08991311642028532,0.03618908942364587,0.007210428881818282,0.16635014845298118,0.16635014845298118,0.0,0.8336498515470188,True,0.19860224973931878,0.5405051769202313,0.217547683366659,0.04334488997379108,0.0,103,85,18,12,13,25,2,25,26,0,REQUIRES_LIVE_CAPACITY_AND_MUNICIPAL_CHECK
NR_F_021,Nashik Road,FREE,106,Existing authorised vegetable market at Sinnar Phata.,True,REFERENCE_LIKELY,VENDOR_REFERENCE_UNION,Sinnar Phata,LIKELY,False,EPSG:32643,REFERENCE_READY,NOT_INDEPENDENTLY_VERIFIED,5985.754751406692,324.88298215711137,REPRESENTATIVE_POINT_FIXED_BUFFER,1199.1099469701066,409.4455142085658,409.4455142085658,831.671898210634,831.671898210634,757.0897083539901,0.0,0.0,0.0,0.0,0.0,0.0,0.0,0.0,0.0,0.0,0.0,0.0,0.0,2045.4737835522685,10434.265765535132,0.0,0.0,0.0,0.0,2045.4737835522685,10434.265765535132,0.0,0.0,0.0,0.0,0.0,0.0,0.0,0.0,0.0,1.0,0.0,0.0,0.0,9240.965396115056,11784.884466436559,95.82209917963152,122.20069221751719,0.0,0.0,9145.143296935423,11662.683774219038,0.0,0.0,0.0,0.0,0.0,0.0,0.0,1.0,False,,,,,1.0,63,63,0,15,5,1,8,10,23,1,REQUIRES_LIVE_CAPACITY_AND_MUNICIPAL_CHECK
NR_F_022,Nashik Road,FREE,50,"Ashwini Colony, near the water tank, along the traction-wall compound, Samangaon Road.",True,REFERENCE_HIGH,OSM_NAMED_POLYGON,Water Tank,HIGH,False,EPSG:32643,REFERENCE_READY,NOT_INDEPENDENTLY_VERIFIED,530.8328469138017,82.05312459933221,REPRESENTATIVE_POINT_FIXED_BUFFER,90.85475091090366,652.8181298548507,90.85475091090366,2606.7233846204863,2606.7233846204863,8383.259491690427,0.0,0.0,0.0,0.0,0.0,0.0,0.0,0.0,0.0,0.0,0.0,0.0,0.0,4949.336158107844,25247.299306366403,911.7907988812631,4651.180374247794,0.0,0.0,4037.5453592265826,20596.118932118618,0.0,0.0,0.0,0.0,0.0,0.0,0.0,0.0,0.0,0.0,1.0,0.0,0.0,16420.049242758338,20940.277878375986,1955.9530720391676,2494.401827913333,12.064128032341445,15.3852275119668,14464.096170719167,18445.87605046265,0.0,0.0,0.0,0.0,0.0,0.0,0.0,1.0,False,,,,,1.0,2,0,2,0,0,0,0,0,2,0,REQUIRES_LIVE_CAPACITY_AND_MUNICIPAL_CHECK
NR_F_023,Nashik Road,FREE,300,"Samangaon, opposite the Polytechnic College, along the 30-metre DP Road and the college compound.",True,REFERENCE_HIGH,OSM_NAMED_POINT_BUFFER,College Road Post Office,HIGH,False,EPSG:32643,REFERENCE_READY,NOT_INDEPENDENTLY_VERIFIED,2822.8936414994914,188.41986941755695,REPRESENTATIVE_POINT_FIXED_BUFFER,508.4731452070425,16.71137902302596,16.71137902302596,681.1456101007316,2107.161821601884,10578.82954595486,8.0,0.0,6.0,2.0,0.0,0.0,0.0,0.0,0.0,1.0,3.0,0.0,0.0,3393.033738099001,17308.369366273728,1007.5439143602568,5139.631247008768,0.0,0.0,2385.4898237387442,12168.738119264961,17.0,0.0,9.0,6.0,1.0,0.0,0.0,0.0,0.0,7.0,5.0,0.0,0.0,14640.836890704804,18671.271220367864,2033.086999663973,2592.7697350026688,225.0901963105815,287.05463599754614,12382.659694730251,15791.44684936765,0.010033382962764197,0.07194366378496539,0.0,0.0008304108689366827,0.08280745761666627,0.08280745761666627,0.0,0.9171925423833337,False,,,,,0.0,0,0,0,0,0,0,0,0,0,0,REQUIRES_LIVE_CAPACITY_AND_MUNICIPAL_CHECK
NR_F_024,Nashik Road,FREE,60,"Opposite Maruti Temple, Chadegaon Gaothan.",True,REFERENCE_HIGH,OSM_NAMED_POINT_BUFFER,Dakshin Mukhi Maruti Mandir,HIGH,False,EPSG:32643,REFERENCE_READY,NOT_INDEPENDENTLY_VERIFIED,2822.8936414963405,188.41986941745188,REPRESENTATIVE_POINT_FIXED_BUFFER,15.902912258406396,13.567033413096471,13.567033413096471,1180.78430971567,1295.8312041129725,9141.777368706566,0.0,0.0,0.0,0.0,0.0,0.0,0.0,0.0,0.0,0.0,0.0,0.0,0.0,2392.612541224712,12205.072159729827,1474.6805113951382,7522.564453712998,0.0,0.0,917.9320298295738,4682.507706016829,1.0,0.0,0.0,1.0,0.0,0.0,0.0,0.0,0.0,0.0,1.0,0.0,0.0,11405.546427461002,14545.346850959317,3246.2501287446075,4139.9010900412295,107.7408653652854,137.4005416336239,8159.296298716393,10405.445760918084,0.07114381030909156,0.00652091513169197,0.0,0.0,0.07766472544078354,0.07766472544078354,0.0,0.9223352745592165,False,,,,,1.0,0,0,0,0,0,0,0,0,0,0,REQUIRES_LIVE_CAPACITY_AND_MUNICIPAL_CHECK
NR_F_025,Nashik Road,FREE,10,Near the NMC property-tax and Talathi offices in Vadner Gaothan.,True,REFERENCE_LIKELY,OSM_NAMED_POINT_BUFFER,Vadner,LIKELY,False,EPSG:32643,REFERENCE_READY,NOT_INDEPENDENTLY_VERIFIED,2822.8936414873874,188.4198694171532,REPRESENTATIVE_POINT_FIXED_BUFFER,125.10286191454458,2295.64115151665,125.10286191454458,3352.8758655979736,3352.8758655979736,3424.494482610097,0.0,0.0,0.0,0.0,0.0,0.0,0.0,0.0,0.0,0.0,0.0,0.0,0.0,1825.7924992552296,9313.638885591154,618.7426191072997,3156.2980567840973,0.0,0.0,1207.0498801479298,6157.340828807055,0.0,0.0,0.0,0.0,0.0,0.0,0.0,0.0,0.0,0.0,0.0,0.0,0.0,4146.612930456801,5288.122205609534,1330.6573246819703,1696.9701934374966,0.0,0.0,2815.955605774831,3591.1520121720373,0.0,0.0,0.0,0.0,0.0,0.0,0.0,1.0,False,,,,,1.0,0,0,0,0,0,0,0,0,0,0,REQUIRES_LIVE_CAPACITY_AND_MUNICIPAL_CHECK
NR_F_026,Nashik Road,FREE,60,"Vadner-Dumala Gaothan, along the road near Sulabh toilet, Pathardi and the gaothan.",True,REFERENCE_LIKELY,OSM_NAMED_POINT_BUFFER,Vadner,LIKELY,False,EPSG:32643,REFERENCE_READY,NOT_INDEPENDENTLY_VERIFIED,2822.8936414873874,188.4198694171532,REPRESENTATIVE_POINT_FIXED_BUFFER,125.10286191454458,2295.64115151665,125.10286191454458,3352.8758655979736,3352.8758655979736,3424.494482610097,0.0,0.0,0.0,0.0,0.0,0.0,0.0,0.0,0.0,0.0,0.0,0.0,0.0,1825.7924992552296,9313.638885591154,618.7426191072997,3156.2980567840973,0.0,0.0,1207.0498801479298,6157.340828807055,0.0,0.0,0.0,0.0,0.0,0.0,0.0,0.0,0.0,0.0,0.0,0.0,0.0,4146.612930456801,5288.122205609534,1330.6573246819703,1696.9701934374966,0.0,0.0,2815.955605774831,3591.1520121720373,0.0,0.0,0.0,0.0,0.0,0.0,0.0,1.0,False,,,,,1.0,0,0,0,0,0,0,0,0,0,0,REQUIRES_LIVE_CAPACITY_AND_MUNICIPAL_CHECK
NR_F_027,Nashik Road,FREE,100,Space opposite the NMC study centre in Vadner-Dumala Gaothan.,True,REFERENCE_LIKELY,OSM_NAMED_POINT_BUFFER,Vadner,LIKELY,False,EPSG:32643,REFERENCE_READY,NOT_INDEPENDENTLY_VERIFIED,2822.8936414873874,188.4198694171532,REPRESENTATIVE_POINT_FIXED_BUFFER,125.10286191454458,2295.64115151665,125.10286191454458,3352.8758655979736,3352.8758655979736,3424.494482610097,0.0,0.0,0.0,0.0,0.0,0.0,0.0,0.0,0.0,0.0,0.0,0.0,0.0,1825.7924992552296,9313.638885591154,618.7426191072997,3156.2980567840973,0.0,0.0,1207.0498801479298,6157.340828807055,0.0,0.0,0.0,0.0,0.0,0.0,0.0,0.0,0.0,0.0,0.0,0.0,0.0,4146.612930456801,5288.122205609534,1330.6573246819703,1696.9701934374966,0.0,0.0,2815.955605774831,3591.1520121720373,0.0,0.0,0.0,0.0,0.0,0.0,0.0,1.0,False,,,,,1.0,0,0,0,0,0,0,0,0,0,0,REQUIRES_LIVE_CAPACITY_AND_MUNICIPAL_CHECK
NR_F_028,Nashik Road,FREE,50,"Mathura Chowk, part of Survey Nos. 25 and 26, Reservation No. 247 for a high school, along the 18-metre DP Road.",True,REFERENCE_HIGH,OSM_NAMED_LINE_BUFFER,Maharana Pratap Chowk Road,HIGH,False,EPSG:32643,REFERENCE_READY,NOT_INDEPENDENTLY_VERIFIED,65781.71509946516,3351.9680199597633,REPRESENTATIVE_POINT_FIXED_BUFFER,645.6885433131769,0.014298426018772806,0.014298426018772806,812.9966872745355,2447.628269218432,8496.578248670867,0.0,0.0,0.0,0.0,0.0,0.0,0.0,0.0,0.0,1.0,0.0,0.0,0.0,5862.354747720477,29904.74282360756,999.2872529630122,5097.512790127219,300.5717269845774,1533.2610499247726,4863.067494757464,24807.230033480344,0.0,0.0,0.0,0.0,0.0,0.0,0.0,0.0,0.0,1.0,0.0,0.0,0.0,19939.581527889077,25428.69219205759,1999.4353155881786,2549.854174567718,1086.2529524289405,1385.2844369574657,17940.1462123009,22878.838017489878,0.03353435030516073,0.0,0.0,0.014872421353017537,0.048406771658178256,0.048406771658178256,1.3877787807814457e-17,0.9515932283418217,False,,,,,1.0,0,0,0,0,0,0,0,0,0,0,REQUIRES_LIVE_CAPACITY_AND_MUNICIPAL_CHECK
NR_F_029,Nashik Road,FREE,300,"Deolali village weekly market, along the compound on all three sides.",True,REFERENCE_LIKELY,VENDOR_REFERENCE_UNION,Deolali Gaon,LIKELY,False,EPSG:32643,REFERENCE_READY,NOT_INDEPENDENTLY_VERIFIED,8220.566986191432,473.9106267325462,REPRESENTATIVE_POINT_FIXED_BUFFER,76.7611672201086,490.4366106713123,76.7611672201086,1231.0409694966327,1301.1177501280133,9493.021786582653,3.0,2.0,0.0,1.0,0.0,0.0,0.0,0.0,0.0,1.0,1.0,0.0,0.0,3317.5805392172583,16923.471385022352,932.8928539198736,4758.825093159531,0.0,0.0,2384.687685297385,12164.646291862822,5.0,2.0,0.0,3.0,0.0,0.0,0.0,0.0,0.0,2.0,2.0,0.0,0.0,13067.664677806948,16665.024905171864,2083.565008808279,2657.1436916578314,488.3816492724271,622.8268438947885,10984.099668998668,14007.88121351403,0.0,0.021707802411767792,0.0,0.0,0.021707802411767792,0.021707802411767792,0.0,0.9782921975882322,False,,,,,1.0,14,14,0,4,7,1,0,0,2,0,REQUIRES_LIVE_CAPACITY_AND_MUNICIPAL_CHECK
NR_F_032,Nashik Road,FREE,30,"Along the compound wall of B. G. Public School Garden, Survey No. 18.",True,REFERENCE_HIGH,OSM_NAMED_POLYGON,Municipal Corporation School No 71 And 33,HIGH,False,EPSG:32643,REFERENCE_READY,NOT_INDEPENDENTLY_VERIFIED,797.4014957527055,132.4557548476586,REPRESENTATIVE_POINT_FIXED_BUFFER,26.271285261779212,818.7395095161514,26.271285261779212,905.2080195101065,2835.693003050712,12125.944241385783,2.0,0.0,2.0,0.0,0.0,0.0,0.0,0.0,0.0,3.0,0.0,0.0,0.0,3287.9703079192723,16772.425194537525,987.2170772795571,5035.941030112211,0.0,0.0,2300.7532306397156,11736.484164425317,6.0,0.0,5.0,2.0,0.0,0.0,0.0,0.0,0.0,3.0,0.0,0.0,0.0,14548.690399613888,18553.757983931493,1990.8307600685648,2538.88089544189,0.0,0.0,12557.859639545322,16014.877088489604,0.0,0.0,0.0,0.0024912947554371493,0.0024912947554371493,0.0024912947554371493,0.0,0.9975087052445628,False,,,,,1.0,2,0,2,0,0,0,0,0,2,0,REQUIRES_LIVE_CAPACITY_AND_MUNICIPAL_CHECK
NR_F_033,Nashik Road,FREE,15,"Along the Nana-Nani Park compound wall beside Saubhagya Nagar Garden, part of Survey Nos. 19, 20 and 21.",True,REFERENCE_HIGH,VENDOR_REFERENCE_UNION,Saubhagya Nagar,HIGH,False,EPSG:32643,REFERENCE_READY,NOT_INDEPENDENTLY_VERIFIED,79175.76129594025,4083.188422883458,REPRESENTATIVE_POINT_FIXED_BUFFER,1611.3188620817575,115.14292714065748,115.14292714065748,1829.091419645475,3027.7864689281964,9527.374327627158,0.0,0.0,0.0,0.0,0.0,0.0,0.0,0.0,0.0,0.0,0.0,0.0,0.0,6432.486476201969,32813.06950282251,871.0513074009573,4443.362173556882,566.7502681768437,2891.0773476527343,5561.435168801013,28369.707329265635,0.0,0.0,0.0,0.0,0.0,0.0,0.0,0.0,0.0,0.0,1.0,0.0,0.0,24051.62369777157,30672.72675077946,1930.4009279455504,2461.815506776408,1232.0845722721315,1571.2616284885382,22121.222769826025,28210.91124400306,0.0016274807506127169,0.0,0.0,0.004231953240658657,0.005859433991271375,0.005859433991271375,0.0,0.9941405660087286,False,,,,,1.0,1,0,1,0,1,0,0,0,0,0,REQUIRES_LIVE_CAPACITY_AND_MUNICIPAL_CHECK
NR_F_034,Nashik Road,FREE,200,"On the eastern side of the railway station, Survey No. 246, Reservation No. 222 for Railway Terminus and Allied Activities, along the 18-metre DP Road.",True,REFERENCE_HIGH,VENDOR_REFERENCE_UNION,Railway Station,HIGH,False,EPSG:32643,REFERENCE_READY,NOT_INDEPENDENTLY_VERIFIED,27374.234951086597,1494.4716510412998,REPRESENTATIVE_POINT_FIXED_BUFFER,446.30365399270994,8.466210545056484,8.466210545056484,354.418948439394,354.418948439394,362.9163215600052,1.0,0.0,0.0,1.0,0.0,0.0,0.0,0.0,0.0,0.0,0.0,0.0,0.0,3955.697742720491,20178.602076235464,1497.114613510284,7637.004142729234,57.4441697460957,293.03124715211436,2401.138959464112,12248.566686354117,23.0,0.0,1.0,12.0,1.0,1.0,1.0,1.0,2.0,6.0,0.0,1.0,1.0,14518.714783063506,18515.530465191412,3574.443257969169,4558.441571993012,453.9155949550289,578.8727275515735,10490.35593013931,13378.216165646829,0.0,0.036593796140930335,0.002428987802392276,0.0,0.039022783943322606,0.039022783943322606,0.0,0.9609772160566774,False,,,,,0.0,26,26,0,9,12,1,0,1,3,0,REQUIRES_LIVE_CAPACITY_AND_MUNICIPAL_CHECK
NR_F_035,Nashik Road,FREE,100,"Gajanan Park, Nashik Road.",True,REFERENCE_HIGH,OSM_NAMED_LINE_BUFFER,Pune Nashik Road,HIGH,False,EPSG:32643,REFERENCE_READY,NOT_INDEPENDENTLY_VERIFIED,66298.36892652776,3377.8007174410322,REPRESENTATIVE_POINT_FIXED_BUFFER,2080.6337250403444,1686.749534848505,1686.749534848505,1790.472106144725,1790.472106144725,1719.1815434323023,0.0,0.0,0.0,0.0,0.0,0.0,0.0,0.0,0.0,0.0,0.0,0.0,0.0,2204.5284819771705,11245.627420701543,0.0,0.0,0.0,0.0,2204.5284819771705,11245.627420701543,0.0,0.0,0.0,0.0,0.0,0.0,0.0,0.0,0.0,0.0,0.0,0.0,0.0,7560.276676650314,9641.52373150057,0.0,0.0,0.0,0.0,7560.276676650313,9641.523731500569,0.0,0.0,0.0,0.0,0.0,0.0,0.0,1.0,False,,,,,1.0,20,0,20,0,0,0,0,0,20,0,REQUIRES_LIVE_CAPACITY_AND_MUNICIPAL_CHECK
NR_F_036,Nashik Road,FREE,300,"Survey No. 120, Mahamarg, Nashik Road.",True,REFERENCE_HIGH,OSM_NAMED_LINE_BUFFER,Pune Nashik Road,HIGH,False,EPSG:32643,REFERENCE_READY,NOT_INDEPENDENTLY_VERIFIED,66298.36892652776,3377.8007174410322,REPRESENTATIVE_POINT_FIXED_BUFFER,2080.6337250403444,1686.749534848505,1686.749534848505,1790.472106144725,1790.472106144725,1719.1815434323023,0.0,0.0,0.0,0.0,0.0,0.0,0.0,0.0,0.0,0.0,0.0,0.0,0.0,2204.5284819771705,11245.627420701543,0.0,0.0,0.0,0.0,2204.5284819771705,11245.627420701543,0.0,0.0,0.0,0.0,0.0,0.0,0.0,0.0,0.0,0.0,0.0,0.0,0.0,7560.276676650314,9641.52373150057,0.0,0.0,0.0,0.0,7560.276676650313,9641.523731500569,0.0,0.0,0.0,0.0,0.0,0.0,0.0,1.0,False,,,,,1.0,0,0,0,0,0,0,0,0,0,0,REQUIRES_LIVE_CAPACITY_AND_MUNICIPAL_CHECK
NR_F_037,Nashik Road,FREE,30,"Survey No. 126, along the 30-metre DP Road, Nashik Road.",True,REFERENCE_HIGH,OSM_NAMED_LINE_BUFFER,Pune Nashik Road,HIGH,False,EPSG:32643,REFERENCE_READY,NOT_INDEPENDENTLY_VERIFIED,66298.36892652776,3377.8007174410322,REPRESENTATIVE_POINT_FIXED_BUFFER,2080.6337250403444,1686.749534848505,1686.749534848505,1790.472106144725,1790.472106144725,1719.1815434323023,0.0,0.0,0.0,0.0,0.0,0.0,0.0,0.0,0.0,0.0,0.0,0.0,0.0,2204.5284819771705,11245.627420701543,0.0,0.0,0.0,0.0,2204.5284819771705,11245.627420701543,0.0,0.0,0.0,0.0,0.0,0.0,0.0,0.0,0.0,0.0,0.0,0.0,0.0,7560.276676650314,9641.52373150057,0.0,0.0,0.0,0.0,7560.276676650313,9641.523731500569,0.0,0.0,0.0,0.0,0.0,0.0,0.0,1.0,False,,,,,1.0,2,0,2,0,0,0,0,0,0,2,REQUIRES_LIVE_CAPACITY_AND_MUNICIPAL_CHECK
NR_F_038,Nashik Road,FREE,20,"Pumping Station Road, Chehdi, Nashik Road.",True,REFERENCE_HIGH,OSM_NAMED_LINE_BUFFER,Pune Nashik Road,HIGH,False,EPSG:32643,REFERENCE_READY,NOT_INDEPENDENTLY_VERIFIED,66298.36892652776,3377.8007174410322,REPRESENTATIVE_POINT_FIXED_BUFFER,2080.6337250403444,1686.749534848505,1686.749534848505,1790.472106144725,1790.472106144725,1719.1815434323023,0.0,0.0,0.0,0.0,0.0,0.0,0.0,0.0,0.0,0.0,0.0,0.0,0.0,2204.5284819771705,11245.627420701543,0.0,0.0,0.0,0.0,2204.5284819771705,11245.627420701543,0.0,0.0,0.0,0.0,0.0,0.0,0.0,0.0,0.0,0.0,0.0,0.0,0.0,7560.276676650314,9641.52373150057,0.0,0.0,0.0,0.0,7560.276676650313,9641.523731500569,0.0,0.0,0.0,0.0,0.0,0.0,0.0,1.0,False,,,,,1.0,3,0,3,1,1,0,0,0,1,0,REQUIRES_LIVE_CAPACITY_AND_MUNICIPAL_CHECK
NR_F_039,Nashik Road,FREE,80,"Survey No. 120, playground, Nashik Road.",True,REFERENCE_HIGH,OSM_NAMED_LINE_BUFFER,Pune Nashik Road,HIGH,False,EPSG:32643,REFERENCE_READY,NOT_INDEPENDENTLY_VERIFIED,66298.36892652776,3377.8007174410322,REPRESENTATIVE_POINT_FIXED_BUFFER,2080.6337250403444,1686.749534848505,1686.749534848505,1790.472106144725,1790.472106144725,1719.1815434323023,0.0,0.0,0.0,0.0,0.0,0.0,0.0,0.0,0.0,0.0,0.0,0.0,0.0,2204.5284819771705,11245.627420701543,0.0,0.0,0.0,0.0,2204.5284819771705,11245.627420701543,0.0,0.0,0.0,0.0,0.0,0.0,0.0,0.0,0.0,0.0,0.0,0.0,0.0,7560.276676650314,9641.52373150057,0.0,0.0,0.0,0.0,7560.276676650313,9641.523731500569,0.0,0.0,0.0,0.0,0.0,0.0,0.0,1.0,False,,,,,1.0,0,0,0,0,0,0,0,0,0,0,REQUIRES_LIVE_CAPACITY_AND_MUNICIPAL_CHECK
NR_F_040,Nashik Road,FREE,50,"Old Octroi Naka, Pune Road, Nashik Road.",True,REFERENCE_HIGH,OSM_NAMED_LINE_BUFFER,Pune Road,HIGH,False,EPSG:32643,REFERENCE_READY,NOT_INDEPENDENTLY_VERIFIED,15074.726423831977,816.6185963312722,REPRESENTATIVE_POINT_FIXED_BUFFER,147.97993775649053,1.699453687524375e-10,1.699453687524375e-10,598.1103292996005,598.1103292996005,642.0956999083973,8.0,0.0,0.0,6.0,1.0,0.0,0.0,0.0,0.0,1.0,0.0,0.0,0.0,4617.423255160077,23554.16225996887,2024.923625645258,10329.436355913915,0.0,0.0,2592.499629514819,13224.725904054956,11.0,0.0,0.0,9.0,1.0,0.0,0.0,0.0,0.0,14.0,0.0,0.0,0.0,13228.932488127408,16870.68767213567,4489.727177974043,5725.691398053317,10.506750096237395,13.399123435083279,8728.698560057128,11131.597150647272,0.0,0.05328021741407236,0.013843329308295918,0.0,0.06712354672236828,0.06712354672236828,0.0,0.9328764532776317,False,,,,,1.0,0,0,0,0,0,0,0,0,0,0,REQUIRES_LIVE_CAPACITY_AND_MUNICIPAL_CHECK
NR_F_041,Nashik Road,FREE,10,"Chehdi Bhagwa Chowk, Nashik Road.",True,REFERENCE_HIGH,OSM_NAMED_LINE_BUFFER,Pune Nashik Road,HIGH,False,EPSG:32643,REFERENCE_READY,NOT_INDEPENDENTLY_VERIFIED,66298.36892652776,3377.8007174410322,REPRESENTATIVE_POINT_FIXED_BUFFER,2080.6337250403444,1686.749534848505,1686.749534848505,1790.472106144725,1790.472106144725,1719.1815434323023,0.0,0.0,0.0,0.0,0.0,0.0,0.0,0.0,0.0,0.0,0.0,0.0,0.0,2204.5284819771705,11245.627420701543,0.0,0.0,0.0,0.0,2204.5284819771705,11245.627420701543,0.0,0.0,0.0,0.0,0.0,0.0,0.0,0.0,0.0,0.0,0.0,0.0,0.0,7560.276676650314,9641.52373150057,0.0,0.0,0.0,0.0,7560.276676650313,9641.523731500569,0.0,0.0,0.0,0.0,0.0,0.0,0.0,1.0,False,,,,,1.0,0,0,0,0,0,0,0,0,0,0,REQUIRES_LIVE_CAPACITY_AND_MUNICIPAL_CHECK
NR_F_042,Nashik Road,FREE,30,"Chehdi Gaothan, Maruti Temple, Nashik Road.",True,REFERENCE_HIGH,OSM_NAMED_LINE_BUFFER,Pune Nashik Road,HIGH,False,EPSG:32643,REFERENCE_READY,NOT_INDEPENDENTLY_VERIFIED,66298.36892652776,3377.8007174410322,REPRESENTATIVE_POINT_FIXED_BUFFER,2080.6337250403444,1686.749534848505,1686.749534848505,1790.472106144725,1790.472106144725,1719.1815434323023,0.0,0.0,0.0,0.0,0.0,0.0,0.0,0.0,0.0,0.0,0.0,0.0,0.0,2204.5284819771705,11245.627420701543,0.0,0.0,0.0,0.0,2204.5284819771705,11245.627420701543,0.0,0.0,0.0,0.0,0.0,0.0,0.0,0.0,0.0,0.0,0.0,0.0,0.0,7560.276676650314,9641.52373150057,0.0,0.0,0.0,0.0,7560.276676650313,9641.523731500569,0.0,0.0,0.0,0.0,0.0,0.0,0.0,1.0,False,,,,,1.0,0,0,0,0,0,0,0,0,0,0,REQUIRES_LIVE_CAPACITY_AND_MUNICIPAL_CHECK
NR_F_043,Nashik Road,FREE,17,"Divisional Commissioner Office, leaving a 50-metre area, Nashik Road.",True,REFERENCE_HIGH,OSM_NAMED_LINE_BUFFER,Pune Nashik Road,HIGH,False,EPSG:32643,REFERENCE_READY,NOT_INDEPENDENTLY_VERIFIED,66298.36892652776,3377.8007174410322,REPRESENTATIVE_POINT_FIXED_BUFFER,2080.6337250403444,1686.749534848505,1686.749534848505,1790.472106144725,1790.472106144725,1719.1815434323023,0.0,0.0,0.0,0.0,0.0,0.0,0.0,0.0,0.0,0.0,0.0,0.0,0.0,2204.5284819771705,11245.627420701543,0.0,0.0,0.0,0.0,2204.5284819771705,11245.627420701543,0.0,0.0,0.0,0.0,0.0,0.0,0.0,0.0,0.0,0.0,0.0,0.0,0.0,7560.276676650314,9641.52373150057,0.0,0.0,0.0,0.0,7560.276676650313,9641.523731500569,0.0,0.0,0.0,0.0,0.0,0.0,0.0,1.0,False,,,,,1.0,1,0,1,1,0,0,0,0,0,0,REQUIRES_LIVE_CAPACITY_AND_MUNICIPAL_CHECK
NN_F_001,New Nashik,FREE,100,"Space near Sumit Company and opposite Nashik Castek, Ambad.",True,REFERENCE_LIKELY,OSM_NAMED_POINT_BUFFER,Ambad,LIKELY,False,EPSG:32643,REFERENCE_READY,NOT_INDEPENDENTLY_VERIFIED,2822.893641491502,188.41986941729039,REPRESENTATIVE_POINT_FIXED_BUFFER,530.173160060553,394.8310275190588,394.8310275190588,543.3716901305265,4711.086345720475,10356.999886032028,0.0,0.0,0.0,0.0,0.0,0.0,0.0,0.0,0.0,0.0,0.0,0.0,0.0,1525.007039415123,7779.287552605629,0.0,0.0,0.0,0.0,1525.0070394151232,7779.2875526056305,0.0,0.0,0.0,0.0,0.0,0.0,0.0,0.0,0.0,0.0,0.0,0.0,0.0,7932.197951536481,10115.830155912237,1195.6398121712582,1524.7840940767817,0.0,0.0,6736.558139365223,8591.046061835455,0.0,0.0,0.7797302459710286,0.0,0.7797302459710286,0.7797302459710289,0.0,0.22026975402897142,True,0.0,0.0,0.9999999999999996,0.0,1.0,2,0,2,0,0,0,1,1,0,0,REQUIRES_LIVE_CAPACITY_AND_MUNICIPAL_CHECK
NN_F_002,New Nashik,FREE,90,Ambad Gaon Vegetable Market.,True,REFERENCE_LIKELY,VENDOR_REFERENCE_UNION,Ambad Gaon Vegetable Market | Market,LIKELY,False,EPSG:32643,REFERENCE_READY,NOT_INDEPENDENTLY_VERIFIED,76473.20539784784,1141.1619294277632,REPRESENTATIVE_POINT_FIXED_BUFFER,136.71186991136983,668.6662083435091,136.71186991136983,363.24014524772116,373.02584275071774,8865.028910346206,1.0,1.0,0.0,0.0,0.0,0.0,0.0,0.0,0.0,3.0,0.0,0.0,0.0,3846.8349969544133,19623.277031043992,828.4811526464828,4226.205487433656,0.0,0.0,3018.3538443079306,15397.071543610333,3.0,1.0,0.0,2.0,0.0,2.0,1.0,0.0,0.0,7.0,1.0,1.0,0.0,11783.046511416076,15026.76785891493,2895.991979153554,3693.2213710484775,264.0949706856486,336.7969237289597,8736.796148632648,11141.923901341454,0.09432476328514995,0.032166069995694706,0.0,0.0,0.12649083328084465,0.12649083328084465,0.0,0.8735091667191553,True,0.745704339505163,0.25429566049483704,0.0,0.0,0.0,22,22,0,8,7,0,1,3,3,0,REQUIRES_LIVE_CAPACITY_AND_MUNICIPAL_CHECK
NN_F_003,New Nashik,FREE,10,"Pavan Nagar, adjacent to Ganesh Temple.",True,REFERENCE_LIKELY,VENDOR_REFERENCE_UNION,"Ganpati Temple, Pawan Nagar",LIKELY,False,EPSG:32643,REFERENCE_READY,NOT_INDEPENDENTLY_VERIFIED,12.822828010679109,14.413359235302785,REPRESENTATIVE_POINT_FIXED_BUFFER,163.0233042847402,512.734592912085,163.0233042847402,255.3778721047938,571.3010864016699,8426.3468751366,2.0,1.0,0.0,1.0,0.0,0.0,0.0,0.0,0.0,1.0,0.0,1.0,3.0,5366.1827341037115,27373.695641713555,962.3765781690947,4909.225952387295,1313.6727049330998,6701.239704180796,3355.8315227536236,17118.59533685243,18.0,4.0,4.0,10.0,0.0,1.0,0.0,0.0,0.0,6.0,1.0,3.0,6.0,18034.936099414736,22999.722342918983,2863.234080993284,3651.4456443106224,3117.699951927732,3975.9627008158177,12582.907050727403,16046.819730227906,0.01551872498342641,0.06005582094379826,0.0,0.013348886776409953,0.08892343270363462,0.0889234327036346,1.3877787807814457e-17,0.9110765672963654,False,,,,,0.0,9,0,9,0,0,0,7,2,0,0,REQUIRES_LIVE_CAPACITY_AND_MUNICIPAL_CHECK
NN_F_004,New Nashik,FREE,20,"Near the water tank, on the northern side of Ambad property-tax office.",True,REFERENCE_HIGH,VENDOR_REFERENCE_UNION,Beside Ambad Property Tax Office,HIGH,False,EPSG:32643,REFERENCE_READY,NOT_INDEPENDENTLY_VERIFIED,530.8328469155842,82.05312459946794,REPRESENTATIVE_POINT_FIXED_BUFFER,90.85475091090366,652.8181298548507,90.85475091090366,2606.7233846204863,2606.7233846204863,8383.259491690427,0.0,0.0,0.0,0.0,0.0,0.0,0.0,0.0,0.0,0.0,0.0,0.0,0.0,4949.336158107844,25247.299306366403,911.7907988812631,4651.180374247794,0.0,0.0,4037.5453592265826,20596.118932118618,0.0,0.0,0.0,0.0,0.0,0.0,0.0,0.0,0.0,0.0,1.0,0.0,0.0,16420.049242758338,20940.277878375986,1955.9530720391676,2494.401827913333,12.064128032341445,15.3852275119668,14464.096170719167,18445.87605046265,0.0,0.0,0.0,0.0,0.0,0.0,0.0,1.0,False,,,,,1.0,6,6,0,1,3,0,0,2,0,0,REQUIRES_LIVE_CAPACITY_AND_MUNICIPAL_CHECK
NN_F_005,New Nashik,FREE,20,Phalke Memorial Gate.,True,REFERENCE_HIGH,VENDOR_REFERENCE_UNION,Along Phalke Smarak Compound,HIGH,False,EPSG:32643,REFERENCE_READY,NOT_INDEPENDENTLY_VERIFIED,73124.49284097695,1500.400946273316,REPRESENTATIVE_POINT_FIXED_BUFFER,500.5363430014477,700.3242722788249,500.5363430014477,606.2437430324321,5650.348035576872,9565.000070696486,0.0,0.0,0.0,0.0,0.0,0.0,0.0,0.0,0.0,0.0,0.0,0.0,0.0,2380.0084145312494,12140.776636257671,0.0,0.0,388.41293323803035,1981.3520978686747,1991.5954812932189,10159.424538388996,1.0,0.0,0.0,0.0,0.0,0.0,0.0,0.0,0.0,0.0,0.0,1.0,0.0,9073.226842259919,11570.969643361797,0.0,0.0,2461.311932914458,3138.879491687406,6611.914909345463,8432.090151674394,0.0,0.0,0.0,0.09325472641193709,0.09325472641193709,0.09325472641193709,0.0,0.9067452735880629,False,,,,,1.0,1,0,1,0,1,0,0,0,0,0,REQUIRES_LIVE_CAPACITY_AND_MUNICIPAL_CHECK
NN_F_006,New Nashik,FREE,10,"Campus Company, MIDC Ambad.",True,REFERENCE_LIKELY,OSM_NAMED_POINT_BUFFER,Ambad,LIKELY,False,EPSG:32643,REFERENCE_READY,NOT_INDEPENDENTLY_VERIFIED,2822.893641491502,188.41986941729039,REPRESENTATIVE_POINT_FIXED_BUFFER,530.173160060553,394.8310275190588,394.8310275190588,543.3716901305265,4711.086345720475,10356.999886032028,0.0,0.0,0.0,0.0,0.0,0.0,0.0,0.0,0.0,0.0,0.0,0.0,0.0,1525.007039415123,7779.287552605629,0.0,0.0,0.0,0.0,1525.0070394151232,7779.2875526056305,0.0,0.0,0.0,0.0,0.0,0.0,0.0,0.0,0.0,0.0,0.0,0.0,0.0,7932.197951536481,10115.830155912237,1195.6398121712582,1524.7840940767817,0.0,0.0,6736.558139365223,8591.046061835455,0.0,0.0,0.7797302459710286,0.0,0.7797302459710286,0.7797302459710289,0.0,0.22026975402897142,True,0.0,0.0,0.9999999999999996,0.0,1.0,0,0,0,0,0,0,0,0,0,0,REQUIRES_LIVE_CAPACITY_AND_MUNICIPAL_CHECK
NN_F_007,New Nashik,FREE,10,"Coca-Cola Company, MIDC Ambad.",True,REFERENCE_LIKELY,OSM_NAMED_POINT_BUFFER,Ambad,LIKELY,False,EPSG:32643,REFERENCE_READY,NOT_INDEPENDENTLY_VERIFIED,2822.893641491502,188.41986941729039,REPRESENTATIVE_POINT_FIXED_BUFFER,530.173160060553,394.8310275190588,394.8310275190588,543.3716901305265,4711.086345720475,10356.999886032028,0.0,0.0,0.0,0.0,0.0,0.0,0.0,0.0,0.0,0.0,0.0,0.0,0.0,1525.007039415123,7779.287552605629,0.0,0.0,0.0,0.0,1525.0070394151232,7779.2875526056305,0.0,0.0,0.0,0.0,0.0,0.0,0.0,0.0,0.0,0.0,0.0,0.0,0.0,7932.197951536481,10115.830155912237,1195.6398121712582,1524.7840940767817,0.0,0.0,6736.558139365223,8591.046061835455,0.0,0.0,0.7797302459710286,0.0,0.7797302459710286,0.7797302459710289,0.0,0.22026975402897142,True,0.0,0.0,0.9999999999999996,0.0,1.0,0,0,0,0,0,0,0,0,0,0,REQUIRES_LIVE_CAPACITY_AND_MUNICIPAL_CHECK
NN_F_008,New Nashik,FREE,12,"Along the compound wall opposite Gabriel Company, MIDC Ambad.",True,REFERENCE_LIKELY,OSM_NAMED_POINT_BUFFER,Ambad,LIKELY,False,EPSG:32643,REFERENCE_READY,NOT_INDEPENDENTLY_VERIFIED,2822.893641491502,188.41986941729039,REPRESENTATIVE_POINT_FIXED_BUFFER,530.173160060553,394.8310275190588,394.8310275190588,543.3716901305265,4711.086345720475,10356.999886032028,0.0,0.0,0.0,0.0,0.0,0.0,0.0,0.0,0.0,0.0,0.0,0.0,0.0,1525.007039415123,7779.287552605629,0.0,0.0,0.0,0.0,1525.0070394151232,7779.2875526056305,0.0,0.0,0.0,0.0,0.0,0.0,0.0,0.0,0.0,0.0,0.0,0.0,0.0,7932.197951536481,10115.830155912237,1195.6398121712582,1524.7840940767817,0.0,0.0,6736.558139365223,8591.046061835455,0.0,0.0,0.7797302459710286,0.0,0.7797302459710286,0.7797302459710289,0.0,0.22026975402897142,True,0.0,0.0,0.9999999999999996,0.0,1.0,0,0,0,0,0,0,0,0,0,0,REQUIRES_LIVE_CAPACITY_AND_MUNICIPAL_CHECK
NN_F_009,New Nashik,FREE,30,"Behind Glasgow Company, MIDC Ambad.",True,REFERENCE_LIKELY,OSM_NAMED_POINT_BUFFER,Ambad,LIKELY,False,EPSG:32643,REFERENCE_READY,NOT_INDEPENDENTLY_VERIFIED,2822.893641491502,188.41986941729039,REPRESENTATIVE_POINT_FIXED_BUFFER,530.173160060553,394.8310275190588,394.8310275190588,543.3716901305265,4711.086345720475,10356.999886032028,0.0,0.0,0.0,0.0,0.0,0.0,0.0,0.0,0.0,0.0,0.0,0.0,0.0,1525.007039415123,7779.287552605629,0.0,0.0,0.0,0.0,1525.0070394151232,7779.2875526056305,0.0,0.0,0.0,0.0,0.0,0.0,0.0,0.0,0.0,0.0,0.0,0.0,0.0,7932.197951536481,10115.830155912237,1195.6398121712582,1524.7840940767817,0.0,0.0,6736.558139365223,8591.046061835455,0.0,0.0,0.7797302459710286,0.0,0.7797302459710286,0.7797302459710289,0.0,0.22026975402897142,True,0.0,0.0,0.9999999999999996,0.0,1.0,0,0,0,0,0,0,0,0,0,0,REQUIRES_LIVE_CAPACITY_AND_MUNICIPAL_CHECK
NN_F_011,New Nashik,FREE,50,"Power House, MSEB, Garware Gate, MIDC Ambad.",True,REFERENCE_LIKELY,VENDOR_REFERENCE_UNION,"Power House, Ambad MIDC",LIKELY,False,EPSG:32643,REFERENCE_READY,NOT_INDEPENDENTLY_VERIFIED,392.12159873566037,81.02826378915191,REPRESENTATIVE_POINT_FIXED_BUFFER,229.1329652274736,228.86278329500428,228.86278329500428,956.652699356812,1073.9950659751141,9543.73537552426,1.0,0.0,0.0,1.0,0.0,0.0,0.0,0.0,0.0,0.0,0.0,0.0,0.0,4609.343856101686,23512.94804462231,321.13370882602175,1638.1507751927938,0.0,0.0,4288.210147275664,21874.797269429517,1.0,0.0,0.0,1.0,0.0,0.0,0.0,0.0,0.0,0.0,0.0,0.0,1.0,15942.400942036327,20331.139136014164,1869.318961738839,2383.918459890863,0.0,0.0,14073.08198029749,17947.220676123303,0.005735774533119424,0.0,0.0,0.0,0.005735774533119424,0.005735774533119424,0.0,0.9942642254668805,False,,,,,1.0,28,27,1,1,19,0,0,3,5,0,REQUIRES_LIVE_CAPACITY_AND_MUNICIPAL_CHECK
NN_F_012,New Nashik,FREE,10,"Near Mungi Brothers Company, MIDC Ambad.",True,REFERENCE_LIKELY,OSM_NAMED_POINT_BUFFER,Ambad,LIKELY,False,EPSG:32643,REFERENCE_READY,NOT_INDEPENDENTLY_VERIFIED,2822.893641491502,188.41986941729039,REPRESENTATIVE_POINT_FIXED_BUFFER,530.173160060553,394.8310275190588,394.8310275190588,543.3716901305265,4711.086345720475,10356.999886032028,0.0,0.0,0.0,0.0,0.0,0.0,0.0,0.0,0.0,0.0,0.0,0.0,0.0,1525.007039415123,7779.287552605629,0.0,0.0,0.0,0.0,1525.0070394151232,7779.2875526056305,0.0,0.0,0.0,0.0,0.0,0.0,0.0,0.0,0.0,0.0,0.0,0.0,0.0,7932.197951536481,10115.830155912237,1195.6398121712582,1524.7840940767817,0.0,0.0,6736.558139365223,8591.046061835455,0.0,0.0,0.7797302459710286,0.0,0.7797302459710286,0.7797302459710289,0.0,0.22026975402897142,True,0.0,0.0,0.9999999999999996,0.0,1.0,5,0,5,2,2,1,0,0,0,0,REQUIRES_LIVE_CAPACITY_AND_MUNICIPAL_CHECK
NN_F_013,New Nashik,FREE,10,"Lekha Nagar, Balbharati Office.",True,REFERENCE_LIKELY,OSM_NAMED_POINT_BUFFER,Lekhanagar,LIKELY,False,EPSG:32643,REFERENCE_READY,NOT_INDEPENDENTLY_VERIFIED,2822.893641472383,188.41986941665235,REPRESENTATIVE_POINT_FIXED_BUFFER,47.9372819519917,56.82667757041267,47.9372819519917,10.609126376925847,1950.0118736008656,7715.605742940419,1.0,0.0,1.0,0.0,0.0,1.0,0.0,0.0,2.0,1.0,0.0,0.0,0.0,3223.8120483588796,16445.14437740345,1457.5868810632069,7435.367304956862,0.0,0.0,1766.2251672956734,9009.777072446588,2.0,0.0,2.0,0.0,0.0,1.0,0.0,0.0,2.0,1.0,0.0,0.0,0.0,16052.146999476834,20471.09687334397,3321.922560004532,4236.405169589832,935.400873700929,1192.9047187000215,12730.224439472302,16234.691703754137,0.025762267444504147,0.0,0.0,0.0033424509703065806,0.02910471841481073,0.02910471841481073,0.0,0.9708952815851892,False,,,,,0.0,0,0,0,0,0,0,0,0,0,0,REQUIRES_LIVE_CAPACITY_AND_MUNICIPAL_CHECK
SAT_F_001,Satpur,FREE,200,"Area behind ITI, Londhe Marg, Satpur.",True,REFERENCE_HIGH,VENDOR_REFERENCE_UNION,Area behind ITI,HIGH,False,EPSG:32643,REFERENCE_READY,NOT_INDEPENDENTLY_VERIFIED,274990.11394470633,13875.169841052544,REPRESENTATIVE_POINT_FIXED_BUFFER,8.630330144621622e-11,64.30751509692502,8.630330144621622e-11,1498.2778738802472,2077.417662075477,12174.354969073649,4.0,0.0,1.0,4.0,0.0,0.0,0.0,0.0,0.0,0.0,0.0,0.0,0.0,3871.9774606452725,19751.53247497109,1239.9238471494928,6325.035820167953,0.0,0.0,2632.05361349578,13426.49665480314,25.0,2.0,3.0,22.0,0.0,0.0,0.0,0.0,0.0,1.0,0.0,0.0,0.0,14296.71980076406,18232.42311586323,2497.38997501676,3184.8893553461976,20.93416609808385,26.697073118662235,11793.721044517231,15040.380953860957,0.0,0.0,0.0,0.0,0.0,0.0,0.0,1.0,False,,,,,1.0,76,76,0,24,20,8,0,15,7,2,REQUIRES_LIVE_CAPACITY_AND_MUNICIPAL_CHECK
SAT_F_002,Satpur,FREE,17,"Along the fire-station wall, Satpur.",True,REFERENCE_LIKELY,VENDOR_REFERENCE_UNION,Along the Fire Station Boundary,LIKELY,False,EPSG:32643,REFERENCE_READY,NOT_INDEPENDENTLY_VERIFIED,217.5263551192942,62.152806143128444,REPRESENTATIVE_POINT_FIXED_BUFFER,250.2799848090774,1077.4196471002344,250.2799848090774,2532.577190382534,2532.577190382534,7397.627228600641,0.0,0.0,0.0,0.0,0.0,0.0,0.0,0.0,0.0,0.0,0.0,0.0,0.0,2887.6205656743778,14730.181659891916,0.0,0.0,0.0,0.0,2887.6205656743778,14730.181659891916,0.0,0.0,0.0,0.0,0.0,0.0,0.0,0.0,0.0,0.0,0.0,0.0,0.0,11794.362756354834,15041.199320724452,1679.8077209431772,2142.23720883815,0.0,0.0,10114.555035411657,12898.962111886301,0.0,0.0,0.0,0.0,0.0,0.0,0.0,1.0,False,,,,,1.0,0,0,0,0,0,0,0,0,0,0,REQUIRES_LIVE_CAPACITY_AND_MUNICIPAL_CHECK
SAT_F_003,Satpur,FREE,20,Along the compound wall of Victor Gasket Company.,True,REFERENCE_LIKELY,VENDOR_REFERENCE_UNION,Along Hunter Gasket Company,LIKELY,False,EPSG:32643,REFERENCE_READY,NOT_INDEPENDENTLY_VERIFIED,126.95554744016364,48.20831225654066,REPRESENTATIVE_POINT_FIXED_BUFFER,269.5269225863026,981.3372855647583,269.5269225863026,2535.506265098044,2535.506265098044,7542.430078723662,0.0,0.0,0.0,0.0,0.0,0.0,0.0,0.0,0.0,0.0,0.0,0.0,0.0,3712.020047226606,18935.565936461167,0.0,0.0,0.0,0.0,3712.020047226606,18935.565936461167,0.0,0.0,0.0,0.0,0.0,0.0,0.0,0.0,0.0,1.0,0.0,0.0,0.0,13013.797433903921,16596.328700964736,1620.014339462201,2065.9834775010413,0.0,0.0,11393.783094441716,14530.34522346369,0.0,0.0,0.0,0.0,0.0,0.0,0.0,1.0,False,,,,,1.0,22,22,0,3,11,0,0,4,4,0,REQUIRES_LIVE_CAPACITY_AND_MUNICIPAL_CHECK
SAT_F_004,Satpur,FREE,190,"Chhatrapati Shivaji Vegetable Market, Satpur Gaon.",True,REFERENCE_LIKELY,VENDOR_REFERENCE_UNION,Chhatrapati Shivaji Vegetable Market,LIKELY,False,EPSG:32643,REFERENCE_READY,NOT_INDEPENDENTLY_VERIFIED,76473.20539784787,1141.161929427763,REPRESENTATIVE_POINT_FIXED_BUFFER,136.71186991136983,668.6662083435091,136.71186991136983,363.24014524772116,373.02584275071774,8865.028910346206,1.0,1.0,0.0,0.0,0.0,0.0,0.0,0.0,0.0,3.0,0.0,0.0,0.0,3846.8349969544133,19623.277031043992,828.4811526464828,4226.205487433656,0.0,0.0,3018.3538443079306,15397.071543610333,3.0,1.0,0.0,2.0,0.0,2.0,1.0,0.0,0.0,7.0,1.0,1.0,0.0,11783.046511416076,15026.76785891493,2895.991979153554,3693.2213710484775,264.0949706856486,336.7969237289597,8736.796148632648,11141.923901341454,0.09432476328514995,0.032166069995694706,0.0,0.0,0.12649083328084465,0.12649083328084465,0.0,0.8735091667191553,True,0.745704339505163,0.25429566049483704,0.0,0.0,0.0,261,257,4,253,4,1,0,2,0,1,REQUIRES_LIVE_CAPACITY_AND_MUNICIPAL_CHECK
SAT_F_005,Satpur,FREE,248,"Along the Satpur Mutton Market compound wall, Satpur Gaon.",True,REFERENCE_HIGH,VENDOR_REFERENCE_UNION,Along the Boundary of Satpur Mutton Market,HIGH,False,EPSG:32643,REFERENCE_READY,NOT_INDEPENDENTLY_VERIFIED,2822.89364149933,188.4198694175517,REPRESENTATIVE_POINT_FIXED_BUFFER,985.2258184150481,1912.0954022656078,985.2258184150481,117.891037014574,117.891037014574,12447.48531437098,1.0,1.0,0.0,0.0,0.0,1.0,1.0,0.0,0.0,0.0,0.0,0.0,0.0,2506.4626651546596,12785.838562152812,0.0,0.0,0.0,0.0,2506.4626651546596,12785.838562152812,1.0,1.0,0.0,0.0,0.0,1.0,1.0,0.0,0.0,2.0,0.0,0.0,0.0,10158.95620081478,12955.586347777386,0.0,0.0,0.0,0.0,10158.956200814779,12955.586347777384,0.0,0.0,0.22367695076179323,0.0,0.22367695076179323,0.22367695076179328,0.0,0.7763230492382067,True,0.0,0.0,0.9999999999999998,0.0,0.0,189,181,8,52,50,19,0,30,36,2,REQUIRES_LIVE_CAPACITY_AND_MUNICIPAL_CHECK
SAT_F_006,Satpur,FREE,68,"Along the compound wall of Taparia Tools / ST Bus Stand, Satpur.",True,REFERENCE_HIGH,VENDOR_REFERENCE_UNION,"Taparia Tools, ST Bus Stand Area",HIGH,False,EPSG:32643,REFERENCE_READY,NOT_INDEPENDENTLY_VERIFIED,7304.175980079716,490.93891483908203,REPRESENTATIVE_POINT_FIXED_BUFFER,54.00914966508297,778.3896449906629,54.00914966508297,17.495537843646055,17.495537843646055,8480.668063087754,2.0,0.0,0.0,2.0,0.0,2.0,1.0,0.0,0.0,5.0,2.0,1.0,0.0,3805.39874594111,19411.904556423768,1811.372465047085,9240.080148008807,124.05101337955547,632.8026555482668,1887.4728817320035,9628.279683462846,5.0,1.0,1.0,3.0,0.0,3.0,1.0,0.0,0.0,9.0,2.0,1.0,0.0,13270.931148218306,16924.24802386304,3764.8224318533908,4801.22968696468,408.17377172128795,520.5387679502936,9305.135702175592,11866.720033466949,0.09998706683647,0.026787856426824967,0.0,0.0,0.12677492326329498,0.12677492326329498,0.0,0.873225076736705,True,0.7886975141669769,0.211302485833023,0.0,0.0,0.0,139,138,1,84,30,4,0,15,6,0,REQUIRES_LIVE_CAPACITY_AND_MUNICIPAL_CHECK
SAT_F_007,Satpur,FREE,60,"MHADA Colony, Housing and Area Development Board, Survey No. 105/2, Chunchale.",True,REFERENCE_LIKELY,VENDOR_REFERENCE_UNION,"MHADA Colony, Survey No. 105/2, Chunchale",LIKELY,False,EPSG:32643,REFERENCE_READY,NOT_INDEPENDENTLY_VERIFIED,98887.04591691535,5066.74243720534,REPRESENTATIVE_POINT_FIXED_BUFFER,642.1468215753827,671.9097025411517,642.1468215753827,1096.5239331574658,2920.783105868638,12295.663222688723,0.0,0.0,0.0,0.0,0.0,0.0,0.0,0.0,0.0,0.0,0.0,0.0,0.0,3045.6892546983167,15536.513534564589,0.0,0.0,0.0,0.0,3045.689254698317,15536.51353456459,6.0,0.0,1.0,5.0,0.0,0.0,0.0,0.0,0.0,0.0,0.0,0.0,0.0,11276.221194862746,14380.420043051756,0.0,0.0,0.0,0.0,11276.221194862748,14380.42004305176,0.0,0.0,0.0,0.0,0.0,0.0,0.0,1.0,False,,,,,1.0,48,48,0,25,13,0,0,4,6,0,REQUIRES_LIVE_CAPACITY_AND_MUNICIPAL_CHECK
SAT_F_008,Satpur,FREE,36,"Open space opposite Saubhagya Lawns, Papaya Nursery, Trimbak Road.",True,REFERENCE_HIGH,VENDOR_REFERENCE_UNION,Saubhagya Lawns / Papaya Nursery Area,HIGH,False,EPSG:32643,REFERENCE_READY,NOT_INDEPENDENTLY_VERIFIED,42287.59603504406,2240.139562176506,REPRESENTATIVE_POINT_FIXED_BUFFER,301.6054160016806,1451.3247709185232,301.6054160016806,476.4104429835787,1366.043259109319,13314.361965119913,0.0,0.0,0.0,0.0,0.0,0.0,0.0,0.0,0.0,1.0,0.0,0.0,0.0,2441.145035144389,12452.64362404979,0.0,0.0,0.0,0.0,2441.145035144389,12452.64362404979,2.0,0.0,0.0,1.0,0.0,1.0,0.0,0.0,0.0,3.0,0.0,0.0,0.0,11912.16517353582,15191.431230144708,1488.875270894392,1898.7435078808276,0.0,0.0,10423.289902641427,13292.68772226388,0.024861391196105854,0.04047221826539961,0.0,0.0,0.06533360946150545,0.06533360946150545,1.3877787807814457e-17,0.9346663905384945,False,,,,,1.0,0,0,0,0,0,0,0,0,0,0,REQUIRES_LIVE_CAPACITY_AND_MUNICIPAL_CHECK
SAT_F_009,Satpur,FREE,180,"Indira Gandhi Vegetable Market, Satpur Colony.",True,REFERENCE_LIKELY,VENDOR_REFERENCE_UNION,"Indira Gandhi Vegetable Market, Satpur Colony",LIKELY,False,EPSG:32643,REFERENCE_READY,NOT_INDEPENDENTLY_VERIFIED,76473.20539784787,1141.161929427763,REPRESENTATIVE_POINT_FIXED_BUFFER,136.71186991136983,668.6662083435091,136.71186991136983,363.24014524772116,373.02584275071774,8865.028910346206,1.0,1.0,0.0,0.0,0.0,0.0,0.0,0.0,0.0,3.0,0.0,0.0,0.0,3846.8349969544133,19623.277031043992,828.4811526464828,4226.205487433656,0.0,0.0,3018.3538443079306,15397.071543610333,3.0,1.0,0.0,2.0,0.0,2.0,1.0,0.0,0.0,7.0,1.0,1.0,0.0,11783.046511416076,15026.76785891493,2895.991979153554,3693.2213710484775,264.0949706856486,336.7969237289597,8736.796148632648,11141.923901341454,0.09432476328514995,0.032166069995694706,0.0,0.0,0.12649083328084465,0.12649083328084465,0.0,0.8735091667191553,True,0.745704339505163,0.25429566049483704,0.0,0.0,0.0,33,32,1,8,13,0,0,7,5,0,REQUIRES_LIVE_CAPACITY_AND_MUNICIPAL_CHECK
SAT_F_010,Satpur,FREE,40,"Sai Baba Temple, Anand Chhaya, Ashok Nagar, for sale of flowers and puja materials only.",True,REFERENCE_HIGH,OSM_NAMED_POINT_BUFFER,Sai Baba Mandir,HIGH,False,EPSG:32643,REFERENCE_READY,NOT_INDEPENDENTLY_VERIFIED,2822.8936415116773,188.41986941796378,REPRESENTATIVE_POINT_FIXED_BUFFER,717.8385693684781,2180.8470490431328,717.8385693684781,241.27338210436443,1179.156696628205,13585.9841344508,0.0,0.0,0.0,0.0,0.0,1.0,0.0,0.0,0.0,0.0,0.0,0.0,0.0,4532.421188922872,23120.55408719712,0.0,0.0,19.172068637760173,97.79957144894833,4513.2491202851115,23022.754515748173,2.0,0.0,1.0,0.0,0.0,5.0,0.0,0.0,0.0,2.0,0.0,0.0,0.0,17134.152115164303,21850.96409866989,0.0,0.0,90.40486576351785,115.29216402808599,17043.747249400785,21735.671934641807,0.0,0.0,0.4704302100649161,0.006043214043509504,0.4764734241084256,0.4764734241084254,1.6653345369377348e-16,0.5235265758915744,True,0.0,0.0,0.9873167867550696,0.012683213244930784,0.0,20,19,1,3,13,0,0,2,1,1,REQUIRES_LIVE_CAPACITY_AND_MUNICIPAL_CHECK
SAT_F_011,Satpur,FREE,204,Ashok Nagar Vegetable Market.,True,REFERENCE_LIKELY,VENDOR_REFERENCE_UNION,Ashok Nagar Vegetable Market,LIKELY,False,EPSG:32643,REFERENCE_READY,NOT_INDEPENDENTLY_VERIFIED,76473.20539784787,1141.161929427763,REPRESENTATIVE_POINT_FIXED_BUFFER,136.71186991136983,668.6662083435091,136.71186991136983,363.24014524772116,373.02584275071774,8865.028910346206,1.0,1.0,0.0,0.0,0.0,0.0,0.0,0.0,0.0,3.0,0.0,0.0,0.0,3846.8349969544133,19623.277031043992,828.4811526464828,4226.205487433656,0.0,0.0,3018.3538443079306,15397.071543610333,3.0,1.0,0.0,2.0,0.0,2.0,1.0,0.0,0.0,7.0,1.0,1.0,0.0,11783.046511416076,15026.76785891493,2895.991979153554,3693.2213710484775,264.0949706856486,336.7969237289597,8736.796148632648,11141.923901341454,0.09432476328514995,0.032166069995694706,0.0,0.0,0.12649083328084465,0.12649083328084465,0.0,0.8735091667191553,True,0.745704339505163,0.25429566049483704,0.0,0.0,0.0,128,128,0,80,24,1,2,11,10,0,REQUIRES_LIVE_CAPACITY_AND_MUNICIPAL_CHECK
SAT_F_012,Satpur,FREE,261,"Shramik Nagar Vegetable Market, Kedar Nagar, Shramik Nagar.",True,REFERENCE_HIGH,VENDOR_REFERENCE_UNION,"Shramik Nagar Vegetable Market, Kedar Nagar",HIGH,False,EPSG:32643,REFERENCE_READY,NOT_INDEPENDENTLY_VERIFIED,1453.6279853858678,166.8852360662038,REPRESENTATIVE_POINT_FIXED_BUFFER,92.30759147828667,401.32946305691064,92.30759147828667,1158.1082974879785,2398.6520588600706,12011.566133423677,23.0,2.0,3.0,20.0,0.0,0.0,0.0,0.0,0.0,0.0,0.0,0.0,0.0,4417.3283202285675,22533.448259036053,928.2917262884544,4735.354057298099,15.325384868014648,78.17706585037206,3489.036593940113,17798.094201737953,28.0,2.0,5.0,24.0,0.0,0.0,0.0,0.0,0.0,1.0,0.0,0.0,0.0,15490.843669011074,19755.273946126217,2343.062346780603,2988.0773134455876,20.93416609808385,26.697073118662235,13142.172541000404,16760.043826024557,0.0,0.0,0.0,0.0,0.0,0.0,0.0,1.0,False,,,,,0.0,29,28,1,19,4,0,0,3,3,0,REQUIRES_LIVE_CAPACITY_AND_MUNICIPAL_CHECK
SAT_F_013,Satpur,FREE,306,"Chhatrapati Shivaji Vegetable Market, Shivaji Nagar (36 inside and 19 outside, as stated in the description).",True,REFERENCE_LIKELY,VENDOR_REFERENCE_UNION,"Chhatrapati Shivaji Vegetable Market, Shivaji Nagar | Chhatrapati Shivaji Market, outside Shivaji Nagar",LIKELY,False,EPSG:32643,REFERENCE_READY,NOT_INDEPENDENTLY_VERIFIED,76473.20539784784,1141.1619294277632,REPRESENTATIVE_POINT_FIXED_BUFFER,136.71186991136983,668.6662083435091,136.71186991136983,363.24014524772116,373.02584275071774,8865.028910346206,1.0,1.0,0.0,0.0,0.0,0.0,0.0,0.0,0.0,3.0,0.0,0.0,0.0,3846.8349969544133,19623.277031043992,828.4811526464828,4226.205487433656,0.0,0.0,3018.3538443079306,15397.071543610333,3.0,1.0,0.0,2.0,0.0,2.0,1.0,0.0,0.0,7.0,1.0,1.0,0.0,11783.046511416076,15026.76785891493,2895.991979153554,3693.2213710484775,264.0949706856486,336.7969237289597,8736.796148632648,11141.923901341454,0.09432476328514995,0.032166069995694706,0.0,0.0,0.12649083328084465,0.12649083328084465,0.0,0.8735091667191553,True,0.745704339505163,0.25429566049483704,0.0,0.0,0.0,102,97,5,52,32,2,0,11,5,0,REQUIRES_LIVE_CAPACITY_AND_MUNICIPAL_CHECK
SAT_F_014,Satpur,FREE,35,Gangapur Gaon Vegetable Market.,True,REFERENCE_LIKELY,VENDOR_REFERENCE_UNION,Gangapur Gaon Vegetable Market,LIKELY,False,EPSG:32643,REFERENCE_READY,NOT_INDEPENDENTLY_VERIFIED,76473.20539784787,1141.161929427763,REPRESENTATIVE_POINT_FIXED_BUFFER,136.71186991136983,668.6662083435091,136.71186991136983,363.24014524772116,373.02584275071774,8865.028910346206,1.0,1.0,0.0,0.0,0.0,0.0,0.0,0.0,0.0,3.0,0.0,0.0,0.0,3846.8349969544133,19623.277031043992,828.4811526464828,4226.205487433656,0.0,0.0,3018.3538443079306,15397.071543610333,3.0,1.0,0.0,2.0,0.0,2.0,1.0,0.0,0.0,7.0,1.0,1.0,0.0,11783.046511416076,15026.76785891493,2895.991979153554,3693.2213710484775,264.0949706856486,336.7969237289597,8736.796148632648,11141.923901341454,0.09432476328514995,0.032166069995694706,0.0,0.0,0.12649083328084465,0.12649083328084465,0.0,0.8735091667191553,True,0.745704339505163,0.25429566049483704,0.0,0.0,0.0,26,24,2,21,2,0,0,1,2,0,REQUIRES_LIVE_CAPACITY_AND_MUNICIPAL_CHECK
SAT_F_015,Satpur,FREE,15,"Someshwar Waterfall, Someshwar.",True,REFERENCE_HIGH,OSM_NAMED_POINT_BUFFER,Someshwar waterfall,HIGH,False,EPSG:32643,REFERENCE_READY,NOT_INDEPENDENTLY_VERIFIED,2822.893641494032,188.41986941737477,REPRESENTATIVE_POINT_FIXED_BUFFER,523.1371444526947,3660.7024840161557,523.1371444526947,2918.7966280593223,4297.769471010237,15326.082506850149,0.0,0.0,0.0,0.0,0.0,0.0,0.0,0.0,0.0,0.0,0.0,0.0,0.0,833.4597241221213,4251.601920439662,0.0,0.0,0.0,0.0,833.4597241221213,4251.601920439662,0.0,0.0,0.0,0.0,0.0,0.0,0.0,0.0,0.0,0.0,0.0,0.0,0.0,3231.4981353633375,4121.088062376285,0.0,0.0,0.0,0.0,3231.4981353633375,4121.088062376285,0.026561058459890343,0.0,0.0,0.0,0.026561058459890343,0.026561058459890343,0.0,0.9734389415401097,False,,,,,1.0,5,0,5,1,3,0,0,0,1,0,REQUIRES_LIVE_CAPACITY_AND_MUNICIPAL_CHECK
SAT_F_016,Satpur,FREE,90,"Open space at Anandvalli, Pipeline Road, opposite Reliance Petrol Pump, Satpur.",True,REFERENCE_HIGH,VENDOR_REFERENCE_UNION,"Opposite Reliance Petrol Pump, Anandvalli",HIGH,False,EPSG:32643,REFERENCE_READY,NOT_INDEPENDENTLY_VERIFIED,132873.48109221162,6769.3596963547625,REPRESENTATIVE_POINT_FIXED_BUFFER,304.0950067262073,1160.1638162584704,304.0950067262073,1218.4021747179843,2411.4936759695606,12308.719820974797,3.0,0.0,3.0,1.0,0.0,0.0,0.0,0.0,0.0,0.0,0.0,0.0,0.0,3334.067825534967,17007.575482847886,0.0,0.0,0.0,0.0,3334.067825534967,17007.575482847886,8.0,0.0,6.0,3.0,0.0,0.0,0.0,0.0,0.0,0.0,0.0,0.0,0.0,15414.973465081188,19658.517649632067,1428.2226320955283,1821.3939767236593,0.0,0.0,13986.750832985663,17837.123672908412,0.0,0.0,0.0,0.0,0.0,0.0,0.0,1.0,False,,,,,1.0,97,83,14,45,34,0,0,9,8,1,REQUIRES_LIVE_CAPACITY_AND_MUNICIPAL_CHECK
SAT_F_017,Satpur,FREE,41,"Along the compound wall of Late G. Deshpande Garden, Mahatma Nagar.",True,REFERENCE_LIKELY,VENDOR_REFERENCE_UNION,"Beside Late G. Deshpande Garden, Mahatmanagar",LIKELY,False,EPSG:32643,REFERENCE_READY,NOT_INDEPENDENTLY_VERIFIED,42606.40825295152,2193.6585613568423,REPRESENTATIVE_POINT_FIXED_BUFFER,519.8988253186192,2.6715355228559174e-10,2.6715355228559174e-10,141.7670823555394,2810.1472236316663,11216.195389968032,3.0,0.0,2.0,0.0,0.0,1.0,0.0,0.0,0.0,0.0,2.0,0.0,0.0,4216.0789060800425,21506.845088040045,1472.4167450656175,7511.016645228126,228.00459948339787,1163.0853477097985,2515.657561531027,12832.743095102122,11.0,0.0,7.0,2.0,0.0,1.0,0.0,0.0,0.0,2.0,7.0,0.0,0.0,14317.472804554627,18258.8891550182,3047.227388669983,3886.089946136381,473.1610458965436,603.4162039231627,10797.084369988102,13769.383004958661,0.0005481205305531731,0.0,0.0,0.008671215019982578,0.009219335550535751,0.009219335550535753,0.0,0.9907806644494642,False,,,,,0.0,4,0,4,0,4,0,0,0,0,0,REQUIRES_LIVE_CAPACITY_AND_MUNICIPAL_CHECK
SAT_F_019,Satpur,FREE,22,Along the MICO Hospital compound wall.,True,REFERENCE_LIKELY,VENDOR_REFERENCE_UNION,Along the Boundary of MICO Hospital,LIKELY,False,EPSG:32643,REFERENCE_READY,NOT_INDEPENDENTLY_VERIFIED,2822.8936414821733,188.41986941697908,REPRESENTATIVE_POINT_FIXED_BUFFER,134.18637298050925,189.65653922152342,134.18637298050925,749.5853836703952,749.5853836703952,816.0340808326021,1.0,0.0,0.0,1.0,0.0,0.0,0.0,0.0,0.0,7.0,0.0,0.0,0.0,3920.040041875856,19996.706844826178,1373.303699341154,7005.426268936579,0.0,0.0,2546.736342534701,12991.280575889596,9.0,0.0,0.0,7.0,1.0,0.0,0.0,0.0,0.0,15.0,0.0,0.0,0.0,14181.578729812669,18085.58518710371,3485.405515400622,4444.8928826143265,0.0,0.0,10696.173214412047,13640.692304489383,0.0,0.015893616220238018,0.0,0.0,0.015893616220238018,0.015893616220238018,0.0,0.984106383779762,False,,,,,1.0,2,2,0,0,0,0,0,2,0,0,REQUIRES_LIVE_CAPACITY_AND_MUNICIPAL_CHECK
SAT_F_020,Satpur,FREE,41,"Along the outer compound wall of Chhatrapati Shivaji Mandai, Shivaji Nagar.",True,REFERENCE_HIGH,OSM_NAMED_POINT_BUFFER,Shivaji Nagar,HIGH,False,EPSG:32643,REFERENCE_READY,NOT_INDEPENDENTLY_VERIFIED,2822.8936415019803,188.41986941764006,REPRESENTATIVE_POINT_FIXED_BUFFER,111.04456742099248,230.15996308769124,111.04456742099248,963.3348192663306,975.168021396707,9528.128285082596,0.0,0.0,0.0,0.0,0.0,0.0,0.0,0.0,0.0,7.0,0.0,0.0,0.0,3491.195258994527,17809.10587299849,961.6625363148726,4905.583518768943,0.0,0.0,2529.532722679655,12903.522354229552,1.0,0.0,1.0,0.0,0.0,0.0,0.0,0.0,0.0,14.0,4.0,0.0,0.0,13778.03815959883,17570.95508152087,4140.209976564216,5279.956600758362,667.3088667205589,851.0104259276444,8970.519316314052,11439.988054834863,0.189673268141514,0.0,0.0,0.0,0.189673268141514,0.189673268141514,0.0,0.810326731858486,True,1.0,0.0,0.0,0.0,1.0,0,0,0,0,0,0,0,0,0,0,REQUIRES_LIVE_CAPACITY_AND_MUNICIPAL_CHECK
SAT_F_021,Satpur,FREE,6,"Beside Maruti Temple, Satpur Gaon.",True,REFERENCE_HIGH,OSM_NAMED_POINT_BUFFER,Satpur Gaon,HIGH,False,EPSG:32643,REFERENCE_READY,NOT_INDEPENDENTLY_VERIFIED,2822.8936415029,188.41986941767087,REPRESENTATIVE_POINT_FIXED_BUFFER,985.2258184150481,1912.0954022656078,985.2258184150481,117.891037014574,117.891037014574,12447.48531437098,1.0,1.0,0.0,0.0,0.0,1.0,1.0,0.0,0.0,0.0,0.0,0.0,0.0,2506.4626651546596,12785.838562152812,0.0,0.0,0.0,0.0,2506.4626651546596,12785.838562152812,1.0,1.0,0.0,0.0,0.0,1.0,1.0,0.0,0.0,2.0,0.0,0.0,0.0,10158.95620081478,12955.586347777386,0.0,0.0,0.0,0.0,10158.956200814779,12955.586347777384,0.0,0.0,0.22367695076179323,0.0,0.22367695076179323,0.22367695076179328,0.0,0.7763230492382067,True,0.0,0.0,0.9999999999999998,0.0,0.0,4,3,1,0,0,0,2,1,0,1,REQUIRES_LIVE_CAPACITY_AND_MUNICIPAL_CHECK
SAT_F_022,Satpur,FREE,91,"Gat No. 19, Sanjiv Nagar, Chunchale.",True,REFERENCE_LIKELY,VENDOR_REFERENCE_UNION,"Plot No. 19, Sanjiv Nagar, Chunchale",LIKELY,False,EPSG:32643,REFERENCE_READY,NOT_INDEPENDENTLY_VERIFIED,78834.7757800869,4001.2466573159763,REPRESENTATIVE_POINT_FIXED_BUFFER,642.1468215753827,671.9097025411517,642.1468215753827,1096.5239331574658,2920.783105868638,12295.663222688723,0.0,0.0,0.0,0.0,0.0,0.0,0.0,0.0,0.0,0.0,0.0,0.0,0.0,3045.6892546983167,15536.513534564589,0.0,0.0,0.0,0.0,3045.689254698317,15536.51353456459,6.0,0.0,1.0,5.0,0.0,0.0,0.0,0.0,0.0,0.0,0.0,0.0,0.0,11276.221194862746,14380.420043051756,0.0,0.0,0.0,0.0,11276.221194862748,14380.42004305176,0.0,0.0,0.0,0.0,0.0,0.0,0.0,1.0,False,,,,,1.0,55,55,0,26,18,1,0,8,2,0,REQUIRES_LIVE_CAPACITY_AND_MUNICIPAL_CHECK
SAT_F_023,Satpur,FREE,18,"Dhruv Nagar, near the water tank, Shivaji Nagar.",True,REFERENCE_HIGH,OSM_NAMED_POINT_BUFFER,Shivaji Nagar,HIGH,False,EPSG:32643,REFERENCE_READY,NOT_INDEPENDENTLY_VERIFIED,2822.8936415019803,188.41986941764006,REPRESENTATIVE_POINT_FIXED_BUFFER,111.04456742099248,230.15996308769124,111.04456742099248,963.3348192663306,975.168021396707,9528.128285082596,0.0,0.0,0.0,0.0,0.0,0.0,0.0,0.0,0.0,7.0,0.0,0.0,0.0,3491.195258994527,17809.10587299849,961.6625363148726,4905.583518768943,0.0,0.0,2529.532722679655,12903.522354229552,1.0,0.0,1.0,0.0,0.0,0.0,0.0,0.0,0.0,14.0,4.0,0.0,0.0,13778.03815959883,17570.95508152087,4140.209976564216,5279.956600758362,667.3088667205589,851.0104259276444,8970.519316314052,11439.988054834863,0.189673268141514,0.0,0.0,0.0,0.189673268141514,0.189673268141514,0.0,0.810326731858486,True,1.0,0.0,0.0,0.0,1.0,0,0,0,0,0,0,0,0,0,0,REQUIRES_LIVE_CAPACITY_AND_MUNICIPAL_CHECK
SAT_F_024,Satpur,FREE,12,"Along the garden compound wall opposite Omkar Palace, Dhruv Nagar.",True,REFERENCE_LIKELY,VENDOR_REFERENCE_UNION,Opposite Omkar Palace,LIKELY,False,EPSG:32643,REFERENCE_READY,NOT_INDEPENDENTLY_VERIFIED,2822.893641513628,188.4198694180288,REPRESENTATIVE_POINT_FIXED_BUFFER,142.32918121715326,151.77726867536737,142.32918121715326,784.5078615084896,784.5078615084896,848.7289505865556,5.0,0.0,0.0,4.0,1.0,0.0,0.0,0.0,0.0,7.0,0.0,0.0,0.0,3994.6497599017994,20377.3021048751,1497.4800385511637,7638.868230171753,0.0,0.0,2497.169721350635,12738.433874703345,9.0,0.0,0.0,7.0,1.0,0.0,0.0,0.0,0.0,14.0,0.0,0.0,0.0,14349.556671431601,18299.805298318624,3373.387862883942,4302.038209263262,0.0,0.0,10976.168808547656,13997.767089055358,0.0,0.016428745982648367,0.0,0.0,0.016428745982648367,0.016428745982648367,0.0,0.9835712540173517,False,,,,,1.0,19,0,19,3,10,1,0,1,4,0,REQUIRES_LIVE_CAPACITY_AND_MUNICIPAL_CHECK
SAT_F_025,Satpur,FREE,12,"Mahatma Nagar, near Ganesh Temple, leaving the prescribed distance from the school.",True,REFERENCE_LIKELY,VENDOR_REFERENCE_UNION,"Ganesh Temple, Mahatmanagar",LIKELY,False,EPSG:32643,REFERENCE_READY,NOT_INDEPENDENTLY_VERIFIED,1360.3090973970193,147.65164675296077,REPRESENTATIVE_POINT_FIXED_BUFFER,75.84589078443568,442.63243281010443,75.84589078443568,1654.5002842011709,4136.305743484215,8789.261007792527,4.0,0.0,3.0,0.0,0.0,0.0,0.0,0.0,0.0,0.0,0.0,0.0,0.0,5499.13174957212,28051.888328326477,1741.123383450023,8881.729142455684,0.0,0.0,3758.0083661220965,19170.159185870794,11.0,0.0,5.0,1.0,0.0,0.0,0.0,0.0,1.0,1.0,0.0,0.0,0.0,17522.443060200567,22346.1465531502,3960.986555921123,5051.395274595799,628.1490362268206,801.0703971198362,13561.456504279446,17294.751278554402,0.0,0.05180476057536212,0.028564146595367657,0.03526300611752651,0.10316191560243017,0.10316191560243017,0.012469997685826115,0.8968380843975698,True,0.0,0.5021694321285147,0.27688654702234683,0.3418219399242701,1.0,21,21,0,9,6,0,1,3,2,0,REQUIRES_LIVE_CAPACITY_AND_MUNICIPAL_CHECK
