vendor_id,location_group_id,development_split
V2024_00001,L9a81bdf25d8e,train
V2024_00002,L129fcb6024d8,test
V2024_00003,L3bc23f7dfee0,train
V2024_00004,L129fcb6024d8,test
V2024_00005,L6df4b32279ed,train
V2024_00006,L7539fa2191bd,validation
V2024_00007,L6df4b32279ed,train
V2024_00008,L129fcb6024d8,test
V2024_00009,L129fcb6024d8,test
V2024_00010,Ldb10628d442f,train
V2024_00011,Ld3862b04cba9,train
V2024_00012,L129fcb6024d8,test
V2024_00013,L6df4b32279ed,train
V2024_00014,L6df4b32279ed,train
V2024_00015,Lda58f5c3b7fa,train
V2024_00016,Lda58f5c3b7fa,train
V2024_00017,L85db69f5a98c,train
V2024_00018,L6df4b32279ed,train
V2024_00019,L9a81bdf25d8e,train
V2024_00020,L129fcb6024d8,test
V2024_00021,Lda58f5c3b7fa,train
V2024_00022,L6df4b32279ed,train
V2024_00023,L4d59d1ac4be1,train
V2024_00024,L9a81bdf25d8e,train
V2024_00025,Leb9c8cd40624,train
V2024_00026,L6df4b32279ed,train
V2024_00027,Leb9c8cd40624,train
V2024_00028,Lda58f5c3b7fa,train
V2024_00029,L7539fa2191bd,validation
V2024_00030,L129fcb6024d8,test
V2024_00031,L6df4b32279ed,train
V2024_00032,L129fcb6024d8,test
V2024_00033,L49db8ea38bd2,train
V2024_00034,L129fcb6024d8,test
V2024_00035,L129fcb6024d8,test
V2024_00036,L4d59d1ac4be1,train
V2024_00037,Leb9c8cd40624,train
V2024_00038,L129fcb6024d8,test
V2024_00039,L6df4b32279ed,train
V2024_00040,L129fcb6024d8,test
V2024_00041,Leb9c8cd40624,train
V2024_00042,Ldb10628d442f,train
V2024_00043,L129fcb6024d8,test
V2024_00044,Ld3862b04cba9,train
V2024_00045,Ldb10628d442f,train
V2024_00046,L3bc23f7dfee0,train
V2024_00047,Leb9c8cd40624,train
V2024_00048,L129fcb6024d8,test
V2024_00049,L9a81bdf25d8e,train
V2024_00050,L9a81bdf25d8e,train
V2024_00051,L6df4b32279ed,train
V2024_00052,L49db8ea38bd2,train
V2024_00053,L129fcb6024d8,test
V2024_00054,L0892155ba3ef,train
V2024_00055,L9a81bdf25d8e,train
V2024_00056,Lda58f5c3b7fa,train
V2024_00057,Leb9c8cd40624,train
V2024_00058,L90a1b390d06c,train
V2024_00059,La56a31c2d225,train
V2024_00060,L3bc23f7dfee0,train
V2024_00061,L129fcb6024d8,test
V2024_00062,L9a81bdf25d8e,train
V2024_00063,L6df4b32279ed,train
V2024_00064,Lda58f5c3b7fa,train
V2024_00065,L129fcb6024d8,test
V2024_00066,Leb9c8cd40624,train
V2024_00067,Lda58f5c3b7fa,train
V2024_00068,L0b1e79b926d6,train
V2024_00069,L129fcb6024d8,test
V2024_00070,L6df4b32279ed,train
V2024_00071,Lda58f5c3b7fa,train
V2024_00072,L3bc23f7dfee0,train
V2024_00073,L6df4b32279ed,train
V2024_00074,L6df4b32279ed,train
V2024_00075,L6df4b32279ed,train
V2024_00076,L6df4b32279ed,train
V2024_00077,L9a81bdf25d8e,train
V2024_00078,L6df4b32279ed,train
V2024_00079,Leb9c8cd40624,train
V2024_00080,L129fcb6024d8,test
V2024_00081,L9a81bdf25d8e,train
V2024_00082,L6df4b32279ed,train
V2024_00083,L6df4b32279ed,train
V2024_00084,L6df4b32279ed,train
V2024_00085,Lbde9e5fad651,train
V2024_00086,L1dd6d082c7c6,train
V2024_00087,L129fcb6024d8,test
V2024_00088,L0b1e79b926d6,train
V2024_00089,L129fcb6024d8,test
V2024_00090,L129fcb6024d8,test
V2024_00091,L129fcb6024d8,test
V2024_00092,L129fcb6024d8,test
V2024_00093,L6df4b32279ed,train
V2024_00094,Lacfe7b95a3be,train
V2024_00095,L9a81bdf25d8e,train
V2024_00096,L0892155ba3ef,train
V2024_00097,L129fcb6024d8,test
V2024_00098,L8e986b5fdf82,validation
V2024_00099,L49db8ea38bd2,train
V2024_00100,L9a81bdf25d8e,train
V2024_00101,L4d59d1ac4be1,train
V2024_00102,L3bc23f7dfee0,train
V2024_00103,L9a81bdf25d8e,train
V2024_00104,L129fcb6024d8,test
V2024_00105,L9a81bdf25d8e,train
V2024_00106,Lda58f5c3b7fa,train
V2024_00107,L4d59d1ac4be1,train
V2024_00108,L6df4b32279ed,train
V2024_00109,L129fcb6024d8,test
V2024_00110,L9a81bdf25d8e,train
V2024_00111,L3bc23f7dfee0,train
V2024_00112,L6df4b32279ed,train
V2024_00113,L3bc23f7dfee0,train
V2024_00114,L129fcb6024d8,test
V2024_00115,L129fcb6024d8,test
V2024_00116,L4d59d1ac4be1,train
V2024_00117,L129fcb6024d8,test
V2024_00118,L6df4b32279ed,train
V2024_00119,L129fcb6024d8,test
V2024_00120,L3bc23f7dfee0,train
V2024_00121,L129fcb6024d8,test
V2024_00122,L49db8ea38bd2,train
V2024_00123,L6df4b32279ed,train
V2024_00124,L129fcb6024d8,test
V2024_00125,L6df4b32279ed,train
V2024_00126,L3bc23f7dfee0,train
V2024_00127,L49db8ea38bd2,train
V2024_00128,Lda58f5c3b7fa,train
V2024_00129,L4d59d1ac4be1,train
V2024_00130,L9a81bdf25d8e,train
V2024_00131,L129fcb6024d8,test
V2024_00132,Lce4f618650a6,train
V2024_00133,L08b04598c3d7,train
V2024_00134,L9a81bdf25d8e,train
V2024_00135,L6df4b32279ed,train
V2024_00136,Leb9c8cd40624,train
V2024_00137,L6df4b32279ed,train
V2024_00138,L9a81bdf25d8e,train
V2024_00139,L129fcb6024d8,test
V2024_00140,L129fcb6024d8,test
V2024_00141,L4d59d1ac4be1,train
V2024_00142,L9a81bdf25d8e,train
V2024_00143,L6df4b32279ed,train
V2024_00144,L129fcb6024d8,test
V2024_00145,L4d59d1ac4be1,train
V2024_00146,Lda58f5c3b7fa,train
V2024_00147,L49db8ea38bd2,train
V2024_00148,L6df4b32279ed,train
V2024_00149,L6df4b32279ed,train
V2024_00150,Lda58f5c3b7fa,train
V2024_00151,L129fcb6024d8,test
V2024_00152,L3bc23f7dfee0,train
V2024_00153,L129fcb6024d8,test
V2024_00154,L6df4b32279ed,train
V2024_00155,L6df4b32279ed,train
V2024_00156,L9a81bdf25d8e,train
V2024_00157,L129fcb6024d8,test
V2024_00158,L6df4b32279ed,train
V2024_00159,L129fcb6024d8,test
V2024_00160,L9a81bdf25d8e,train
V2024_00161,Lda58f5c3b7fa,train
V2024_00162,Lc4d3db9ee4e5,train
V2024_00163,Leb9c8cd40624,train
V2024_00164,L90a1b390d06c,train
V2024_00165,La56a31c2d225,train
V2024_00166,L9a81bdf25d8e,train
V2024_00167,Ldb10628d442f,train
V2024_00168,L129fcb6024d8,test
V2024_00169,L6df4b32279ed,train
V2024_00170,Leb9c8cd40624,train
V2024_00171,L6df4b32279ed,train
V2024_00172,L6df4b32279ed,train
V2024_00173,L4bcbd21e8c07,train
V2024_00174,Lfbaf6de2e881,train
V2024_00175,L9a81bdf25d8e,train
V2024_00176,L129fcb6024d8,test
V2024_00177,L9a81bdf25d8e,train
V2024_00178,L129fcb6024d8,test
V2024_00179,L9a81bdf25d8e,train
V2024_00180,L9a81bdf25d8e,train
V2024_00181,Lda58f5c3b7fa,train
V2024_00182,L4d59d1ac4be1,train
V2024_00183,L129fcb6024d8,test
V2024_00184,Ldb10628d442f,train
V2024_00185,L9a81bdf25d8e,train
V2024_00186,L129fcb6024d8,test
V2024_00187,L9a81bdf25d8e,train
V2024_00188,Leb9c8cd40624,train
V2024_00189,L9a81bdf25d8e,train
V2024_00190,L129fcb6024d8,test
V2024_00191,L3bc23f7dfee0,train
V2024_00192,L9a81bdf25d8e,train
V2024_00193,L129fcb6024d8,test
V2024_00194,L129fcb6024d8,test
V2024_00195,L3bc23f7dfee0,train
V2024_00196,Leb9c8cd40624,train
V2024_00197,L9a81bdf25d8e,train
V2024_00198,L129fcb6024d8,test
V2024_00199,L6df4b32279ed,train
V2024_00200,L9a81bdf25d8e,train
V2024_00201,L6df4b32279ed,train
V2024_00202,Lda58f5c3b7fa,train
V2024_00203,L129fcb6024d8,test
V2024_00204,L129fcb6024d8,test
V2024_00205,L129fcb6024d8,test
V2024_00206,L6df4b32279ed,train
V2024_00207,L9a81bdf25d8e,train
V2024_00208,L4d59d1ac4be1,train
V2024_00209,L129fcb6024d8,test
V2024_00210,L6df4b32279ed,train
V2024_00211,L6df4b32279ed,train
V2024_00212,L6df4b32279ed,train
V2024_00213,L6df4b32279ed,train
V2024_00214,L129fcb6024d8,test
V2024_00215,L6df4b32279ed,train
V2024_00216,L129fcb6024d8,test
V2024_00217,L9a81bdf25d8e,train
V2024_00218,Lda58f5c3b7fa,train
V2024_00219,L129fcb6024d8,test
V2024_00220,L129fcb6024d8,test
V2024_00221,L6df4b32279ed,train
V2024_00222,Lacfe7b95a3be,train
V2024_00223,L3bc23f7dfee0,train
V2024_00224,Lda58f5c3b7fa,train
V2024_00225,Ldb10628d442f,train
V2024_00226,L129fcb6024d8,test
V2024_00227,L6df4b32279ed,train
V2024_00228,L9a81bdf25d8e,train
V2024_00229,L3bc23f7dfee0,train
V2024_00230,Lda58f5c3b7fa,train
V2024_00231,L0b1e79b926d6,train
V2024_00232,L4d59d1ac4be1,train
V2024_00233,L9a81bdf25d8e,train
V2024_00234,L6df4b32279ed,train
V2024_00235,Lda58f5c3b7fa,train
V2024_00236,L49db8ea38bd2,train
V2024_00237,Ladf218f28f92,test
V2024_00238,L129fcb6024d8,test
V2024_00239,L129fcb6024d8,test
V2024_00240,L129fcb6024d8,test
V2024_00241,L129fcb6024d8,test
V2024_00242,L129fcb6024d8,test
V2024_00243,L0b1e79b926d6,train
V2024_00244,L129fcb6024d8,test
V2024_00245,L4d59d1ac4be1,train
V2024_00246,L49db8ea38bd2,train
V2024_00247,L49db8ea38bd2,train
V2024_00248,L49db8ea38bd2,train
V2024_00249,L129fcb6024d8,test
V2024_00250,L6df4b32279ed,train
V2024_00251,L129fcb6024d8,test
V2024_00252,L3bc23f7dfee0,train
V2024_00253,L6df4b32279ed,train
V2024_00254,L129fcb6024d8,test
V2024_00255,L3bc23f7dfee0,train
V2024_00256,L6df4b32279ed,train
V2024_00257,L6df4b32279ed,train
V2024_00258,Leb9c8cd40624,train
V2024_00259,L129fcb6024d8,test
V2024_00260,L4d59d1ac4be1,train
V2024_00261,L9a81bdf25d8e,train
V2024_00262,L129fcb6024d8,test
V2024_00263,L6df4b32279ed,train
V2024_00264,Lda58f5c3b7fa,train
V2024_00265,Lda58f5c3b7fa,train
V2024_00266,Lda58f5c3b7fa,train
V2024_00267,Leb9c8cd40624,train
V2024_00268,L9a81bdf25d8e,train
V2024_00269,L6df4b32279ed,train
V2024_00270,L129fcb6024d8,test
V2024_00271,L6df4b32279ed,train
V2024_00272,L84c2ebd5094c,test
V2024_00273,L4d59d1ac4be1,train
V2024_00274,L6df4b32279ed,train
V2024_00275,Leb9c8cd40624,train
V2024_00276,L6df4b32279ed,train
V2024_00277,L6df4b32279ed,train
V2024_00278,Ldb10628d442f,train
V2024_00279,L4d59d1ac4be1,train
V2024_00280,L45a6f01f9c8e,train
V2024_00281,L0868ea1a0367,train
V2024_00282,Leb9c8cd40624,train
V2024_00283,Leb9c8cd40624,train
V2024_00284,L8e986b5fdf82,validation
V2024_00285,L8e986b5fdf82,validation
V2024_00286,Leb9c8cd40624,train
V2024_00287,L6df4b32279ed,train
V2024_00288,L6df4b32279ed,train
V2024_00289,L6df4b32279ed,train
V2024_00290,L6df4b32279ed,train
V2024_00291,L3bc23f7dfee0,train
V2024_00292,Leb9c8cd40624,train
V2024_00293,L9a81bdf25d8e,train
V2024_00294,L9a81bdf25d8e,train
V2024_00295,Ldb10628d442f,train
V2024_00296,L129fcb6024d8,test
V2024_00297,L3bc23f7dfee0,train
V2024_00298,L6df4b32279ed,train
V2024_00299,L9a81bdf25d8e,train
V2024_00300,L129fcb6024d8,test
V2024_00301,Lc4595e9ebd0c,train
V2024_00302,L6df4b32279ed,train
V2024_00303,L129fcb6024d8,test
V2024_00304,L129fcb6024d8,test
V2024_00305,L129fcb6024d8,test
V2024_00306,L9a81bdf25d8e,train
V2024_00307,L9a81bdf25d8e,train
V2024_00308,Ldb10628d442f,train
V2024_00309,Ld13eb5ac635c,train
V2024_00310,L49cef0f6f73a,train
V2024_00311,L129fcb6024d8,test
V2024_00312,L6df4b32279ed,train
V2024_00313,L129fcb6024d8,test
V2024_00314,L6df4b32279ed,train
V2024_00315,L129fcb6024d8,test
V2024_00316,L4d59d1ac4be1,train
V2024_00317,L8e986b5fdf82,validation
V2024_00318,L9a81bdf25d8e,train
V2024_00319,L6df4b32279ed,train
V2024_00320,Lda58f5c3b7fa,train
V2024_00321,L9281f835429c,validation
V2024_00322,L129fcb6024d8,test
V2024_00323,L129fcb6024d8,test
V2024_00324,L9a81bdf25d8e,train
V2024_00325,L4d59d1ac4be1,train
V2024_00326,L129fcb6024d8,test
V2024_00327,L129fcb6024d8,test
V2024_00328,L6df4b32279ed,train
V2024_00329,L49db8ea38bd2,train
V2024_00330,L9a81bdf25d8e,train
V2024_00331,Lda58f5c3b7fa,train
V2024_00332,L129fcb6024d8,test
V2024_00333,L9a81bdf25d8e,train
V2024_00334,Ldb10628d442f,train
V2024_00335,Ldb10628d442f,train
V2024_00336,L3bc23f7dfee0,train
V2024_00337,L129fcb6024d8,test
V2024_00338,L129fcb6024d8,test
V2024_00339,L4d59d1ac4be1,train
V2024_00340,L129fcb6024d8,test
V2024_00341,Ldb10628d442f,train
V2024_00342,L129fcb6024d8,test
V2024_00343,Ldb10628d442f,train
V2024_00344,Lda58f5c3b7fa,train
V2024_00345,L9a81bdf25d8e,train
V2024_00346,L129fcb6024d8,test
V2024_00347,L9a81bdf25d8e,train
V2024_00348,Leb9c8cd40624,train
V2024_00349,L129fcb6024d8,test
V2024_00350,L49db8ea38bd2,train
V2024_00351,L6df4b32279ed,train
V2024_00352,L9a81bdf25d8e,train
V2024_00353,L129fcb6024d8,test
V2024_00354,L4d59d1ac4be1,train
V2024_00355,Leb9c8cd40624,train
V2024_00356,L6df4b32279ed,train
V2024_00357,L9a81bdf25d8e,train
V2024_00358,L129fcb6024d8,test
V2024_00359,L6df4b32279ed,train
V2024_00360,L9a81bdf25d8e,train
V2024_00361,L6df4b32279ed,train
V2024_00362,L6df4b32279ed,train
V2024_00363,Lda58f5c3b7fa,train
V2024_00364,L0892155ba3ef,train
V2024_00365,Ldb10628d442f,train
V2024_00366,Ld3862b04cba9,train
V2024_00367,L0b1e79b926d6,train
V2024_00368,L6df4b32279ed,train
V2024_00369,L6df4b32279ed,train
V2024_00370,L3bc23f7dfee0,train
V2024_00371,Lda58f5c3b7fa,train
V2024_00372,L129fcb6024d8,test
V2024_00373,Leb9c8cd40624,train
V2024_00374,L129fcb6024d8,test
V2024_00375,Leb9c8cd40624,train
V2024_00376,L129fcb6024d8,test
V2024_00377,L49db8ea38bd2,train
V2024_00378,L9a81bdf25d8e,train
V2024_00379,L9a81bdf25d8e,train
V2024_00380,L6df4b32279ed,train
V2024_00381,Leb9c8cd40624,train
V2024_00382,Ldb10628d442f,train
V2024_00383,L9a81bdf25d8e,train
V2024_00384,L129fcb6024d8,test
V2024_00385,L9a81bdf25d8e,train
V2024_00386,L9a81bdf25d8e,train
V2024_00387,L6df4b32279ed,train
V2024_00388,L4d59d1ac4be1,train
V2024_00389,L6df4b32279ed,train
V2024_00390,L6df4b32279ed,train
V2024_00391,L6df4b32279ed,train
V2024_00392,L129fcb6024d8,test
V2024_00393,L129fcb6024d8,test
V2024_00394,L6df4b32279ed,train
V2024_00395,L6df4b32279ed,train
V2024_00396,L4d59d1ac4be1,train
V2024_00397,L6df4b32279ed,train
V2024_00398,L129fcb6024d8,test
V2024_00399,L49db8ea38bd2,train
V2024_00400,L7539fa2191bd,validation
V2024_00401,L129fcb6024d8,test
V2024_00402,L3bc23f7dfee0,train
V2024_00403,L4d59d1ac4be1,train
V2024_00404,L9a81bdf25d8e,train
V2024_00405,L129fcb6024d8,test
V2024_00406,L4d59d1ac4be1,train
V2024_00407,Lda58f5c3b7fa,train
V2024_00408,L3bc23f7dfee0,train
V2024_00409,L129fcb6024d8,test
V2024_00410,L4d59d1ac4be1,train
V2024_00411,L129fcb6024d8,test
V2024_00412,L6df4b32279ed,train
V2024_00413,L6df4b32279ed,train
V2024_00414,L3bc23f7dfee0,train
V2024_00415,L6df4b32279ed,train
V2024_00416,L0b1e79b926d6,train
V2024_00417,L9a81bdf25d8e,train
V2024_00418,L6df4b32279ed,train
V2024_00419,L9dcc53556a64,train
V2024_00420,L49db8ea38bd2,train
V2024_00421,L129fcb6024d8,test
V2024_00422,L9a81bdf25d8e,train
V2024_00423,L9a81bdf25d8e,train
V2024_00424,L129fcb6024d8,test
V2024_00425,L8e986b5fdf82,validation
V2024_00426,Ld3862b04cba9,train
V2024_00427,Leb9c8cd40624,train
V2024_00428,L129fcb6024d8,test
V2024_00429,L6df4b32279ed,train
V2024_00430,Lda58f5c3b7fa,train
V2024_00431,L6df4b32279ed,train
V2024_00432,L0b1e79b926d6,train
V2024_00433,L0b1e79b926d6,train
V2024_00434,L4d59d1ac4be1,train
V2024_00435,L129fcb6024d8,test
V2024_00436,L129fcb6024d8,test
V2024_00437,L129fcb6024d8,test
V2024_00438,L129fcb6024d8,test
V2024_00439,L9a81bdf25d8e,train
V2024_00440,L6df4b32279ed,train
V2024_00441,L129fcb6024d8,test
V2024_00442,L9a81bdf25d8e,train
V2024_00443,L129fcb6024d8,test
V2024_00444,L129fcb6024d8,test
V2024_00445,L0b1e79b926d6,train
V2024_00446,Leb9c8cd40624,train
V2024_00447,L129fcb6024d8,test
V2024_00448,Lda58f5c3b7fa,train
V2024_00449,L3bc23f7dfee0,train
V2024_00450,L4d59d1ac4be1,train
V2024_00451,L129fcb6024d8,test
V2024_00452,L6df4b32279ed,train
V2024_00453,Ldb10628d442f,train
V2024_00454,Ladf218f28f92,test
V2024_00455,Lda58f5c3b7fa,train
V2024_00456,L6df4b32279ed,train
V2024_00457,L3bc23f7dfee0,train
V2024_00458,L4d59d1ac4be1,train
V2024_00459,L4d59d1ac4be1,train
V2024_00460,L129fcb6024d8,test
V2024_00461,L129fcb6024d8,test
V2024_00462,L6df4b32279ed,train
V2024_00463,L49db8ea38bd2,train
V2024_00464,Lda58f5c3b7fa,train
V2024_00465,Ldb10628d442f,train
V2024_00466,L6df4b32279ed,train
V2024_00467,L129fcb6024d8,test
V2024_00468,L129fcb6024d8,test
V2024_00469,L6df4b32279ed,train
V2024_00470,L3bc23f7dfee0,train
V2024_00471,L129fcb6024d8,test
V2024_00472,L9a81bdf25d8e,train
V2024_00473,L90a1b390d06c,train
V2024_00474,Lc094256c6d36,train
V2024_00475,L129fcb6024d8,test
V2024_00476,L129fcb6024d8,test
V2024_00477,L4d59d1ac4be1,train
V2024_00478,L6df4b32279ed,train
V2024_00479,L6df4b32279ed,train
V2024_00480,L129fcb6024d8,test
V2024_00481,L129fcb6024d8,test
V2024_00482,L9a81bdf25d8e,train
V2024_00483,L4d59d1ac4be1,train
V2024_00484,L0d8ccb3f6562,train
V2024_00485,L129fcb6024d8,test
V2024_00486,L8e986b5fdf82,validation
V2024_00487,L3bc23f7dfee0,train
V2024_00488,Leb9c8cd40624,train
V2024_00489,L6df4b32279ed,train
V2024_00490,L6df4b32279ed,train
V2024_00491,L129fcb6024d8,test
V2024_00492,L6df4b32279ed,train
V2024_00493,Leb9c8cd40624,train
V2024_00494,L4d59d1ac4be1,train
V2024_00495,L129fcb6024d8,test
V2024_00496,L129fcb6024d8,test
V2024_00497,L129fcb6024d8,test
V2024_00498,L129fcb6024d8,test
V2024_00499,L129fcb6024d8,test
V2024_00500,L6df4b32279ed,train
V2024_00501,Leb9c8cd40624,train
V2024_00502,L3bc23f7dfee0,train
V2024_00503,L6df4b32279ed,train
V2024_00504,L6df4b32279ed,train
V2024_00505,L9a81bdf25d8e,train
V2024_00506,L129fcb6024d8,test
V2024_00507,L6df4b32279ed,train
V2024_00508,Lbde9e5fad651,train
V2024_00509,L1dd6d082c7c6,train
V2024_00510,L4d59d1ac4be1,train
V2024_00511,L6df4b32279ed,train
V2024_00512,L644f9f0aff27,train
V2024_00513,L2843bb5ac712,test
V2024_00514,L644f9f0aff27,train
V2024_00515,L122dcc65e05d,train
V2024_00516,Le1f9c1e49df4,validation
V2024_00517,L7a332a3a6f1e,train
V2024_00518,Ldd7d935f9f2a,train
V2024_00519,L80f1e6fe509e,train
V2024_00520,Le1f9c1e49df4,validation
V2024_00521,L644f9f0aff27,train
V2024_00522,L80dfad028d83,train
V2024_00523,L00b1e84858b1,train
V2024_00524,Le1f9c1e49df4,validation
V2024_00525,L644f9f0aff27,train
V2024_00526,Ld17f82d4577d,test
V2024_00527,L149ed29fc9c6,train
V2024_00528,Le1f9c1e49df4,validation
V2024_00529,Lba57dc657f36,train
V2024_00530,L01cd77b40498,validation
V2024_00531,L5242051100d5,train
V2024_00532,Lf69c80f4e3a2,train
V2024_00533,L52efd226f027,train
V2024_00534,Le1f9c1e49df4,validation
V2024_00535,L80dfad028d83,train
V2024_00536,L1d9c32145d07,train
V2024_00537,Lc9cbcfbaef62,train
V2024_00538,Lf49136eeb2ba,validation
V2024_00539,Le4cc9cd60805,train
V2024_00540,L9e18241cfb42,train
V2024_00541,Ldd7d935f9f2a,train
V2024_00542,L9e6abaee386e,train
V2024_00543,Le4cc9cd60805,train
V2024_00544,L644f9f0aff27,train
V2024_00545,Lae5c8fcb2885,validation
V2024_00546,L8eca693f57a8,train
V2024_00547,L5cfbae8dc6b1,test
V2024_00548,L5cfbae8dc6b1,test
V2024_00549,L7fd42c21ad50,train
V2024_00550,L5242051100d5,train
V2024_00551,Lc08b1f9cfbd3,validation
V2024_00552,L52efd226f027,train
V2024_00553,Le1f9c1e49df4,validation
V2024_00554,L8eca693f57a8,train
V2024_00555,L8eca693f57a8,train
V2024_00556,L9e18241cfb42,train
V2024_00557,L149ed29fc9c6,train
V2024_00558,L52efd226f027,train
V2024_00559,Le1f9c1e49df4,validation
V2024_00560,L9e18241cfb42,train
V2024_00561,Ldd7d935f9f2a,train
V2024_00562,Lf69c80f4e3a2,train
V2024_00563,Ldd7d935f9f2a,train
V2024_00564,Le94d04b628de,train
V2024_00565,L122dcc65e05d,train
V2024_00566,L843927cbcce8,validation
V2024_00567,L5242051100d5,train
V2024_00568,L80dfad028d83,train
V2024_00569,Leeb84dcd0616,test
V2024_00570,L01cd77b40498,validation
V2024_00571,L99411a9a8fa0,train
V2024_00572,L308aae73194a,train
V2024_00573,L8eca693f57a8,train
V2024_00574,Ld2f9e6b9309d,test
V2024_00575,Lc9674796a882,train
V2024_00576,Lc9cbcfbaef62,train
V2024_00577,L122dcc65e05d,train
V2024_00578,L52efd226f027,train
V2024_00579,Le1f9c1e49df4,validation
V2024_00580,L52efd226f027,train
V2024_00581,Le1f9c1e49df4,validation
V2024_00582,L9e6abaee386e,train
V2024_00583,Leb2caa92f9cc,train
V2024_00584,L5242051100d5,train
V2024_00585,L505bcb124a00,train
V2024_00586,L5242051100d5,train
V2024_00587,L9b3acc05f9dd,train
V2024_00588,Le4cc9cd60805,train
V2024_00589,Le94d04b628de,train
V2024_00590,L8eca693f57a8,train
V2024_00591,Ld6e7d935b999,train
V2024_00592,Le94d04b628de,train
V2024_00593,L9e18241cfb42,train
V2024_00594,Ldd7d935f9f2a,train
V2024_00595,L5cfbae8dc6b1,test
V2024_00596,Lf49136eeb2ba,validation
V2024_00597,L5962a683054f,train
V2024_00598,Le1f9c1e49df4,validation
V2024_00599,L8eca693f57a8,train
V2024_00600,L0e5ea993b33e,test
V2024_00601,Ld4555357b27f,test
V2024_00602,Led9c543ecc3a,train
V2024_00603,Le1f9c1e49df4,validation
V2024_00604,L2c9a62b1d6e3,train
V2024_00605,Le1f9c1e49df4,validation
V2024_00606,L8eca693f57a8,train
V2024_00607,L9e18241cfb42,train
V2024_00608,L7a332a3a6f1e,train
V2024_00609,L30b78779e52d,test
V2024_00610,L58f17904c85b,train
V2024_00611,L7fd42c21ad50,train
V2024_00612,L149ed29fc9c6,train
V2024_00613,Le1f9c1e49df4,validation
V2024_00614,Ld17f82d4577d,test
V2024_00615,L01cd77b40498,validation
V2024_00616,L149ed29fc9c6,train
V2024_00617,Le1f9c1e49df4,validation
V2024_00618,L8eca693f57a8,train
V2024_00619,L7a332a3a6f1e,train
V2024_00620,L9e18241cfb42,train
V2024_00621,L644f9f0aff27,train
V2024_00622,L644f9f0aff27,train
V2024_00623,L644f9f0aff27,train
V2024_00624,L644f9f0aff27,train
V2024_00625,Le94d04b628de,train
V2024_00626,L8eca693f57a8,train
V2024_00627,Ldd7d935f9f2a,train
V2024_00628,Ldd7d935f9f2a,train
V2024_00629,L80dfad028d83,train
V2024_00630,L5cfbae8dc6b1,test
V2024_00631,L7a332a3a6f1e,train
V2024_00632,Lf69c80f4e3a2,train
V2024_00633,L2843bb5ac712,test
V2024_00634,L80dfad028d83,train
V2024_00635,L7fd42c21ad50,train
V2024_00636,L7341c2a79d21,train
V2024_00637,La65a16e25d7f,validation
V2024_00638,L791c1c3f5296,train
V2024_00639,L58f17904c85b,train
V2024_00640,L644f9f0aff27,train
V2024_00641,L31cbb7183b74,train
V2024_00642,L843927cbcce8,validation
V2024_00643,L5242051100d5,train
V2024_00644,L9e18241cfb42,train
V2024_00645,L04ee006f8850,validation
V2024_00646,L24dabab09129,train
V2024_00647,L80dfad028d83,train
V2024_00648,L122dcc65e05d,train
V2024_00649,Le1f9c1e49df4,validation
V2024_00650,Ld2f9e6b9309d,test
V2024_00651,Lc9cbcfbaef62,train
V2024_00652,L0e5ea993b33e,test
V2024_00653,L644f9f0aff27,train
V2024_00654,Ld4555357b27f,test
V2024_00655,L41235c1a5805,train
V2024_00656,Ld58f1241dde9,test
V2024_00657,L8eca693f57a8,train
V2024_00658,L4796b07f5952,train
V2024_00659,Lb003718ec349,validation
V2024_00660,L52efd226f027,train
V2024_00661,L843927cbcce8,validation
V2024_00662,L5242051100d5,train
V2024_00663,L644f9f0aff27,train
V2024_00664,Ldd7d935f9f2a,train
V2024_00665,Le2d2b64d48fb,train
V2024_00666,Le1f9c1e49df4,validation
V2024_00667,L3ff797c5d488,train
V2024_00668,L5242051100d5,train
V2024_00669,L8eca693f57a8,train
V2024_00670,L80dfad028d83,train
V2024_00671,L8eca693f57a8,train
V2024_00672,L80dfad028d83,train
V2024_00673,L4796b07f5952,train
V2024_00674,L58f17904c85b,train
V2024_00675,L0e5ea993b33e,test
V2024_00676,L18628a8883e5,train
V2024_00677,Le1f9c1e49df4,validation
V2024_00678,L644f9f0aff27,train
V2024_00679,L644f9f0aff27,train
V2024_00680,L3ff797c5d488,train
V2024_00681,L5242051100d5,train
V2024_00682,L80dfad028d83,train
V2024_00683,L2843bb5ac712,test
V2024_00684,L678812d839e6,train
V2024_00685,L149ed29fc9c6,train
V2024_00686,L843927cbcce8,validation
V2024_00687,L01cd77b40498,validation
V2024_00688,L149ed29fc9c6,train
V2024_00689,L52efd226f027,train
V2024_00690,L52efd226f027,train
V2024_00691,L843927cbcce8,validation
V2024_00692,L01cd77b40498,validation
V2024_00693,L01cd77b40498,validation
V2024_00694,L5242051100d5,train
V2024_00695,Lae6e6969e3e2,train
V2024_00696,L01cd77b40498,validation
V2024_00697,L5242051100d5,train
V2024_00698,L7a332a3a6f1e,train
V2024_00699,L8eca693f57a8,train
V2024_00700,L52efd226f027,train
V2024_00701,Le1f9c1e49df4,validation
V2024_00702,L644f9f0aff27,train
V2024_00703,L8eca693f57a8,train
V2024_00704,Ldd7d935f9f2a,train
V2024_00705,L80f1e6fe509e,train
V2024_00706,L843927cbcce8,validation
V2024_00707,L5242051100d5,train
V2024_00708,Le2d2b64d48fb,train
V2024_00709,Le1f9c1e49df4,validation
V2024_00710,Ldd7d935f9f2a,train
V2024_00711,Lecc394eb66f1,train
V2024_00712,L949e6ceacd15,train
V2024_00713,La885fec09954,train
V2024_00714,Lcfe6c9b05078,test
V2024_00715,L141925166405,train
V2024_00716,L149ed29fc9c6,train
V2024_00717,L843927cbcce8,validation
V2024_00718,L5242051100d5,train
V2024_00719,L8eca693f57a8,train
V2024_00720,L5cfbae8dc6b1,test
V2024_00721,L80dfad028d83,train
V2024_00722,L644f9f0aff27,train
V2024_00723,Ld17f82d4577d,test
V2024_00724,L01cd77b40498,validation
V2024_00725,L01cd77b40498,validation
V2024_00726,L5242051100d5,train
V2024_00727,L5cfbae8dc6b1,test
V2024_00728,L644f9f0aff27,train
V2024_00729,L0e5ea993b33e,test
V2024_00730,Ldd7d935f9f2a,train
V2024_00731,L80dfad028d83,train
V2024_00732,L505bcb124a00,train
V2024_00733,L5242051100d5,train
V2024_00734,L04ee006f8850,validation
V2024_00735,L9e18241cfb42,train
V2024_00736,L80dfad028d83,train
V2024_00737,L0e5ea993b33e,test
V2024_00738,Ldd7d935f9f2a,train
V2024_00739,L7ee555f43724,train
V2024_00740,Lc9cbcfbaef62,train
V2024_00741,Ldd7d935f9f2a,train
V2024_00742,Le77228061ae1,train
V2024_00743,Lb003718ec349,validation
V2024_00744,Le1f9c1e49df4,validation
V2024_00745,Lba57dc657f36,train
V2024_00746,L5242051100d5,train
V2024_00747,Ldd7d935f9f2a,train
V2024_00748,L5cfbae8dc6b1,test
V2024_00749,L644f9f0aff27,train
V2024_00750,L04ee006f8850,validation
V2024_00751,L2843bb5ac712,test
V2024_00752,L00b1e84858b1,train
V2024_00753,Le1f9c1e49df4,validation
V2024_00754,L1d9c32145d07,train
V2024_00755,La65a16e25d7f,validation
V2024_00756,L7341c2a79d21,train
V2024_00757,Lc9cbcfbaef62,train
V2024_00758,L8eca693f57a8,train
V2024_00759,Ldd7d935f9f2a,train
V2024_00760,Lf69c80f4e3a2,train
V2024_00761,L1e017c0941ab,validation
V2024_00762,L5242051100d5,train
V2024_00763,L9f47c325f48d,train
V2024_00764,L7a332a3a6f1e,train
V2024_00765,L5cfbae8dc6b1,test
V2024_00766,L949e6ceacd15,train
V2024_00767,Lae6e6969e3e2,train
V2024_00768,L5242051100d5,train
V2024_00769,L04ee006f8850,validation
V2024_00770,L644f9f0aff27,train
V2024_00771,L644f9f0aff27,train
V2024_00772,Lf98d195eaad8,validation
V2024_00773,L516695bfa111,train
V2024_00774,L5242051100d5,train
V2024_00775,L2843bb5ac712,test
V2024_00776,L00b1e84858b1,train
V2024_00777,L52efd226f027,train
V2024_00778,L52efd226f027,train
V2024_00779,Le1f9c1e49df4,validation
V2024_00780,Ldd7d935f9f2a,train
V2024_00781,Ldd7d935f9f2a,train
V2024_00782,L644f9f0aff27,train
V2024_00783,L4c71da67f7fc,test
V2024_00784,Le1f9c1e49df4,validation
V2024_00785,Lc35eaba038a5,train
V2024_00786,L01cd77b40498,validation
V2024_00787,L5242051100d5,train
V2024_00788,L04ee006f8850,validation
V2024_00789,L24dabab09129,train
V2024_00790,L2843bb5ac712,test
V2024_00791,L644f9f0aff27,train
V2024_00792,L8eca693f57a8,train
V2024_00793,Ldd7d935f9f2a,train
V2024_00794,L2c9a62b1d6e3,train
V2024_00795,Ld3689800a5a6,validation
V2024_00796,L0ba3eb084149,train
V2024_00797,L8eca693f57a8,train
V2024_00798,Lf51ee4e69be6,validation
V2024_00799,L5962a683054f,train
V2024_00800,Le1f9c1e49df4,validation
V2024_00801,L7fd42c21ad50,train
V2024_00802,L01cd77b40498,validation
V2024_00803,L149ed29fc9c6,train
V2024_00804,Le1f9c1e49df4,validation
V2024_00805,L644f9f0aff27,train
V2024_00806,L644f9f0aff27,train
V2024_00807,Ldd7d935f9f2a,train
V2024_00808,L949e6ceacd15,train
V2024_00809,Lc05ba3845b4e,train
V2024_00810,L141925166405,train
V2024_00811,L99411a9a8fa0,train
V2024_00812,L30a0026cb84e,train
V2024_00813,L149ed29fc9c6,train
V2024_00814,L52efd226f027,train
V2024_00815,Le1f9c1e49df4,validation
V2024_00816,L644f9f0aff27,train
V2024_00817,L644f9f0aff27,train
V2024_00818,L0e5ea993b33e,test
V2024_00819,L80dfad028d83,train
V2024_00820,L84ca1193143a,train
V2024_00821,Le1f9c1e49df4,validation
V2024_00822,L2c9a62b1d6e3,train
V2024_00823,Le1f9c1e49df4,validation
V2024_00824,L7a332a3a6f1e,train
V2024_00825,L0e5ea993b33e,test
V2024_00826,Ld35c9dca8823,train
V2024_00827,L52efd226f027,train
V2024_00828,Le1f9c1e49df4,validation
V2024_00829,L04ee006f8850,validation
V2024_00830,L24dabab09129,train
V2024_00831,L8eca693f57a8,train
V2024_00832,L8eca693f57a8,train
V2024_00833,Ldd7d935f9f2a,train
V2024_00834,Ldd7d935f9f2a,train
V2024_00835,Lbc0594b69dc7,train
V2024_00836,L141925166405,train
V2024_00837,L3bb00c523869,validation
V2024_00838,L5242051100d5,train
V2024_00839,L2843bb5ac712,test
V2024_00840,L2843bb5ac712,test
V2024_00841,L00b1e84858b1,train
V2024_00842,L52efd226f027,train
V2024_00843,Le1f9c1e49df4,validation
V2024_00844,L5cfbae8dc6b1,test
V2024_00845,L80dfad028d83,train
V2024_00846,L5cfbae8dc6b1,test
V2024_00847,L80dfad028d83,train
V2024_00848,Ldd7d935f9f2a,train
V2024_00849,L5242051100d5,train
V2024_00850,L80ae8f1a7027,train
V2024_00851,Lb038dc018165,train
V2024_00852,L52efd226f027,train
V2024_00853,Le1f9c1e49df4,validation
V2024_00854,L644f9f0aff27,train
V2024_00855,L80dfad028d83,train
V2024_00856,L9e18241cfb42,train
V2024_00857,Ldd7d935f9f2a,train
V2024_00858,Le94d04b628de,train
V2024_00859,L2c9a62b1d6e3,train
V2024_00860,Le1f9c1e49df4,validation
V2024_00861,L84ca1193143a,train
V2024_00862,L52efd226f027,train
V2024_00863,L843927cbcce8,validation
V2024_00864,L5242051100d5,train
V2024_00865,L8eca693f57a8,train
V2024_00866,Ld17f82d4577d,test
V2024_00867,L5242051100d5,train
V2024_00868,Lf98d195eaad8,validation
V2024_00869,Lc35eaba038a5,train
V2024_00870,L5242051100d5,train
V2024_00871,L125bca5c6a08,validation
V2024_00872,L5242051100d5,train
V2024_00873,L8eca693f57a8,train
V2024_00874,Ldb4f7b170bd1,train
V2024_00875,L2843bb5ac712,test
V2024_00876,L80dfad028d83,train
V2024_00877,L644f9f0aff27,train
V2024_00878,L644f9f0aff27,train
V2024_00879,Lba57dc657f36,train
V2024_00880,L5242051100d5,train
V2024_00881,L2843bb5ac712,test
V2024_00882,Ld58f1241dde9,test
V2024_00883,L7a332a3a6f1e,train
V2024_00884,L8eca693f57a8,train
V2024_00885,Lad1eec66bf1d,test
V2024_00886,Lc9cbcfbaef62,train
V2024_00887,L644f9f0aff27,train
V2024_00888,L9f47c325f48d,train
V2024_00889,L80dfad028d83,train
V2024_00890,L9f47c325f48d,train
V2024_00891,Lf98d195eaad8,validation
V2024_00892,Lba57dc657f36,train
V2024_00893,L149ed29fc9c6,train
V2024_00894,L52efd226f027,train
V2024_00895,L843927cbcce8,validation
V2024_00896,L01cd77b40498,validation
V2024_00897,L5242051100d5,train
V2024_00898,L3516d63466a8,train
V2024_00899,L7341c2a79d21,train
V2024_00900,Lc9cbcfbaef62,train
V2024_00901,L0e5ea993b33e,test
V2024_00902,L80dfad028d83,train
V2024_00903,L7a332a3a6f1e,train
V2024_00904,Lf69c80f4e3a2,train
V2024_00905,Ld35c9dca8823,train
V2024_00906,L843927cbcce8,validation
V2024_00907,L5242051100d5,train
V2024_00908,L80dfad028d83,train
V2024_00909,L7a332a3a6f1e,train
V2024_00910,L9e18241cfb42,train
V2024_00911,Ld58f1241dde9,test
V2024_00912,Ld58f1241dde9,test
V2024_00913,Ldd7d935f9f2a,train
V2024_00914,L24dabab09129,train
V2024_00915,Lf49136eeb2ba,validation
V2024_00916,Le4cc9cd60805,train
V2024_00917,L644f9f0aff27,train
V2024_00918,L9f47c325f48d,train
V2024_00919,Ld17f82d4577d,test
V2024_00920,L149ed29fc9c6,train
V2024_00921,L843927cbcce8,validation
V2024_00922,L5242051100d5,train
V2024_00923,Ldd7d935f9f2a,train
V2024_00924,Lf98d195eaad8,validation
V2024_00925,Ldd7d935f9f2a,train
V2024_00926,L80dfad028d83,train
V2024_00927,Ldd7d935f9f2a,train
V2024_00928,L644f9f0aff27,train
V2024_00929,L644f9f0aff27,train
V2024_00930,Le94d04b628de,train
V2024_00931,Ld58f1241dde9,test
V2024_00932,Lae6e6969e3e2,train
V2024_00933,L5242051100d5,train
V2024_00934,L644f9f0aff27,train
V2024_00935,Lc35eaba038a5,train
V2024_00936,L01cd77b40498,validation
V2024_00937,Lc219abeaa2bc,validation
V2024_00938,Le4cc9cd60805,train
V2024_00939,L7a332a3a6f1e,train
V2024_00940,L2288ff14a589,train
V2024_00941,L5242051100d5,train
V2024_00942,L2843bb5ac712,test
V2024_00943,L8eca693f57a8,train
V2024_00944,Lba57dc657f36,train
V2024_00945,L5242051100d5,train
V2024_00946,L8eca693f57a8,train
V2024_00947,L8eca693f57a8,train
V2024_00948,L921b9123186c,train
V2024_00949,L24dabab09129,train
V2024_00950,L0e5ea993b33e,test
V2024_00951,L80dfad028d83,train
V2024_00952,Lf98d195eaad8,validation
V2024_00953,L5cfbae8dc6b1,test
V2024_00954,L80ae8f1a7027,train
V2024_00955,L644f9f0aff27,train
V2024_00956,Ldd7d935f9f2a,train
V2024_00957,L80dfad028d83,train
V2024_00958,L04ee006f8850,validation
V2024_00959,L644f9f0aff27,train
V2024_00960,L80f1e6fe509e,train
V2024_00961,L52efd226f027,train
V2024_00962,L843927cbcce8,validation
V2024_00963,L5242051100d5,train
V2024_00964,Lb29ec7005ff8,train
V2024_00965,L80dfad028d83,train
V2024_00966,L644f9f0aff27,train
V2024_00967,L644f9f0aff27,train
V2024_00968,L2843bb5ac712,test
V2024_00969,L84ca1193143a,train
V2024_00970,Le1f9c1e49df4,validation
V2024_00971,L80dfad028d83,train
V2024_00972,L0e5ea993b33e,test
V2024_00973,L80dfad028d83,train
V2024_00974,Ld58f1241dde9,test
V2024_00975,L5cfbae8dc6b1,test
V2024_00976,L5cfbae8dc6b1,test
V2024_00977,L01cd77b40498,validation
V2024_00978,L5242051100d5,train
V2024_00979,Ld17f82d4577d,test
V2024_00980,L791c1c3f5296,train
V2024_00981,L58f17904c85b,train
V2024_00982,L92f184539f0e,train
V2024_00983,L7f46d134a97e,train
V2024_00984,L5242051100d5,train
V2024_00985,L644f9f0aff27,train
V2024_00986,Ldd7d935f9f2a,train
V2024_00987,L7a332a3a6f1e,train
V2024_00988,L2843bb5ac712,test
V2024_00989,L122dcc65e05d,train
V2024_00990,Lbeb3008d0cba,test
V2024_00991,L5242051100d5,train
V2024_00992,L8eca693f57a8,train
V2024_00993,Lffae16e2e410,train
V2024_00994,L80dfad028d83,train
V2024_00995,L80dfad028d83,train
V2024_00996,L2843bb5ac712,test
V2024_00997,L644f9f0aff27,train
V2024_00998,Lb038dc018165,train
V2024_00999,L52efd226f027,train
V2024_01000,Le1f9c1e49df4,validation
V2024_01001,Le1f9c1e49df4,validation
V2024_01002,L2024d5ea37da,validation
V2024_01003,La65a16e25d7f,validation
V2024_01004,L5242051100d5,train
V2024_01005,Lf98d195eaad8,validation
V2024_01006,Ldd7d935f9f2a,train
V2024_01007,L644f9f0aff27,train
V2024_01008,L80f1e6fe509e,train
V2024_01009,L52efd226f027,train
V2024_01010,Le1f9c1e49df4,validation
V2024_01011,L949e6ceacd15,train
V2024_01012,Ldd7d935f9f2a,train
V2024_01013,Ld6e7d935b999,train
V2024_01014,L122dcc65e05d,train
V2024_01015,Le1f9c1e49df4,validation
V2024_01016,L949e6ceacd15,train
V2024_01017,Ldd7d935f9f2a,train
V2024_01018,L80ae8f1a7027,train
V2024_01019,Ldd7d935f9f2a,train
V2024_01020,Lc08b1f9cfbd3,validation
V2024_01021,Le1f9c1e49df4,validation
V2024_01022,L644f9f0aff27,train
V2024_01023,Le2d2b64d48fb,train
V2024_01024,Le1f9c1e49df4,validation
V2024_01025,Lba57dc657f36,train
V2024_01026,L5242051100d5,train
V2024_01027,L7f151547eb17,validation
V2024_01028,L79acf1db8e72,test
V2024_01029,L3b503659ecb4,train
V2024_01030,L5cfbae8dc6b1,test
V2024_01031,Ldd7d935f9f2a,train
V2024_01032,Lde5fc2a1e19a,train
V2024_01033,L5242051100d5,train
V2024_01034,L04ee006f8850,validation
V2024_01035,L644f9f0aff27,train
V2024_01036,L8eca693f57a8,train
V2024_01037,L80dfad028d83,train
V2024_01038,L88dc7eef0fe8,train
V2024_01039,L149ed29fc9c6,train
V2024_01040,Le1f9c1e49df4,validation
V2024_01041,L1e017c0941ab,validation
V2024_01042,L5242051100d5,train
V2024_01043,L0e5ea993b33e,test
V2024_01044,L644f9f0aff27,train
V2024_01045,L5cfbae8dc6b1,test
V2024_01046,L949e6ceacd15,train
V2024_01047,L2843bb5ac712,test
V2024_01048,Lb038dc018165,train
V2024_01049,Le1f9c1e49df4,validation
V2024_01050,L8eca693f57a8,train
V2024_01051,L2843bb5ac712,test
V2024_01052,L24dabab09129,train
V2024_01053,L80dfad028d83,train
V2024_01054,Lcb7148deecff,train
V2024_01055,Lc9cbcfbaef62,train
V2024_01056,Lc952a92fc4af,train
V2024_01057,Le4cc9cd60805,train
V2024_01058,L429466f4b4c3,train
V2024_01059,Lcfe6c9b05078,test
V2024_01060,L141925166405,train
V2024_01061,L01cd77b40498,validation
V2024_01062,La7b59ab7e2f8,train
V2024_01063,L5242051100d5,train
V2024_01064,L2843bb5ac712,test
V2024_01065,L0e5ea993b33e,test
V2024_01066,Lba57dc657f36,train
V2024_01067,L5242051100d5,train
V2024_01068,L2843bb5ac712,test
V2024_01069,Lc08b1f9cfbd3,validation
V2024_01070,Le1f9c1e49df4,validation
V2024_01071,L80dfad028d83,train
V2024_01072,L80dfad028d83,train
V2024_01073,L85efc71b8c57,train
V2024_01074,L5cfbae8dc6b1,test
V2024_01075,L141925166405,train
V2024_01076,L01cd77b40498,validation
V2024_01077,L01cd77b40498,validation
V2024_01078,L5242051100d5,train
V2024_01079,L2843bb5ac712,test
V2024_01080,Lf98e1568b08b,validation
V2024_01081,Lc9cbcfbaef62,train
V2024_01082,L80dfad028d83,train
V2024_01083,L9e18241cfb42,train
V2024_01084,L80dfad028d83,train
V2024_01085,Lf98d195eaad8,validation
V2024_01086,L8598db3093ff,train
V2024_01087,L85dff3f4dadd,test
V2024_01088,L80dfad028d83,train
V2024_01089,L9f47c325f48d,train
V2024_01090,L80dfad028d83,train
V2024_01091,Lba57dc657f36,train
V2024_01092,L01cd77b40498,validation
V2024_01093,L5242051100d5,train
V2024_01094,L644f9f0aff27,train
V2024_01095,L80dfad028d83,train
V2024_01096,Ldd7d935f9f2a,train
V2024_01097,L125bca5c6a08,validation
V2024_01098,L5242051100d5,train
V2024_01099,L644f9f0aff27,train
V2024_01100,Lba57dc657f36,train
V2024_01101,L5242051100d5,train
V2024_01102,L644f9f0aff27,train
V2024_01103,L9e18241cfb42,train
V2024_01104,L644f9f0aff27,train
V2024_01105,L31cbb7183b74,train
V2024_01106,L843927cbcce8,validation
V2024_01107,L01cd77b40498,validation
V2024_01108,L5242051100d5,train
V2024_01109,Ld58f1241dde9,test
V2024_01110,L04ee006f8850,validation
V2024_01111,Ldd7d935f9f2a,train
V2024_01112,L8eca693f57a8,train
V2024_01113,L3ff797c5d488,train
V2024_01114,L5242051100d5,train
V2024_01115,L8eca693f57a8,train
V2024_01116,L2843bb5ac712,test
V2024_01117,L80dfad028d83,train
V2024_01118,Ld17f82d4577d,test
V2024_01119,L5242051100d5,train
V2024_01120,L2843bb5ac712,test
V2024_01121,L5cfbae8dc6b1,test
V2024_01122,L8eca693f57a8,train
V2024_01123,L5cfbae8dc6b1,test
V2024_01124,L04ee006f8850,validation
V2024_01125,Le1f9c1e49df4,validation
V2024_01126,L3ff797c5d488,train
V2024_01127,L5242051100d5,train
V2024_01128,L3ff797c5d488,train
V2024_01129,L5242051100d5,train
V2024_01130,L644f9f0aff27,train
V2024_01131,L8eca693f57a8,train
V2024_01132,L125bca5c6a08,validation
V2024_01133,L5242051100d5,train
V2024_01134,L7a332a3a6f1e,train
V2024_01135,L80dfad028d83,train
V2024_01136,Lf88683b89bb2,train
V2024_01137,Le4cc9cd60805,train
V2024_01138,Ld58f1241dde9,test
V2024_01139,L2843bb5ac712,test
V2024_01140,Lf98d195eaad8,validation
V2024_01141,Ldd7d935f9f2a,train
V2024_01142,L04ee006f8850,validation
V2024_01143,L18628a8883e5,train
V2024_01144,Le1f9c1e49df4,validation
V2024_01145,L9f47c325f48d,train
V2024_01146,L80dfad028d83,train
V2024_01147,L949e6ceacd15,train
V2024_01148,L00b1e84858b1,train
V2024_01149,Le1f9c1e49df4,validation
V2024_01150,Ld58f1241dde9,test
V2024_01151,L7fd42c21ad50,train
V2024_01152,L01cd77b40498,validation
V2024_01153,L7341c2a79d21,train
V2024_01154,Lc9cbcfbaef62,train
V2024_01155,L80dfad028d83,train
V2024_01156,L8eca693f57a8,train
V2024_01157,L7a332a3a6f1e,train
V2024_01158,L2843bb5ac712,test
V2024_01159,L644f9f0aff27,train
V2024_01160,Ldd7d935f9f2a,train
V2024_01161,Ld58f1241dde9,test
V2024_01162,L9e18241cfb42,train
V2024_01163,L9e18241cfb42,train
V2024_01164,Lb29ec7005ff8,train
V2024_01165,L8eca693f57a8,train
V2024_01166,Ldd7d935f9f2a,train
V2024_01167,L5cfbae8dc6b1,test
V2024_01168,L5cfbae8dc6b1,test
V2024_01169,Lde5fc2a1e19a,train
V2024_01170,L7341c2a79d21,train
V2024_01171,Lc9cbcfbaef62,train
V2024_01172,Lc08b1f9cfbd3,validation
V2024_01173,L52efd226f027,train
V2024_01174,Le1f9c1e49df4,validation
V2024_01175,L644f9f0aff27,train
V2024_01176,L644f9f0aff27,train
V2024_01177,L644f9f0aff27,train
V2024_01178,L4c71da67f7fc,test
V2024_01179,Le1f9c1e49df4,validation
V2024_01180,L678812d839e6,train
V2024_01181,L149ed29fc9c6,train
V2024_01182,L2aa07a335478,train
V2024_01183,Lc9cbcfbaef62,train
V2024_01184,L0e5ea993b33e,test
V2024_01185,L1e017c0941ab,validation
V2024_01186,L5242051100d5,train
V2024_01187,L8eca693f57a8,train
V2024_01188,L8a071bb2b073,test
V2024_01189,L5242051100d5,train
V2024_01190,Lf69c80f4e3a2,train
V2024_01191,L125bca5c6a08,validation
V2024_01192,L5242051100d5,train
V2024_01193,L80dfad028d83,train
V2024_01194,L7fd42c21ad50,train
V2024_01195,L149ed29fc9c6,train
V2024_01196,Le1f9c1e49df4,validation
V2024_01197,L644f9f0aff27,train
V2024_01198,Le94d04b628de,train
V2024_01199,Lc9cbcfbaef62,train
V2024_01200,L729cd94acdc0,train
V2024_01201,Le4cc9cd60805,train
V2024_01202,L24dabab09129,train
V2024_01203,Lc952a92fc4af,train
V2024_01204,Le4cc9cd60805,train
V2024_01205,L0e5ea993b33e,test
V2024_01206,Le94d04b628de,train
V2024_01207,Ldd7d935f9f2a,train
V2024_01208,L80dfad028d83,train
V2024_01209,L644f9f0aff27,train
V2024_01210,L644f9f0aff27,train
V2024_01211,L1e017c0941ab,validation
V2024_01212,L5242051100d5,train
V2024_01213,Lc254ad64834d,train
V2024_01214,L2c9a62b1d6e3,train
V2024_01215,Le1f9c1e49df4,validation
V2024_01216,Lc35eaba038a5,train
V2024_01217,Lb523cad978dd,train
V2024_01218,Lacb0271dab5f,train
V2024_01219,Lc9cbcfbaef62,train
V2024_01220,L8eca693f57a8,train
V2024_01221,L80dfad028d83,train
V2024_01222,L80dfad028d83,train
V2024_01223,L80dfad028d83,train
V2024_01224,L7a332a3a6f1e,train
V2024_01225,L141925166405,train
V2024_01226,L5242051100d5,train
V2024_01227,L2843bb5ac712,test
V2024_01228,L2843bb5ac712,test
V2024_01229,L921b9123186c,train
V2024_01230,L24dabab09129,train
V2024_01231,L0e5ea993b33e,test
V2024_01232,Lc08b1f9cfbd3,validation
V2024_01233,Le1f9c1e49df4,validation
V2024_01234,Ld17f82d4577d,test
V2024_01235,L5242051100d5,train
V2024_01236,L80f1e6fe509e,train
V2024_01237,Le1f9c1e49df4,validation
V2024_01238,L5cfbae8dc6b1,test
V2024_01239,L9e18241cfb42,train
V2024_01240,L80dfad028d83,train
V2024_01241,L80dfad028d83,train
V2024_01242,L80f1e6fe509e,train
V2024_01243,Le1f9c1e49df4,validation
V2024_01244,L0e5ea993b33e,test
V2024_01245,Lc08b1f9cfbd3,validation
V2024_01246,Le1f9c1e49df4,validation
V2024_01247,Ld2f9e6b9309d,test
V2024_01248,Lc9cbcfbaef62,train
V2024_01249,L80dfad028d83,train
V2024_01250,L5242051100d5,train
V2024_01251,L8eca693f57a8,train
V2024_01252,L8eca693f57a8,train
V2024_01253,L04ee006f8850,validation
V2024_01254,L644f9f0aff27,train
V2024_01255,L644f9f0aff27,train
V2024_01256,L80dfad028d83,train
V2024_01257,L9e18241cfb42,train
V2024_01258,Le9d0a9acc265,validation
V2024_01259,L58f17904c85b,train
V2024_01260,Lba57dc657f36,train
V2024_01261,L01cd77b40498,validation
V2024_01262,L7341c2a79d21,train
V2024_01263,Lc9cbcfbaef62,train
V2024_01264,L9e18241cfb42,train
V2024_01265,Ldd7d935f9f2a,train
V2024_01266,Labbf7acd49a1,train
V2024_01267,L843927cbcce8,validation
V2024_01268,L5242051100d5,train
V2024_01269,L69ea077166d8,train
V2024_01270,Lb003718ec349,validation
V2024_01271,Le1f9c1e49df4,validation
V2024_01272,Lde5fc2a1e19a,train
V2024_01273,L5242051100d5,train
V2024_01274,Le94d04b628de,train
V2024_01275,Lc35eaba038a5,train
V2024_01276,L01cd77b40498,validation
V2024_01277,L5242051100d5,train
V2024_01278,Lba57dc657f36,train
V2024_01279,L5242051100d5,train
V2024_01280,Le94d04b628de,train
V2024_01281,L516695bfa111,train
V2024_01282,L01cd77b40498,validation
V2024_01283,L01cd77b40498,validation
V2024_01284,L5242051100d5,train
V2024_01285,L0e5ea993b33e,test
V2024_01286,L0a339f692cb9,train
V2024_01287,Le1f9c1e49df4,validation
V2024_01288,Ld2f9e6b9309d,test
V2024_01289,Lc9cbcfbaef62,train
V2024_01290,L8eca693f57a8,train
V2024_01291,L2843bb5ac712,test
V2024_01292,L0e5ea993b33e,test
V2024_01293,L8eca693f57a8,train
V2024_01294,Lf98d195eaad8,validation
V2024_01295,L7a332a3a6f1e,train
V2024_01296,L80f1e6fe509e,train
V2024_01297,Le1f9c1e49df4,validation
V2024_01298,L5cfbae8dc6b1,test
V2024_01299,L80dfad028d83,train
V2024_01300,L8eca693f57a8,train
V2024_01301,Ldd7d935f9f2a,train
V2024_01302,Ld58f1241dde9,test
V2024_01303,L7a332a3a6f1e,train
V2024_01304,Le94d04b628de,train
V2024_01305,L5cfbae8dc6b1,test
V2024_01306,Lad1eec66bf1d,test
V2024_01307,L1c908e4b7b7d,train
V2024_01308,L52efd226f027,train
V2024_01309,Le1f9c1e49df4,validation
V2024_01310,L04ee006f8850,validation
V2024_01311,L644f9f0aff27,train
V2024_01312,Lf98d195eaad8,validation
V2024_01313,L3ff797c5d488,train
V2024_01314,L5242051100d5,train
V2024_01315,Lf98d195eaad8,validation
V2024_01316,L3ff797c5d488,train
V2024_01317,L5242051100d5,train
V2024_01318,L9e18241cfb42,train
V2024_01319,L80dfad028d83,train
V2024_01320,L80dfad028d83,train
V2024_01321,L921b9123186c,train
V2024_01322,L80dfad028d83,train
V2024_01323,Lc8c8a8f96c49,validation
V2024_01324,Lf98d195eaad8,validation
V2024_01325,L80dfad028d83,train
V2024_01326,L5cfbae8dc6b1,test
V2024_01327,Ldd7d935f9f2a,train
V2024_01328,Le3d06a3529ab,train
V2024_01329,L1681e92e6bbb,train
V2024_01330,Ldd7d935f9f2a,train
V2024_01331,Laaa4f1a0000e,train
V2024_01332,L58f17904c85b,train
V2024_01333,L2843bb5ac712,test
V2024_01334,L2843bb5ac712,test
V2024_01335,L80dfad028d83,train
V2024_01336,Ld35c9dca8823,train
V2024_01337,L52efd226f027,train
V2024_01338,Le1f9c1e49df4,validation
V2024_01339,Lad76067aa1d4,train
V2024_01340,Ldd7d935f9f2a,train
V2024_01341,Lc8c8a8f96c49,validation
V2024_01342,Ld4555357b27f,test
V2024_01343,L1681e92e6bbb,train
V2024_01344,Lad1eec66bf1d,test
V2024_01345,Lc9cbcfbaef62,train
V2024_01346,L644f9f0aff27,train
V2024_01347,L644f9f0aff27,train
V2024_01348,L8eca693f57a8,train
V2024_01349,Le2d2b64d48fb,train
V2024_01350,Le1f9c1e49df4,validation
V2024_01351,L8eca693f57a8,train
V2024_01352,Ldd7d935f9f2a,train
V2024_01353,L8eca693f57a8,train
V2024_01354,L644f9f0aff27,train
V2024_01355,L644f9f0aff27,train
V2024_01356,L8eca693f57a8,train
V2024_01357,L125bca5c6a08,validation
V2024_01358,L7341c2a79d21,train
V2024_01359,Lc9cbcfbaef62,train
V2024_01360,L9e18241cfb42,train
V2024_01361,L8eca693f57a8,train
V2024_01362,Ldd7d935f9f2a,train
V2024_01363,Lc35eaba038a5,train
V2024_01364,L5242051100d5,train
V2024_01365,Lae6e6969e3e2,train
V2024_01366,L5242051100d5,train
V2024_01367,Lf906c1a288b1,validation
V2024_01368,Leb2caa92f9cc,train
V2024_01369,L99411a9a8fa0,train
V2024_01370,L4d3ac2bd4c87,train
V2024_01371,Lf69c80f4e3a2,train
V2024_01372,Le94d04b628de,train
V2024_01373,L0e5ea993b33e,test
V2024_01374,L644f9f0aff27,train
V2024_01375,L8eca693f57a8,train
V2024_01376,L80dfad028d83,train
V2024_01377,Ldd7d935f9f2a,train
V2024_01378,L7a332a3a6f1e,train
V2024_01379,L80dfad028d83,train
V2024_01380,L9e18241cfb42,train
V2024_01381,L644f9f0aff27,train
V2024_01382,Ldd7d935f9f2a,train
V2024_01383,Lc35eaba038a5,train
V2024_01384,L01cd77b40498,validation
V2024_01385,L01cd77b40498,validation
V2024_01386,L99411a9a8fa0,train
V2024_01387,Lb0937f6aebac,train
V2024_01388,Le1f9c1e49df4,validation
V2024_01389,L644f9f0aff27,train
V2024_01390,Lf98d195eaad8,validation
V2024_01391,L84ca1193143a,train
V2024_01392,Le1f9c1e49df4,validation
V2024_01393,L80dfad028d83,train
V2024_01394,L4d28afcf86ae,validation
V2024_01395,L04ee006f8850,validation
V2024_01396,Ldd7d935f9f2a,train
V2024_01397,L949e6ceacd15,train
V2024_01398,L644f9f0aff27,train
V2024_01399,L2843bb5ac712,test
V2024_01400,Lc08b1f9cfbd3,validation
V2024_01401,L843927cbcce8,validation
V2024_01402,L01cd77b40498,validation
V2024_01403,L5242051100d5,train
V2024_01404,L44613053c943,train
V2024_01405,Le1f9c1e49df4,validation
V2024_01406,L9e18241cfb42,train
V2024_01407,Lc9cbcfbaef62,train
V2024_01408,L949e6ceacd15,train
V2024_01409,Lba57dc657f36,train
V2024_01410,L5242051100d5,train
V2024_01411,L8eca693f57a8,train
V2024_01412,L2c9a62b1d6e3,train
V2024_01413,Le1f9c1e49df4,validation
V2024_01414,L8eca693f57a8,train
V2024_01415,L644f9f0aff27,train
V2024_01416,Le94d04b628de,train
V2024_01417,Ldd7d935f9f2a,train
V2024_01418,Lde5fc2a1e19a,train
V2024_01419,Le391f6855903,train
V2024_01420,Lc9674796a882,train
V2024_01421,L1c908e4b7b7d,train
V2024_01422,Le1f9c1e49df4,validation
V2024_01423,L80dfad028d83,train
V2024_01424,Ld17f82d4577d,test
V2024_01425,L5242051100d5,train
V2024_01426,L8eca693f57a8,train
V2024_01427,Le94d04b628de,train
V2024_01428,L3516d63466a8,train
V2024_01429,L99411a9a8fa0,train
V2024_01430,Lfd6fdee48ee1,train
V2024_01431,Lf69c80f4e3a2,train
V2024_01432,L5242051100d5,train
V2024_01433,L644f9f0aff27,train
V2024_01434,L80dfad028d83,train
V2024_01435,L2024d5ea37da,validation
V2024_01436,Lc9cbcfbaef62,train
V2024_01437,L7a332a3a6f1e,train
V2024_01438,L18628a8883e5,train
V2024_01439,L52efd226f027,train
V2024_01440,L52efd226f027,train
V2024_01441,L52efd226f027,train
V2024_01442,Le1f9c1e49df4,validation
V2024_01443,L8df7e14b988c,train
V2024_01444,Lc9cbcfbaef62,train
V2024_01445,L7a332a3a6f1e,train
V2024_01446,L0e5ea993b33e,test
V2024_01447,L8eca693f57a8,train
V2024_01448,L8eca693f57a8,train
V2024_01449,L644f9f0aff27,train
V2024_01450,L7a332a3a6f1e,train
V2024_01451,L2843bb5ac712,test
V2024_01452,L0e5ea993b33e,test
V2024_01453,L8eca693f57a8,train
V2024_01454,L2843bb5ac712,test
V2024_01455,Le1f9c1e49df4,validation
V2024_01456,Ldd7d935f9f2a,train
V2024_01457,L0e5ea993b33e,test
V2024_01458,L7a332a3a6f1e,train
V2024_01459,Ldd7d935f9f2a,train
V2024_01460,L80dfad028d83,train
V2024_01461,L678812d839e6,train
V2024_01462,L5242051100d5,train
V2024_01463,L8eca693f57a8,train
V2024_01464,L2843bb5ac712,test
V2024_01465,L80dfad028d83,train
V2024_01466,L0e5ea993b33e,test
V2024_01467,L4796b07f5952,train
V2024_01468,L58f17904c85b,train
V2024_01469,L0e5ea993b33e,test
V2024_01470,Ld48a25a37c97,validation
V2024_01471,Le1f9c1e49df4,validation
V2024_01472,Ldd7d935f9f2a,train
V2024_01473,Lbc0594b69dc7,train
V2024_01474,L58f17904c85b,train
V2024_01475,Lc08b1f9cfbd3,validation
V2024_01476,Le1f9c1e49df4,validation
V2024_01477,L7a332a3a6f1e,train
V2024_01478,L84ca1193143a,train
V2024_01479,Le1f9c1e49df4,validation
V2024_01480,L2843bb5ac712,test
V2024_01481,L24dabab09129,train
V2024_01482,Le1f9c1e49df4,validation
V2024_01483,L24dabab09129,train
V2024_01484,Le94d04b628de,train
V2024_01485,L80dfad028d83,train
V2024_01486,L80f1e6fe509e,train
V2024_01487,Le1f9c1e49df4,validation
V2024_01488,L80dfad028d83,train
V2024_01489,Laad6ac187271,test
V2024_01490,L7341c2a79d21,train
V2024_01491,Lc9cbcfbaef62,train
V2024_01492,L7a332a3a6f1e,train
V2024_01493,L644f9f0aff27,train
V2024_01494,L2c9a62b1d6e3,train
V2024_01495,Lbeb3008d0cba,test
V2024_01496,L7341c2a79d21,train
V2024_01497,Lc9cbcfbaef62,train
V2024_01498,L644f9f0aff27,train
V2024_01499,L5a5948814697,train
V2024_01500,L52efd226f027,train
V2024_01501,L52efd226f027,train
V2024_01502,Le1f9c1e49df4,validation
V2024_01503,Ld17f82d4577d,test
V2024_01504,L5242051100d5,train
V2024_01505,L5242051100d5,train
V2024_01506,Lf98e1568b08b,validation
V2024_01507,Lc9674796a882,train
V2024_01508,Lc9cbcfbaef62,train
V2024_01509,Lc08b1f9cfbd3,validation
V2024_01510,Ld3689800a5a6,validation
V2024_01511,L0ba3eb084149,train
V2024_01512,L8eca693f57a8,train
V2024_01513,L3ff797c5d488,train
V2024_01514,L5242051100d5,train
V2024_01515,L644f9f0aff27,train
V2024_01516,Ld17f82d4577d,test
V2024_01517,L01cd77b40498,validation
V2024_01518,L5242051100d5,train
V2024_01519,L04ee006f8850,validation
V2024_01520,L8eca693f57a8,train
V2024_01521,L2843bb5ac712,test
V2024_01522,L8eca693f57a8,train
V2024_01523,Le2d2b64d48fb,train
V2024_01524,L52efd226f027,train
V2024_01525,L52efd226f027,train
V2024_01526,Le1f9c1e49df4,validation
V2024_01527,L644f9f0aff27,train
V2024_01528,L5242051100d5,train
V2024_01529,Lf98d195eaad8,validation
V2024_01530,L644f9f0aff27,train
V2024_01531,Lf98d195eaad8,validation
V2024_01532,Ldd7d935f9f2a,train
V2024_01533,L80dfad028d83,train
V2024_01534,L80dfad028d83,train
V2024_01535,L80dfad028d83,train
V2024_01536,L80dfad028d83,train
V2024_01537,Ld58f1241dde9,test
V2024_01538,Lf69c80f4e3a2,train
V2024_01539,L2843bb5ac712,test
V2024_01540,L2843bb5ac712,test
V2024_01541,L9f47c325f48d,train
V2024_01542,L9dd2fe0f33b2,test
V2024_01543,L5a5948814697,train
V2024_01544,Ld3689800a5a6,validation
V2024_01545,L0ba3eb084149,train
V2024_01546,L2843bb5ac712,test
V2024_01547,L644f9f0aff27,train
V2024_01548,Ldd7d935f9f2a,train
V2024_01549,Ldd7d935f9f2a,train
V2024_01550,L0e5ea993b33e,test
V2024_01551,L5cfbae8dc6b1,test
V2024_01552,Ldd7d935f9f2a,train
V2024_01553,L24dabab09129,train
V2024_01554,L644f9f0aff27,train
V2024_01555,L644f9f0aff27,train
V2024_01556,L644f9f0aff27,train
V2024_01557,L644f9f0aff27,train
V2024_01558,L8eca693f57a8,train
V2024_01559,L2843bb5ac712,test
V2024_01560,L92f184539f0e,train
V2024_01561,Led9c543ecc3a,train
V2024_01562,Le1f9c1e49df4,validation
V2024_01563,L7ee555f43724,train
V2024_01564,La65a16e25d7f,validation
V2024_01565,L5242051100d5,train
V2024_01566,Ld17f82d4577d,test
V2024_01567,L5242051100d5,train
V2024_01568,Ld58f1241dde9,test
V2024_01569,L505bcb124a00,train
V2024_01570,L8aee0655b20c,train
V2024_01571,L8eca693f57a8,train
V2024_01572,L644f9f0aff27,train
V2024_01573,L644f9f0aff27,train
V2024_01574,L122dcc65e05d,train
V2024_01575,L843927cbcce8,validation
V2024_01576,L149ed29fc9c6,train
V2024_01577,Le1f9c1e49df4,validation
V2024_01578,L8eca693f57a8,train
V2024_01579,Ldd7d935f9f2a,train
V2024_01580,L5cfbae8dc6b1,test
V2024_01581,Lf69c80f4e3a2,train
V2024_01582,L9e18241cfb42,train
V2024_01583,L0e5ea993b33e,test
V2024_01584,Lc08b1f9cfbd3,validation
V2024_01585,Le1f9c1e49df4,validation
V2024_01586,L7fd42c21ad50,train
V2024_01587,L5242051100d5,train
V2024_01588,L5cfbae8dc6b1,test
V2024_01589,L644f9f0aff27,train
V2024_01590,L3ff797c5d488,train
V2024_01591,L5242051100d5,train
V2024_01592,Ldd7d935f9f2a,train
V2024_01593,L122dcc65e05d,train
V2024_01594,Le1f9c1e49df4,validation
V2024_01595,L9f47c325f48d,train
V2024_01596,L8eca693f57a8,train
V2024_01597,L8eca693f57a8,train
V2024_01598,Ld58f1241dde9,test
V2024_01599,L644f9f0aff27,train
V2024_01600,Lba57dc657f36,train
V2024_01601,L149ed29fc9c6,train
V2024_01602,Le1f9c1e49df4,validation
V2024_01603,L80dfad028d83,train
V2024_01604,Lc35eaba038a5,train
V2024_01605,L791c1c3f5296,train
V2024_01606,L58f17904c85b,train
V2024_01607,L0e5ea993b33e,test
V2024_01608,L2843bb5ac712,test
V2024_01609,L8eca693f57a8,train
V2024_01610,L7a332a3a6f1e,train
V2024_01611,Lc8c8a8f96c49,validation
V2024_01612,Lde5fc2a1e19a,train
V2024_01613,L01cd77b40498,validation
V2024_01614,L5242051100d5,train
V2024_01615,Ldd7d935f9f2a,train
V2024_01616,Lb038dc018165,train
V2024_01617,Le1f9c1e49df4,validation
V2024_01618,L644f9f0aff27,train
V2024_01619,L9e18241cfb42,train
V2024_01620,Le90727dd392b,train
V2024_01621,L125bca5c6a08,validation
V2024_01622,L149ed29fc9c6,train
V2024_01623,Le1f9c1e49df4,validation
V2024_01624,L644f9f0aff27,train
V2024_01625,L8eca693f57a8,train
V2024_01626,L80dfad028d83,train
V2024_01627,L80dfad028d83,train
V2024_01628,L7fd42c21ad50,train
V2024_01629,L5242051100d5,train
V2024_01630,L2843bb5ac712,test
V2024_01631,L52efd226f027,train
V2024_01632,Le1f9c1e49df4,validation
V2024_01633,L8eca693f57a8,train
V2024_01634,Lf98d195eaad8,validation
V2024_01635,L122dcc65e05d,train
V2024_01636,Le1f9c1e49df4,validation
V2024_01637,L24dabab09129,train
V2024_01638,L644f9f0aff27,train
V2024_01639,L644f9f0aff27,train
V2024_01640,L644f9f0aff27,train
V2024_01641,L644f9f0aff27,train
V2024_01642,Ldb4f7b170bd1,train
V2024_01643,Lffb3d2c279b1,validation
V2024_01644,L141925166405,train
V2024_01645,L01cd77b40498,validation
V2024_01646,L01cd77b40498,validation
V2024_01647,L01cd77b40498,validation
V2024_01648,L5242051100d5,train
V2024_01649,L2843bb5ac712,test
V2024_01650,L2843bb5ac712,test
V2024_01651,L2843bb5ac712,test
V2024_01652,Lc08b1f9cfbd3,validation
V2024_01653,Le1f9c1e49df4,validation
V2024_01654,Le1f9c1e49df4,validation
V2024_01655,L80dfad028d83,train
V2024_01656,Ld17f82d4577d,test
V2024_01657,L01cd77b40498,validation
V2024_01658,L01cd77b40498,validation
V2024_01659,L5242051100d5,train
V2024_01660,Ld35c9dca8823,train
V2024_01661,L2aa07a335478,train
V2024_01662,Lc9cbcfbaef62,train
V2024_01663,Lc8c8a8f96c49,validation
V2024_01664,L829cf6c54080,train
V2024_01665,L141925166405,train
V2024_01666,L01cd77b40498,validation
V2024_01667,L149ed29fc9c6,train
V2024_01668,Le1f9c1e49df4,validation
V2024_01669,L5a5948814697,train
V2024_01670,L843927cbcce8,validation
V2024_01671,L5242051100d5,train
V2024_01672,Ldd7d935f9f2a,train
V2024_01673,L2843bb5ac712,test
V2024_01674,L2c9a62b1d6e3,train
V2024_01675,Le1f9c1e49df4,validation
V2024_01676,L0e5ea993b33e,test
V2024_01677,Lf69c80f4e3a2,train
V2024_01678,Ldd7d935f9f2a,train
V2024_01679,L24dabab09129,train
V2024_01680,Ld17f82d4577d,test
V2024_01681,L5242051100d5,train
V2024_01682,Lf98e1568b08b,validation
V2024_01683,Ldfd7098c79ec,train
V2024_01684,Le4cc9cd60805,train
V2024_01685,Ld17f82d4577d,test
V2024_01686,L5242051100d5,train
V2024_01687,L5cfbae8dc6b1,test
V2024_01688,L4e156114a6ca,train
V2024_01689,L7341c2a79d21,train
V2024_01690,La65a16e25d7f,validation
V2024_01691,L5242051100d5,train
V2024_01692,Lf98d195eaad8,validation
V2024_01693,Ldd7d935f9f2a,train
V2024_01694,Lf69c80f4e3a2,train
V2024_01695,Ld35c9dca8823,train
V2024_01696,L52efd226f027,train
V2024_01697,L52efd226f027,train
V2024_01698,Le1f9c1e49df4,validation
V2024_01699,L80dfad028d83,train
V2024_01700,L843927cbcce8,validation
V2024_01701,L149ed29fc9c6,train
V2024_01702,Le1f9c1e49df4,validation
V2024_01703,L3ff797c5d488,train
V2024_01704,L5242051100d5,train
V2024_01705,Ld17f82d4577d,test
V2024_01706,L149ed29fc9c6,train
V2024_01707,L52efd226f027,train
V2024_01708,Le1f9c1e49df4,validation
V2024_01709,L644f9f0aff27,train
V2024_01710,Lba22d25036bb,train
V2024_01711,L3516d63466a8,train
V2024_01712,L5242051100d5,train
V2024_01713,Lba57dc657f36,train
V2024_01714,L5242051100d5,train
V2024_01715,L1c7094bd96dd,train
V2024_01716,Le4cc9cd60805,train
V2024_01717,L644f9f0aff27,train
V2024_01718,L0e5ea993b33e,test
V2024_01719,L2843bb5ac712,test
V2024_01720,Ld71e62f82e97,train
V2024_01721,L5242051100d5,train
V2024_01722,L80dfad028d83,train
V2024_01723,Le1f9c1e49df4,validation
V2024_01724,L644f9f0aff27,train
V2024_01725,L8eca693f57a8,train
V2024_01726,L8eca693f57a8,train
V2024_01727,Ldd7d935f9f2a,train
V2024_01728,L9f47c325f48d,train
V2024_01729,L644f9f0aff27,train
V2024_01730,L7a332a3a6f1e,train
V2024_01731,L9e18241cfb42,train
V2024_01732,Ldd7d935f9f2a,train
V2024_01733,Ld58f1241dde9,test
V2024_01734,Lc8c8a8f96c49,validation
V2024_01735,L8eca693f57a8,train
V2024_01736,Lba57dc657f36,train
V2024_01737,Lc1cef1ae9858,train
V2024_01738,Ldd7d935f9f2a,train
V2024_01739,L04ee006f8850,validation
V2024_01740,L8eca693f57a8,train
V2024_01741,L80dfad028d83,train
V2024_01742,L644f9f0aff27,train
V2024_01743,L644f9f0aff27,train
V2024_01744,L5cfbae8dc6b1,test
V2024_01745,L0e5ea993b33e,test
V2024_01746,L80dfad028d83,train
V2024_01747,L644f9f0aff27,train
V2024_01748,Le94d04b628de,train
V2024_01749,Ldd7d935f9f2a,train
V2024_01750,L9e18241cfb42,train
V2024_01751,L149ed29fc9c6,train
V2024_01752,L52efd226f027,train
V2024_01753,Le1f9c1e49df4,validation
V2024_01754,L8eca693f57a8,train
V2024_01755,L644f9f0aff27,train
V2024_01756,L8eca693f57a8,train
V2024_01757,L1e017c0941ab,validation
V2024_01758,L5242051100d5,train
V2024_01759,Ld58f1241dde9,test
V2024_01760,L9e18241cfb42,train
V2024_01761,Ldd7d935f9f2a,train
V2024_01762,L4c71da67f7fc,test
V2024_01763,L52efd226f027,train
V2024_01764,Le1f9c1e49df4,validation
V2024_01765,Le94d04b628de,train
V2024_01766,Ld58f1241dde9,test
V2024_01767,L0e5ea993b33e,test
V2024_01768,Ldd7d935f9f2a,train
V2024_01769,Ldd7d935f9f2a,train
V2024_01770,L0e5ea993b33e,test
V2024_01771,L9f47c325f48d,train
V2024_01772,L125bca5c6a08,validation
V2024_01773,L5242051100d5,train
V2024_01774,L8eca693f57a8,train
V2024_01775,L1e017c0941ab,validation
V2024_01776,L149ed29fc9c6,train
V2024_01777,L843927cbcce8,validation
V2024_01778,L01cd77b40498,validation
V2024_01779,L5242051100d5,train
V2024_01780,Ld17f82d4577d,test
V2024_01781,L01cd77b40498,validation
V2024_01782,L5242051100d5,train
V2024_01783,Ldd7d935f9f2a,train
V2024_01784,Lbc0594b69dc7,train
V2024_01785,L141925166405,train
V2024_01786,L7341c2a79d21,train
V2024_01787,Lc9cbcfbaef62,train
V2024_01788,L0e5ea993b33e,test
V2024_01789,L9e18241cfb42,train
V2024_01790,Lf98e1568b08b,validation
V2024_01791,Lc9cbcfbaef62,train
V2024_01792,L24dabab09129,train
V2024_01793,Lf98d195eaad8,validation
V2024_01794,Ldd7d935f9f2a,train
V2024_01795,Ldd7d935f9f2a,train
V2024_01796,L80dfad028d83,train
V2024_01797,L80dfad028d83,train
V2024_01798,Lbc0594b69dc7,train
V2024_01799,L58f17904c85b,train
V2024_01800,L01cd77b40498,validation
V2024_01801,L5242051100d5,train
V2024_01802,L2843bb5ac712,test
V2024_01803,L2843bb5ac712,test
V2024_01804,Ld35c9dca8823,train
V2024_01805,L52efd226f027,train
V2024_01806,L52efd226f027,train
V2024_01807,Le1f9c1e49df4,validation
V2024_01808,L8eca693f57a8,train
V2024_01809,L8eca693f57a8,train
V2024_01810,Lc8c8a8f96c49,validation
V2024_01811,L640fb7938e41,train
V2024_01812,L0e5ea993b33e,test
V2024_01813,Lf98e1568b08b,validation
V2024_01814,L1c908e4b7b7d,train
V2024_01815,Le1f9c1e49df4,validation
V2024_01816,L80dfad028d83,train
V2024_01817,L7a332a3a6f1e,train
V2024_01818,Lc98cf80b3001,train
V2024_01819,L01cd77b40498,validation
V2024_01820,L5242051100d5,train
V2024_01821,L8c2d51d7f959,train
V2024_01822,L8eca693f57a8,train
V2024_01823,Lc8c8a8f96c49,validation
V2024_01824,L2843bb5ac712,test
V2024_01825,L895af92145cc,train
V2024_01826,L52efd226f027,train
V2024_01827,Le1f9c1e49df4,validation
V2024_01828,L23bc38853e03,train
V2024_01829,L41c0d5d64040,validation
V2024_01830,Lc9cbcfbaef62,train
V2024_01831,Ld17f82d4577d,test
V2024_01832,L5242051100d5,train
V2024_01833,Ldd7d935f9f2a,train
V2024_01834,Lad76067aa1d4,train
V2024_01835,L2843bb5ac712,test
V2024_01836,L644f9f0aff27,train
V2024_01837,Le94d04b628de,train
V2024_01838,L9e18241cfb42,train
V2024_01839,L644f9f0aff27,train
V2024_01840,L80dfad028d83,train
V2024_01841,L7a332a3a6f1e,train
V2024_01842,L3ff797c5d488,train
V2024_01843,L5242051100d5,train
V2024_01844,L8eca693f57a8,train
V2024_01845,L9e18241cfb42,train
V2024_01846,Lf98d195eaad8,validation
V2024_01847,L8eca693f57a8,train
V2024_01848,L80dfad028d83,train
V2024_01849,L5cfbae8dc6b1,test
V2024_01850,L516695bfa111,train
V2024_01851,L5242051100d5,train
V2024_01852,L0e5ea993b33e,test
V2024_01853,L80dfad028d83,train
V2024_01854,L644f9f0aff27,train
V2024_01855,L122dcc65e05d,train
V2024_01856,L843927cbcce8,validation
V2024_01857,L5242051100d5,train
V2024_01858,L644f9f0aff27,train
V2024_01859,Ldd7d935f9f2a,train
V2024_01860,Ld58f1241dde9,test
V2024_01861,Ldd7d935f9f2a,train
V2024_01862,L80dfad028d83,train
V2024_01863,Lbc0594b69dc7,train
V2024_01864,L141925166405,train
V2024_01865,Lb523cad978dd,train
V2024_01866,Le4cc9cd60805,train
V2024_01867,L5cfbae8dc6b1,test
V2024_01868,Ldd7d935f9f2a,train
V2024_01869,Lf69c80f4e3a2,train
V2024_01870,L4353e2dec3ce,train
V2024_01871,Lc9cbcfbaef62,train
V2024_01872,L5a5948814697,train
V2024_01873,Le1f9c1e49df4,validation
V2024_01874,L2541d37b2bcf,validation
V2024_01875,Lb003718ec349,validation
V2024_01876,L843927cbcce8,validation
V2024_01877,L5242051100d5,train
V2024_01878,Lf98d195eaad8,validation
V2024_01879,L8eca693f57a8,train
V2024_01880,Lc08b1f9cfbd3,validation
V2024_01881,L52efd226f027,train
V2024_01882,Le1f9c1e49df4,validation
V2024_01883,Le94d04b628de,train
V2024_01884,L49ebd8bb2e0d,train
V2024_01885,Le1f9c1e49df4,validation
V2024_01886,Lad1eec66bf1d,test
V2024_01887,Lc9cbcfbaef62,train
V2024_01888,Lf98d195eaad8,validation
V2024_01889,L8eca693f57a8,train
V2024_01890,L80dfad028d83,train
V2024_01891,L5cfbae8dc6b1,test
V2024_01892,La885fec09954,train
V2024_01893,L58f17904c85b,train
V2024_01894,L2843bb5ac712,test
V2024_01895,L9f47c325f48d,train
V2024_01896,L7a332a3a6f1e,train
V2024_01897,L52efd226f027,train
V2024_01898,Le1f9c1e49df4,validation
V2024_01899,L80dfad028d83,train
V2024_01900,L0e5ea993b33e,test
V2024_01901,Lb038dc018165,train
V2024_01902,L52efd226f027,train
V2024_01903,Le1f9c1e49df4,validation
V2024_01904,L644f9f0aff27,train
V2024_01905,Lc35eaba038a5,train
V2024_01906,L5242051100d5,train
V2024_01907,L9e18241cfb42,train
V2024_01908,L7a332a3a6f1e,train
V2024_01909,L34d0f83f1601,train
V2024_01910,Lf98d195eaad8,validation
V2024_01911,Lc08b1f9cfbd3,validation
V2024_01912,Le1f9c1e49df4,validation
V2024_01913,L9e18241cfb42,train
V2024_01914,L644f9f0aff27,train
V2024_01915,L04ee006f8850,validation
V2024_01916,L80f1e6fe509e,train
V2024_01917,L843927cbcce8,validation
V2024_01918,L5242051100d5,train
V2024_01919,L8eca693f57a8,train
V2024_01920,L644f9f0aff27,train
V2024_01921,L9e18241cfb42,train
V2024_01922,L8eca693f57a8,train
V2024_01923,L8eca693f57a8,train
V2024_01924,L6ab33bdbb6db,train
V2024_01925,Lde8772d12772,train
V2024_01926,Ldd7d935f9f2a,train
V2024_01927,Lf98e1568b08b,validation
V2024_01928,La65a16e25d7f,validation
V2024_01929,L01cd77b40498,validation
V2024_01930,L5242051100d5,train
V2024_01931,L7a332a3a6f1e,train
V2024_01932,L644f9f0aff27,train
V2024_01933,L04ee006f8850,validation
V2024_01934,Lf98d195eaad8,validation
V2024_01935,L80dfad028d83,train
V2024_01936,L0e5ea993b33e,test
V2024_01937,Lb038dc018165,train
V2024_01938,Le1f9c1e49df4,validation
V2024_01939,L9e18241cfb42,train
V2024_01940,L8eca693f57a8,train
V2024_01941,L31cbb7183b74,train
V2024_01942,Le1f9c1e49df4,validation
V2024_01943,Le94d04b628de,train
V2024_01944,L3516d63466a8,train
V2024_01945,L5242051100d5,train
V2024_01946,Ldd7d935f9f2a,train
V2024_01947,Lc08b1f9cfbd3,validation
V2024_01948,Le1f9c1e49df4,validation
V2024_01949,L644f9f0aff27,train
V2024_01950,L80dfad028d83,train
V2024_01951,L80dfad028d83,train
V2024_01952,L644f9f0aff27,train
V2024_01953,La3a7b0374269,train
V2024_01954,Le4cc9cd60805,train
V2024_01955,L644f9f0aff27,train
V2024_01956,Lb038dc018165,train
V2024_01957,Le1f9c1e49df4,validation
V2024_01958,L644f9f0aff27,train
V2024_01959,L7a332a3a6f1e,train
V2024_01960,L0e5ea993b33e,test
V2024_01961,L2843bb5ac712,test
V2024_01962,Lad76067aa1d4,train
V2024_01963,L644f9f0aff27,train
V2024_01964,L644f9f0aff27,train
V2024_01965,Le94d04b628de,train
V2024_01966,L8eca693f57a8,train
V2024_01967,Ldd7d935f9f2a,train
V2024_01968,L80dfad028d83,train
V2024_01969,L1e017c0941ab,validation
V2024_01970,L5242051100d5,train
V2024_01971,L9e18241cfb42,train
V2024_01972,Ldd7d935f9f2a,train
V2024_01973,L7a332a3a6f1e,train
V2024_01974,L8eca693f57a8,train
V2024_01975,L644f9f0aff27,train
V2024_01976,L01cd77b40498,validation
V2024_01977,L5242051100d5,train
V2024_01978,L9e18241cfb42,train
V2024_01979,L644f9f0aff27,train
V2024_01980,L644f9f0aff27,train
V2024_01981,L644f9f0aff27,train
V2024_01982,L644f9f0aff27,train
V2024_01983,L8eca693f57a8,train
V2024_01984,Ldd7d935f9f2a,train
V2024_01985,Ldd7d935f9f2a,train
V2024_01986,Lc35eaba038a5,train
V2024_01987,L01cd77b40498,validation
V2024_01988,L5242051100d5,train
V2024_01989,Lc08b1f9cfbd3,validation
V2024_01990,L146b22c60250,train
V2024_01991,L843927cbcce8,validation
V2024_01992,L5242051100d5,train
V2024_01993,Ld4555357b27f,test
V2024_01994,Lfc5e84d7dccd,train
V2024_01995,Lc9cbcfbaef62,train
V2024_01996,L24dabab09129,train
V2024_01997,L644f9f0aff27,train
V2024_01998,L644f9f0aff27,train
V2024_01999,L644f9f0aff27,train
V2024_02000,L644f9f0aff27,train
V2024_02001,Le94d04b628de,train
V2024_02002,L8eca693f57a8,train
V2024_02003,L8eca693f57a8,train
V2024_02004,L8eca693f57a8,train
V2024_02005,L8eca693f57a8,train
V2024_02006,L7a332a3a6f1e,train
V2024_02007,L7fd42c21ad50,train
V2024_02008,L01cd77b40498,validation
V2024_02009,L5242051100d5,train
V2024_02010,L2843bb5ac712,test
V2024_02011,L2843bb5ac712,test
V2024_02012,Lf98e1568b08b,validation
V2024_02013,L1c908e4b7b7d,train
V2024_02014,L52efd226f027,train
V2024_02015,L52efd226f027,train
V2024_02016,L52efd226f027,train
V2024_02017,Le1f9c1e49df4,validation
V2024_02018,L223d79581f0f,validation
V2024_02019,L5242051100d5,train
V2024_02020,L18628a8883e5,train
V2024_02021,Le1f9c1e49df4,validation
V2024_02022,L122dcc65e05d,train
V2024_02023,Le1f9c1e49df4,validation
V2024_02024,L5242051100d5,train
V2024_02025,L04ee006f8850,validation
V2024_02026,L644f9f0aff27,train
V2024_02027,L9f47c325f48d,train
V2024_02028,Le94d04b628de,train
V2024_02029,L644f9f0aff27,train
V2024_02030,L644f9f0aff27,train
V2024_02031,Le94d04b628de,train
V2024_02032,L5cfbae8dc6b1,test
V2024_02033,Lb606512bf12f,validation
V2024_02034,Lc9cbcfbaef62,train
V2024_02035,Lc08b1f9cfbd3,validation
V2024_02036,Le1f9c1e49df4,validation
V2024_02037,Lafae08fa0dd5,train
V2024_02038,Le1f9c1e49df4,validation
V2024_02039,L0e5ea993b33e,test
V2024_02040,L122dcc65e05d,train
V2024_02041,Le1f9c1e49df4,validation
V2024_02042,L80dfad028d83,train
V2024_02043,L3ff797c5d488,train
V2024_02044,L5242051100d5,train
V2024_02045,L644f9f0aff27,train
V2024_02046,Ldd7d935f9f2a,train
V2024_02047,L80dfad028d83,train
V2024_02048,L24dabab09129,train
V2024_02049,Le94d04b628de,train
V2024_02050,L644f9f0aff27,train
V2024_02051,L644f9f0aff27,train
V2024_02052,L644f9f0aff27,train
V2024_02053,Lf98d195eaad8,validation
V2024_02054,L8eca693f57a8,train
V2024_02055,Ldd7d935f9f2a,train
V2024_02056,Ldd7d935f9f2a,train
V2024_02057,L80dfad028d83,train
V2024_02058,L80dfad028d83,train
V2024_02059,L125bca5c6a08,validation
V2024_02060,L5242051100d5,train
V2024_02061,Lc08b1f9cfbd3,validation
V2024_02062,Le1f9c1e49df4,validation
V2024_02063,Lf27ef48e6b1d,train
V2024_02064,Le1f9c1e49df4,validation
V2024_02065,Lba57dc657f36,train
V2024_02066,L01cd77b40498,validation
V2024_02067,L99411a9a8fa0,train
V2024_02068,L0ba3eb084149,train
V2024_02069,L04ee006f8850,validation
V2024_02070,L644f9f0aff27,train
V2024_02071,L04ee006f8850,validation
V2024_02072,L644f9f0aff27,train
V2024_02073,Le94d04b628de,train
V2024_02074,L80dfad028d83,train
V2024_02075,Lc8c8a8f96c49,validation
V2024_02076,Ld35c9dca8823,train
V2024_02077,L52efd226f027,train
V2024_02078,Le1f9c1e49df4,validation
V2024_02079,L7a332a3a6f1e,train
V2024_02080,Lba57dc657f36,train
V2024_02081,L5242051100d5,train
V2024_02082,L80dfad028d83,train
V2024_02083,L18628a8883e5,train
V2024_02084,Le1f9c1e49df4,validation
V2024_02085,L8eca693f57a8,train
V2024_02086,L5cfbae8dc6b1,test
V2024_02087,L8bd4ac7c8eee,train
V2024_02088,Lc9674796a882,train
V2024_02089,L1c908e4b7b7d,train
V2024_02090,Le1f9c1e49df4,validation
V2024_02091,Ldd7d935f9f2a,train
V2024_02092,Lc35eaba038a5,train
V2024_02093,L99411a9a8fa0,train
V2024_02094,Lb0937f6aebac,train
V2024_02095,Le1f9c1e49df4,validation
V2024_02096,Lb038dc018165,train
V2024_02097,Le1f9c1e49df4,validation
V2024_02098,L80dfad028d83,train
V2024_02099,L644f9f0aff27,train
V2024_02100,L23bc38853e03,train
V2024_02101,L644f9f0aff27,train
V2024_02102,L644f9f0aff27,train
V2024_02103,L2c9a62b1d6e3,train
V2024_02104,Le1f9c1e49df4,validation
V2024_02105,L18628a8883e5,train
V2024_02106,Le1f9c1e49df4,validation
V2024_02107,L8eca693f57a8,train
V2024_02108,Lc35eaba038a5,train
V2024_02109,L5242051100d5,train
V2024_02110,Laad6ac187271,test
V2024_02111,L5242051100d5,train
V2024_02112,Ldd7d935f9f2a,train
V2024_02113,L644f9f0aff27,train
V2024_02114,Ldd7d935f9f2a,train
V2024_02115,L80dfad028d83,train
V2024_02116,L80dfad028d83,train
V2024_02117,L24dabab09129,train
V2024_02118,Ldd7d935f9f2a,train
V2024_02119,Lc05ba3845b4e,train
V2024_02120,L141925166405,train
V2024_02121,L01cd77b40498,validation
V2024_02122,L01cd77b40498,validation
V2024_02123,L5242051100d5,train
V2024_02124,Le1f9c1e49df4,validation
V2024_02125,L80dfad028d83,train
V2024_02126,L80dfad028d83,train
V2024_02127,L80dfad028d83,train
V2024_02128,Lba57dc657f36,train
V2024_02129,L01cd77b40498,validation
V2024_02130,L149ed29fc9c6,train
V2024_02131,L843927cbcce8,validation
V2024_02132,L5242051100d5,train
V2024_02133,L644f9f0aff27,train
V2024_02134,L7f151547eb17,validation
V2024_02135,Lc9cbcfbaef62,train
V2024_02136,Ldd7d935f9f2a,train
V2024_02137,L9f47c325f48d,train
V2024_02138,L644f9f0aff27,train
V2024_02139,L644f9f0aff27,train
V2024_02140,Lc8c8a8f96c49,validation
V2024_02141,L8eca693f57a8,train
V2024_02142,L9f47c325f48d,train
V2024_02143,Ldd7d935f9f2a,train
V2024_02144,L04ee006f8850,validation
V2024_02145,Lf98d195eaad8,validation
V2024_02146,Le94d04b628de,train
V2024_02147,Ld17f82d4577d,test
V2024_02148,L5242051100d5,train
V2024_02149,L80dfad028d83,train
V2024_02150,Ld58f1241dde9,test
V2024_02151,Lc8c8a8f96c49,validation
V2024_02152,L644f9f0aff27,train
V2024_02153,Ldd7d935f9f2a,train
V2024_02154,L4796b07f5952,train
V2024_02155,L58f17904c85b,train
V2024_02156,L80dfad028d83,train
V2024_02157,Ld17f82d4577d,test
V2024_02158,L5242051100d5,train
V2024_02159,L644f9f0aff27,train
V2024_02160,L8eca693f57a8,train
V2024_02161,Ld17f82d4577d,test
V2024_02162,L259296154219,train
V2024_02163,L52efd226f027,train
V2024_02164,L52efd226f027,train
V2024_02165,Le1f9c1e49df4,validation
V2024_02166,L9f47c325f48d,train
V2024_02167,L644f9f0aff27,train
V2024_02168,L644f9f0aff27,train
V2024_02169,L644f9f0aff27,train
V2024_02170,L4796b07f5952,train
V2024_02171,Lcfe6c9b05078,test
V2024_02172,L58f17904c85b,train
V2024_02173,L2843bb5ac712,test
V2024_02174,L00b1e84858b1,train
V2024_02175,Le1f9c1e49df4,validation
V2024_02176,L3ff797c5d488,train
V2024_02177,L5242051100d5,train
V2024_02178,L644f9f0aff27,train
V2024_02179,L80dfad028d83,train
V2024_02180,L80dfad028d83,train
V2024_02181,L04ee006f8850,validation
V2024_02182,Ldd7d935f9f2a,train
V2024_02183,L0e5ea993b33e,test
V2024_02184,L644f9f0aff27,train
V2024_02185,Lf98d195eaad8,validation
V2024_02186,L8eca693f57a8,train
V2024_02187,Ld2f9e6b9309d,test
V2024_02188,Lc9cbcfbaef62,train
V2024_02189,L8598db3093ff,train
V2024_02190,Le4cc9cd60805,train
V2024_02191,L125bca5c6a08,validation
V2024_02192,L5242051100d5,train
V2024_02193,L644f9f0aff27,train
V2024_02194,L644f9f0aff27,train
V2024_02195,Le94d04b628de,train
V2024_02196,Ldd7d935f9f2a,train
V2024_02197,Ldd7d935f9f2a,train
V2024_02198,L0305eab78430,train
V2024_02199,L58f17904c85b,train
V2024_02200,L9e18241cfb42,train
V2024_02201,Le1f9c1e49df4,validation
V2024_02202,L8eca693f57a8,train
V2024_02203,L644f9f0aff27,train
V2024_02204,L644f9f0aff27,train
V2024_02205,L644f9f0aff27,train
V2024_02206,Le94d04b628de,train
V2024_02207,Lf98d195eaad8,validation
V2024_02208,Lae6e6969e3e2,train
V2024_02209,L5242051100d5,train
V2024_02210,L0e5ea993b33e,test
V2024_02211,Ldd7d935f9f2a,train
V2024_02212,L516695bfa111,train
V2024_02213,L5242051100d5,train
V2024_02214,L55ecef0f0ac7,validation
V2024_02215,L5cfbae8dc6b1,test
V2024_02216,L2843bb5ac712,test
V2024_02217,L644f9f0aff27,train
V2024_02218,Ldd7d935f9f2a,train
V2024_02219,L8eca693f57a8,train
V2024_02220,L8eca693f57a8,train
V2024_02221,L24dabab09129,train
V2024_02222,L644f9f0aff27,train
V2024_02223,L644f9f0aff27,train
V2024_02224,Le94d04b628de,train
V2024_02225,L8eca693f57a8,train
V2024_02226,Lc35eaba038a5,train
V2024_02227,L5242051100d5,train
V2024_02228,L2843bb5ac712,test
V2024_02229,Lf98e1568b08b,validation
V2024_02230,Lc9674796a882,train
V2024_02231,L1c908e4b7b7d,train
V2024_02232,L52efd226f027,train
V2024_02233,Le1f9c1e49df4,validation
V2024_02234,L3ff797c5d488,train
V2024_02235,L5242051100d5,train
V2024_02236,L18628a8883e5,train
V2024_02237,L52efd226f027,train
V2024_02238,Le1f9c1e49df4,validation
V2024_02239,L80dfad028d83,train
V2024_02240,Lb038dc018165,train
V2024_02241,L52efd226f027,train
V2024_02242,L843927cbcce8,validation
V2024_02243,L5242051100d5,train
V2024_02244,Lba57dc657f36,train
V2024_02245,L5242051100d5,train
V2024_02246,L644f9f0aff27,train
V2024_02247,L8eca693f57a8,train
V2024_02248,L644f9f0aff27,train
V2024_02249,L04ee006f8850,validation
V2024_02250,L9e18241cfb42,train
V2024_02251,L3ff797c5d488,train
V2024_02252,L01cd77b40498,validation
V2024_02253,L01cd77b40498,validation
V2024_02254,L5242051100d5,train
V2024_02255,Ld17f82d4577d,test
V2024_02256,L5242051100d5,train
V2024_02257,L8eca693f57a8,train
V2024_02258,L949e6ceacd15,train
V2024_02259,L949e6ceacd15,train
V2024_02260,L644f9f0aff27,train
V2024_02261,L644f9f0aff27,train
V2024_02262,L644f9f0aff27,train
V2024_02263,Lf98d195eaad8,validation
V2024_02264,L18628a8883e5,train
V2024_02265,Le1f9c1e49df4,validation
V2024_02266,L80dfad028d83,train
V2024_02267,Le94d04b628de,train
V2024_02268,Ld17f82d4577d,test
V2024_02269,L5242051100d5,train
V2024_02270,L80dfad028d83,train
V2024_02271,L2843bb5ac712,test
V2024_02272,L24dabab09129,train
V2024_02273,L5cfbae8dc6b1,test
V2024_02274,L8eca693f57a8,train
V2024_02275,L949e6ceacd15,train
V2024_02276,L18628a8883e5,train
V2024_02277,Le1f9c1e49df4,validation
V2024_02278,Ldd7d935f9f2a,train
V2024_02279,Ldd7d935f9f2a,train
V2024_02280,L80dfad028d83,train
V2024_02281,Lf98d195eaad8,validation
V2024_02282,L949e6ceacd15,train
V2024_02283,L644f9f0aff27,train
V2024_02284,Le94d04b628de,train
V2024_02285,L80f1e6fe509e,train
V2024_02286,L52efd226f027,train
V2024_02287,L6f58bfa53b00,train
V2024_02288,L122dcc65e05d,train
V2024_02289,Le1f9c1e49df4,validation
V2024_02290,L122dcc65e05d,train
V2024_02291,L52efd226f027,train
V2024_02292,Le1f9c1e49df4,validation
V2024_02293,L04ee006f8850,validation
V2024_02294,L7a332a3a6f1e,train
V2024_02295,Lc4b6ff11accb,train
V2024_02296,L49a53de92396,train
V2024_02297,L50bb5bd56c57,test
V2024_02298,L7eab10ce1c46,train
V2024_02299,L49a53de92396,train
V2024_02300,L49a53de92396,train
V2024_02301,Lc4b6ff11accb,train
V2024_02302,Lc4b6ff11accb,train
V2024_02303,L7eab10ce1c46,train
V2024_02304,Lc4b6ff11accb,train
V2024_02305,L49a53de92396,train
V2024_02306,L49a53de92396,train
V2024_02307,L49a53de92396,train
V2024_02308,L7eab10ce1c46,train
V2024_02309,Lc4b6ff11accb,train
V2024_02310,Lc4b6ff11accb,train
V2024_02311,Lc4b6ff11accb,train
V2024_02312,L7eab10ce1c46,train
V2024_02313,L943c1be170c8,test
V2024_02314,Lc4b6ff11accb,train
V2024_02315,Lc4b6ff11accb,train
V2024_02316,L49a53de92396,train
V2024_02317,L6372a3898153,train
V2024_02318,Ldeb7bb243cf5,test
V2024_02319,Lbafce9810a94,test
V2024_02320,L4d943fb55ada,train
V2024_02321,L0b66f64dd734,validation
V2024_02322,L49a53de92396,train
V2024_02323,Lc4b6ff11accb,train
V2024_02324,Lc4b6ff11accb,train
V2024_02325,Lee372bec2b59,train
V2024_02326,L7eab10ce1c46,train
V2024_02327,L7eab10ce1c46,train
V2024_02328,L7eab10ce1c46,train
V2024_02329,L7eab10ce1c46,train
V2024_02330,L833394fde596,train
V2024_02331,L49a53de92396,train
V2024_02332,L49a53de92396,train
V2024_02333,L1393f4f71db7,train
V2024_02334,Lb8d0c3f894e1,validation
V2024_02335,L49a53de92396,train
V2024_02336,L972b23be5594,validation
V2024_02337,L7eab10ce1c46,train
V2024_02338,L4b5335fdc986,train
V2024_02339,L7eab10ce1c46,train
V2024_02340,L4b5335fdc986,train
V2024_02341,Lc4b6ff11accb,train
V2024_02342,Lc4b6ff11accb,train
V2024_02343,L7eab10ce1c46,train
V2024_02344,L7eab10ce1c46,train
V2024_02345,L49a53de92396,train
V2024_02346,L7eab10ce1c46,train
V2024_02347,L833394fde596,train
V2024_02348,L7c7fd83bd56b,test
V2024_02349,L4b5335fdc986,train
V2024_02350,L35c8ef91d154,test
V2024_02351,L7c7fd83bd56b,test
V2024_02352,L42737b9071b2,train
V2024_02353,L833394fde596,train
V2024_02354,L6372a3898153,train
V2024_02355,L833394fde596,train
V2024_02356,L100e894e3b17,train
V2024_02357,L4d943fb55ada,train
V2024_02358,L7eab10ce1c46,train
V2024_02359,L833394fde596,train
V2024_02360,L833394fde596,train
V2024_02361,L4d943fb55ada,train
V2024_02362,L7eab10ce1c46,train
V2024_02363,L7eab10ce1c46,train
V2024_02364,L833394fde596,train
V2024_02365,L7eab10ce1c46,train
V2024_02366,L4b5335fdc986,train
V2024_02367,L7eab10ce1c46,train
V2024_02368,L7c7fd83bd56b,test
V2024_02369,Lc4b6ff11accb,train
V2024_02370,L7eab10ce1c46,train
V2024_02371,Lc4b6ff11accb,train
V2024_02372,L7c7fd83bd56b,test
V2024_02373,L49a53de92396,train
V2024_02374,L49a53de92396,train
V2024_02375,L9a1fb39f1c9f,train
V2024_02376,Lca706fa7c08f,train
V2024_02377,L49a53de92396,train
V2024_02378,L7c7fd83bd56b,test
V2024_02379,L7eab10ce1c46,train
V2024_02380,L833394fde596,train
V2024_02381,L6372a3898153,train
V2024_02382,Ld3f5160e2936,train
V2024_02383,L14fc570d795c,train
V2024_02384,Lbafce9810a94,test
V2024_02385,Lbab7b792bf95,train
V2024_02386,L547d32dc768d,train
V2024_02387,L49a53de92396,train
V2024_02388,Lc4b6ff11accb,train
V2024_02389,L7eab10ce1c46,train
V2024_02390,L7eab10ce1c46,train
V2024_02391,L943c1be170c8,test
V2024_02392,L5b1b09e81f97,test
V2024_02393,Lfea0eb942773,train
V2024_02394,Lc4b6ff11accb,train
V2024_02395,Lc4b6ff11accb,train
V2024_02396,L7c7fd83bd56b,test
V2024_02397,L49a53de92396,train
V2024_02398,L42737b9071b2,train
V2024_02399,L46e51e323548,test
V2024_02400,L4a3e30bfed85,test
V2024_02401,L833394fde596,train
V2024_02402,Lc4b6ff11accb,train
V2024_02403,Lc4b6ff11accb,train
V2024_02404,L547d32dc768d,train
V2024_02405,L4d943fb55ada,train
V2024_02406,Ld3f5160e2936,train
V2024_02407,L49a53de92396,train
V2024_02408,Lc4b6ff11accb,train
V2024_02409,L943c1be170c8,test
V2024_02410,Lee372bec2b59,train
V2024_02411,Lc4b6ff11accb,train
V2024_02412,L49a53de92396,train
V2024_02413,Lc4b6ff11accb,train
V2024_02414,L7c7fd83bd56b,test
V2024_02415,L4b5335fdc986,train
V2024_02416,Lc4b6ff11accb,train
V2024_02417,L7eab10ce1c46,train
V2024_02418,L46e51e323548,test
V2024_02419,L52994276087a,train
V2024_02420,L7eab10ce1c46,train
V2024_02421,L7eab10ce1c46,train
V2024_02422,L7eab10ce1c46,train
V2024_02423,L7eab10ce1c46,train
V2024_02424,L833394fde596,train
V2024_02425,L7eab10ce1c46,train
V2024_02426,L49a53de92396,train
V2024_02427,L49a53de92396,train
V2024_02428,L49a53de92396,train
V2024_02429,Lc4b6ff11accb,train
V2024_02430,Lc13b445770a4,validation
V2024_02431,L7eab10ce1c46,train
V2024_02432,Lc4b6ff11accb,train
V2024_02433,L49a53de92396,train
V2024_02434,L833394fde596,train
V2024_02435,Lc4b6ff11accb,train
V2024_02436,Lc4b6ff11accb,train
V2024_02437,L7eab10ce1c46,train
V2024_02438,Lc4b6ff11accb,train
V2024_02439,L49a53de92396,train
V2024_02440,L7eab10ce1c46,train
V2024_02441,L2aa55d3e8900,test
V2024_02442,Lc4b6ff11accb,train
V2024_02443,L833394fde596,train
V2024_02444,Ld3f5160e2936,train
V2024_02445,L4cffc8c18aca,train
V2024_02446,L72f68d726e85,train
V2024_02447,L7c7fd83bd56b,test
V2024_02448,L39f91e39c6f6,train
V2024_02449,L833394fde596,train
V2024_02450,L7eab10ce1c46,train
V2024_02451,Lc2571a6714f0,test
V2024_02452,L7eab10ce1c46,train
V2024_02453,Lc4b6ff11accb,train
V2024_02454,L4b5335fdc986,train
V2024_02455,L5b01deedaacf,validation
V2024_02456,Lc4b6ff11accb,train
V2024_02457,Lee372bec2b59,train
V2024_02458,L7eab10ce1c46,train
V2024_02459,L7eab10ce1c46,train
V2024_02460,Lc4b6ff11accb,train
V2024_02461,Lc4b6ff11accb,train
V2024_02462,L7eab10ce1c46,train
V2024_02463,Lc4b6ff11accb,train
V2024_02464,L49a53de92396,train
V2024_02465,L49a53de92396,train
V2024_02466,L86e5f4e40e79,train
V2024_02467,L14fc570d795c,train
V2024_02468,Ld31a4af7ebad,test
V2024_02469,L4b5335fdc986,train
V2024_02470,L49a53de92396,train
V2024_02471,L833394fde596,train
V2024_02472,L6372a3898153,train
V2024_02473,Lc4b6ff11accb,train
V2024_02474,L49a53de92396,train
V2024_02475,L4b5335fdc986,train
V2024_02476,L4e35bdac57b6,train
V2024_02477,Lc56ea4748ea9,train
V2024_02478,L168061dd01fd,test
V2024_02479,Lc4b6ff11accb,train
V2024_02480,L7eab10ce1c46,train
V2024_02481,L6372a3898153,train
V2024_02482,L833394fde596,train
V2024_02483,L4b5335fdc986,train
V2024_02484,L4b5335fdc986,train
V2024_02485,L49a53de92396,train
V2024_02486,L4b5335fdc986,train
V2024_02487,L7eab10ce1c46,train
V2024_02488,L46e51e323548,test
V2024_02489,L52994276087a,train
V2024_02490,L7eab10ce1c46,train
V2024_02491,L833394fde596,train
V2024_02492,L7c7fd83bd56b,test
V2024_02493,Lc4b6ff11accb,train
V2024_02494,Lc4b6ff11accb,train
V2024_02495,L7eab10ce1c46,train
V2024_02496,L49a53de92396,train
V2024_02497,L7eab10ce1c46,train
V2024_02498,L7eab10ce1c46,train
V2024_02499,Ld3f5160e2936,train
V2024_02500,L7eab10ce1c46,train
V2024_02501,L943c1be170c8,test
V2024_02502,Lb8d0c3f894e1,validation
V2024_02503,L49a53de92396,train
V2024_02504,Lc4b6ff11accb,train
V2024_02505,L7eab10ce1c46,train
V2024_02506,L4b5335fdc986,train
V2024_02507,L7c7fd83bd56b,test
V2024_02508,Lc4b6ff11accb,train
V2024_02509,Lc4b6ff11accb,train
V2024_02510,L833394fde596,train
V2024_02511,L49a53de92396,train
V2024_02512,L49a53de92396,train
V2024_02513,L6372a3898153,train
V2024_02514,Lf54672611a20,test
V2024_02515,L38fadc0894e5,train
V2024_02516,L7eab10ce1c46,train
V2024_02517,L49a53de92396,train
V2024_02518,L7c7fd83bd56b,test
V2024_02519,L7eab10ce1c46,train
V2024_02520,L49a53de92396,train
V2024_02521,L49a53de92396,train
V2024_02522,L50bb5bd56c57,test
V2024_02523,L49a53de92396,train
V2024_02524,L7c7fd83bd56b,test
V2024_02525,L5b01deedaacf,validation
V2024_02526,L49a53de92396,train
V2024_02527,L49a53de92396,train
V2024_02528,Lbafce9810a94,test
V2024_02529,L2aa55d3e8900,test
V2024_02530,L547d32dc768d,train
V2024_02531,L49a53de92396,train
V2024_02532,Lc4b6ff11accb,train
V2024_02533,L7eab10ce1c46,train
V2024_02534,L7eab10ce1c46,train
V2024_02535,L7eab10ce1c46,train
V2024_02536,L833394fde596,train
V2024_02537,L49a53de92396,train
V2024_02538,L833394fde596,train
V2024_02539,L7eab10ce1c46,train
V2024_02540,L14fc570d795c,train
V2024_02541,Lc4b6ff11accb,train
V2024_02542,Lc4b6ff11accb,train
V2024_02543,L49a53de92396,train
V2024_02544,L49a53de92396,train
V2024_02545,L49a53de92396,train
V2024_02546,L46e51e323548,test
V2024_02547,L4a3e30bfed85,test
V2024_02548,L7eab10ce1c46,train
V2024_02549,L49a53de92396,train
V2024_02550,L0b66f64dd734,validation
V2024_02551,L7eab10ce1c46,train
V2024_02552,L7eab10ce1c46,train
V2024_02553,L6372a3898153,train
V2024_02554,L49a53de92396,train
V2024_02555,Lc4b6ff11accb,train
V2024_02556,L7eab10ce1c46,train
V2024_02557,L49a53de92396,train
V2024_02558,Lc4b6ff11accb,train
V2024_02559,L719e1bb06ea0,train
V2024_02560,L547d32dc768d,train
V2024_02561,Lc4b6ff11accb,train
V2024_02562,Lbafce9810a94,test
V2024_02563,Ld31a4af7ebad,test
V2024_02564,L1393f4f71db7,train
V2024_02565,L7c7fd83bd56b,test
V2024_02566,L49a53de92396,train
V2024_02567,Lc4b6ff11accb,train
V2024_02568,L7eab10ce1c46,train
V2024_02569,L49a53de92396,train
V2024_02570,L719e1bb06ea0,train
V2024_02571,Lc4b6ff11accb,train
V2024_02572,L72f68d726e85,train
V2024_02573,Lc4b6ff11accb,train
V2024_02574,Lc4b6ff11accb,train
V2024_02575,L7eab10ce1c46,train
V2024_02576,L44a3fe29862b,validation
V2024_02577,L7eab10ce1c46,train
V2024_02578,L7eab10ce1c46,train
V2024_02579,L7eab10ce1c46,train
V2024_02580,L833394fde596,train
V2024_02581,Lc4b6ff11accb,train
V2024_02582,L49a53de92396,train
V2024_02583,L46e51e323548,test
V2024_02584,L4a3e30bfed85,test
V2024_02585,L7eab10ce1c46,train
V2024_02586,L833394fde596,train
V2024_02587,Lee372bec2b59,train
V2024_02588,L7eab10ce1c46,train
V2024_02589,L49a53de92396,train
V2024_02590,L49a53de92396,train
V2024_02591,L3e87862a2167,test
V2024_02592,Lc4b6ff11accb,train
V2024_02593,Lf54672611a20,test
V2024_02594,L38fadc0894e5,train
V2024_02595,L7eab10ce1c46,train
V2024_02596,L7eab10ce1c46,train
V2024_02597,L7eab10ce1c46,train
V2024_02598,L7eab10ce1c46,train
V2024_02599,L7eab10ce1c46,train
V2024_02600,L833394fde596,train
V2024_02601,L7eab10ce1c46,train
V2024_02602,L833394fde596,train
V2024_02603,L7eab10ce1c46,train
V2024_02604,L7eab10ce1c46,train
V2024_02605,L7eab10ce1c46,train
V2024_02606,L7c7fd83bd56b,test
V2024_02607,L46e51e323548,test
V2024_02608,L4a3e30bfed85,test
V2024_02609,L49a53de92396,train
V2024_02610,Lc4b6ff11accb,train
V2024_02611,L833394fde596,train
V2024_02612,L2c8d51544027,train
V2024_02613,L46e51e323548,test
V2024_02614,Lc13dc1a5a406,train
V2024_02615,Lee372bec2b59,train
V2024_02616,L39f91e39c6f6,train
V2024_02617,L49a53de92396,train
V2024_02618,L7eab10ce1c46,train
V2024_02619,Lc4b6ff11accb,train
V2024_02620,L49a53de92396,train
V2024_02621,L7eab10ce1c46,train
V2024_02622,L49a53de92396,train
V2024_02623,L7eab10ce1c46,train
V2024_02624,L1393f4f71db7,train
V2024_02625,L49a53de92396,train
V2024_02626,L4d943fb55ada,train
V2024_02627,L49a53de92396,train
V2024_02628,L49a53de92396,train
V2024_02629,L7c7fd83bd56b,test
V2024_02630,L4b5335fdc986,train
V2024_02631,L7eab10ce1c46,train
V2024_02632,Lb8d0c3f894e1,validation
V2024_02633,L7eab10ce1c46,train
V2024_02634,Ld3f5160e2936,train
V2024_02635,Lee372bec2b59,train
V2024_02636,L72f68d726e85,train
V2024_02637,L7c7fd83bd56b,test
V2024_02638,Lc4b6ff11accb,train
V2024_02639,Lc4b6ff11accb,train
V2024_02640,L44a3fe29862b,validation
V2024_02641,L943c1be170c8,test
V2024_02642,L72f68d726e85,train
V2024_02643,Lc4b6ff11accb,train
V2024_02644,L7c7fd83bd56b,test
V2024_02645,Lc4b6ff11accb,train
V2024_02646,L6372a3898153,train
V2024_02647,L1393f4f71db7,train
V2024_02648,L6372a3898153,train
V2024_02649,L7eab10ce1c46,train
V2024_02650,L6372a3898153,train
V2024_02651,L49a53de92396,train
V2024_02652,L4b5335fdc986,train
V2024_02653,L7eab10ce1c46,train
V2024_02654,L49a53de92396,train
V2024_02655,Lc4b6ff11accb,train
V2024_02656,L61788d5178ff,test
V2024_02657,L7eab10ce1c46,train
V2024_02658,L7eab10ce1c46,train
V2024_02659,L7eab10ce1c46,train
V2024_02660,L7eab10ce1c46,train
V2024_02661,L7eab10ce1c46,train
V2024_02662,L833394fde596,train
V2024_02663,L850742c7ec40,test
V2024_02664,L3d1fcb29d511,train
V2024_02665,Lc4b6ff11accb,train
V2024_02666,Lc4b6ff11accb,train
V2024_02667,Lee372bec2b59,train
V2024_02668,L7eab10ce1c46,train
V2024_02669,L49a53de92396,train
V2024_02670,Lbab7b792bf95,train
V2024_02671,L49a53de92396,train
V2024_02672,L2c8d51544027,train
V2024_02673,Lc4b6ff11accb,train
V2024_02674,Lc4b6ff11accb,train
V2024_02675,L7eab10ce1c46,train
V2024_02676,L7eab10ce1c46,train
V2024_02677,L49a53de92396,train
V2024_02678,Lbafce9810a94,test
V2024_02679,L719e1bb06ea0,train
V2024_02680,L7eab10ce1c46,train
V2024_02681,Lc2571a6714f0,test
V2024_02682,L7c7fd83bd56b,test
V2024_02683,Lc4b6ff11accb,train
V2024_02684,L7eab10ce1c46,train
V2024_02685,L49a53de92396,train
V2024_02686,Lc2571a6714f0,test
V2024_02687,L14fc570d795c,train
V2024_02688,L4b5335fdc986,train
V2024_02689,L7eab10ce1c46,train
V2024_02690,L7eab10ce1c46,train
V2024_02691,L7eab10ce1c46,train
V2024_02692,L7eab10ce1c46,train
V2024_02693,L49a53de92396,train
V2024_02694,Lc4b6ff11accb,train
V2024_02695,L46e51e323548,test
V2024_02696,L4a3e30bfed85,test
V2024_02697,Lc4b6ff11accb,train
V2024_02698,L49a53de92396,train
V2024_02699,L49a53de92396,train
V2024_02700,L7eab10ce1c46,train
V2024_02701,Lbafce9810a94,test
V2024_02702,L3e87862a2167,test
V2024_02703,L833394fde596,train
V2024_02704,L4d943fb55ada,train
V2024_02705,L49a53de92396,train
V2024_02706,Lc4b6ff11accb,train
V2024_02707,L7eab10ce1c46,train
V2024_02708,L7eab10ce1c46,train
V2024_02709,L7eab10ce1c46,train
V2024_02710,L7c7fd83bd56b,test
V2024_02711,L6372a3898153,train
V2024_02712,Lc4b6ff11accb,train
V2024_02713,L50bb5bd56c57,test
V2024_02714,L14fc570d795c,train
V2024_02715,Lc7904b93d449,train
V2024_02716,L64f9ea2b8a49,test
V2024_02717,Lc4b6ff11accb,train
V2024_02718,L7c7fd83bd56b,test
V2024_02719,L49a53de92396,train
V2024_02720,L4b5335fdc986,train
V2024_02721,L4b5335fdc986,train
V2024_02722,Ld3f5160e2936,train
V2024_02723,L7c7fd83bd56b,test
V2024_02724,Lc4b6ff11accb,train
V2024_02725,L7eab10ce1c46,train
V2024_02726,L7eab10ce1c46,train
V2024_02727,L6372a3898153,train
V2024_02728,L49a53de92396,train
V2024_02729,L49a53de92396,train
V2024_02730,L833394fde596,train
V2024_02731,L833394fde596,train
V2024_02732,L49a53de92396,train
V2024_02733,L4b5335fdc986,train
V2024_02734,L49a53de92396,train
V2024_02735,L49a53de92396,train
V2024_02736,L7eab10ce1c46,train
V2024_02737,L7eab10ce1c46,train
V2024_02738,Lc4b6ff11accb,train
V2024_02739,Lbafce9810a94,test
V2024_02740,L39f91e39c6f6,train
V2024_02741,L719e1bb06ea0,train
V2024_02742,L14fc570d795c,train
V2024_02743,L7eab10ce1c46,train
V2024_02744,L833394fde596,train
V2024_02745,Lc4b6ff11accb,train
V2024_02746,L7c7fd83bd56b,test
V2024_02747,L7c7fd83bd56b,test
V2024_02748,L14fc570d795c,train
V2024_02749,L5b01deedaacf,validation
V2024_02750,Lc4b6ff11accb,train
V2024_02751,L7eab10ce1c46,train
V2024_02752,L7eab10ce1c46,train
V2024_02753,L833394fde596,train
V2024_02754,L833394fde596,train
V2024_02755,L7eab10ce1c46,train
V2024_02756,L7eab10ce1c46,train
V2024_02757,L5b01deedaacf,validation
V2024_02758,Lee372bec2b59,train
V2024_02759,L7eab10ce1c46,train
V2024_02760,Lbafce9810a94,test
V2024_02761,L547d32dc768d,train
V2024_02762,L49a53de92396,train
V2024_02763,L49a53de92396,train
V2024_02764,L833394fde596,train
V2024_02765,L833394fde596,train
V2024_02766,L49a53de92396,train
V2024_02767,L49a53de92396,train
V2024_02768,L49a53de92396,train
V2024_02769,L49a53de92396,train
V2024_02770,L1393f4f71db7,train
V2024_02771,Lc4b6ff11accb,train
V2024_02772,L7eab10ce1c46,train
V2024_02773,L7eab10ce1c46,train
V2024_02774,Lbafce9810a94,test
V2024_02775,L14fc570d795c,train
V2024_02776,L2aa55d3e8900,test
V2024_02777,L7eab10ce1c46,train
V2024_02778,L7eab10ce1c46,train
V2024_02779,L7eab10ce1c46,train
V2024_02780,L943c1be170c8,test
V2024_02781,Lc4b6ff11accb,train
V2024_02782,Lc4b6ff11accb,train
V2024_02783,Lc4b6ff11accb,train
V2024_02784,L49a53de92396,train
V2024_02785,L7eab10ce1c46,train
V2024_02786,L7eab10ce1c46,train
V2024_02787,L7eab10ce1c46,train
V2024_02788,L7eab10ce1c46,train
V2024_02789,L943c1be170c8,test
V2024_02790,L5b61d69a320d,train
V2024_02791,L49a53de92396,train
V2024_02792,L29b68996787e,train
V2024_02793,L4b5335fdc986,train
V2024_02794,L7eab10ce1c46,train
V2024_02795,L7eab10ce1c46,train
V2024_02796,Lc4b6ff11accb,train
V2024_02797,L7eab10ce1c46,train
V2024_02798,L7eab10ce1c46,train
V2024_02799,L7eab10ce1c46,train
V2024_02800,L49a53de92396,train
V2024_02801,L9a1fb39f1c9f,train
V2024_02802,Lca706fa7c08f,train
V2024_02803,L7eab10ce1c46,train
V2024_02804,L14fc570d795c,train
V2024_02805,L50bb5bd56c57,test
V2024_02806,L49a53de92396,train
V2024_02807,L4d943fb55ada,train
V2024_02808,Lc4b6ff11accb,train
V2024_02809,Lc4b6ff11accb,train
V2024_02810,L0102457dacc2,test
V2024_02811,Lc4b6ff11accb,train
V2024_02812,Ld31a4af7ebad,test
V2024_02813,L2aa55d3e8900,test
V2024_02814,L49a53de92396,train
V2024_02815,L6372a3898153,train
V2024_02816,L14fc570d795c,train
V2024_02817,L7eab10ce1c46,train
V2024_02818,L943c1be170c8,test
V2024_02819,L44a3fe29862b,validation
V2024_02820,L14fc570d795c,train
V2024_02821,L46e51e323548,test
V2024_02822,L52994276087a,train
V2024_02823,Lc4b6ff11accb,train
V2024_02824,L7eab10ce1c46,train
V2024_02825,L1393f4f71db7,train
V2024_02826,L7c7fd83bd56b,test
V2024_02827,L49a53de92396,train
V2024_02828,L49a53de92396,train
V2024_02829,Lc2571a6714f0,test
V2024_02830,L7eab10ce1c46,train
V2024_02831,Lc4b6ff11accb,train
V2024_02832,L7eab10ce1c46,train
V2024_02833,L49a53de92396,train
V2024_02834,Lc4b6ff11accb,train
V2024_02835,L46e51e323548,test
V2024_02836,L4a3e30bfed85,test
V2024_02837,L6372a3898153,train
V2024_02838,L833394fde596,train
V2024_02839,L3e87862a2167,test
V2024_02840,L7eab10ce1c46,train
V2024_02841,L943c1be170c8,test
V2024_02842,Ld3f5160e2936,train
V2024_02843,L7eab10ce1c46,train
V2024_02844,L49a53de92396,train
V2024_02845,L7eab10ce1c46,train
V2024_02846,L49a53de92396,train
V2024_02847,L46e51e323548,test
V2024_02848,L4a3e30bfed85,test
V2024_02849,L2aa55d3e8900,test
V2024_02850,Le90fb4b5d213,train
V2024_02851,L719e1bb06ea0,train
V2024_02852,L49a53de92396,train
V2024_02853,L7eab10ce1c46,train
V2024_02854,L7eab10ce1c46,train
V2024_02855,Lc4b6ff11accb,train
V2024_02856,Lbab7b792bf95,train
V2024_02857,L49a53de92396,train
V2024_02858,L7eab10ce1c46,train
V2024_02859,L7eab10ce1c46,train
V2024_02860,L44a3fe29862b,validation
V2024_02861,L44a3fe29862b,validation
V2024_02862,L7c7fd83bd56b,test
V2024_02863,L7c7fd83bd56b,test
V2024_02864,L7c7fd83bd56b,test
V2024_02865,L72f68d726e85,train
V2024_02866,L1393f4f71db7,train
V2024_02867,L14fc570d795c,train
V2024_02868,L7eab10ce1c46,train
V2024_02869,Lfea0eb942773,train
V2024_02870,L6372a3898153,train
V2024_02871,L3a9340c85451,test
V2024_02872,L7c7fd83bd56b,test
V2024_02873,Lc4b6ff11accb,train
V2024_02874,L7eab10ce1c46,train
V2024_02875,Lfea0eb942773,train
V2024_02876,L49a53de92396,train
V2024_02877,Lf54672611a20,test
V2024_02878,L9eba45d8779a,test
V2024_02879,L833394fde596,train
V2024_02880,L719e1bb06ea0,train
V2024_02881,Lee372bec2b59,train
V2024_02882,L833394fde596,train
V2024_02883,L833394fde596,train
V2024_02884,L88db7f612106,train
V2024_02885,La50412a94a67,train
V2024_02886,Lc4b6ff11accb,train
V2024_02887,L49a53de92396,train
V2024_02888,L7eab10ce1c46,train
V2024_02889,Lbafce9810a94,test
V2024_02890,L49a53de92396,train
V2024_02891,L7eab10ce1c46,train
V2024_02892,Lc4b6ff11accb,train
V2024_02893,L2aa55d3e8900,test
V2024_02894,L7eab10ce1c46,train
V2024_02895,L49a53de92396,train
V2024_02896,Lc4b6ff11accb,train
V2024_02897,L1f65785dcaea,train
V2024_02898,L1393f4f71db7,train
V2024_02899,Lc4b6ff11accb,train
V2024_02900,L42737b9071b2,train
V2024_02901,L4b5335fdc986,train
V2024_02902,Lbab7b792bf95,train
V2024_02903,L14fc570d795c,train
V2024_02904,L7eab10ce1c46,train
V2024_02905,L2aa55d3e8900,test
V2024_02906,L49a53de92396,train
V2024_02907,Le5b7d3b4dd5e,train
V2024_02908,Lb8ff72e79a5b,train
V2024_02909,L294b8fed047e,train
V2024_02910,Lc4b6ff11accb,train
V2024_02911,Lc4b6ff11accb,train
V2024_02912,L833394fde596,train
V2024_02913,L833394fde596,train
V2024_02914,L7eab10ce1c46,train
V2024_02915,Lc4b6ff11accb,train
V2024_02916,Lc4b6ff11accb,train
V2024_02917,L7eab10ce1c46,train
V2024_02918,L7eab10ce1c46,train
V2024_02919,Lc4b6ff11accb,train
V2024_02920,L4d943fb55ada,train
V2024_02921,L7eab10ce1c46,train
V2024_02922,L7eab10ce1c46,train
V2024_02923,L35478702890a,train
V2024_02924,L8004c7fa707b,train
V2024_02925,L14fc570d795c,train
V2024_02926,L7c7fd83bd56b,test
V2024_02927,Ledd199d8c446,train
V2024_02928,L833394fde596,train
V2024_02929,L50bb5bd56c57,test
V2024_02930,Lc4b6ff11accb,train
V2024_02931,L49a53de92396,train
V2024_02932,L833394fde596,train
V2024_02933,L49a53de92396,train
V2024_02934,L49a53de92396,train
V2024_02935,Ld3f5160e2936,train
V2024_02936,L49a53de92396,train
V2024_02937,L7c7fd83bd56b,test
V2024_02938,L7eab10ce1c46,train
V2024_02939,L14fc570d795c,train
V2024_02940,L7eab10ce1c46,train
V2024_02941,L49a53de92396,train
V2024_02942,L7eab10ce1c46,train
V2024_02943,L7eab10ce1c46,train
V2024_02944,L49a53de92396,train
V2024_02945,Ldc892e96fccf,test
V2024_02946,L7eab10ce1c46,train
V2024_02947,L7eab10ce1c46,train
V2024_02948,L7eab10ce1c46,train
V2024_02949,Lc4b6ff11accb,train
V2024_02950,Ld3f5160e2936,train
V2024_02951,L49a53de92396,train
V2024_02952,L7eab10ce1c46,train
V2024_02953,Le90fb4b5d213,train
V2024_02954,L7eab10ce1c46,train
V2024_02955,L7eab10ce1c46,train
V2024_02956,Lbab7b792bf95,train
V2024_02957,L49a53de92396,train
V2024_02958,L833394fde596,train
V2024_02959,Lc2571a6714f0,test
V2024_02960,Lbafce9810a94,test
V2024_02961,L2c8d51544027,train
V2024_02962,L2aa55d3e8900,test
V2024_02963,L5c040cbce6e4,validation
V2024_02964,L6372a3898153,train
V2024_02965,L972b23be5594,validation
V2024_02966,L49a53de92396,train
V2024_02967,Lee372bec2b59,train
V2024_02968,L1393f4f71db7,train
V2024_02969,L9012c4af4698,train
V2024_02970,L943c1be170c8,test
V2024_02971,L49a53de92396,train
V2024_02972,L833394fde596,train
V2024_02973,Lc4b6ff11accb,train
V2024_02974,L833394fde596,train
V2024_02975,Lbafce9810a94,test
V2024_02976,L7eab10ce1c46,train
V2024_02977,Lc4b6ff11accb,train
V2024_02978,Lc4b6ff11accb,train
V2024_02979,Lc4b6ff11accb,train
V2024_02980,L49a53de92396,train
V2024_02981,L7eab10ce1c46,train
V2024_02982,Lc4b6ff11accb,train
V2024_02983,L69fa74a844a4,train
V2024_02984,Lbafce9810a94,test
V2024_02985,L72f68d726e85,train
V2024_02986,L211c86a744aa,train
V2024_02987,Lc4b6ff11accb,train
V2024_02988,Lbafce9810a94,test
V2024_02989,L49a53de92396,train
V2024_02990,Lc4b6ff11accb,train
V2024_02991,Lc4b6ff11accb,train
V2024_02992,Lc4b6ff11accb,train
V2024_02993,Lc4b6ff11accb,train
V2024_02994,Lc4b6ff11accb,train
V2024_02995,L7c7fd83bd56b,test
V2024_02996,L547d32dc768d,train
V2024_02997,L49a53de92396,train
V2024_02998,L1393f4f71db7,train
V2024_02999,L547d32dc768d,train
V2024_03000,L3e87862a2167,test
V2024_03001,L7eab10ce1c46,train
V2024_03002,Le90fb4b5d213,train
V2024_03003,Lbafce9810a94,test
V2024_03004,L49a53de92396,train
V2024_03005,L49a53de92396,train
V2024_03006,Lc4b6ff11accb,train
V2024_03007,Ld3f5160e2936,train
V2024_03008,L7eab10ce1c46,train
V2024_03009,L49a53de92396,train
V2024_03010,Ld3f5160e2936,train
V2024_03011,L1393f4f71db7,train
V2024_03012,L49a53de92396,train
V2024_03013,Lc4b6ff11accb,train
V2024_03014,L7eab10ce1c46,train
V2024_03015,L7eab10ce1c46,train
V2024_03016,L44a3fe29862b,validation
V2024_03017,Lc4b6ff11accb,train
V2024_03018,Lc4b6ff11accb,train
V2024_03019,L14fc570d795c,train
V2024_03020,Lc4b6ff11accb,train
V2024_03021,L7eab10ce1c46,train
V2024_03022,L49a53de92396,train
V2024_03023,Lc4b6ff11accb,train
V2024_03024,L7eab10ce1c46,train
V2024_03025,L7eab10ce1c46,train
V2024_03026,Lfe2bb125c0bd,test
V2024_03027,L49a53de92396,train
V2024_03028,Lc4b6ff11accb,train
V2024_03029,L49a53de92396,train
V2024_03030,Lc4b6ff11accb,train
V2024_03031,L7eab10ce1c46,train
V2024_03032,L14fc570d795c,train
V2024_03033,Lc4b6ff11accb,train
V2024_03034,L7eab10ce1c46,train
V2024_03035,Lc4b6ff11accb,train
V2024_03036,Lc4b6ff11accb,train
V2024_03037,L7eab10ce1c46,train
V2024_03038,Lc4b6ff11accb,train
V2024_03039,L49a53de92396,train
V2024_03040,L833394fde596,train
V2024_03041,L7eab10ce1c46,train
V2024_03042,L49a53de92396,train
V2024_03043,L719e1bb06ea0,train
V2024_03044,L2aa55d3e8900,test
V2024_03045,Lf54672611a20,test
V2024_03046,La4ccc9ed3ff8,train
V2024_03047,L7eab10ce1c46,train
V2024_03048,L7eab10ce1c46,train
V2024_03049,L7eab10ce1c46,train
V2024_03050,L943c1be170c8,test
V2024_03051,L833394fde596,train
V2024_03052,L49a53de92396,train
V2024_03053,Lc4b6ff11accb,train
V2024_03054,Lc4b6ff11accb,train
V2024_03055,Lc4b6ff11accb,train
V2024_03056,L49a53de92396,train
V2024_03057,L7c7fd83bd56b,test
V2024_03058,Lbafce9810a94,test
V2024_03059,L1393f4f71db7,train
V2024_03060,L7eab10ce1c46,train
V2024_03061,L7eab10ce1c46,train
V2024_03062,L7eab10ce1c46,train
V2024_03063,L49a53de92396,train
V2024_03064,Lc4b6ff11accb,train
V2024_03065,Lc4b6ff11accb,train
V2024_03066,L6372a3898153,train
V2024_03067,L49a53de92396,train
V2024_03068,L14fc570d795c,train
V2024_03069,L61788d5178ff,test
V2024_03070,L7c7fd83bd56b,test
V2024_03071,Lc4b6ff11accb,train
V2024_03072,L7c7fd83bd56b,test
V2024_03073,L7eab10ce1c46,train
V2024_03074,L49a53de92396,train
V2024_03075,L7eab10ce1c46,train
V2024_03076,L7eab10ce1c46,train
V2024_03077,L7eab10ce1c46,train
V2024_03078,L833394fde596,train
V2024_03079,L7eab10ce1c46,train
V2024_03080,Lbafce9810a94,test
V2024_03081,L2aa55d3e8900,test
V2024_03082,L7eab10ce1c46,train
V2024_03083,L7eab10ce1c46,train
V2024_03084,Lc4b6ff11accb,train
V2024_03085,L49a53de92396,train
V2024_03086,Lc2571a6714f0,test
V2024_03087,L7c7fd83bd56b,test
V2024_03088,L7c7fd83bd56b,test
V2024_03089,L72f68d726e85,train
V2024_03090,Lf54672611a20,test
V2024_03091,L38fadc0894e5,train
V2024_03092,L7eab10ce1c46,train
V2024_03093,L49a53de92396,train
V2024_03094,L7c7fd83bd56b,test
V2024_03095,Lc4b6ff11accb,train
V2024_03096,Lc4b6ff11accb,train
V2024_03097,L547d32dc768d,train
V2024_03098,L1393f4f71db7,train
V2024_03099,Lc4b6ff11accb,train
V2024_03100,L7eab10ce1c46,train
V2024_03101,L1393f4f71db7,train
V2024_03102,Lc4b6ff11accb,train
V2024_03103,L49a53de92396,train
V2024_03104,L833394fde596,train
V2024_03105,L49a53de92396,train
V2024_03106,L49a53de92396,train
V2024_03107,L833394fde596,train
V2024_03108,Lc4b6ff11accb,train
V2024_03109,Lc4b6ff11accb,train
V2024_03110,L49a53de92396,train
V2024_03111,L7eab10ce1c46,train
V2024_03112,L7eab10ce1c46,train
V2024_03113,Lc4b6ff11accb,train
V2024_03114,L1393f4f71db7,train
V2024_03115,Ld3f5160e2936,train
V2024_03116,L14fc570d795c,train
V2024_03117,L7eab10ce1c46,train
V2024_03118,L7c7fd83bd56b,test
V2024_03119,Lc4b6ff11accb,train
V2024_03120,L943c1be170c8,test
V2024_03121,L833394fde596,train
V2024_03122,Lc4b6ff11accb,train
V2024_03123,Ld3f5160e2936,train
V2024_03124,L211c86a744aa,train
V2024_03125,L7eab10ce1c46,train
V2024_03126,Lc4b6ff11accb,train
V2024_03127,Lc4b6ff11accb,train
V2024_03128,Lbafce9810a94,test
V2024_03129,Lc4b6ff11accb,train
V2024_03130,L6372a3898153,train
V2024_03131,L49a53de92396,train
V2024_03132,L4b5335fdc986,train
V2024_03133,L833394fde596,train
V2024_03134,L49a53de92396,train
V2024_03135,L6372a3898153,train
V2024_03136,L49a53de92396,train
V2024_03137,L4b5335fdc986,train
V2024_03138,Lbafce9810a94,test
V2024_03139,L7eab10ce1c46,train
V2024_03140,L943c1be170c8,test
V2024_03141,L49a53de92396,train
V2024_03142,L7eab10ce1c46,train
V2024_03143,L7eab10ce1c46,train
V2024_03144,L7eab10ce1c46,train
V2024_03145,L833394fde596,train
V2024_03146,L7eab10ce1c46,train
V2024_03147,L7eab10ce1c46,train
V2024_03148,L44a3fe29862b,validation
V2024_03149,L4610e11d9912,test
V2024_03150,L49a53de92396,train
V2024_03151,L49a53de92396,train
V2024_03152,L7eab10ce1c46,train
V2024_03153,L7eab10ce1c46,train
V2024_03154,L7eab10ce1c46,train
V2024_03155,L7eab10ce1c46,train
V2024_03156,L44a3fe29862b,validation
V2024_03157,L44a3fe29862b,validation
V2024_03158,L7c7fd83bd56b,test
V2024_03159,L833394fde596,train
V2024_03160,L44a3fe29862b,validation
V2024_03161,L7eab10ce1c46,train
V2024_03162,Lc4b6ff11accb,train
V2024_03163,L943c1be170c8,test
V2024_03164,Ld3f5160e2936,train
V2024_03165,Lc4b6ff11accb,train
V2024_03166,L49a53de92396,train
V2024_03167,L4b5335fdc986,train
V2024_03168,L4b5335fdc986,train
V2024_03169,L4b5335fdc986,train
V2024_03170,Lc4b6ff11accb,train
V2024_03171,L4d943fb55ada,train
V2024_03172,L7eab10ce1c46,train
V2024_03173,L7eab10ce1c46,train
V2024_03174,L7eab10ce1c46,train
V2024_03175,L7eab10ce1c46,train
V2024_03176,L49a53de92396,train
V2024_03177,Lbafce9810a94,test
V2024_03178,L1393f4f71db7,train
V2024_03179,L4b5335fdc986,train
V2024_03180,L2aa55d3e8900,test
V2024_03181,L2aa55d3e8900,test
V2024_03182,L49a53de92396,train
V2024_03183,L7eab10ce1c46,train
V2024_03184,L7eab10ce1c46,train
V2024_03185,L7eab10ce1c46,train
V2024_03186,L7eab10ce1c46,train
V2024_03187,Lcefe91252984,train
V2024_03188,Le90fb4b5d213,train
V2024_03189,L7eab10ce1c46,train
V2024_03190,L7eab10ce1c46,train
V2024_03191,L72f68d726e85,train
V2024_03192,L7c7fd83bd56b,test
V2024_03193,L7eab10ce1c46,train
V2024_03194,Ld31a4af7ebad,test
V2024_03195,L7c7fd83bd56b,test
V2024_03196,Lc4b6ff11accb,train
V2024_03197,L7eab10ce1c46,train
V2024_03198,L4136315124c4,train
V2024_03199,Lb00a46edf40b,test
V2024_03200,Lc60be0af099b,test
V2024_03201,L49a53de92396,train
V2024_03202,L38fadc0894e5,train
V2024_03203,Le4cb9b2fcae2,test
V2024_03204,Lde82af5f0f5c,validation
V2024_03205,Lc4b6ff11accb,train
V2024_03206,Lc4b6ff11accb,train
V2024_03207,Leb62463864ac,train
V2024_03208,L6372a3898153,train
V2024_03209,Lc4b6ff11accb,train
V2024_03210,Lc4b6ff11accb,train
V2024_03211,L7eab10ce1c46,train
V2024_03212,L6372a3898153,train
V2024_03213,Le90fb4b5d213,train
V2024_03214,L7eab10ce1c46,train
V2024_03215,L49a53de92396,train
V2024_03216,Lee372bec2b59,train
V2024_03217,L7c7fd83bd56b,test
V2024_03218,L7eab10ce1c46,train
V2024_03219,L4b5335fdc986,train
V2024_03220,L7eab10ce1c46,train
V2024_03221,L14fc570d795c,train
V2024_03222,L943c1be170c8,test
V2024_03223,L7c7fd83bd56b,test
V2024_03224,L7eab10ce1c46,train
V2024_03225,Lc4b6ff11accb,train
V2024_03226,L0cbc51049faa,train
V2024_03227,L7eab10ce1c46,train
V2024_03228,L4d943fb55ada,train
V2024_03229,L6372a3898153,train
V2024_03230,L49a53de92396,train
V2024_03231,Ld3f5160e2936,train
V2024_03232,L7eab10ce1c46,train
V2024_03233,L7eab10ce1c46,train
V2024_03234,L4b5335fdc986,train
V2024_03235,Lc4b6ff11accb,train
V2024_03236,Ld3f5160e2936,train
V2024_03237,L833394fde596,train
V2024_03238,Lc4b6ff11accb,train
V2024_03239,Lc4b6ff11accb,train
V2024_03240,L7eab10ce1c46,train
V2024_03241,L7eab10ce1c46,train
V2024_03242,L7eab10ce1c46,train
V2024_03243,L44a3fe29862b,validation
V2024_03244,Lc4b6ff11accb,train
V2024_03245,Ldc892e96fccf,test
V2024_03246,L39f91e39c6f6,train
V2024_03247,L4d943fb55ada,train
V2024_03248,Lb8d0c3f894e1,validation
V2024_03249,L49a53de92396,train
V2024_03250,Ld3f5160e2936,train
V2024_03251,Lf0600cf4985a,train
V2024_03252,Lbafce9810a94,test
V2024_03253,Lbafce9810a94,test
V2024_03254,L14fc570d795c,train
V2024_03255,L7c7fd83bd56b,test
V2024_03256,L72f68d726e85,train
V2024_03257,Lc4b6ff11accb,train
V2024_03258,L46e51e323548,test
V2024_03259,La50412a94a67,train
V2024_03260,L4b5335fdc986,train
V2024_03261,Lbafce9810a94,test
V2024_03262,L2ef4c87b88cd,train
V2024_03263,Lc2571a6714f0,test
V2024_03264,L4e35bdac57b6,train
V2024_03265,Le960f9078323,test
V2024_03266,L72f68d726e85,train
V2024_03267,Lc4b6ff11accb,train
V2024_03268,Lc4b6ff11accb,train
V2024_03269,L7eab10ce1c46,train
V2024_03270,L46e51e323548,test
V2024_03271,La50412a94a67,train
V2024_03272,L49a53de92396,train
V2024_03273,L49a53de92396,train
V2024_03274,L72f68d726e85,train
V2024_03275,Lbafce9810a94,test
V2024_03276,L7c7fd83bd56b,test
V2024_03277,L7eab10ce1c46,train
V2024_03278,L7eab10ce1c46,train
V2024_03279,L7eab10ce1c46,train
V2024_03280,L49a53de92396,train
V2024_03281,L4b5335fdc986,train
V2024_03282,Lfea0eb942773,train
V2024_03283,L2aa55d3e8900,test
V2024_03284,L7eab10ce1c46,train
V2024_03285,L2aa55d3e8900,test
V2024_03286,L943c1be170c8,test
V2024_03287,L833394fde596,train
V2024_03288,L4b5335fdc986,train
V2024_03289,L7c7fd83bd56b,test
V2024_03290,L833394fde596,train
V2024_03291,Lee372bec2b59,train
V2024_03292,L943c1be170c8,test
V2024_03293,Lbafce9810a94,test
V2024_03294,L4b5335fdc986,train
V2024_03295,L5b01deedaacf,validation
V2024_03296,L7eab10ce1c46,train
V2024_03297,L7eab10ce1c46,train
V2024_03298,L7eab10ce1c46,train
V2024_03299,L32ed368510f0,train
V2024_03300,L833394fde596,train
V2024_03301,Le90fb4b5d213,train
V2024_03302,Le90fb4b5d213,train
V2024_03303,L833394fde596,train
V2024_03304,Lc4b6ff11accb,train
V2024_03305,Lc4b6ff11accb,train
V2024_03306,L49a53de92396,train
V2024_03307,L6372a3898153,train
V2024_03308,L49a53de92396,train
V2024_03309,L7eab10ce1c46,train
V2024_03310,L39f91e39c6f6,train
V2024_03311,L4b5335fdc986,train
V2024_03312,L4b5335fdc986,train
V2024_03313,Lc4b6ff11accb,train
V2024_03314,Le89dcdb07138,test
V2024_03315,L7eab10ce1c46,train
V2024_03316,L50bb5bd56c57,test
V2024_03317,L50bb5bd56c57,test
V2024_03318,L943c1be170c8,test
V2024_03319,L7eab10ce1c46,train
V2024_03320,L14fc570d795c,train
V2024_03321,L1f1e65179487,train
V2024_03322,L7eab10ce1c46,train
V2024_03323,L49a53de92396,train
V2024_03324,L7eab10ce1c46,train
V2024_03325,L49a53de92396,train
V2024_03326,L1393f4f71db7,train
V2024_03327,Lc4b6ff11accb,train
V2024_03328,L49a53de92396,train
V2024_03329,L49a53de92396,train
V2024_03330,L7eab10ce1c46,train
V2024_03331,Lc4b6ff11accb,train
V2024_03332,L49a53de92396,train
V2024_03333,L2c8d51544027,train
V2024_03334,L49a53de92396,train
V2024_03335,L7eab10ce1c46,train
V2024_03336,L7eab10ce1c46,train
V2024_03337,L557db5f4a186,train
V2024_03338,L49a53de92396,train
V2024_03339,L49a53de92396,train
V2024_03340,Lc4b6ff11accb,train
V2024_03341,Lc4b6ff11accb,train
V2024_03342,Lc4b6ff11accb,train
V2024_03343,Lc4b6ff11accb,train
V2024_03344,Lee372bec2b59,train
V2024_03345,L7eab10ce1c46,train
V2024_03346,L7eab10ce1c46,train
V2024_03347,L833394fde596,train
V2024_03348,Lc4b6ff11accb,train
V2024_03349,L626559080f17,train
V2024_03350,L6372a3898153,train
V2024_03351,L49a53de92396,train
V2024_03352,Lbafce9810a94,test
V2024_03353,Lbab7b792bf95,train
V2024_03354,L1393f4f71db7,train
V2024_03355,L4e51549a8a0e,validation
V2024_03356,L719e1bb06ea0,train
V2024_03357,L2aa55d3e8900,test
V2024_03358,L7c7fd83bd56b,test
V2024_03359,Lda56d03c4113,train
V2024_03360,L49a53de92396,train
V2024_03361,Lee372bec2b59,train
V2024_03362,L7eab10ce1c46,train
V2024_03363,L7eab10ce1c46,train
V2024_03364,L943c1be170c8,test
V2024_03365,L833394fde596,train
V2024_03366,L833394fde596,train
V2024_03367,Lc4b6ff11accb,train
V2024_03368,Lc4b6ff11accb,train
V2024_03369,Lc4b6ff11accb,train
V2024_03370,L7c7fd83bd56b,test
V2024_03371,L49a53de92396,train
V2024_03372,L49a53de92396,train
V2024_03373,L7c7fd83bd56b,test
V2024_03374,Lbafce9810a94,test
V2024_03375,Lbab7b792bf95,train
V2024_03376,L0b66f64dd734,validation
V2024_03377,L49a53de92396,train
V2024_03378,L7eab10ce1c46,train
V2024_03379,L7eab10ce1c46,train
V2024_03380,L7eab10ce1c46,train
V2024_03381,L49a53de92396,train
V2024_03382,L49a53de92396,train
V2024_03383,L4b5335fdc986,train
V2024_03384,Lc4b6ff11accb,train
V2024_03385,L7eab10ce1c46,train
V2024_03386,L833394fde596,train
V2024_03387,Ld3f5160e2936,train
V2024_03388,Ld31a4af7ebad,test
V2024_03389,Lb8d0c3f894e1,validation
V2024_03390,L7eab10ce1c46,train
V2024_03391,L49a53de92396,train
V2024_03392,Lbafce9810a94,test
V2024_03393,Lbafce9810a94,test
V2024_03394,L77194219db3f,train
V2024_03395,L49a53de92396,train
V2024_03396,L49a53de92396,train
V2024_03397,Lb8d0c3f894e1,validation
V2024_03398,L2aa55d3e8900,test
V2024_03399,L2aa55d3e8900,test
V2024_03400,L7eab10ce1c46,train
V2024_03401,Lc4b6ff11accb,train
V2024_03402,Lbafce9810a94,test
V2024_03403,L2aa55d3e8900,test
V2024_03404,L14fc570d795c,train
V2024_03405,Lec9b7df2f96e,train
V2024_03406,Ldbd62dcb9175,test
V2024_03407,Lc9a444a7f5b7,train
V2024_03408,L49a53de92396,train
V2024_03409,Lb8d0c3f894e1,validation
V2024_03410,L7eab10ce1c46,train
V2024_03411,L7eab10ce1c46,train
V2024_03412,L49a53de92396,train
V2024_03413,Leb62463864ac,train
V2024_03414,L833394fde596,train
V2024_03415,L7c7fd83bd56b,test
V2024_03416,L1393f4f71db7,train
V2024_03417,L4d943fb55ada,train
V2024_03418,L7c7fd83bd56b,test
V2024_03419,Lf54672611a20,test
V2024_03420,L38fadc0894e5,train
V2024_03421,L7eab10ce1c46,train
V2024_03422,L7eab10ce1c46,train
V2024_03423,L7eab10ce1c46,train
V2024_03424,L49a53de92396,train
V2024_03425,Lc4b6ff11accb,train
V2024_03426,L4b5335fdc986,train
V2024_03427,Lc4b6ff11accb,train
V2024_03428,L49a53de92396,train
V2024_03429,L2aa55d3e8900,test
V2024_03430,L14fc570d795c,train
V2024_03431,L4b5335fdc986,train
V2024_03432,L7eab10ce1c46,train
V2024_03433,Lc4b6ff11accb,train
V2024_03434,L49a53de92396,train
V2024_03435,L7eab10ce1c46,train
V2024_03436,L2aa55d3e8900,test
V2024_03437,L46e51e323548,test
V2024_03438,L4a3e30bfed85,test
V2024_03439,L49a53de92396,train
V2024_03440,L49a53de92396,train
V2024_03441,Lc2571a6714f0,test
V2024_03442,L49a53de92396,train
V2024_03443,Lc4b6ff11accb,train
V2024_03444,L7eab10ce1c46,train
V2024_03445,L35478702890a,train
V2024_03446,Lfea0eb942773,train
V2024_03447,L833394fde596,train
V2024_03448,L833394fde596,train
V2024_03449,L4b5335fdc986,train
V2024_03450,L4b5335fdc986,train
V2024_03451,L7c7fd83bd56b,test
V2024_03452,Lee372bec2b59,train
V2024_03453,L7eab10ce1c46,train
V2024_03454,Lc4b6ff11accb,train
V2024_03455,L7eab10ce1c46,train
V2024_03456,L7eab10ce1c46,train
V2024_03457,L46e51e323548,test
V2024_03458,La50412a94a67,train
V2024_03459,Lc4b6ff11accb,train
V2024_03460,L164271310222,train
V2024_03461,L73521fe0983e,test
V2024_03462,L6372a3898153,train
V2024_03463,L833394fde596,train
V2024_03464,L49a53de92396,train
V2024_03465,Lc4b6ff11accb,train
V2024_03466,Lc4b6ff11accb,train
V2024_03467,L7eab10ce1c46,train
V2024_03468,L44a3fe29862b,validation
V2024_03469,L7eab10ce1c46,train
V2024_03470,Lc4b6ff11accb,train
V2024_03471,L7eab10ce1c46,train
V2024_03472,L49a53de92396,train
V2024_03473,L7eab10ce1c46,train
V2024_03474,L7eab10ce1c46,train
V2024_03475,L7eab10ce1c46,train
V2024_03476,L7c7fd83bd56b,test
V2024_03477,L7eab10ce1c46,train
V2024_03478,Lc4b6ff11accb,train
V2024_03479,Ld3f5160e2936,train
V2024_03480,Lc4b6ff11accb,train
V2024_03481,L833394fde596,train
V2024_03482,L4d943fb55ada,train
V2024_03483,Lfe61bb703195,validation
V2024_03484,L164271310222,train
V2024_03485,L73521fe0983e,test
V2024_03486,L7eab10ce1c46,train
V2024_03487,L943c1be170c8,test
V2024_03488,L2aa55d3e8900,test
V2024_03489,Lc4b6ff11accb,train
V2024_03490,L7c7fd83bd56b,test
V2024_03491,Lc4b6ff11accb,train
V2024_03492,L7eab10ce1c46,train
V2024_03493,L7c7fd83bd56b,test
V2024_03494,L833394fde596,train
V2024_03495,L7eab10ce1c46,train
V2024_03496,Lc2571a6714f0,test
V2024_03497,Lc2571a6714f0,test
V2024_03498,L7eab10ce1c46,train
V2024_03499,L7eab10ce1c46,train
V2024_03500,L49a53de92396,train
V2024_03501,Lbafce9810a94,test
V2024_03502,L7c7fd83bd56b,test
V2024_03503,L7c7fd83bd56b,test
V2024_03504,L7eab10ce1c46,train
V2024_03505,L7eab10ce1c46,train
V2024_03506,L943c1be170c8,test
V2024_03507,L833394fde596,train
V2024_03508,L49a53de92396,train
V2024_03509,L5b01deedaacf,validation
V2024_03510,L4d943fb55ada,train
V2024_03511,L4b5335fdc986,train
V2024_03512,L7eab10ce1c46,train
V2024_03513,L49a53de92396,train
V2024_03514,Lbafce9810a94,test
V2024_03515,Lbab7b792bf95,train
V2024_03516,L49a53de92396,train
V2024_03517,L7eab10ce1c46,train
V2024_03518,L943c1be170c8,test
V2024_03519,L49a53de92396,train
V2024_03520,Lbafce9810a94,test
V2024_03521,L1393f4f71db7,train
V2024_03522,L719e1bb06ea0,train
V2024_03523,L4b5335fdc986,train
V2024_03524,L547d32dc768d,train
V2024_03525,L49a53de92396,train
V2024_03526,Lc4b6ff11accb,train
V2024_03527,L7eab10ce1c46,train
V2024_03528,L7eab10ce1c46,train
V2024_03529,L7eab10ce1c46,train
V2024_03530,L833394fde596,train
V2024_03531,L49a53de92396,train
V2024_03532,Lc4b6ff11accb,train
V2024_03533,L7eab10ce1c46,train
V2024_03534,L7eab10ce1c46,train
V2024_03535,L46e51e323548,test
V2024_03536,La50412a94a67,train
V2024_03537,L72f68d726e85,train
V2024_03538,L547d32dc768d,train
V2024_03539,Le90fb4b5d213,train
V2024_03540,L7eab10ce1c46,train
V2024_03541,L7eab10ce1c46,train
V2024_03542,L6372a3898153,train
V2024_03543,L1393f4f71db7,train
V2024_03544,L61788d5178ff,test
V2024_03545,L6372a3898153,train
V2024_03546,Ld5e17884a600,train
V2024_03547,L7eab10ce1c46,train
V2024_03548,L833394fde596,train
V2024_03549,L833394fde596,train
V2024_03550,Lfe2bb125c0bd,test
V2024_03551,L7c7fd83bd56b,test
V2024_03552,Lc4b6ff11accb,train
V2024_03553,L7eab10ce1c46,train
V2024_03554,L49a53de92396,train
V2024_03555,L2aa55d3e8900,test
V2024_03556,L27df7bf76c91,train
V2024_03557,L7c7fd83bd56b,test
V2024_03558,Lc2571a6714f0,test
V2024_03559,L7eab10ce1c46,train
V2024_03560,L49a53de92396,train
V2024_03561,L833394fde596,train
V2024_03562,L1393f4f71db7,train
V2024_03563,Lec9b7df2f96e,train
V2024_03564,L621d117b2d13,train
V2024_03565,Lc4b6ff11accb,train
V2024_03566,Le90fb4b5d213,train
V2024_03567,L833394fde596,train
V2024_03568,L49a53de92396,train
V2024_03569,L6372a3898153,train
V2024_03570,L5c040cbce6e4,validation
V2024_03571,L49a53de92396,train
V2024_03572,L7eab10ce1c46,train
V2024_03573,L7eab10ce1c46,train
V2024_03574,L39f91e39c6f6,train
V2024_03575,L3a9340c85451,test
V2024_03576,L7eab10ce1c46,train
V2024_03577,Lfea0eb942773,train
V2024_03578,L6372a3898153,train
V2024_03579,L7eab10ce1c46,train
V2024_03580,L49a53de92396,train
V2024_03581,Lc4b6ff11accb,train
V2024_03582,L49a53de92396,train
V2024_03583,L7eab10ce1c46,train
V2024_03584,L49a53de92396,train
V2024_03585,Lc98edf7aeb1b,test
V2024_03586,Lc4b6ff11accb,train
V2024_03587,Lbafce9810a94,test
V2024_03588,L49a53de92396,train
V2024_03589,L7c7fd83bd56b,test
V2024_03590,L2aa55d3e8900,test
V2024_03591,Lee372bec2b59,train
V2024_03592,L7eab10ce1c46,train
V2024_03593,Lc4b6ff11accb,train
V2024_03594,Lc4b6ff11accb,train
V2024_03595,L5c040cbce6e4,validation
V2024_03596,Lc4b6ff11accb,train
V2024_03597,L6372a3898153,train
V2024_03598,L49a53de92396,train
V2024_03599,L14fc570d795c,train
V2024_03600,L3a9340c85451,test
V2024_03601,L7c7fd83bd56b,test
V2024_03602,L7c7fd83bd56b,test
V2024_03603,L6372a3898153,train
V2024_03604,L49a53de92396,train
V2024_03605,L14fc570d795c,train
V2024_03606,L49a53de92396,train
V2024_03607,Lc4b6ff11accb,train
V2024_03608,L7eab10ce1c46,train
V2024_03609,L7eab10ce1c46,train
V2024_03610,L7eab10ce1c46,train
V2024_03611,Lf54672611a20,test
V2024_03612,Lfbdfe1e70974,train
V2024_03613,Lbafce9810a94,test
V2024_03614,L4b5335fdc986,train
V2024_03615,L49a53de92396,train
V2024_03616,L6372a3898153,train
V2024_03617,L49a53de92396,train
V2024_03618,Lc4b6ff11accb,train
V2024_03619,L7eab10ce1c46,train
V2024_03620,L49a53de92396,train
V2024_03621,L7c7fd83bd56b,test
V2024_03622,L49a53de92396,train
V2024_03623,L7c7fd83bd56b,test
V2024_03624,Lc4b6ff11accb,train
V2024_03625,Lc4b6ff11accb,train
V2024_03626,L7eab10ce1c46,train
V2024_03627,L547d32dc768d,train
V2024_03628,Lc4b6ff11accb,train
V2024_03629,L7eab10ce1c46,train
V2024_03630,Ld3f5160e2936,train
V2024_03631,L7eab10ce1c46,train
V2024_03632,L7eab10ce1c46,train
V2024_03633,L49a53de92396,train
V2024_03634,Lb8d0c3f894e1,validation
V2024_03635,L211c86a744aa,train
V2024_03636,L833394fde596,train
V2024_03637,Lee372bec2b59,train
V2024_03638,L46e51e323548,test
V2024_03639,L4a3e30bfed85,test
V2024_03640,L49a53de92396,train
V2024_03641,L4d943fb55ada,train
V2024_03642,L72f68d726e85,train
V2024_03643,L46e51e323548,test
V2024_03644,L52994276087a,train
V2024_03645,Lbafce9810a94,test
V2024_03646,L4d943fb55ada,train
V2024_03647,L719e1bb06ea0,train
V2024_03648,L719e1bb06ea0,train
V2024_03649,Lc4b6ff11accb,train
V2024_03650,Lc4b6ff11accb,train
V2024_03651,L44a3fe29862b,validation
V2024_03652,L943c1be170c8,test
V2024_03653,Lc4b6ff11accb,train
V2024_03654,L49a53de92396,train
V2024_03655,L49a53de92396,train
V2024_03656,L6372a3898153,train
V2024_03657,L49a53de92396,train
V2024_03658,L1393f4f71db7,train
V2024_03659,Lbab7b792bf95,train
V2024_03660,Lc4b6ff11accb,train
V2024_03661,Leb62463864ac,train
V2024_03662,Ld3f5160e2936,train
V2024_03663,L7eab10ce1c46,train
V2024_03664,L2aa55d3e8900,test
V2024_03665,L39f91e39c6f6,train
V2024_03666,L4d943fb55ada,train
V2024_03667,Lbafce9810a94,test
V2024_03668,Lc4b6ff11accb,train
V2024_03669,Lc4b6ff11accb,train
V2024_03670,Lc9a444a7f5b7,train
V2024_03671,L7eab10ce1c46,train
V2024_03672,L7eab10ce1c46,train
V2024_03673,L943c1be170c8,test
V2024_03674,L2c8d51544027,train
V2024_03675,L7c7fd83bd56b,test
V2024_03676,L2c8d51544027,train
V2024_03677,L49a53de92396,train
V2024_03678,L7eab10ce1c46,train
V2024_03679,Lc4b6ff11accb,train
V2024_03680,L5b01deedaacf,validation
V2024_03681,Ld5e17884a600,train
V2024_03682,L49a53de92396,train
V2024_03683,L7eab10ce1c46,train
V2024_03684,Lc4b6ff11accb,train
V2024_03685,L49a53de92396,train
V2024_03686,L7eab10ce1c46,train
V2024_03687,Lc4b6ff11accb,train
V2024_03688,L7eab10ce1c46,train
V2024_03689,L1393f4f71db7,train
V2024_03690,Lc4b6ff11accb,train
V2024_03691,Lc4b6ff11accb,train
V2024_03692,Lbafce9810a94,test
V2024_03693,Lbafce9810a94,test
V2024_03694,Lbafce9810a94,test
V2024_03695,L39f91e39c6f6,train
V2024_03696,L7c7fd83bd56b,test
V2024_03697,L7c7fd83bd56b,test
V2024_03698,L7c7fd83bd56b,test
V2024_03699,Lc4b6ff11accb,train
V2024_03700,Lc4b6ff11accb,train
V2024_03701,L7eab10ce1c46,train
V2024_03702,L7eab10ce1c46,train
V2024_03703,L7eab10ce1c46,train
V2024_03704,L7eab10ce1c46,train
V2024_03705,L7eab10ce1c46,train
V2024_03706,L7eab10ce1c46,train
V2024_03707,L7eab10ce1c46,train
V2024_03708,L49a53de92396,train
V2024_03709,Lc4b6ff11accb,train
V2024_03710,L49a53de92396,train
V2024_03711,Lfb726ff49ac0,train
V2024_03712,L6372a3898153,train
V2024_03713,L49a53de92396,train
V2024_03714,Lbafce9810a94,test
V2024_03715,Lbafce9810a94,test
V2024_03716,L4d943fb55ada,train
V2024_03717,L719e1bb06ea0,train
V2024_03718,L2aa55d3e8900,test
V2024_03719,L2aa55d3e8900,test
V2024_03720,Ld21b18e2520d,train
V2024_03721,L7eab10ce1c46,train
V2024_03722,L211c86a744aa,train
V2024_03723,L7eab10ce1c46,train
V2024_03724,L833394fde596,train
V2024_03725,L833394fde596,train
V2024_03726,L7c7fd83bd56b,test
V2024_03727,L49a53de92396,train
V2024_03728,L49a53de92396,train
V2024_03729,L6372a3898153,train
V2024_03730,L49a53de92396,train
V2024_03731,Lb8d0c3f894e1,validation
V2024_03732,L7eab10ce1c46,train
V2024_03733,Lc4b6ff11accb,train
V2024_03734,L7eab10ce1c46,train
V2024_03735,L833394fde596,train
V2024_03736,L4d943fb55ada,train
V2024_03737,L14fc570d795c,train
V2024_03738,L4b5335fdc986,train
V2024_03739,L2aa55d3e8900,test
V2024_03740,L49a53de92396,train
V2024_03741,Lc4b6ff11accb,train
V2024_03742,L7eab10ce1c46,train
V2024_03743,L7eab10ce1c46,train
V2024_03744,L7eab10ce1c46,train
V2024_03745,Lc4b6ff11accb,train
V2024_03746,L2c8d51544027,train
V2024_03747,L6372a3898153,train
V2024_03748,Lc4b6ff11accb,train
V2024_03749,L49a53de92396,train
V2024_03750,L49a53de92396,train
V2024_03751,L833394fde596,train
V2024_03752,L719e1bb06ea0,train
V2024_03753,L4d943fb55ada,train
V2024_03754,L49a53de92396,train
V2024_03755,L49a53de92396,train
V2024_03756,Lc4b6ff11accb,train
V2024_03757,L1393f4f71db7,train
V2024_03758,Ledd199d8c446,train
V2024_03759,L2aa55d3e8900,test
V2024_03760,L49a53de92396,train
V2024_03761,Lc4b6ff11accb,train
V2024_03762,L7eab10ce1c46,train
V2024_03763,Lc4b6ff11accb,train
V2024_03764,L49a53de92396,train
V2024_03765,L7eab10ce1c46,train
V2024_03766,L4b5335fdc986,train
V2024_03767,L833394fde596,train
V2024_03768,L4d943fb55ada,train
V2024_03769,L519dd6360567,train
V2024_03770,L4d943fb55ada,train
V2024_03771,Lf03e2d130b4d,train
V2024_03772,L69ef19824a6e,train
V2024_03773,L7eab10ce1c46,train
V2024_03774,L7eab10ce1c46,train
V2024_03775,L7eab10ce1c46,train
V2024_03776,L49a53de92396,train
V2024_03777,Le5b7d3b4dd5e,train
V2024_03778,L9376b3e71ba7,train
V2024_03779,L49a53de92396,train
V2024_03780,L7eab10ce1c46,train
V2024_03781,L7eab10ce1c46,train
V2024_03782,L7eab10ce1c46,train
V2024_03783,L833394fde596,train
V2024_03784,Lc4b6ff11accb,train
V2024_03785,L7c7fd83bd56b,test
V2024_03786,L39f91e39c6f6,train
V2024_03787,Lc4b6ff11accb,train
V2024_03788,L7eab10ce1c46,train
V2024_03789,L49a53de92396,train
V2024_03790,L49a53de92396,train
V2024_03791,L49a53de92396,train
V2024_03792,Lf5c1c8abddda,validation
V2024_03793,Lb00a46edf40b,test
V2024_03794,Leb9f87168ede,train
V2024_03795,L49a53de92396,train
V2024_03796,L4e51549a8a0e,validation
V2024_03797,L7eab10ce1c46,train
V2024_03798,L39f91e39c6f6,train
V2024_03799,L49a53de92396,train
V2024_03800,Lbafce9810a94,test
V2024_03801,L49a53de92396,train
V2024_03802,Lc4b6ff11accb,train
V2024_03803,L49a53de92396,train
V2024_03804,L7eab10ce1c46,train
V2024_03805,Lc4b6ff11accb,train
V2024_03806,L7eab10ce1c46,train
V2024_03807,L6372a3898153,train
V2024_03808,L77740cc2ff14,train
V2024_03809,L7c7fd83bd56b,test
V2024_03810,L7eab10ce1c46,train
V2024_03811,Lc4b6ff11accb,train
V2024_03812,L5b01deedaacf,validation
V2024_03813,Lc4b6ff11accb,train
V2024_03814,Ld3f5160e2936,train
V2024_03815,L3e87862a2167,test
V2024_03816,Lc4b6ff11accb,train
V2024_03817,Lee372bec2b59,train
V2024_03818,L7eab10ce1c46,train
V2024_03819,Lc4b6ff11accb,train
V2024_03820,L6372a3898153,train
V2024_03821,L97250a24617a,validation
V2024_03822,Lc4b6ff11accb,train
V2024_03823,L49a53de92396,train
V2024_03824,L7eab10ce1c46,train
V2024_03825,L5c040cbce6e4,validation
V2024_03826,L4b5335fdc986,train
V2024_03827,L7eab10ce1c46,train
V2024_03828,L7eab10ce1c46,train
V2024_03829,L7eab10ce1c46,train
V2024_03830,L833394fde596,train
V2024_03831,Le90fb4b5d213,train
V2024_03832,L833394fde596,train
V2024_03833,L833394fde596,train
V2024_03834,L2aa55d3e8900,test
V2024_03835,L49a53de92396,train
V2024_03836,Ld3f5160e2936,train
V2024_03837,L49a53de92396,train
V2024_03838,Lc4b6ff11accb,train
V2024_03839,Lee372bec2b59,train
V2024_03840,L833394fde596,train
V2024_03841,L49a53de92396,train
V2024_03842,L7eab10ce1c46,train
V2024_03843,L7eab10ce1c46,train
V2024_03844,L49a53de92396,train
V2024_03845,L7eab10ce1c46,train
V2024_03846,L850742c7ec40,test
V2024_03847,L895cc1baaa47,test
V2024_03848,L46e51e323548,test
V2024_03849,L52994276087a,train
V2024_03850,Lc4b6ff11accb,train
V2024_03851,L7c7fd83bd56b,test
V2024_03852,L49a53de92396,train
V2024_03853,L7c7fd83bd56b,test
V2024_03854,L7eab10ce1c46,train
V2024_03855,L7eab10ce1c46,train
V2024_03856,Lc4b6ff11accb,train
V2024_03857,L2c8d51544027,train
V2024_03858,Lc4b6ff11accb,train
V2024_03859,L49a53de92396,train
V2024_03860,Lc4b6ff11accb,train
V2024_03861,L7eab10ce1c46,train
V2024_03862,Lbafce9810a94,test
V2024_03863,L7eab10ce1c46,train
V2024_03864,L49a53de92396,train
V2024_03865,Lc4b6ff11accb,train
V2024_03866,L7eab10ce1c46,train
V2024_03867,L7eab10ce1c46,train
V2024_03868,L7eab10ce1c46,train
V2024_03869,L7eab10ce1c46,train
V2024_03870,Lc4b6ff11accb,train
V2024_03871,L29b68996787e,train
V2024_03872,Ld3f5160e2936,train
V2024_03873,Lc4b6ff11accb,train
V2024_03874,L6372a3898153,train
V2024_03875,Lc4b6ff11accb,train
V2024_03876,Lc4b6ff11accb,train
V2024_03877,L1393f4f71db7,train
V2024_03878,L98337202e281,train
V2024_03879,L2c8d51544027,train
V2024_03880,L7eab10ce1c46,train
V2024_03881,Lc4b6ff11accb,train
V2024_03882,Lc4b6ff11accb,train
V2024_03883,L29b68996787e,train
V2024_03884,L2aa55d3e8900,test
V2024_03885,L7eab10ce1c46,train
V2024_03886,Lc4b6ff11accb,train
V2024_03887,Lf54672611a20,test
V2024_03888,L8a9eb85506b8,validation
V2024_03889,L7eab10ce1c46,train
V2024_03890,L14fc570d795c,train
V2024_03891,L7eab10ce1c46,train
V2024_03892,L4b5335fdc986,train
V2024_03893,L4b5335fdc986,train
V2024_03894,L49a53de92396,train
V2024_03895,L49a53de92396,train
V2024_03896,Lc4b6ff11accb,train
V2024_03897,L7eab10ce1c46,train
V2024_03898,L7eab10ce1c46,train
V2024_03899,L7eab10ce1c46,train
V2024_03900,L50bb5bd56c57,test
V2024_03901,L833394fde596,train
V2024_03902,L49a53de92396,train
V2024_03903,L1f1e65179487,train
V2024_03904,L7eab10ce1c46,train
V2024_03905,L833394fde596,train
V2024_03906,L833394fde596,train
V2024_03907,L6372a3898153,train
V2024_03908,Lbafce9810a94,test
V2024_03909,L833394fde596,train
V2024_03910,L8004c7fa707b,train
V2024_03911,L4b5335fdc986,train
V2024_03912,L4b5335fdc986,train
V2024_03913,L49a53de92396,train
V2024_03914,L7eab10ce1c46,train
V2024_03915,L50bb5bd56c57,test
V2024_03916,L833394fde596,train
V2024_03917,Lf54672611a20,test
V2024_03918,Lfbdfe1e70974,train
V2024_03919,L7eab10ce1c46,train
V2024_03920,L49a53de92396,train
V2024_03921,Le5b7d3b4dd5e,train
V2024_03922,L9376b3e71ba7,train
V2024_03923,L7eab10ce1c46,train
V2024_03924,L7eab10ce1c46,train
V2024_03925,L44a3fe29862b,validation
V2024_03926,L49a53de92396,train
V2024_03927,L49a53de92396,train
V2024_03928,L49a53de92396,train
V2024_03929,L49a53de92396,train
V2024_03930,Lc4b6ff11accb,train
V2024_03931,L4d943fb55ada,train
V2024_03932,L2aa55d3e8900,test
V2024_03933,L50bb5bd56c57,test
V2024_03934,L49a53de92396,train
V2024_03935,L833394fde596,train
V2024_03936,L14fc570d795c,train
V2024_03937,L4b5335fdc986,train
V2024_03938,Lc4b6ff11accb,train
V2024_03939,Lc4b6ff11accb,train
V2024_03940,L7eab10ce1c46,train
V2024_03941,L7eab10ce1c46,train
V2024_03942,L7eab10ce1c46,train
V2024_03943,L7eab10ce1c46,train
V2024_03944,Leb62463864ac,train
V2024_03945,L49a53de92396,train
V2024_03946,Lc4b6ff11accb,train
V2024_03947,L7eab10ce1c46,train
V2024_03948,L833394fde596,train
V2024_03949,L833394fde596,train
V2024_03950,L49a53de92396,train
V2024_03951,L2c8d51544027,train
V2024_03952,L943c1be170c8,test
V2024_03953,L0b66f64dd734,validation
V2024_03954,L7eab10ce1c46,train
V2024_03955,L7eab10ce1c46,train
V2024_03956,L44a3fe29862b,validation
V2024_03957,L49a53de92396,train
V2024_03958,L39f91e39c6f6,train
V2024_03959,L2aa55d3e8900,test
V2024_03960,Lf54672611a20,test
V2024_03961,L38fadc0894e5,train
V2024_03962,L7eab10ce1c46,train
V2024_03963,L833394fde596,train
V2024_03964,L49a53de92396,train
V2024_03965,L7eab10ce1c46,train
V2024_03966,Lbafce9810a94,test
V2024_03967,L547d32dc768d,train
V2024_03968,L72f68d726e85,train
V2024_03969,Lc4b6ff11accb,train
V2024_03970,Lc4b6ff11accb,train
V2024_03971,L7eab10ce1c46,train
V2024_03972,L7eab10ce1c46,train
V2024_03973,L7eab10ce1c46,train
V2024_03974,Lc66582c82d2d,train
V2024_03975,L49a53de92396,train
V2024_03976,L6372a3898153,train
V2024_03977,L49a53de92396,train
V2024_03978,Lbafce9810a94,test
V2024_03979,L719e1bb06ea0,train
V2024_03980,L4b5335fdc986,train
V2024_03981,L49a53de92396,train
V2024_03982,Lbab7b792bf95,train
V2024_03983,L6372a3898153,train
V2024_03984,Lbafce9810a94,test
V2024_03985,Lee372bec2b59,train
V2024_03986,Lbafce9810a94,test
V2024_03987,Lc4b6ff11accb,train
V2024_03988,Lc4b6ff11accb,train
V2024_03989,L943c1be170c8,test
V2024_03990,L49a53de92396,train
V2024_03991,Lc4b6ff11accb,train
V2024_03992,Lc4b6ff11accb,train
V2024_03993,Le5b7d3b4dd5e,train
V2024_03994,Lc07af6d475dd,validation
V2024_03995,Lbafce9810a94,test
V2024_03996,Lc4b6ff11accb,train
V2024_03997,L5b01deedaacf,validation
V2024_03998,L7eab10ce1c46,train
V2024_03999,Lc4b6ff11accb,train
V2024_04000,L7eab10ce1c46,train
V2024_04001,L6372a3898153,train
V2024_04002,Lc2571a6714f0,test
V2024_04003,L7eab10ce1c46,train
V2024_04004,L49a53de92396,train
V2024_04005,L4b5335fdc986,train
V2024_04006,Lec5b31e3d818,validation
V2024_04007,L79d34ac16655,train
V2024_04008,L7eab10ce1c46,train
V2024_04009,L44a3fe29862b,validation
V2024_04010,Lc4b6ff11accb,train
V2024_04011,L6372a3898153,train
V2024_04012,Ld3f5160e2936,train
V2024_04013,Lbcabfd7fde9a,test
V2024_04014,L49a53de92396,train
V2024_04015,L49a53de92396,train
V2024_04016,L6efe09d98f2a,validation
V2024_04017,L1393f4f71db7,train
V2024_04018,L49a53de92396,train
V2024_04019,L72f68d726e85,train
V2024_04020,Lc4b6ff11accb,train
V2024_04021,L49a53de92396,train
V2024_04022,Ld31a4af7ebad,test
V2024_04023,L833394fde596,train
V2024_04024,L7eab10ce1c46,train
V2024_04025,Lb8d0c3f894e1,validation
V2024_04026,Lc4b6ff11accb,train
V2024_04027,L49a53de92396,train
V2024_04028,Lc4b6ff11accb,train
V2024_04029,L4b5335fdc986,train
V2024_04030,L943c1be170c8,test
V2024_04031,Lf54672611a20,test
V2024_04032,L38fadc0894e5,train
V2024_04033,L7eab10ce1c46,train
V2024_04034,L7eab10ce1c46,train
V2024_04035,L7eab10ce1c46,train
V2024_04036,L7eab10ce1c46,train
V2024_04037,L52f50ef9c9e8,train
V2024_04038,Le90fb4b5d213,train
V2024_04039,L49a53de92396,train
V2024_04040,L2c8d51544027,train
V2024_04041,L7eab10ce1c46,train
V2024_04042,L7eab10ce1c46,train
V2024_04043,L49a53de92396,train
V2024_04044,Lbafce9810a94,test
V2024_04045,Lc4b6ff11accb,train
V2024_04046,L7eab10ce1c46,train
V2024_04047,Le90fb4b5d213,train
V2024_04048,L833394fde596,train
V2024_04049,L7eab10ce1c46,train
V2024_04050,L7eab10ce1c46,train
V2024_04051,L833394fde596,train
V2024_04052,L833394fde596,train
V2024_04053,Lf54672611a20,test
V2024_04054,Lfbdfe1e70974,train
V2024_04055,L49a53de92396,train
V2024_04056,La9a7e5ca32b2,train
V2024_04057,La9a7e5ca32b2,train
V2024_04058,La9a7e5ca32b2,train
V2024_04059,Lbde3817bd4ae,train
V2024_04060,L6c29e43d5685,validation
V2024_04061,La9a7e5ca32b2,train
V2024_04062,L205eaa93580b,train
V2024_04063,L205eaa93580b,train
V2024_04064,Lf198ed8530e7,test
V2024_04065,L25aa11cdd99f,train
V2024_04066,La9a7e5ca32b2,train
V2024_04067,Lf802f9ea0a59,train
V2024_04068,Lfa650b540d7a,test
V2024_04069,La9a7e5ca32b2,train
V2024_04070,L2ef3cb570daa,train
V2024_04071,L8a3579245c10,validation
V2024_04072,Lb6eb0e3ab1e6,test
V2024_04073,L5dd129432cae,validation
V2024_04074,L9c6cc882ae55,train
V2024_04075,L1f8e77d4acd8,train
V2024_04076,L9dd76d79e9d4,validation
V2024_04077,L205eaa93580b,train
V2024_04078,L205eaa93580b,train
V2024_04079,Lfa650b540d7a,test
V2024_04080,Lf0d46a94bfa2,train
V2024_04081,L1f8e77d4acd8,train
V2024_04082,L9dd76d79e9d4,validation
V2024_04083,L205eaa93580b,train
V2024_04084,L205eaa93580b,train
V2024_04085,L205eaa93580b,train
V2024_04086,Lfa650b540d7a,test
V2024_04087,L3f74057db6a1,validation
V2024_04088,La9a7e5ca32b2,train
V2024_04089,L205eaa93580b,train
V2024_04090,Lf0d46a94bfa2,train
V2024_04091,La9a7e5ca32b2,train
V2024_04092,L6c29e43d5685,validation
V2024_04093,Lf0d46a94bfa2,train
V2024_04094,L9c6cc882ae55,train
V2024_04095,L1f8e77d4acd8,train
V2024_04096,Laf5153beab36,train
V2024_04097,Lcd987e152214,train
V2024_04098,La9a7e5ca32b2,train
V2024_04099,La9a7e5ca32b2,train
V2024_04100,Lf0d46a94bfa2,train
V2024_04101,L73a5cbad6597,train
V2024_04102,L2ef3cb570daa,train
V2024_04103,L0b9a0e79bed4,test
V2024_04104,Lbde3817bd4ae,train
V2024_04105,Lf0d46a94bfa2,train
V2024_04106,Lb8e5a1ef3ebb,train
V2024_04107,Lbde3817bd4ae,train
V2024_04108,Lbde3817bd4ae,train
V2024_04109,Lf0d46a94bfa2,train
V2024_04110,L1f8e77d4acd8,train
V2024_04111,La9a7e5ca32b2,train
V2024_04112,L84d6adaef00b,test
V2024_04113,L205eaa93580b,train
V2024_04114,Lf0d46a94bfa2,train
V2024_04115,Lfa650b540d7a,test
V2024_04116,Lfa650b540d7a,test
V2024_04117,L3f74057db6a1,validation
V2024_04118,La9a7e5ca32b2,train
V2024_04119,L9c6cc882ae55,train
V2024_04120,Lb8e5a1ef3ebb,train
V2024_04121,Lbde3817bd4ae,train
V2024_04122,La9a7e5ca32b2,train
V2024_04123,La9a7e5ca32b2,train
V2024_04124,La9a7e5ca32b2,train
V2024_04125,L5dd129432cae,validation
V2024_04126,L9ed5fee254e4,validation
V2024_04127,L6c29e43d5685,validation
V2024_04128,L84fa0fdadc5f,train
V2024_04129,L205eaa93580b,train
V2024_04130,La9a7e5ca32b2,train
V2024_04131,Lbde3817bd4ae,train
V2024_04132,Lf0d46a94bfa2,train
V2024_04133,L407124e4aa1e,train
V2024_04134,Lcd987e152214,train
V2024_04135,Lcd987e152214,train
V2024_04136,L9c6cc882ae55,train
V2024_04137,L1f8e77d4acd8,train
V2024_04138,L7b1cc353b38a,train
V2024_04139,Lbde3817bd4ae,train
V2024_04140,L73a5cbad6597,train
V2024_04141,Lf0d46a94bfa2,train
V2024_04142,La9a7e5ca32b2,train
V2024_04143,Lf0d46a94bfa2,train
V2024_04144,Lf0d46a94bfa2,train
V2024_04145,Lf0d46a94bfa2,train
V2024_04146,La9a7e5ca32b2,train
V2024_04147,L205eaa93580b,train
V2024_04148,Lfa650b540d7a,test
V2024_04149,Lbde3817bd4ae,train
V2024_04150,L6c29e43d5685,validation
V2024_04151,La9a7e5ca32b2,train
V2024_04152,Lf0d46a94bfa2,train
V2024_04153,La9a7e5ca32b2,train
V2024_04154,Lcd987e152214,train
V2024_04155,Lcd987e152214,train
V2024_04156,L2ef3cb570daa,train
V2024_04157,L0b9a0e79bed4,test
V2024_04158,L205eaa93580b,train
V2024_04159,La9a7e5ca32b2,train
V2024_04160,Lf0d46a94bfa2,train
V2024_04161,L3f74057db6a1,validation
V2024_04162,La9a7e5ca32b2,train
V2024_04163,Lf198ed8530e7,test
V2024_04164,Lb4a9591fdc9f,train
V2024_04165,L9c6cc882ae55,train
V2024_04166,Lcd987e152214,train
V2024_04167,Lcd987e152214,train
V2024_04168,Lbde3817bd4ae,train
V2024_04169,Lf198ed8530e7,test
V2024_04170,L4d72f5c04eb4,test
V2024_04171,L6c29e43d5685,validation
V2024_04172,Lf0d46a94bfa2,train
V2024_04173,Lf0d46a94bfa2,train
V2024_04174,L3f74057db6a1,validation
V2024_04175,Lcd987e152214,train
V2024_04176,L71a699584438,train
V2024_04177,L395055b09f3a,train
V2024_04178,Lfa650b540d7a,test
V2024_04179,La9a7e5ca32b2,train
V2024_04180,L2ef3cb570daa,train
V2024_04181,Le21923e2a82a,train
V2024_04182,Lf0d46a94bfa2,train
V2024_04183,Lf0d46a94bfa2,train
V2024_04184,Lb8e5a1ef3ebb,train
V2024_04185,L32ce5c4b3b52,train
V2024_04186,Lf0d46a94bfa2,train
V2024_04187,L5dd129432cae,validation
V2024_04188,Lf0d46a94bfa2,train
V2024_04189,La9a7e5ca32b2,train
V2024_04190,L6c29e43d5685,validation
V2024_04191,Lf0d46a94bfa2,train
V2024_04192,Lbde3817bd4ae,train
V2024_04193,Lf0d46a94bfa2,train
V2024_04194,L407124e4aa1e,train
V2024_04195,Lf0d46a94bfa2,train
V2024_04196,La9a7e5ca32b2,train
V2024_04197,La9a7e5ca32b2,train
V2024_04198,Lb0eeb8459299,validation
V2024_04199,La9a7e5ca32b2,train
V2024_04200,La9a7e5ca32b2,train
V2024_04201,L3f74057db6a1,validation
V2024_04202,L5dd129432cae,validation
V2024_04203,La9a7e5ca32b2,train
V2024_04204,Lbde3817bd4ae,train
V2024_04205,L08a3ffd98318,test
V2024_04206,La9a7e5ca32b2,train
V2024_04207,L73a5cbad6597,train
V2024_04208,Lbde3817bd4ae,train
V2024_04209,L36bac781f106,validation
V2024_04210,L6c29e43d5685,validation
V2024_04211,La9a7e5ca32b2,train
V2024_04212,L9c6cc882ae55,train
V2024_04213,Lb0eeb8459299,validation
V2024_04214,Lf0d46a94bfa2,train
V2024_04215,La9a7e5ca32b2,train
V2024_04216,Lb0eeb8459299,validation
V2024_04217,Lcd987e152214,train
V2024_04218,Lfa650b540d7a,test
V2024_04219,La9a7e5ca32b2,train
V2024_04220,L36bac781f106,validation
V2024_04221,L36bac781f106,validation
V2024_04222,L1f8e77d4acd8,train
V2024_04223,Lbb32c231d9cf,test
V2024_04224,L407124e4aa1e,train
V2024_04225,Lfa650b540d7a,test
V2024_04226,L407124e4aa1e,train
V2024_04227,Lcd987e152214,train
V2024_04228,L5ccdd0652421,train
V2024_04229,Lcd987e152214,train
V2024_04230,L407124e4aa1e,train
V2024_04231,La9a7e5ca32b2,train
V2024_04232,Lfa650b540d7a,test
V2024_04233,La9a7e5ca32b2,train
V2024_04234,Lf0d46a94bfa2,train
V2024_04235,Lbde3817bd4ae,train
V2024_04236,L71a699584438,train
V2024_04237,L5ce997be22d2,validation
V2024_04238,Lf0d46a94bfa2,train
V2024_04239,La9a7e5ca32b2,train
V2024_04240,Lbde3817bd4ae,train
V2024_04241,La9a7e5ca32b2,train
V2024_04242,L9c6cc882ae55,train
V2024_04243,Lb8e5a1ef3ebb,train
V2024_04244,L3f74057db6a1,validation
V2024_04245,L9c6cc882ae55,train
V2024_04246,L205eaa93580b,train
V2024_04247,L7da17500c698,train
V2024_04248,L5543056a4a8d,train
V2024_04249,Lfa650b540d7a,test
V2024_04250,Lcd987e152214,train
V2024_04251,Lfa650b540d7a,test
V2024_04252,L205eaa93580b,train
V2024_04253,Lcd987e152214,train
V2024_04254,Lbde3817bd4ae,train
V2024_04255,Lb0eeb8459299,validation
V2024_04256,La9a7e5ca32b2,train
V2024_04257,Lbde3817bd4ae,train
V2024_04258,La9a7e5ca32b2,train
V2024_04259,Lf0d46a94bfa2,train
V2024_04260,La9a7e5ca32b2,train
V2024_04261,Lbde3817bd4ae,train
V2024_04262,Lb0eeb8459299,validation
V2024_04263,Lf0d46a94bfa2,train
V2024_04264,Lf0d46a94bfa2,train
V2024_04265,La9a7e5ca32b2,train
V2024_04266,L407124e4aa1e,train
V2024_04267,L36bac781f106,validation
V2024_04268,Lcd987e152214,train
V2024_04269,L407124e4aa1e,train
V2024_04270,La9a7e5ca32b2,train
V2024_04271,Lbde3817bd4ae,train
V2024_04272,L5dd129432cae,validation
V2024_04273,Lbde3817bd4ae,train
V2024_04274,Lf0d46a94bfa2,train
V2024_04275,Lcd987e152214,train
V2024_04276,Lcd987e152214,train
V2024_04277,Lcd987e152214,train
V2024_04278,Lcd987e152214,train
V2024_04279,L6c29e43d5685,validation
V2024_04280,Lfa650b540d7a,test
V2024_04281,Lfa650b540d7a,test
V2024_04282,Lfa650b540d7a,test
V2024_04283,Lfa650b540d7a,test
V2024_04284,Lfa650b540d7a,test
V2024_04285,Lfa650b540d7a,test
V2024_04286,Lfa650b540d7a,test
V2024_04287,Lfa650b540d7a,test
V2024_04288,Lfa650b540d7a,test
V2024_04289,Lfa650b540d7a,test
V2024_04290,Lfa650b540d7a,test
V2024_04291,L4165aedad973,train
V2024_04292,Lf0d46a94bfa2,train
V2024_04293,L407124e4aa1e,train
V2024_04294,Lf0d46a94bfa2,train
V2024_04295,L5dd129432cae,validation
V2024_04296,L6c29e43d5685,validation
V2024_04297,L205eaa93580b,train
V2024_04298,Lf0d46a94bfa2,train
V2024_04299,L9c6cc882ae55,train
V2024_04300,L205eaa93580b,train
V2024_04301,Lcd987e152214,train
V2024_04302,Lfa650b540d7a,test
V2024_04303,L6c29e43d5685,validation
V2024_04304,L36bac781f106,validation
V2024_04305,L407124e4aa1e,train
V2024_04306,L2ef3cb570daa,train
V2024_04307,L0b9a0e79bed4,test
V2024_04308,L407124e4aa1e,train
V2024_04309,Leaefa703e9e8,train
V2024_04310,Lbde3817bd4ae,train
V2024_04311,Lf0d46a94bfa2,train
V2024_04312,Lf0d46a94bfa2,train
V2024_04313,La9a7e5ca32b2,train
V2024_04314,L1f8e77d4acd8,train
V2024_04315,L0c491d505638,train
V2024_04316,Lf0d46a94bfa2,train
V2024_04317,L3f74057db6a1,validation
V2024_04318,Lf0d46a94bfa2,train
V2024_04319,La9a7e5ca32b2,train
V2024_04320,L6c29e43d5685,validation
V2024_04321,Lbde3817bd4ae,train
V2024_04322,Lbde3817bd4ae,train
V2024_04323,La9a7e5ca32b2,train
V2024_04324,Lcd987e152214,train
V2024_04325,Lcd987e152214,train
V2024_04326,L71a699584438,train
V2024_04327,Lfc321389fea3,validation
V2024_04328,Lfa650b540d7a,test
V2024_04329,Lfa650b540d7a,test
V2024_04330,Lfa650b540d7a,test
V2024_04331,Lf0d46a94bfa2,train
V2024_04332,Lb0eeb8459299,validation
V2024_04333,L36bac781f106,validation
V2024_04334,Lcd987e152214,train
V2024_04335,L36bac781f106,validation
V2024_04336,L36bac781f106,validation
V2024_04337,Lfa650b540d7a,test
V2024_04338,Lfa650b540d7a,test
V2024_04339,L5dd129432cae,validation
V2024_04340,Lcd987e152214,train
V2024_04341,Lbde3817bd4ae,train
V2024_04342,L3f74057db6a1,validation
V2024_04343,Lbde3817bd4ae,train
V2024_04344,Lf0d46a94bfa2,train
V2024_04345,La9a7e5ca32b2,train
V2024_04346,La9a7e5ca32b2,train
V2024_04347,Lfa650b540d7a,test
V2024_04348,L6c29e43d5685,validation
V2024_04349,Lbde3817bd4ae,train
V2024_04350,Lbde3817bd4ae,train
V2024_04351,L32ce5c4b3b52,train
V2024_04352,La9a7e5ca32b2,train
V2024_04353,L6c29e43d5685,validation
V2024_04354,Lf0d46a94bfa2,train
V2024_04355,Lf0d46a94bfa2,train
V2024_04356,Lf0d46a94bfa2,train
V2024_04357,Lbde3817bd4ae,train
V2024_04358,L1f8e77d4acd8,train
V2024_04359,L6c390d27de56,train
V2024_04360,La9a7e5ca32b2,train
V2024_04361,L1f8e77d4acd8,train
V2024_04362,L6c390d27de56,train
V2024_04363,Lbde3817bd4ae,train
V2024_04364,L6c29e43d5685,validation
V2024_04365,Lf0d46a94bfa2,train
V2024_04366,Lda017a7b1195,validation
V2024_04367,L5dd129432cae,validation
V2024_04368,Lbde3817bd4ae,train
V2024_04369,Lf0d46a94bfa2,train
V2024_04370,L9c6cc882ae55,train
V2024_04371,L5dd129432cae,validation
V2024_04372,L5dd129432cae,validation
V2024_04373,Lbde3817bd4ae,train
V2024_04374,L1f8e77d4acd8,train
V2024_04375,Laf5153beab36,train
V2024_04376,Lf0d46a94bfa2,train
V2024_04377,La9a7e5ca32b2,train
V2024_04378,Lbde3817bd4ae,train
V2024_04379,L6c29e43d5685,validation
V2024_04380,Lf0d46a94bfa2,train
V2024_04381,L205eaa93580b,train
V2024_04382,Lf0d46a94bfa2,train
V2024_04383,L7d9f604b3d85,validation
V2024_04384,Lf0d46a94bfa2,train
V2024_04385,Lf0d46a94bfa2,train
V2024_04386,Lcd987e152214,train
V2024_04387,L2ef3cb570daa,train
V2024_04388,Lc1b7fc9d6228,test
V2024_04389,Lf0d46a94bfa2,train
V2024_04390,La9a7e5ca32b2,train
V2024_04391,La9a7e5ca32b2,train
V2024_04392,La9a7e5ca32b2,train
V2024_04393,La9a7e5ca32b2,train
V2024_04394,L9c6cc882ae55,train
V2024_04395,Lfa650b540d7a,test
V2024_04396,Lf0d46a94bfa2,train
V2024_04397,L1f8e77d4acd8,train
V2024_04398,L0c491d505638,train
V2024_04399,L9c6cc882ae55,train
V2024_04400,Lf0d46a94bfa2,train
V2024_04401,La9a7e5ca32b2,train
V2024_04402,La9a7e5ca32b2,train
V2024_04403,La9a7e5ca32b2,train
V2024_04404,Lfa650b540d7a,test
V2024_04405,Lfa650b540d7a,test
V2024_04406,Lf0d46a94bfa2,train
V2024_04407,L3f74057db6a1,validation
V2024_04408,Lcd987e152214,train
V2024_04409,Lf0d46a94bfa2,train
V2024_04410,Lbde3817bd4ae,train
V2024_04411,L6c29e43d5685,validation
V2024_04412,Lf0d46a94bfa2,train
V2024_04413,L9c6cc882ae55,train
V2024_04414,Lf198ed8530e7,test
V2024_04415,L24c8300b6c5b,train
V2024_04416,Lb0eeb8459299,validation
V2024_04417,La9a7e5ca32b2,train
V2024_04418,Lfa650b540d7a,test
V2024_04419,Lf0d46a94bfa2,train
V2024_04420,Lcd987e152214,train
V2024_04421,Lcd987e152214,train
V2024_04422,L407124e4aa1e,train
V2024_04423,Lcd987e152214,train
V2024_04424,Lf0d46a94bfa2,train
V2024_04425,Lcd987e152214,train
V2024_04426,Lcd987e152214,train
V2024_04427,L9c6cc882ae55,train
V2024_04428,Lf0d46a94bfa2,train
V2024_04429,Lcd987e152214,train
V2024_04430,Lcd987e152214,train
V2024_04431,L36bac781f106,validation
V2024_04432,L6c29e43d5685,validation
V2024_04433,Lcd987e152214,train
V2024_04434,Lcd987e152214,train
V2024_04435,Lcd987e152214,train
V2024_04436,L2ef3cb570daa,train
V2024_04437,L8a3579245c10,validation
V2024_04438,L0f50ef04e441,train
V2024_04439,La9a7e5ca32b2,train
V2024_04440,Lcd987e152214,train
V2024_04441,Lf0d46a94bfa2,train
V2024_04442,Lbde3817bd4ae,train
V2024_04443,La9a7e5ca32b2,train
V2024_04444,L36bac781f106,validation
V2024_04445,Lf0d46a94bfa2,train
V2024_04446,Lcd987e152214,train
V2024_04447,L407124e4aa1e,train
V2024_04448,La9a7e5ca32b2,train
V2024_04449,Lb8e5a1ef3ebb,train
V2024_04450,L73a5cbad6597,train
V2024_04451,Lbde3817bd4ae,train
V2024_04452,La9a7e5ca32b2,train
V2024_04453,La9a7e5ca32b2,train
V2024_04454,Lbde3817bd4ae,train
V2024_04455,La9a7e5ca32b2,train
V2024_04456,L6c29e43d5685,validation
V2024_04457,L5dd129432cae,validation
V2024_04458,L205eaa93580b,train
V2024_04459,Lf0d46a94bfa2,train
V2024_04460,Lf0d46a94bfa2,train
V2024_04461,L73a5cbad6597,train
V2024_04462,Lf0d46a94bfa2,train
V2024_04463,La9a7e5ca32b2,train
V2024_04464,Lf0d46a94bfa2,train
V2024_04465,L6c29e43d5685,validation
V2024_04466,L6c29e43d5685,validation
V2024_04467,Lf0d46a94bfa2,train
V2024_04468,Lcd987e152214,train
V2024_04469,L5dd129432cae,validation
V2024_04470,Lf0d46a94bfa2,train
V2024_04471,Lf0d46a94bfa2,train
V2024_04472,Lf0d46a94bfa2,train
V2024_04473,Lfa650b540d7a,test
V2024_04474,La9a7e5ca32b2,train
V2024_04475,La9a7e5ca32b2,train
V2024_04476,L1f8e77d4acd8,train
V2024_04477,L407124e4aa1e,train
V2024_04478,Lf0d46a94bfa2,train
V2024_04479,Lcd54afcaf8c2,train
V2024_04480,Lb8e5a1ef3ebb,train
V2024_04481,L205eaa93580b,train
V2024_04482,La9a7e5ca32b2,train
V2024_04483,Lf0d46a94bfa2,train
V2024_04484,Lf0d46a94bfa2,train
V2024_04485,Lfa650b540d7a,test
V2024_04486,L5dd129432cae,validation
V2024_04487,Lf0d46a94bfa2,train
V2024_04488,Lbde3817bd4ae,train
V2024_04489,Lf0d46a94bfa2,train
V2024_04490,L3f74057db6a1,validation
V2024_04491,Lf0d46a94bfa2,train
V2024_04492,L407124e4aa1e,train
V2024_04493,L205eaa93580b,train
V2024_04494,Lfa650b540d7a,test
V2024_04495,Lf0d46a94bfa2,train
V2024_04496,Lcd987e152214,train
V2024_04497,Lcd987e152214,train
V2024_04498,Lcd987e152214,train
V2024_04499,L2ef3cb570daa,train
V2024_04500,Lc33f7bf92218,test
V2024_04501,Lcd987e152214,train
V2024_04502,Lfa650b540d7a,test
V2024_04503,L3f74057db6a1,validation
V2024_04504,Lf0d46a94bfa2,train
V2024_04505,La9a7e5ca32b2,train
V2024_04506,L407124e4aa1e,train
V2024_04507,Lcd987e152214,train
V2024_04508,L6c29e43d5685,validation
V2024_04509,Lbde3817bd4ae,train
V2024_04510,Lb8e5a1ef3ebb,train
V2024_04511,Lf0d46a94bfa2,train
V2024_04512,Lf0d46a94bfa2,train
V2024_04513,La9a7e5ca32b2,train
V2024_04514,Lf0d46a94bfa2,train
V2024_04515,Lf0d46a94bfa2,train
V2024_04516,Lf0d46a94bfa2,train
V2024_04517,Lcd987e152214,train
V2024_04518,Lcd987e152214,train
V2024_04519,Lcd987e152214,train
V2024_04520,L36bac781f106,validation
V2024_04521,Lcd987e152214,train
V2024_04522,Lb8e5a1ef3ebb,train
V2024_04523,L32ce5c4b3b52,train
V2024_04524,Lb8e5a1ef3ebb,train
V2024_04525,Lcd987e152214,train
V2024_04526,Lcd987e152214,train
V2024_04527,Lcd987e152214,train
V2024_04528,Lcd987e152214,train
V2024_04529,Lfa650b540d7a,test
V2024_04530,Lfa650b540d7a,test
V2024_04531,Lf0d46a94bfa2,train
V2024_04532,Lda017a7b1195,validation
V2024_04533,La9a7e5ca32b2,train
V2024_04534,Lf0d46a94bfa2,train
V2024_04535,L5dd129432cae,validation
V2024_04536,L205eaa93580b,train
V2024_04537,Lbde3817bd4ae,train
V2024_04538,Lbde3817bd4ae,train
V2024_04539,L6071425a27eb,train
V2024_04540,Lbde3817bd4ae,train
V2024_04541,Lbde3817bd4ae,train
V2024_04542,Lfa650b540d7a,test
V2024_04543,Lf802f9ea0a59,train
V2024_04544,Lfa650b540d7a,test
V2024_04545,Lfa650b540d7a,test
V2024_04546,Lcd987e152214,train
V2024_04547,Lfa650b540d7a,test
V2024_04548,Lcd987e152214,train
V2024_04549,Lfa650b540d7a,test
V2024_04550,Lfa650b540d7a,test
V2024_04551,Lf802f9ea0a59,train
V2024_04552,Lcd987e152214,train
V2024_04553,Lf0d46a94bfa2,train
V2024_04554,Lfa650b540d7a,test
V2024_04555,Lfa650b540d7a,test
V2024_04556,Lfa650b540d7a,test
V2024_04557,L1f8e77d4acd8,train
V2024_04558,Lf0d46a94bfa2,train
V2024_04559,Lecadcf9e1b51,train
V2024_04560,Lda017a7b1195,validation
V2024_04561,L6c29e43d5685,validation
V2024_04562,L6c29e43d5685,validation
V2024_04563,Lcd987e152214,train
V2024_04564,L46f32b6e7948,train
V2024_04565,Lbde3817bd4ae,train
V2024_04566,Lf0d46a94bfa2,train
V2024_04567,Lf0d46a94bfa2,train
V2024_04568,L6c29e43d5685,validation
V2024_04569,L7d9f604b3d85,validation
V2024_04570,L6c29e43d5685,validation
V2024_04571,Lbde3817bd4ae,train
V2024_04572,Lbde3817bd4ae,train
V2024_04573,Lcd987e152214,train
V2024_04574,Lf802f9ea0a59,train
V2024_04575,Lf0d46a94bfa2,train
V2024_04576,Lf0d46a94bfa2,train
V2024_04577,L6c29e43d5685,validation
V2024_04578,L36bac781f106,validation
V2024_04579,La9a7e5ca32b2,train
V2024_04580,L6c29e43d5685,validation
V2024_04581,Lfa650b540d7a,test
V2024_04582,La9a7e5ca32b2,train
V2024_04583,Lb8e5a1ef3ebb,train
V2024_04584,L3f74057db6a1,validation
V2024_04585,L205eaa93580b,train
V2024_04586,Lf0d46a94bfa2,train
V2024_04587,La9a7e5ca32b2,train
V2024_04588,L205eaa93580b,train
V2024_04589,Lf0d46a94bfa2,train
V2024_04590,Lf0d46a94bfa2,train
V2024_04591,Lf0d46a94bfa2,train
V2024_04592,Lf0d46a94bfa2,train
V2024_04593,Lb0eeb8459299,validation
V2024_04594,Lfa650b540d7a,test
V2024_04595,La9a7e5ca32b2,train
V2024_04596,Lfa650b540d7a,test
V2024_04597,Lcd987e152214,train
V2024_04598,La9a7e5ca32b2,train
V2024_04599,Lcd987e152214,train
V2024_04600,Lf0d46a94bfa2,train
V2024_04601,L36bac781f106,validation
V2024_04602,Lbde3817bd4ae,train
V2024_04603,Lf0d46a94bfa2,train
V2024_04604,L6c29e43d5685,validation
V2024_04605,L407124e4aa1e,train
V2024_04606,L5dd129432cae,validation
V2024_04607,L3f74057db6a1,validation
V2024_04608,L1f8e77d4acd8,train
V2024_04609,La9a7e5ca32b2,train
V2024_04610,La9a7e5ca32b2,train
V2024_04611,L9dd76d79e9d4,validation
V2024_04612,L3f74057db6a1,validation
V2024_04613,La9a7e5ca32b2,train
V2024_04614,La9a7e5ca32b2,train
V2024_04615,L5dd129432cae,validation
V2024_04616,L5dd129432cae,validation
V2024_04617,Lbde3817bd4ae,train
V2024_04618,L6c29e43d5685,validation
V2024_04619,L205eaa93580b,train
V2024_04620,Lf198ed8530e7,test
V2024_04621,Ld10044b91c82,train
V2024_04622,L8419f722830f,validation
V2024_04623,Lf0d46a94bfa2,train
V2024_04624,L84fa0fdadc5f,train
V2024_04625,Lf0d46a94bfa2,train
V2024_04626,Lf0d46a94bfa2,train
V2024_04627,L6c29e43d5685,validation
V2024_04628,Lf0d46a94bfa2,train
V2024_04629,L1f8e77d4acd8,train
V2024_04630,L4230e21cb190,train
V2024_04631,L9c6cc882ae55,train
V2024_04632,Lbde3817bd4ae,train
V2024_04633,Lf0d46a94bfa2,train
V2024_04634,Lf0d46a94bfa2,train
V2024_04635,L9c6cc882ae55,train
V2024_04636,La9a7e5ca32b2,train
V2024_04637,L5dd129432cae,validation
V2024_04638,L5dd129432cae,validation
V2024_04639,Lbde3817bd4ae,train
V2024_04640,Lbde3817bd4ae,train
V2024_04641,La9a7e5ca32b2,train
V2024_04642,Lf0d46a94bfa2,train
V2024_04643,L1f8e77d4acd8,train
V2024_04644,L92a65a9db650,test
V2024_04645,Lf0d46a94bfa2,train
V2024_04646,Lf0d46a94bfa2,train
V2024_04647,Lbde3817bd4ae,train
V2024_04648,Laa6ebfb3ef7a,train
V2024_04649,Lf0d46a94bfa2,train
V2024_04650,L5dd129432cae,validation
V2024_04651,L32ce5c4b3b52,train
V2024_04652,La9a7e5ca32b2,train
V2024_04653,Lbde3817bd4ae,train
V2024_04654,Lc841a6ae3d38,train
V2024_04655,L407124e4aa1e,train
V2024_04656,Lcd987e152214,train
V2024_04657,L9c6cc882ae55,train
V2024_04658,Lb8e5a1ef3ebb,train
V2024_04659,L1f8e77d4acd8,train
V2024_04660,La9a7e5ca32b2,train
V2024_04661,La9a7e5ca32b2,train
V2024_04662,L3f74057db6a1,validation
V2024_04663,Lf9e4bd5cbe2c,train
V2024_04664,L5dd129432cae,validation
V2024_04665,L5dd129432cae,validation
V2024_04666,La9a7e5ca32b2,train
V2024_04667,La9a7e5ca32b2,train
V2024_04668,Lf0d46a94bfa2,train
V2024_04669,L9c6cc882ae55,train
V2024_04670,Lf0d46a94bfa2,train
V2024_04671,Lf0d46a94bfa2,train
V2024_04672,L3f74057db6a1,validation
V2024_04673,Lf0d46a94bfa2,train
V2024_04674,L407124e4aa1e,train
V2024_04675,La9a7e5ca32b2,train
V2024_04676,Lbde3817bd4ae,train
V2024_04677,Lf0d46a94bfa2,train
V2024_04678,La9a7e5ca32b2,train
V2024_04679,Lbde3817bd4ae,train
V2024_04680,Lbde3817bd4ae,train
V2024_04681,La9a7e5ca32b2,train
V2024_04682,Lf0d46a94bfa2,train
V2024_04683,Lb8e5a1ef3ebb,train
V2024_04684,Lf0d46a94bfa2,train
V2024_04685,Lcd987e152214,train
V2024_04686,L6c29e43d5685,validation
V2024_04687,Lf0d46a94bfa2,train
V2024_04688,Lf0d46a94bfa2,train
V2024_04689,Lf0d46a94bfa2,train
V2024_04690,La9a7e5ca32b2,train
V2024_04691,Lc841a6ae3d38,train
V2024_04692,La9a7e5ca32b2,train
V2024_04693,L36bac781f106,validation
V2024_04694,Lbde3817bd4ae,train
V2024_04695,Lf0d46a94bfa2,train
V2024_04696,L09f8b92c68e4,validation
V2024_04697,Lcd987e152214,train
V2024_04698,Lf802f9ea0a59,train
V2024_04699,La9a7e5ca32b2,train
V2024_04700,L6c29e43d5685,validation
V2024_04701,Lbde3817bd4ae,train
V2024_04702,La9a7e5ca32b2,train
V2024_04703,L205eaa93580b,train
V2024_04704,La9a7e5ca32b2,train
V2024_04705,L407124e4aa1e,train
V2024_04706,Lf0d46a94bfa2,train
V2024_04707,Lbde3817bd4ae,train
V2024_04708,Lbde3817bd4ae,train
V2024_04709,Lfa650b540d7a,test
V2024_04710,Lbde3817bd4ae,train
V2024_04711,L205eaa93580b,train
V2024_04712,L205eaa93580b,train
V2024_04713,Lb0eeb8459299,validation
V2024_04714,Lcd987e152214,train
V2024_04715,La9a7e5ca32b2,train
V2024_04716,La9a7e5ca32b2,train
V2024_04717,L2ef3cb570daa,train
V2024_04718,L8a3579245c10,validation
V2024_04719,L84d6adaef00b,test
V2024_04720,Lf0d46a94bfa2,train
V2024_04721,L4165aedad973,train
V2024_04722,Lb8e5a1ef3ebb,train
V2024_04723,Lf0d46a94bfa2,train
V2024_04724,Lf0d46a94bfa2,train
V2024_04725,L6c29e43d5685,validation
V2024_04726,L5dd129432cae,validation
V2024_04727,Lbde3817bd4ae,train
V2024_04728,Lbde3817bd4ae,train
V2024_04729,L6c29e43d5685,validation
V2024_04730,Lf0d46a94bfa2,train
V2024_04731,Lbde3817bd4ae,train
V2024_04732,Lf0d46a94bfa2,train
V2024_04733,Lbde3817bd4ae,train
V2024_04734,Lbde3817bd4ae,train
V2024_04735,L6c29e43d5685,validation
V2024_04736,L2ef3cb570daa,train
V2024_04737,Le21923e2a82a,train
V2024_04738,Lb8e5a1ef3ebb,train
V2024_04739,L0583822b37a2,train
V2024_04740,Lbde3817bd4ae,train
V2024_04741,Lf0d46a94bfa2,train
V2024_04742,Lf0d46a94bfa2,train
V2024_04743,Lc841a6ae3d38,train
V2024_04744,Lf0d46a94bfa2,train
V2024_04745,L5dd129432cae,validation
V2024_04746,Lbde3817bd4ae,train
V2024_04747,L9c6cc882ae55,train
V2024_04748,Lcd987e152214,train
V2024_04749,Lbde3817bd4ae,train
V2024_04750,Lf0d46a94bfa2,train
V2024_04751,L6c29e43d5685,validation
V2024_04752,Lf0d46a94bfa2,train
V2024_04753,La9a7e5ca32b2,train
V2024_04754,L407124e4aa1e,train
V2024_04755,Lf0d46a94bfa2,train
V2024_04756,L205eaa93580b,train
V2024_04757,Lbde3817bd4ae,train
V2024_04758,Lbde3817bd4ae,train
V2024_04759,L5dd129432cae,validation
V2024_04760,L411f86a6d620,train
V2024_04761,Lf0d46a94bfa2,train
V2024_04762,Lf0d46a94bfa2,train
V2024_04763,La9a7e5ca32b2,train
V2024_04764,La9a7e5ca32b2,train
V2024_04765,L205eaa93580b,train
V2024_04766,Lf0d46a94bfa2,train
V2024_04767,L407124e4aa1e,train
V2024_04768,Lcd987e152214,train
V2024_04769,L2ef3cb570daa,train
V2024_04770,L8a3579245c10,validation
V2024_04771,L9dd76d79e9d4,validation
V2024_04772,Lcd987e152214,train
V2024_04773,L2ef3cb570daa,train
V2024_04774,L6f5efe3165cd,train
V2024_04775,Lbde3817bd4ae,train
V2024_04776,La9a7e5ca32b2,train
V2024_04777,Lf0d46a94bfa2,train
V2024_04778,L5dd129432cae,validation
V2024_04779,La9a7e5ca32b2,train
V2024_04780,L9c6cc882ae55,train
V2024_04781,La9a7e5ca32b2,train
V2024_04782,Lcd987e152214,train
V2024_04783,L2ef3cb570daa,train
V2024_04784,L0143bc2db328,train
V2024_04785,Lcd987e152214,train
V2024_04786,L9c6cc882ae55,train
V2024_04787,L08a3ffd98318,test
V2024_04788,Lbde3817bd4ae,train
V2024_04789,Lf0d46a94bfa2,train
V2024_04790,L3f74057db6a1,validation
V2024_04791,Lbde3817bd4ae,train
V2024_04792,Lfa650b540d7a,test
V2024_04793,La9a7e5ca32b2,train
V2024_04794,L205eaa93580b,train
V2024_04795,Lcd987e152214,train
V2024_04796,Lcd987e152214,train
V2024_04797,La9a7e5ca32b2,train
V2024_04798,Lb41fe5075f73,train
V2024_04799,Lb8e5a1ef3ebb,train
V2024_04800,Lcd987e152214,train
V2024_04801,Lcd987e152214,train
V2024_04802,Lcd987e152214,train
V2024_04803,Lcd987e152214,train
V2024_04804,Lcd987e152214,train
V2024_04805,Lcd987e152214,train
V2024_04806,La9a7e5ca32b2,train
V2024_04807,La9a7e5ca32b2,train
V2024_04808,L407124e4aa1e,train
V2024_04809,La9a7e5ca32b2,train
V2024_04810,Lcd987e152214,train
V2024_04811,La9a7e5ca32b2,train
V2024_04812,Lbde3817bd4ae,train
V2024_04813,L407124e4aa1e,train
V2024_04814,Lcd987e152214,train
V2024_04815,Lcd987e152214,train
V2024_04816,Lcd987e152214,train
V2024_04817,Lcd987e152214,train
V2024_04818,Lcd987e152214,train
V2024_04819,La9a7e5ca32b2,train
V2024_04820,La9a7e5ca32b2,train
V2024_04821,Lf198ed8530e7,test
V2024_04822,L8a5091fde179,test
V2024_04823,Lfa650b540d7a,test
V2024_04824,La9a7e5ca32b2,train
V2024_04825,Lbde3817bd4ae,train
V2024_04826,Lf0d46a94bfa2,train
V2024_04827,L6071425a27eb,train
V2024_04828,La9a7e5ca32b2,train
V2024_04829,L5dd129432cae,validation
V2024_04830,L205eaa93580b,train
V2024_04831,Lb0eeb8459299,validation
V2024_04832,L407124e4aa1e,train
V2024_04833,Lcd987e152214,train
V2024_04834,Lfa650b540d7a,test
V2024_04835,Lf0d46a94bfa2,train
V2024_04836,Lf0d46a94bfa2,train
V2024_04837,Lf0d46a94bfa2,train
V2024_04838,Lbde3817bd4ae,train
V2024_04839,Lbde3817bd4ae,train
V2024_04840,Lfa650b540d7a,test
V2024_04841,La9a7e5ca32b2,train
V2024_04842,L3f74057db6a1,validation
V2024_04843,Lfa650b540d7a,test
V2024_04844,L407124e4aa1e,train
V2024_04845,L5dd129432cae,validation
V2024_04846,L205eaa93580b,train
V2024_04847,L5dd129432cae,validation
V2024_04848,Lf0d46a94bfa2,train
V2024_04849,L5dd129432cae,validation
V2024_04850,Lbde3817bd4ae,train
V2024_04851,L205eaa93580b,train
V2024_04852,Lbde3817bd4ae,train
V2024_04853,L6c29e43d5685,validation
V2024_04854,L6c29e43d5685,validation
V2024_04855,L73a5cbad6597,train
V2024_04856,Lf0d46a94bfa2,train
V2024_04857,La9a7e5ca32b2,train
V2024_04858,Lf0d46a94bfa2,train
V2024_04859,Lf0d46a94bfa2,train
V2024_04860,La9a7e5ca32b2,train
V2024_04861,L1f8e77d4acd8,train
V2024_04862,L5a12bd11f218,train
V2024_04863,L19d1645218d0,train
V2024_04864,Lcd987e152214,train
V2024_04865,Lb0eeb8459299,validation
V2024_04866,L73a5cbad6597,train
V2024_04867,Lf0d46a94bfa2,train
V2024_04868,L6c29e43d5685,validation
V2024_04869,La9a7e5ca32b2,train
V2024_04870,L1f8e77d4acd8,train
V2024_04871,Lb6eb0e3ab1e6,test
V2024_04872,Lbde3817bd4ae,train
V2024_04873,La9a7e5ca32b2,train
V2024_04874,Lf0d46a94bfa2,train
V2024_04875,L5dd129432cae,validation
V2024_04876,La9a7e5ca32b2,train
V2024_04877,L3f74057db6a1,validation
V2024_04878,L5dd129432cae,validation
V2024_04879,La9a7e5ca32b2,train
V2024_04880,L84fa0fdadc5f,train
V2024_04881,L205eaa93580b,train
V2024_04882,Lf0d46a94bfa2,train
V2024_04883,La9a7e5ca32b2,train
V2024_04884,L1f8e77d4acd8,train
V2024_04885,L6c390d27de56,train
V2024_04886,Lf0d46a94bfa2,train
V2024_04887,Lf0d46a94bfa2,train
V2024_04888,L6c29e43d5685,validation
V2024_04889,Lf0d46a94bfa2,train
V2024_04890,La9a7e5ca32b2,train
V2024_04891,Lf198ed8530e7,test
V2024_04892,L4d72f5c04eb4,test
V2024_04893,La9a7e5ca32b2,train
V2024_04894,Lf0d46a94bfa2,train
V2024_04895,L205eaa93580b,train
V2024_04896,Lbde3817bd4ae,train
V2024_04897,Lbde3817bd4ae,train
V2024_04898,La9a7e5ca32b2,train
V2024_04899,L205eaa93580b,train
V2024_04900,Lfa650b540d7a,test
V2024_04901,L9ed5fee254e4,validation
V2024_04902,L6c29e43d5685,validation
V2024_04903,L3f74057db6a1,validation
V2024_04904,Lf0d46a94bfa2,train
V2024_04905,Lf0d46a94bfa2,train
V2024_04906,L09f8b92c68e4,validation
V2024_04907,Lcd987e152214,train
V2024_04908,L205eaa93580b,train
V2024_04909,L205eaa93580b,train
V2024_04910,Lf0d46a94bfa2,train
V2024_04911,L407124e4aa1e,train
V2024_04912,Lfa650b540d7a,test
V2024_04913,Lfa650b540d7a,test
V2024_04914,Lcd987e152214,train
V2024_04915,Lbde3817bd4ae,train
V2024_04916,La9a7e5ca32b2,train
V2024_04917,La9a7e5ca32b2,train
V2024_04918,Lb0eeb8459299,validation
V2024_04919,Lf0d46a94bfa2,train
V2024_04920,Lf0d46a94bfa2,train
V2024_04921,Lbde3817bd4ae,train
V2024_04922,Lf0d46a94bfa2,train
V2024_04923,Lb0eeb8459299,validation
V2024_04924,La9a7e5ca32b2,train
V2024_04925,L6c29e43d5685,validation
V2024_04926,Lbde3817bd4ae,train
V2024_04927,Lbde3817bd4ae,train
V2024_04928,Lf0d46a94bfa2,train
V2024_04929,Lf0d46a94bfa2,train
V2024_04930,Lf0d46a94bfa2,train
V2024_04931,Lbde3817bd4ae,train
V2024_04932,Laa6ebfb3ef7a,train
V2024_04933,Lf0d46a94bfa2,train
V2024_04934,Lf0d46a94bfa2,train
V2024_04935,La9a7e5ca32b2,train
V2024_04936,Lbde3817bd4ae,train
V2024_04937,Lf0d46a94bfa2,train
V2024_04938,Lf0d46a94bfa2,train
V2024_04939,Lf0d46a94bfa2,train
V2024_04940,Lf0d46a94bfa2,train
V2024_04941,L6c29e43d5685,validation
V2024_04942,L1f8e77d4acd8,train
V2024_04943,La9a7e5ca32b2,train
V2024_04944,Lf0d46a94bfa2,train
V2024_04945,L8c1a67d2d684,train
V2024_04946,L9c6cc882ae55,train
V2024_04947,Lbde3817bd4ae,train
V2024_04948,La9a7e5ca32b2,train
V2024_04949,Lf0d46a94bfa2,train
V2024_04950,L6071425a27eb,train
V2024_04951,La9a7e5ca32b2,train
V2024_04952,Lf0d46a94bfa2,train
V2024_04953,Lf802f9ea0a59,train
V2024_04954,Lbde3817bd4ae,train
V2024_04955,La9a7e5ca32b2,train
V2024_04956,Lbde3817bd4ae,train
V2024_04957,Lf0d46a94bfa2,train
V2024_04958,Lf0d46a94bfa2,train
V2024_04959,Lbde3817bd4ae,train
V2024_04960,Lfed12c9b6ce3,train
V2024_04961,La9a7e5ca32b2,train
V2024_04962,La9a7e5ca32b2,train
V2024_04963,L2ef3cb570daa,train
V2024_04964,L90294f1d01db,train
V2024_04965,Lfa650b540d7a,test
V2024_04966,La9a7e5ca32b2,train
V2024_04967,Lf0d46a94bfa2,train
V2024_04968,L2ef3cb570daa,train
V2024_04969,L0b9a0e79bed4,test
V2024_04970,Lf0d46a94bfa2,train
V2024_04971,L5dd129432cae,validation
V2024_04972,L1f8e77d4acd8,train
V2024_04973,Lb6eb0e3ab1e6,test
V2024_04974,Lf0d46a94bfa2,train
V2024_04975,Lf198ed8530e7,test
V2024_04976,L4d72f5c04eb4,test
V2024_04977,Lf198ed8530e7,test
V2024_04978,Ld10044b91c82,train
V2024_04979,L9dd76d79e9d4,validation
V2024_04980,L5dd129432cae,validation
V2024_04981,Lfa650b540d7a,test
V2024_04982,L12e9a0d0cf4f,validation
V2024_04983,L7bccb4f523f7,train
V2024_04984,L823bae264314,train
V2024_04985,L7bccb4f523f7,train
V2024_04986,L7bccb4f523f7,train
V2024_04987,L66cc0e01f61a,train
V2024_04988,L7bccb4f523f7,train
V2024_04989,L61dff8138b71,test
V2024_04990,L1aa66fef9014,train
V2024_04991,L7bccb4f523f7,train
V2024_04992,L552cfd580f3c,train
V2024_04993,L823bae264314,train
V2024_04994,L7bccb4f523f7,train
V2024_04995,L7bccb4f523f7,train
V2024_04996,L9cd231845ba4,test
V2024_04997,L12e9a0d0cf4f,validation
V2024_04998,L12e9a0d0cf4f,validation
V2024_04999,L27cbdea760ee,train
V2024_05000,Ld890ddd90d2f,train
V2024_05001,L4aa6568044b7,train
V2024_05002,L3321192a4faa,train
V2024_05003,L823bae264314,train
V2024_05004,L823bae264314,train
V2024_05005,Laede8329ec2c,train
V2024_05006,L710a2f6cbe06,train
V2024_05007,L3321192a4faa,train
V2024_05008,L12e9a0d0cf4f,validation
V2024_05009,L12e9a0d0cf4f,validation
V2024_05010,L7bccb4f523f7,train
V2024_05011,L823bae264314,train
V2024_05012,L66cc0e01f61a,train
V2024_05013,L12e9a0d0cf4f,validation
V2024_05014,L7bccb4f523f7,train
V2024_05015,L9cd231845ba4,test
V2024_05016,Laaff231e45b9,train
V2024_05017,L66cc0e01f61a,train
V2024_05018,L2616cc8d32b4,train
V2024_05019,L823bae264314,train
V2024_05020,L66cc0e01f61a,train
V2024_05021,L651ce56dc1e6,train
V2024_05022,L12e9a0d0cf4f,validation
V2024_05023,L12463efe982a,train
V2024_05024,L66cc0e01f61a,train
V2024_05025,L823bae264314,train
V2024_05026,L823bae264314,train
V2024_05027,L3321192a4faa,train
V2024_05028,L20c258fba2e6,test
V2024_05029,L66cc0e01f61a,train
V2024_05030,Laede8329ec2c,train
V2024_05031,L915ba40ec49d,train
V2024_05032,L99b48e142477,train
V2024_05033,L12e9a0d0cf4f,validation
V2024_05034,Lb687ff78ad2e,train
V2024_05035,L12e9a0d0cf4f,validation
V2024_05036,L552cfd580f3c,train
V2024_05037,L7bccb4f523f7,train
V2024_05038,L12e9a0d0cf4f,validation
V2024_05039,L7bccb4f523f7,train
V2024_05040,L12e9a0d0cf4f,validation
V2024_05041,L7bccb4f523f7,train
V2024_05042,L66cc0e01f61a,train
V2024_05043,L12e9a0d0cf4f,validation
V2024_05044,L12e9a0d0cf4f,validation
V2024_05045,L12e9a0d0cf4f,validation
V2024_05046,L12e9a0d0cf4f,validation
V2024_05047,L3321192a4faa,train
V2024_05048,L823bae264314,train
V2024_05049,L66cc0e01f61a,train
V2024_05050,L0a913b73d504,train
V2024_05051,L7bccb4f523f7,train
V2024_05052,L7bccb4f523f7,train
V2024_05053,L3321192a4faa,train
V2024_05054,L12e9a0d0cf4f,validation
V2024_05055,L12e9a0d0cf4f,validation
V2024_05056,L3321192a4faa,train
V2024_05057,L66cc0e01f61a,train
V2024_05058,L7bccb4f523f7,train
V2024_05059,L12e9a0d0cf4f,validation
V2024_05060,L834b05a8192a,train
V2024_05061,L823bae264314,train
V2024_05062,L3321192a4faa,train
V2024_05063,L552cfd580f3c,train
V2024_05064,Laaff231e45b9,train
V2024_05065,Lece428f7a4b4,train
V2024_05066,L40d13d516d31,train
V2024_05067,L3321192a4faa,train
V2024_05068,L7bccb4f523f7,train
V2024_05069,L12e9a0d0cf4f,validation
V2024_05070,Lb687ff78ad2e,train
V2024_05071,L823bae264314,train
V2024_05072,Laaff231e45b9,train
V2024_05073,L50ec66c3990c,test
V2024_05074,Lece428f7a4b4,train
V2024_05075,L27cbdea760ee,train
V2024_05076,L5c0445d8f13a,train
V2024_05077,Lf4f326ae7a22,train
V2024_05078,L7bccb4f523f7,train
V2024_05079,L823bae264314,train
V2024_05080,L7bccb4f523f7,train
V2024_05081,L552cfd580f3c,train
V2024_05082,Laaff231e45b9,train
V2024_05083,L66cc0e01f61a,train
V2024_05084,L66cc0e01f61a,train
V2024_05085,L66cc0e01f61a,train
V2024_05086,Laede8329ec2c,train
V2024_05087,L3321192a4faa,train
V2024_05088,L823bae264314,train
V2024_05089,L12e9a0d0cf4f,validation
V2024_05090,L3321192a4faa,train
V2024_05091,L7bccb4f523f7,train
V2024_05092,L12e9a0d0cf4f,validation
V2024_05093,Laaff231e45b9,train
V2024_05094,L66cc0e01f61a,train
V2024_05095,L7bccb4f523f7,train
V2024_05096,L12e9a0d0cf4f,validation
V2024_05097,L7bccb4f523f7,train
V2024_05098,L66cc0e01f61a,train
V2024_05099,L12e9a0d0cf4f,validation
V2024_05100,L12e9a0d0cf4f,validation
V2024_05101,L0a913b73d504,train
V2024_05102,L12e9a0d0cf4f,validation
V2024_05103,L7bccb4f523f7,train
V2024_05104,Lc4bc5ef7262c,train
V2024_05105,L66abb26d5804,train
V2024_05106,Laede8329ec2c,train
V2024_05107,L3321192a4faa,train
V2024_05108,L2616cc8d32b4,train
V2024_05109,L7bccb4f523f7,train
V2024_05110,L12e9a0d0cf4f,validation
V2024_05111,L3321192a4faa,train
V2024_05112,L7bccb4f523f7,train
V2024_05113,L7bccb4f523f7,train
V2024_05114,L12e9a0d0cf4f,validation
V2024_05115,L7bccb4f523f7,train
V2024_05116,L27cbdea760ee,train
V2024_05117,L823bae264314,train
V2024_05118,L3321192a4faa,train
V2024_05119,L66cc0e01f61a,train
V2024_05120,L3321192a4faa,train
V2024_05121,L12463efe982a,train
V2024_05122,L52eb4429d349,train
V2024_05123,L55382a5fcc00,train
V2024_05124,L7bccb4f523f7,train
V2024_05125,L12e9a0d0cf4f,validation
V2024_05126,L552cfd580f3c,train
V2024_05127,L823bae264314,train
V2024_05128,L3321192a4faa,train
V2024_05129,L12463efe982a,train
V2024_05130,L66cc0e01f61a,train
V2024_05131,L12e9a0d0cf4f,validation
V2024_05132,L12e9a0d0cf4f,validation
V2024_05133,L7bccb4f523f7,train
V2024_05134,L9cd231845ba4,test
V2024_05135,L12e9a0d0cf4f,validation
V2024_05136,L552cfd580f3c,train
V2024_05137,L7bccb4f523f7,train
V2024_05138,Laede8329ec2c,train
V2024_05139,L3321192a4faa,train
V2024_05140,L552cfd580f3c,train
V2024_05141,L625bc9a450f1,train
V2024_05142,L3321192a4faa,train
V2024_05143,L823bae264314,train
V2024_05144,L823bae264314,train
V2024_05145,L7bccb4f523f7,train
V2024_05146,L552cfd580f3c,train
V2024_05147,L3321192a4faa,train
V2024_05148,L823bae264314,train
V2024_05149,L2616cc8d32b4,train
V2024_05150,Laaff231e45b9,train
V2024_05151,L12e9a0d0cf4f,validation
V2024_05152,Lb198233491f2,train
V2024_05153,L260f555aacf5,train
V2024_05154,L12e9a0d0cf4f,validation
V2024_05155,L7bccb4f523f7,train
V2024_05156,L66cc0e01f61a,train
V2024_05157,L9cd231845ba4,test
V2024_05158,L12463efe982a,train
V2024_05159,L823bae264314,train
V2024_05160,L12e9a0d0cf4f,validation
V2024_05161,L7bccb4f523f7,train
V2024_05162,L9cd231845ba4,test
V2024_05163,L12e9a0d0cf4f,validation
V2024_05164,L3321192a4faa,train
V2024_05165,L7bccb4f523f7,train
V2024_05166,L66cc0e01f61a,train
V2024_05167,L7bccb4f523f7,train
V2024_05168,L7bccb4f523f7,train
V2024_05169,L823bae264314,train
V2024_05170,L823bae264314,train
V2024_05171,L823bae264314,train
V2024_05172,L7bccb4f523f7,train
V2024_05173,Lece428f7a4b4,train
V2024_05174,L12e9a0d0cf4f,validation
V2024_05175,L7bccb4f523f7,train
V2024_05176,L7bccb4f523f7,train
V2024_05177,L12e9a0d0cf4f,validation
V2024_05178,Ld3b5cdb2a210,train
V2024_05179,Lf35008d90369,train
V2024_05180,L12e9a0d0cf4f,validation
V2024_05181,L651ce56dc1e6,train
V2024_05182,L12e9a0d0cf4f,validation
V2024_05183,L7bccb4f523f7,train
V2024_05184,L651ce56dc1e6,train
V2024_05185,Laaff231e45b9,train
V2024_05186,L35beda8f156b,test
V2024_05187,L823bae264314,train
V2024_05188,L823bae264314,train
V2024_05189,L651ce56dc1e6,train
V2024_05190,L7bccb4f523f7,train
V2024_05191,L7bccb4f523f7,train
V2024_05192,L9cd231845ba4,test
V2024_05193,Laede8329ec2c,train
V2024_05194,L9cd231845ba4,test
V2024_05195,L552cfd580f3c,train
V2024_05196,L7bccb4f523f7,train
V2024_05197,L7bccb4f523f7,train
V2024_05198,L12463efe982a,train
V2024_05199,Lb687ff78ad2e,train
V2024_05200,L823bae264314,train
V2024_05201,L834b05a8192a,train
V2024_05202,L3321192a4faa,train
V2024_05203,L12e9a0d0cf4f,validation
V2024_05204,L3321192a4faa,train
V2024_05205,L66cc0e01f61a,train
V2024_05206,L7bccb4f523f7,train
V2024_05207,L7bccb4f523f7,train
V2024_05208,L7bccb4f523f7,train
V2024_05209,Laaff231e45b9,train
V2024_05210,L66cc0e01f61a,train
V2024_05211,L651ce56dc1e6,train
V2024_05212,L12e9a0d0cf4f,validation
V2024_05213,L823bae264314,train
V2024_05214,L12e9a0d0cf4f,validation
V2024_05215,L8d53252a476f,test
V2024_05216,Laaff231e45b9,train
V2024_05217,L12e9a0d0cf4f,validation
V2024_05218,L12e9a0d0cf4f,validation
V2024_05219,L27cbdea760ee,train
V2024_05220,L3321192a4faa,train
V2024_05221,L7bccb4f523f7,train
V2024_05222,L12e9a0d0cf4f,validation
V2024_05223,L12e9a0d0cf4f,validation
V2024_05224,L12e9a0d0cf4f,validation
V2024_05225,L66cc0e01f61a,train
V2024_05226,L3321192a4faa,train
V2024_05227,L3321192a4faa,train
V2024_05228,Laaff231e45b9,train
V2024_05229,L12e9a0d0cf4f,validation
V2024_05230,L66cc0e01f61a,train
V2024_05231,Laede8329ec2c,train
V2024_05232,L823bae264314,train
V2024_05233,L12e9a0d0cf4f,validation
V2024_05234,L12e9a0d0cf4f,validation
V2024_05235,Lb687ff78ad2e,train
V2024_05236,L12e9a0d0cf4f,validation
V2024_05237,L27cbdea760ee,train
V2024_05238,L66cc0e01f61a,train
V2024_05239,L7bccb4f523f7,train
V2024_05240,L823bae264314,train
V2024_05241,L7bccb4f523f7,train
V2024_05242,L823bae264314,train
V2024_05243,Laede8329ec2c,train
V2024_05244,L823bae264314,train
V2024_05245,L3321192a4faa,train
V2024_05246,L823bae264314,train
V2024_05247,L61dff8138b71,test
V2024_05248,L823bae264314,train
V2024_05249,L7bccb4f523f7,train
V2024_05250,Laaff231e45b9,train
V2024_05251,L552cfd580f3c,train
V2024_05252,Lb687ff78ad2e,train
V2024_05253,L3321192a4faa,train
V2024_05254,L7bccb4f523f7,train
V2024_05255,L12e9a0d0cf4f,validation
V2024_05256,L35beda8f156b,test
V2024_05257,L9cd231845ba4,test
V2024_05258,La6d54909f0bb,train
V2024_05259,Leec3c2fb6987,train
V2024_05260,L3c8b27ff1140,train
V2024_05261,L7bccb4f523f7,train
V2024_05262,L12e9a0d0cf4f,validation
V2024_05263,L12e9a0d0cf4f,validation
V2024_05264,L552cfd580f3c,train
V2024_05265,L7bccb4f523f7,train
V2024_05266,L823bae264314,train
V2024_05267,Laaff231e45b9,train
V2024_05268,L3321192a4faa,train
V2024_05269,L552cfd580f3c,train
V2024_05270,Laaff231e45b9,train
V2024_05271,L0a913b73d504,train
V2024_05272,L12463efe982a,train
V2024_05273,Laede8329ec2c,train
V2024_05274,L66cc0e01f61a,train
V2024_05275,L7bccb4f523f7,train
V2024_05276,L7bccb4f523f7,train
V2024_05277,L3321192a4faa,train
V2024_05278,Laaff231e45b9,train
V2024_05279,Lb687ff78ad2e,train
V2024_05280,L7bccb4f523f7,train
V2024_05281,L66cc0e01f61a,train
V2024_05282,L552cfd580f3c,train
V2024_05283,L7bccb4f523f7,train
V2024_05284,L823bae264314,train
V2024_05285,L552cfd580f3c,train
V2024_05286,L7bccb4f523f7,train
V2024_05287,Laede8329ec2c,train
V2024_05288,Lece428f7a4b4,train
V2024_05289,L12e9a0d0cf4f,validation
V2024_05290,L12463efe982a,train
V2024_05291,L7bccb4f523f7,train
V2024_05292,L9cd231845ba4,test
V2024_05293,L0a913b73d504,train
V2024_05294,L7bccb4f523f7,train
V2024_05295,L66cc0e01f61a,train
V2024_05296,L66cc0e01f61a,train
V2024_05297,L12e9a0d0cf4f,validation
V2024_05298,L915ba40ec49d,train
V2024_05299,L99b48e142477,train
V2024_05300,L66cc0e01f61a,train
V2024_05301,L66cc0e01f61a,train
V2024_05302,L823bae264314,train
V2024_05303,L7bccb4f523f7,train
V2024_05304,L66cc0e01f61a,train
V2024_05305,L823bae264314,train
V2024_05306,L27cbdea760ee,train
V2024_05307,L66cc0e01f61a,train
V2024_05308,L12463efe982a,train
V2024_05309,L12e9a0d0cf4f,validation
V2024_05310,L823bae264314,train
V2024_05311,L12e9a0d0cf4f,validation
V2024_05312,L66abb26d5804,train
V2024_05313,Lb687ff78ad2e,train
V2024_05314,L7bccb4f523f7,train
V2024_05315,L35beda8f156b,test
V2024_05316,L12e9a0d0cf4f,validation
V2024_05317,L552cfd580f3c,train
V2024_05318,L7bccb4f523f7,train
V2024_05319,L66cc0e01f61a,train
V2024_05320,L823bae264314,train
V2024_05321,L834b05a8192a,train
V2024_05322,L7bccb4f523f7,train
V2024_05323,L7bccb4f523f7,train
V2024_05324,L0a913b73d504,train
V2024_05325,L52eb4429d349,train
V2024_05326,L25c52e09fcc1,validation
V2024_05327,L7bccb4f523f7,train
V2024_05328,L823bae264314,train
V2024_05329,L7bccb4f523f7,train
V2024_05330,L842b6113671a,test
V2024_05331,L5c0445d8f13a,train
V2024_05332,L823bae264314,train
V2024_05333,L823bae264314,train
V2024_05334,L12e9a0d0cf4f,validation
V2024_05335,L9cd231845ba4,test
V2024_05336,L552cfd580f3c,train
V2024_05337,L842b6113671a,test
V2024_05338,L5c0445d8f13a,train
V2024_05339,L3321192a4faa,train
V2024_05340,L3321192a4faa,train
V2024_05341,L7bccb4f523f7,train
V2024_05342,L12e9a0d0cf4f,validation
V2024_05343,L12463efe982a,train
V2024_05344,L66cc0e01f61a,train
V2024_05345,L9cd231845ba4,test
V2024_05346,L7bccb4f523f7,train
V2024_05347,L7bccb4f523f7,train
V2024_05348,L35beda8f156b,test
V2024_05349,L7bccb4f523f7,train
V2024_05350,L552cfd580f3c,train
V2024_05351,L7bccb4f523f7,train
V2024_05352,L12463efe982a,train
V2024_05353,L7bccb4f523f7,train
V2024_05354,Laede8329ec2c,train
V2024_05355,L12e9a0d0cf4f,validation
V2024_05356,L552cfd580f3c,train
V2024_05357,L3321192a4faa,train
V2024_05358,L7bccb4f523f7,train
V2024_05359,L7bccb4f523f7,train
V2024_05360,L823bae264314,train
V2024_05361,L12e9a0d0cf4f,validation
V2024_05362,L7bccb4f523f7,train
V2024_05363,L4b9e00dcc9de,test
V2024_05364,L7bccb4f523f7,train
V2024_05365,L2616cc8d32b4,train
V2024_05366,L823bae264314,train
V2024_05367,Lb687ff78ad2e,train
V2024_05368,L823bae264314,train
V2024_05369,L9cd231845ba4,test
V2024_05370,L7bccb4f523f7,train
V2024_05371,L7bccb4f523f7,train
V2024_05372,L7bccb4f523f7,train
V2024_05373,L3321192a4faa,train
V2024_05374,L7bccb4f523f7,train
V2024_05375,L12e9a0d0cf4f,validation
V2024_05376,L552cfd580f3c,train
V2024_05377,L7bccb4f523f7,train
V2024_05378,L7bccb4f523f7,train
V2024_05379,L7bccb4f523f7,train
V2024_05380,L12e9a0d0cf4f,validation
V2024_05381,L3321192a4faa,train
V2024_05382,L823bae264314,train
V2024_05383,L823bae264314,train
V2024_05384,L651ce56dc1e6,train
V2024_05385,L7bccb4f523f7,train
V2024_05386,L7bccb4f523f7,train
V2024_05387,L7bccb4f523f7,train
V2024_05388,L7bccb4f523f7,train
V2024_05389,L3321192a4faa,train
V2024_05390,Laaff231e45b9,train
V2024_05391,L12e9a0d0cf4f,validation
V2024_05392,L12e9a0d0cf4f,validation
V2024_05393,L12e9a0d0cf4f,validation
V2024_05394,L552cfd580f3c,train
V2024_05395,L66cc0e01f61a,train
V2024_05396,L12e9a0d0cf4f,validation
V2024_05397,L66cc0e01f61a,train
V2024_05398,L66cc0e01f61a,train
V2024_05399,L552cfd580f3c,train
V2024_05400,L6f62493ba850,train
V2024_05401,L823bae264314,train
V2024_05402,L823bae264314,train
V2024_05403,L7bccb4f523f7,train
V2024_05404,L7bccb4f523f7,train
V2024_05405,L3321192a4faa,train
V2024_05406,L3321192a4faa,train
V2024_05407,Lb687ff78ad2e,train
V2024_05408,Lb687ff78ad2e,train
V2024_05409,L3321192a4faa,train
V2024_05410,L823bae264314,train
V2024_05411,L7bccb4f523f7,train
V2024_05412,L3321192a4faa,train
V2024_05413,L9cd231845ba4,test
V2024_05414,L3321192a4faa,train
V2024_05415,L66cc0e01f61a,train
V2024_05416,L7bccb4f523f7,train
V2024_05417,L12e9a0d0cf4f,validation
V2024_05418,L823bae264314,train
V2024_05419,Laede8329ec2c,train
V2024_05420,L823bae264314,train
V2024_05421,L66cc0e01f61a,train
V2024_05422,L66cc0e01f61a,train
V2024_05423,L7bccb4f523f7,train
V2024_05424,L7bccb4f523f7,train
V2024_05425,L823bae264314,train
V2024_05426,L7bccb4f523f7,train
V2024_05427,L12e9a0d0cf4f,validation
V2024_05428,L823bae264314,train
V2024_05429,L823bae264314,train
V2024_05430,L12e9a0d0cf4f,validation
V2024_05431,L7bccb4f523f7,train
V2024_05432,L66cc0e01f61a,train
V2024_05433,L12e9a0d0cf4f,validation
V2024_05434,L823bae264314,train
V2024_05435,L66cc0e01f61a,train
V2024_05436,Laaff231e45b9,train
V2024_05437,Lbd3a5f42df91,validation
V2024_05438,L3321192a4faa,train
V2024_05439,L7bccb4f523f7,train
V2024_05440,L7bccb4f523f7,train
V2024_05441,L7bccb4f523f7,train
V2024_05442,Lb687ff78ad2e,train
V2024_05443,L66cc0e01f61a,train
V2024_05444,L3321192a4faa,train
V2024_05445,L823bae264314,train
V2024_05446,L12e9a0d0cf4f,validation
V2024_05447,L0a913b73d504,train
V2024_05448,L823bae264314,train
V2024_05449,L651ce56dc1e6,train
V2024_05450,L823bae264314,train
V2024_05451,L834b05a8192a,train
V2024_05452,L66cc0e01f61a,train
V2024_05453,L12e9a0d0cf4f,validation
V2024_05454,L2616cc8d32b4,train
V2024_05455,L12e9a0d0cf4f,validation
V2024_05456,L915ba40ec49d,train
V2024_05457,L99b48e142477,train
V2024_05458,L823bae264314,train
V2024_05459,L52eb4429d349,train
V2024_05460,L55382a5fcc00,train
V2024_05461,L0a913b73d504,train
V2024_05462,L66cc0e01f61a,train
V2024_05463,Laede8329ec2c,train
V2024_05464,L7bccb4f523f7,train
V2024_05465,L7bccb4f523f7,train
V2024_05466,L12e9a0d0cf4f,validation
V2024_05467,L7bccb4f523f7,train
V2024_05468,Laede8329ec2c,train
V2024_05469,L12e9a0d0cf4f,validation
V2024_05470,L12e9a0d0cf4f,validation
V2024_05471,L12e9a0d0cf4f,validation
V2024_05472,L823bae264314,train
V2024_05473,L823bae264314,train
V2024_05474,L823bae264314,train
V2024_05475,L7bccb4f523f7,train
V2024_05476,La1edbbf099ac,train
V2024_05477,L66cc0e01f61a,train
V2024_05478,L7bccb4f523f7,train
V2024_05479,L552cfd580f3c,train
V2024_05480,L823bae264314,train
V2024_05481,L823bae264314,train
V2024_05482,L7bccb4f523f7,train
V2024_05483,L66cc0e01f61a,train
V2024_05484,L12e9a0d0cf4f,validation
V2024_05485,L12e9a0d0cf4f,validation
V2024_05486,L552cfd580f3c,train
V2024_05487,L7bccb4f523f7,train
V2024_05488,L552cfd580f3c,train
V2024_05489,L12e9a0d0cf4f,validation
V2024_05490,Lece428f7a4b4,train
V2024_05491,L3c8b27ff1140,train
V2024_05492,L3321192a4faa,train
V2024_05493,L823bae264314,train
V2024_05494,L66cc0e01f61a,train
V2024_05495,L12463efe982a,train
V2024_05496,L7bccb4f523f7,train
V2024_05497,L9cd231845ba4,test
V2024_05498,L12e9a0d0cf4f,validation
V2024_05499,Lb687ff78ad2e,train
V2024_05500,L73e01dc40c75,train
V2024_05501,Laaff231e45b9,train
V2024_05502,L2616cc8d32b4,train
V2024_05503,L552cfd580f3c,train
V2024_05504,L3321192a4faa,train
V2024_05505,L3321192a4faa,train
V2024_05506,L12e9a0d0cf4f,validation
V2024_05507,L3321192a4faa,train
V2024_05508,L823bae264314,train
V2024_05509,L35beda8f156b,test
V2024_05510,Laaff231e45b9,train
V2024_05511,L834b05a8192a,train
V2024_05512,L35beda8f156b,test
V2024_05513,L915ba40ec49d,train
V2024_05514,L99b48e142477,train
V2024_05515,L9cd231845ba4,test
V2024_05516,Laede8329ec2c,train
V2024_05517,L3321192a4faa,train
V2024_05518,L66cc0e01f61a,train
V2024_05519,L552cfd580f3c,train
V2024_05520,L3321192a4faa,train
V2024_05521,L66cc0e01f61a,train
V2024_05522,L552cfd580f3c,train
V2024_05523,L823bae264314,train
V2024_05524,L7bccb4f523f7,train
V2024_05525,L7bccb4f523f7,train
V2024_05526,L7bccb4f523f7,train
V2024_05527,L7bccb4f523f7,train
V2024_05528,L823bae264314,train
V2024_05529,Laaff231e45b9,train
V2024_05530,L66cc0e01f61a,train
V2024_05531,L823bae264314,train
V2024_05532,L823bae264314,train
V2024_05533,L12463efe982a,train
V2024_05534,L3321192a4faa,train
V2024_05535,L12e9a0d0cf4f,validation
V2024_05536,L552cfd580f3c,train
V2024_05537,L12e9a0d0cf4f,validation
V2024_05538,L12e9a0d0cf4f,validation
V2024_05539,L7bccb4f523f7,train
V2024_05540,L3321192a4faa,train
V2024_05541,L823bae264314,train
V2024_05542,L7bccb4f523f7,train
V2024_05543,L12463efe982a,train
V2024_05544,L7bccb4f523f7,train
V2024_05545,L7bccb4f523f7,train
V2024_05546,L7bccb4f523f7,train
V2024_05547,L823bae264314,train
V2024_05548,L3321192a4faa,train
V2024_05549,L66cc0e01f61a,train
V2024_05550,L7bccb4f523f7,train
V2024_05551,Lbd3a5f42df91,validation
V2024_05552,L823bae264314,train
V2024_05553,L66cc0e01f61a,train
V2024_05554,L7bccb4f523f7,train
V2024_05555,L12e9a0d0cf4f,validation
V2024_05556,L3321192a4faa,train
V2024_05557,L823bae264314,train
V2024_05558,L7bccb4f523f7,train
V2024_05559,L552cfd580f3c,train
V2024_05560,Laaff231e45b9,train
V2024_05561,L7bccb4f523f7,train
V2024_05562,L9cd231845ba4,test
V2024_05563,L651ce56dc1e6,train
V2024_05564,L12e9a0d0cf4f,validation
V2024_05565,L3321192a4faa,train
V2024_05566,L2616cc8d32b4,train
V2024_05567,Labc00502f357,test
V2024_05568,L66cc0e01f61a,train
V2024_05569,L66cc0e01f61a,train
V2024_05570,L66cc0e01f61a,train
V2024_05571,L651ce56dc1e6,train
V2024_05572,L7bccb4f523f7,train
V2024_05573,L12e9a0d0cf4f,validation
V2024_05574,L2616cc8d32b4,train
V2024_05575,L552cfd580f3c,train
V2024_05576,L552cfd580f3c,train
V2024_05577,L3321192a4faa,train
V2024_05578,L823bae264314,train
V2024_05579,L7bccb4f523f7,train
V2024_05580,Laaff231e45b9,train
V2024_05581,L9cd231845ba4,test
V2024_05582,L9cd231845ba4,test
V2024_05583,L12e9a0d0cf4f,validation
V2024_05584,L823bae264314,train
V2024_05585,L823bae264314,train
V2024_05586,Lb198233491f2,train
V2024_05587,L260f555aacf5,train
V2024_05588,L823bae264314,train
V2024_05589,L7bccb4f523f7,train
V2024_05590,L9cd231845ba4,test
V2024_05591,L552cfd580f3c,train
V2024_05592,L12e9a0d0cf4f,validation
V2024_05593,L12e9a0d0cf4f,validation
V2024_05594,L7bccb4f523f7,train
V2024_05595,L7bccb4f523f7,train
V2024_05596,L2616cc8d32b4,train
V2024_05597,L552cfd580f3c,train
V2024_05598,L823bae264314,train
V2024_05599,L7bccb4f523f7,train
V2024_05600,L7bccb4f523f7,train
V2024_05601,L9cd231845ba4,test
V2024_05602,L7bccb4f523f7,train
V2024_05603,L12e9a0d0cf4f,validation
V2024_05604,L66cc0e01f61a,train
V2024_05605,L0a913b73d504,train
V2024_05606,L823bae264314,train
V2024_05607,L27cbdea760ee,train
V2024_05608,L5c0445d8f13a,train
V2024_05609,L12e9a0d0cf4f,validation
V2024_05610,L823bae264314,train
V2024_05611,L7bccb4f523f7,train
V2024_05612,L7bccb4f523f7,train
V2024_05613,L7bccb4f523f7,train
V2024_05614,L12e9a0d0cf4f,validation
V2024_05615,L12e9a0d0cf4f,validation
V2024_05616,L823bae264314,train
V2024_05617,L7bccb4f523f7,train
V2024_05618,Lb687ff78ad2e,train
V2024_05619,L7bccb4f523f7,train
V2024_05620,L0a913b73d504,train
V2024_05621,L12e9a0d0cf4f,validation
V2024_05622,L61dff8138b71,test
V2024_05623,L7bccb4f523f7,train
V2024_05624,L3321192a4faa,train
V2024_05625,Laaff231e45b9,train
V2024_05626,L7bccb4f523f7,train
V2024_05627,L823bae264314,train
V2024_05628,L6e718eb9eac0,train
V2024_05629,L7bccb4f523f7,train
V2024_05630,L12e9a0d0cf4f,validation
V2024_05631,L7bccb4f523f7,train
V2024_05632,L823bae264314,train
V2024_05633,L7bccb4f523f7,train
V2024_05634,L12e9a0d0cf4f,validation
V2024_05635,L12463efe982a,train
V2024_05636,L0a913b73d504,train
V2024_05637,L7bccb4f523f7,train
V2024_05638,L3321192a4faa,train
V2024_05639,L823bae264314,train
V2024_05640,L66cc0e01f61a,train
V2024_05641,L7bccb4f523f7,train
V2024_05642,L52eb4429d349,train
V2024_05643,L55382a5fcc00,train
V2024_05644,L7bccb4f523f7,train
V2024_05645,Laaff231e45b9,train
V2024_05646,L12e9a0d0cf4f,validation
V2024_05647,Lb687ff78ad2e,train
V2024_05648,L12e9a0d0cf4f,validation
V2024_05649,L12e9a0d0cf4f,validation
V2024_05650,L552cfd580f3c,train
V2024_05651,L552cfd580f3c,train
V2024_05652,L3321192a4faa,train
V2024_05653,L823bae264314,train
V2024_05654,L7bccb4f523f7,train
V2024_05655,L12e9a0d0cf4f,validation
V2024_05656,L9cd231845ba4,test
V2024_05657,Laede8329ec2c,train
V2024_05658,L112091abf588,train
V2024_05659,L552cfd580f3c,train
V2024_05660,L12e9a0d0cf4f,validation
V2024_05661,Laede8329ec2c,train
V2024_05662,Laaff231e45b9,train
V2024_05663,L9cd231845ba4,test
V2024_05664,Le007fe0c1e8a,train
V2024_05665,L3321192a4faa,train
V2024_05666,L66cc0e01f61a,train
V2024_05667,L651ce56dc1e6,train
V2024_05668,Laede8329ec2c,train
V2024_05669,L3321192a4faa,train
V2024_05670,L7bccb4f523f7,train
V2024_05671,L0a913b73d504,train
V2024_05672,L66cc0e01f61a,train
V2024_05673,L823bae264314,train
V2024_05674,L12e9a0d0cf4f,validation
V2024_05675,L834b05a8192a,train
V2024_05676,L12e9a0d0cf4f,validation
V2024_05677,L66cc0e01f61a,train
V2024_05678,L823bae264314,train
V2024_05679,L7bccb4f523f7,train
V2024_05680,Lece428f7a4b4,train
V2024_05681,L66cc0e01f61a,train
V2024_05682,Lb687ff78ad2e,train
V2024_05683,L12e9a0d0cf4f,validation
V2024_05684,L3321192a4faa,train
V2024_05685,L823bae264314,train
V2024_05686,L12463efe982a,train
V2024_05687,L9cd231845ba4,test
V2024_05688,L3321192a4faa,train
V2024_05689,L834b05a8192a,train
V2024_05690,L7bccb4f523f7,train
V2024_05691,L823bae264314,train
V2024_05692,L823bae264314,train
V2024_05693,L7bccb4f523f7,train
V2024_05694,L12e9a0d0cf4f,validation
V2024_05695,L552cfd580f3c,train
V2024_05696,L66cc0e01f61a,train
V2024_05697,L7bccb4f523f7,train
V2024_05698,L12e9a0d0cf4f,validation
V2024_05699,L823bae264314,train
V2024_05700,L7bccb4f523f7,train
V2024_05701,Lc4bc5ef7262c,train
V2024_05702,L7bccb4f523f7,train
V2024_05703,L9cd231845ba4,test
V2024_05704,L3321192a4faa,train
V2024_05705,L823bae264314,train
V2024_05706,L12e9a0d0cf4f,validation
V2024_05707,L823bae264314,train
V2024_05708,L12e9a0d0cf4f,validation
V2024_05709,L9cd231845ba4,test
V2024_05710,L7bccb4f523f7,train
V2024_05711,L7bccb4f523f7,train
V2024_05712,Laede8329ec2c,train
V2024_05713,Laaff231e45b9,train
V2024_05714,Laaff231e45b9,train
V2024_05715,L7bccb4f523f7,train
V2024_05716,L12e9a0d0cf4f,validation
V2024_05717,Lb8333b7b2445,train
V2024_05718,L823bae264314,train
V2024_05719,L7bccb4f523f7,train
V2024_05720,L12463efe982a,train
V2024_05721,L7bccb4f523f7,train
V2024_05722,L66cc0e01f61a,train
V2024_05723,L651ce56dc1e6,train
V2024_05724,L7bccb4f523f7,train
V2024_05725,L552cfd580f3c,train
V2024_05726,L823bae264314,train
V2024_05727,Laaff231e45b9,train
V2024_05728,Lece428f7a4b4,train
V2024_05729,L3321192a4faa,train
V2024_05730,L3321192a4faa,train
V2024_05731,L3321192a4faa,train
V2024_05732,L3321192a4faa,train
V2024_05733,L66cc0e01f61a,train
V2024_05734,Laaff231e45b9,train
V2024_05735,L9cd231845ba4,test
V2024_05736,L9cd231845ba4,test
V2024_05737,Lfd0dc375045e,train
V2024_05738,Lec7bc9ec1ef0,train
V2024_05739,L7bccb4f523f7,train
V2024_05740,L3321192a4faa,train
V2024_05741,L823bae264314,train
V2024_05742,L7bccb4f523f7,train
V2024_05743,L7bccb4f523f7,train
V2024_05744,L66cc0e01f61a,train
V2024_05745,L0a913b73d504,train
V2024_05746,Laede8329ec2c,train
V2024_05747,L12e9a0d0cf4f,validation
V2024_05748,Laaff231e45b9,train
V2024_05749,Laede8329ec2c,train
V2024_05750,Laaff231e45b9,train
V2024_05751,Laaff231e45b9,train
V2024_05752,L12e9a0d0cf4f,validation
V2024_05753,L552cfd580f3c,train
V2024_05754,L3321192a4faa,train
V2024_05755,L823bae264314,train
V2024_05756,Laede8329ec2c,train
V2024_05757,L823bae264314,train
V2024_05758,L823bae264314,train
V2024_05759,L0a913b73d504,train
V2024_05760,L7bccb4f523f7,train
V2024_05761,Lf4f326ae7a22,train
V2024_05762,L7bccb4f523f7,train
V2024_05763,L66cc0e01f61a,train
V2024_05764,L3321192a4faa,train
V2024_05765,L12463efe982a,train
V2024_05766,L7bccb4f523f7,train
V2024_05767,L7bccb4f523f7,train
V2024_05768,L66cc0e01f61a,train
V2024_05769,L3321192a4faa,train
V2024_05770,L7bccb4f523f7,train
V2024_05771,L12e9a0d0cf4f,validation
V2024_05772,L7bccb4f523f7,train
V2024_05773,Lf34a8f7f8319,train
V2024_05774,Lb2ab4aa6341d,train
V2024_05775,L7bccb4f523f7,train
V2024_05776,L66cc0e01f61a,train
V2024_05777,L714459f6025f,train
V2024_05778,L552cfd580f3c,train
V2024_05779,L91a2d6bd6ae9,train
V2024_05780,L91a2d6bd6ae9,train
V2024_05781,L91a2d6bd6ae9,train
V2024_05782,Lcb072862a55a,train
V2024_05783,Laa04681bced6,train
V2024_05784,Lcb072862a55a,train
V2024_05785,L125e9d481ce1,train
V2024_05786,L91a2d6bd6ae9,train
V2024_05787,L1b86837b85bd,train
V2024_05788,L5664fd8ae3e3,train
V2024_05789,L5664fd8ae3e3,train
V2024_05790,L91a2d6bd6ae9,train
V2024_05791,Lf62cb8c90244,train
V2024_05792,Lcb072862a55a,train
V2024_05793,L5664fd8ae3e3,train
V2024_05794,Lc614c81db93e,train
V2024_05795,Lde52508b4724,train
V2024_05796,Lcb072862a55a,train
V2024_05797,Lf62cb8c90244,train
V2024_05798,Lcb072862a55a,train
V2024_05799,Lc614c81db93e,train
V2024_05800,Lcb072862a55a,train
V2024_05801,Laa04681bced6,train
V2024_05802,L95e5340cc9f8,train
V2024_05803,L64f17ae722bb,train
V2024_05804,L64f17ae722bb,train
V2024_05805,L838192de3ff8,train
V2024_05806,Laa04681bced6,train
V2024_05807,L838192de3ff8,train
V2024_05808,L91a2d6bd6ae9,train
V2024_05809,Laa04681bced6,train
V2024_05810,L02ef6593d3d5,train
V2024_05811,L91a2d6bd6ae9,train
V2024_05812,Lc614c81db93e,train
V2024_05813,Lb04811ea2042,train
V2024_05814,L64f17ae722bb,train
V2024_05815,L125e9d481ce1,train
V2024_05816,L64f17ae722bb,train
V2024_05817,L91a2d6bd6ae9,train
V2024_05818,L1bafb83776ef,train
V2024_05819,Lcb072862a55a,train
V2024_05820,L1a642d1927ea,validation
V2024_05821,Lb04811ea2042,train
V2024_05822,L7e61cc815fc6,train
V2024_05823,Lcb072862a55a,train
V2024_05824,Laa04681bced6,train
V2024_05825,Lcb072862a55a,train
V2024_05826,Lcb072862a55a,train
V2024_05827,L64f17ae722bb,train
V2024_05828,Laa04681bced6,train
V2024_05829,L125e9d481ce1,train
V2024_05830,L838192de3ff8,train
V2024_05831,L125e9d481ce1,train
V2024_05832,L5664fd8ae3e3,train
V2024_05833,L5664fd8ae3e3,train
V2024_05834,Laa04681bced6,train
V2024_05835,L5664fd8ae3e3,train
V2024_05836,Lb438a76e8cf3,train
V2024_05837,Lf62cb8c90244,train
V2024_05838,L125e9d481ce1,train
V2024_05839,L64f17ae722bb,train
V2024_05840,Lc614c81db93e,train
V2024_05841,L838192de3ff8,train
V2024_05842,L91a2d6bd6ae9,train
V2024_05843,Lcb072862a55a,train
V2024_05844,L91a2d6bd6ae9,train
V2024_05845,Lf62cb8c90244,train
V2024_05846,Lb438a76e8cf3,train
V2024_05847,L64f17ae722bb,train
V2024_05848,L838192de3ff8,train
V2024_05849,L64f17ae722bb,train
V2024_05850,L5664fd8ae3e3,train
V2024_05851,Lcb072862a55a,train
V2024_05852,Lac24595acc18,train
V2024_05853,L5664fd8ae3e3,train
V2024_05854,Laa04681bced6,train
V2024_05855,Lf62cb8c90244,train
V2024_05856,L83743147e7dd,train
V2024_05857,Lcb072862a55a,train
V2024_05858,L838192de3ff8,train
V2024_05859,Lcb072862a55a,train
V2024_05860,Laa04681bced6,train
V2024_05861,L64f17ae722bb,train
V2024_05862,Laa04681bced6,train
V2024_05863,L64f17ae722bb,train
V2024_05864,L125e9d481ce1,train
V2024_05865,L1bafb83776ef,train
V2024_05866,L02ef6593d3d5,train
V2024_05867,Lcb072862a55a,train
V2024_05868,Lcb072862a55a,train
V2024_05869,La5907b00bd11,test
V2024_05870,Laa04681bced6,train
V2024_05871,Laa04681bced6,train
V2024_05872,Laa04681bced6,train
V2024_05873,Lc614c81db93e,train
V2024_05874,Laa04681bced6,train
V2024_05875,L64f17ae722bb,train
V2024_05876,L64f17ae722bb,train
V2024_05877,L838192de3ff8,train
V2024_05878,L5664fd8ae3e3,train
V2024_05879,L64f17ae722bb,train
V2024_05880,Lcb072862a55a,train
V2024_05881,L1bafb83776ef,train
V2024_05882,L91a2d6bd6ae9,train
V2024_05883,Lb438a76e8cf3,train
V2024_05884,L64f17ae722bb,train
V2024_05885,L838192de3ff8,train
V2024_05886,L838192de3ff8,train
V2024_05887,L838192de3ff8,train
V2024_05888,Lda8424888f8a,validation
V2024_05889,L79d2d44787a0,train
V2024_05890,Lb66726c4fa0b,train
V2024_05891,L91a2d6bd6ae9,train
V2024_05892,L91a2d6bd6ae9,train
V2024_05893,L125e9d481ce1,train
V2024_05894,L5664fd8ae3e3,train
V2024_05895,L125e9d481ce1,train
V2024_05896,L5664fd8ae3e3,train
V2024_05897,L64f17ae722bb,train
V2024_05898,L7e61cc815fc6,train
V2024_05899,L838192de3ff8,train
V2024_05900,L1b86837b85bd,train
V2024_05901,L5664fd8ae3e3,train
V2024_05902,L125e9d481ce1,train
V2024_05903,Lcb072862a55a,train
V2024_05904,L838192de3ff8,train
V2024_05905,Laa04681bced6,train
V2024_05906,Laa04681bced6,train
V2024_05907,Lcb072862a55a,train
V2024_05908,L838192de3ff8,train
V2024_05909,L5664fd8ae3e3,train
V2024_05910,Lc20803a30217,train
V2024_05911,Lcb072862a55a,train
V2024_05912,Laa04681bced6,train
V2024_05913,L1bafb83776ef,train
V2024_05914,L91a2d6bd6ae9,train
V2024_05915,L1b86837b85bd,train
V2024_05916,L02ef6593d3d5,train
V2024_05917,L91a2d6bd6ae9,train
V2024_05918,Laa04681bced6,train
V2024_05919,Lcb072862a55a,train
V2024_05920,L91a2d6bd6ae9,train
V2024_05921,L91a2d6bd6ae9,train
V2024_05922,L125e9d481ce1,train
V2024_05923,L125e9d481ce1,train
V2024_05924,L0de1dce34842,train
V2024_05925,L8c6ff923a1c1,train
V2024_05926,L64f17ae722bb,train
V2024_05927,L5664fd8ae3e3,train
V2024_05928,L838192de3ff8,train
V2024_05929,Lc614c81db93e,train
V2024_05930,Lc614c81db93e,train
V2024_05931,L1a642d1927ea,validation
V2024_05932,L838192de3ff8,train
V2024_05933,Lcb072862a55a,train
V2024_05934,Lc614c81db93e,train
V2024_05935,L5664fd8ae3e3,train
V2024_05936,La5907b00bd11,test
V2024_05937,L91a2d6bd6ae9,train
V2024_05938,L125e9d481ce1,train
V2024_05939,Lb438a76e8cf3,train
V2024_05940,L64f17ae722bb,train
V2024_05941,Lcb072862a55a,train
V2024_05942,Lcb072862a55a,train
V2024_05943,Lb438a76e8cf3,train
V2024_05944,L91a2d6bd6ae9,train
V2024_05945,Lb438a76e8cf3,train
V2024_05946,L91a2d6bd6ae9,train
V2024_05947,L64f17ae722bb,train
V2024_05948,Laa04681bced6,train
V2024_05949,Lcb072862a55a,train
V2024_05950,Lb04811ea2042,train
V2024_05951,L838192de3ff8,train
V2024_05952,Laa04681bced6,train
V2024_05953,L1a642d1927ea,validation
V2024_05954,L1b86837b85bd,train
V2024_05955,L1a642d1927ea,validation
V2024_05956,Lc614c81db93e,train
V2024_05957,L91a2d6bd6ae9,train
V2024_05958,L02ef6593d3d5,train
V2024_05959,La5907b00bd11,test
V2024_05960,Laa04681bced6,train
V2024_05961,Laa04681bced6,train
V2024_05962,L125e9d481ce1,train
V2024_05963,L84ccb669be5c,test
V2024_05964,Laa04681bced6,train
V2024_05965,Lcb072862a55a,train
V2024_05966,L91a2d6bd6ae9,train
V2024_05967,L02ef6593d3d5,train
V2024_05968,Laa04681bced6,train
V2024_05969,Laa04681bced6,train
V2024_05970,L91a2d6bd6ae9,train
V2024_05971,L91a2d6bd6ae9,train
V2024_05972,L91a2d6bd6ae9,train
V2024_05973,L91a2d6bd6ae9,train
V2024_05974,Laa04681bced6,train
V2024_05975,Laa04681bced6,train
V2024_05976,Laa04681bced6,train
V2024_05977,Laa04681bced6,train
V2024_05978,Laa04681bced6,train
V2024_05979,Lcb072862a55a,train
V2024_05980,Laa04681bced6,train
V2024_05981,L125e9d481ce1,train
V2024_05982,L125e9d481ce1,train
V2024_05983,Lde52508b4724,train
V2024_05984,L1b86837b85bd,train
V2024_05985,L125e9d481ce1,train
V2024_05986,L91a2d6bd6ae9,train
V2024_05987,Lcb072862a55a,train
V2024_05988,Lc614c81db93e,train
V2024_05989,Lf62cb8c90244,train
V2024_05990,Lc614c81db93e,train
V2024_05991,Lc614c81db93e,train
V2024_05992,Lcb072862a55a,train
V2024_05993,L125e9d481ce1,train
V2024_05994,Laa04681bced6,train
V2024_05995,L91a2d6bd6ae9,train
V2024_05996,L02ef6593d3d5,train
V2024_05997,L129b909b5989,train
V2024_05998,Ld4a4b4f1ba54,test
V2024_05999,Lc614c81db93e,train
V2024_06000,L838192de3ff8,train
V2024_06001,Lb438a76e8cf3,train
V2024_06002,Lb04811ea2042,train
V2024_06003,Lcb072862a55a,train
V2024_06004,Laa04681bced6,train
V2024_06005,L838192de3ff8,train
V2024_06006,L64f17ae722bb,train
V2024_06007,Lc614c81db93e,train
V2024_06008,L1a642d1927ea,validation
V2024_06009,L838192de3ff8,train
V2024_06010,Lcb072862a55a,train
V2024_06011,Lb438a76e8cf3,train
V2024_06012,L7e61cc815fc6,train
V2024_06013,L125e9d481ce1,train
V2024_06014,L5664fd8ae3e3,train
V2024_06015,L64f17ae722bb,train
V2024_06016,Lf62cb8c90244,train
V2024_06017,Laa04681bced6,train
V2024_06018,L1a642d1927ea,validation
V2024_06019,L125e9d481ce1,train
V2024_06020,L129b909b5989,train
V2024_06021,L0ed6aecabe53,train
V2024_06022,L64f17ae722bb,train
V2024_06023,L64f17ae722bb,train
V2024_06024,L1bafb83776ef,train
V2024_06025,L838192de3ff8,train
V2024_06026,Lb04811ea2042,train
V2024_06027,Lcb072862a55a,train
V2024_06028,Laa04681bced6,train
V2024_06029,Laa04681bced6,train
V2024_06030,Laa04681bced6,train
V2024_06031,Laa04681bced6,train
V2024_06032,L64f17ae722bb,train
V2024_06033,L91a2d6bd6ae9,train
V2024_06034,L063c87d9f87b,train
V2024_06035,L5664fd8ae3e3,train
V2024_06036,L64f17ae722bb,train
V2024_06037,L91a2d6bd6ae9,train
V2024_06038,Laa04681bced6,train
V2024_06039,L719b9b73a53c,train
V2024_06040,L125e9d481ce1,train
V2024_06041,L7e61cc815fc6,train
V2024_06042,L7e61cc815fc6,train
V2024_06043,L125e9d481ce1,train
V2024_06044,Laa04681bced6,train
V2024_06045,L125e9d481ce1,train
V2024_06046,Lf62cb8c90244,train
V2024_06047,L838192de3ff8,train
V2024_06048,L5664fd8ae3e3,train
V2024_06049,Lcb072862a55a,train
V2024_06050,Lb438a76e8cf3,train
V2024_06051,Lcb072862a55a,train
V2024_06052,Laa04681bced6,train
V2024_06053,Lcb072862a55a,train
V2024_06054,Lc20803a30217,train
V2024_06055,Lc614c81db93e,train
V2024_06056,L64f17ae722bb,train
V2024_06057,L125e9d481ce1,train
V2024_06058,Lcb072862a55a,train
V2024_06059,L125e9d481ce1,train
V2024_06060,Lb438a76e8cf3,train
V2024_06061,L838192de3ff8,train
V2024_06062,L125e9d481ce1,train
V2024_06063,Lcb072862a55a,train
V2024_06064,Lc614c81db93e,train
V2024_06065,Lb438a76e8cf3,train
V2024_06066,L91a2d6bd6ae9,train
V2024_06067,Laa04681bced6,train
V2024_06068,L125e9d481ce1,train
V2024_06069,L838192de3ff8,train
V2024_06070,L91a2d6bd6ae9,train
V2024_06071,Lef6f3fb56ded,train
V2024_06072,Lb438a76e8cf3,train
V2024_06073,L1b86837b85bd,train
V2024_06074,L1b86837b85bd,train
V2024_06075,Lde52508b4724,train
V2024_06076,Laa04681bced6,train
V2024_06077,L125e9d481ce1,train
V2024_06078,Lb438a76e8cf3,train
V2024_06079,Lcb072862a55a,train
V2024_06080,Laa04681bced6,train
V2024_06081,Lcb072862a55a,train
V2024_06082,L125e9d481ce1,train
V2024_06083,Laa04681bced6,train
V2024_06084,L64f17ae722bb,train
V2024_06085,Laa04681bced6,train
V2024_06086,L7e61cc815fc6,train
V2024_06087,Lb04811ea2042,train
V2024_06088,Laa04681bced6,train
V2024_06089,Lcb072862a55a,train
V2024_06090,Lf62cb8c90244,train
V2024_06091,Laa04681bced6,train
V2024_06092,Laa04681bced6,train
V2024_06093,Lcb072862a55a,train
V2024_06094,L91a2d6bd6ae9,train
V2024_06095,L91a2d6bd6ae9,train
V2024_06096,Laa04681bced6,train
V2024_06097,L125e9d481ce1,train
V2024_06098,Laa04681bced6,train
V2024_06099,Lcb072862a55a,train
V2024_06100,Laa04681bced6,train
V2024_06101,L64f17ae722bb,train
V2024_06102,L91a2d6bd6ae9,train
V2024_06103,Laa04681bced6,train
V2024_06104,L91a2d6bd6ae9,train
V2024_06105,L1a9e597aa412,train
V2024_06106,L87b33d8dc87e,test
V2024_06107,Laa04681bced6,train
V2024_06108,Laa04681bced6,train
V2024_06109,L1b86837b85bd,train
V2024_06110,Lcb072862a55a,train
V2024_06111,Laa04681bced6,train
V2024_06112,Lcb072862a55a,train
V2024_06113,Lc614c81db93e,train
V2024_06114,Lc614c81db93e,train
V2024_06115,Lc614c81db93e,train
V2024_06116,L125e9d481ce1,train
V2024_06117,L64f17ae722bb,train
V2024_06118,L64f17ae722bb,train
V2024_06119,L64f17ae722bb,train
V2024_06120,L838192de3ff8,train
V2024_06121,Laa04681bced6,train
V2024_06122,L1b86837b85bd,train
V2024_06123,Laa04681bced6,train
V2024_06124,Lc614c81db93e,train
V2024_06125,L64f17ae722bb,train
V2024_06126,Lcb072862a55a,train
V2024_06127,L64f17ae722bb,train
V2024_06128,Lb438a76e8cf3,train
V2024_06129,Laa04681bced6,train
V2024_06130,Laa04681bced6,train
V2024_06131,L5664fd8ae3e3,train
V2024_06132,L64f17ae722bb,train
V2024_06133,Laa04681bced6,train
V2024_06134,L125e9d481ce1,train
V2024_06135,Lda8424888f8a,validation
V2024_06136,Lc614c81db93e,train
V2024_06137,Lcb072862a55a,train
V2024_06138,Laa04681bced6,train
V2024_06139,Lcb072862a55a,train
V2024_06140,L838192de3ff8,train
V2024_06141,L1b86837b85bd,train
V2024_06142,Lef6f3fb56ded,train
V2024_06143,L1b86837b85bd,train
V2024_06144,L838192de3ff8,train
V2024_06145,L64f17ae722bb,train
V2024_06146,L7e61cc815fc6,train
V2024_06147,L64f17ae722bb,train
V2024_06148,L64f17ae722bb,train
V2024_06149,L5664fd8ae3e3,train
V2024_06150,L1b86837b85bd,train
V2024_06151,Laa04681bced6,train
V2024_06152,L838192de3ff8,train
V2024_06153,L64f17ae722bb,train
V2024_06154,Laa04681bced6,train
V2024_06155,L64f17ae722bb,train
V2024_06156,Lcb072862a55a,train
V2024_06157,L125e9d481ce1,train
V2024_06158,L64f17ae722bb,train
V2024_06159,Laa04681bced6,train
V2024_06160,Lcb072862a55a,train
V2024_06161,Lcb072862a55a,train
V2024_06162,L838192de3ff8,train
V2024_06163,Lde52508b4724,train
V2024_06164,Lde52508b4724,train
V2024_06165,Lc614c81db93e,train
V2024_06166,Lcb072862a55a,train
V2024_06167,Lc614c81db93e,train
V2024_06168,Laa04681bced6,train
V2024_06169,L125e9d481ce1,train
V2024_06170,Lcb072862a55a,train
V2024_06171,L125e9d481ce1,train
V2024_06172,L64f17ae722bb,train
V2024_06173,L125e9d481ce1,train
V2024_06174,L1bafb83776ef,train
V2024_06175,L91a2d6bd6ae9,train
V2024_06176,Lfb5785d237f6,train
V2024_06177,L91a2d6bd6ae9,train
V2024_06178,L91a2d6bd6ae9,train
V2024_06179,L838192de3ff8,train
V2024_06180,L838192de3ff8,train
V2024_06181,Laa04681bced6,train
V2024_06182,L64f17ae722bb,train
V2024_06183,La5907b00bd11,test
V2024_06184,Laa04681bced6,train
V2024_06185,L1bafb83776ef,train
V2024_06186,Lb438a76e8cf3,train
V2024_06187,L91a2d6bd6ae9,train
V2024_06188,L91a2d6bd6ae9,train
V2024_06189,Laa04681bced6,train
V2024_06190,L5664fd8ae3e3,train
V2024_06191,Lcb072862a55a,train
V2024_06192,L1b86837b85bd,train
V2024_06193,Laa04681bced6,train
V2024_06194,Laa04681bced6,train
V2024_06195,Laa04681bced6,train
V2024_06196,L64f17ae722bb,train
V2024_06197,L1a642d1927ea,validation
V2024_06198,L7e61cc815fc6,train
V2024_06199,L5664fd8ae3e3,train
V2024_06200,L838192de3ff8,train
V2024_06201,L125e9d481ce1,train
V2024_06202,L1a642d1927ea,validation
V2024_06203,L838192de3ff8,train
V2024_06204,Lcb072862a55a,train
V2024_06205,La5907b00bd11,test
V2024_06206,Laa04681bced6,train
V2024_06207,Lb438a76e8cf3,train
V2024_06208,Lcb072862a55a,train
V2024_06209,L7e61cc815fc6,train
V2024_06210,Lb438a76e8cf3,train
V2024_06211,L125e9d481ce1,train
V2024_06212,L7e61cc815fc6,train
V2024_06213,L838192de3ff8,train
V2024_06214,L125e9d481ce1,train
V2024_06215,Laa04681bced6,train
V2024_06216,Lcb072862a55a,train
V2024_06217,Lc614c81db93e,train
V2024_06218,L64f17ae722bb,train
V2024_06219,Laa04681bced6,train
V2024_06220,L64f17ae722bb,train
V2024_06221,L838192de3ff8,train
V2024_06222,L7e61cc815fc6,train
V2024_06223,Lc614c81db93e,train
V2024_06224,Lcb072862a55a,train
V2024_06225,L91a2d6bd6ae9,train
V2024_06226,L1b86837b85bd,train
V2024_06227,L838192de3ff8,train
V2024_06228,L838192de3ff8,train
V2024_06229,Lb438a76e8cf3,train
V2024_06230,Lcb072862a55a,train
V2024_06231,Lb438a76e8cf3,train
V2024_06232,Laa04681bced6,train
V2024_06233,Laa04681bced6,train
V2024_06234,L125e9d481ce1,train
V2024_06235,Lcb072862a55a,train
V2024_06236,Lcb072862a55a,train
V2024_06237,L64f17ae722bb,train
V2024_06238,L91a2d6bd6ae9,train
V2024_06239,L125e9d481ce1,train
V2024_06240,Lf62cb8c90244,train
V2024_06241,L02ef6593d3d5,train
V2024_06242,Laa04681bced6,train
V2024_06243,L838192de3ff8,train
V2024_06244,L7e61cc815fc6,train
V2024_06245,Lb438a76e8cf3,train
V2024_06246,L91a2d6bd6ae9,train
V2024_06247,Lcb072862a55a,train
V2024_06248,Lcb072862a55a,train
V2024_06249,Lcb072862a55a,train
V2024_06250,L838192de3ff8,train
V2024_06251,Lcb072862a55a,train
V2024_06252,Lc614c81db93e,train
V2024_06253,L1a642d1927ea,validation
V2024_06254,Lafa74f43855c,train
V2024_06255,L1a642d1927ea,validation
V2024_06256,L7e61cc815fc6,train
V2024_06257,L02ef6593d3d5,train
V2024_06258,Laa04681bced6,train
V2024_06259,Lf62cb8c90244,train
V2024_06260,Laa04681bced6,train
V2024_06261,L91a2d6bd6ae9,train
V2024_06262,Laa04681bced6,train
V2024_06263,Laa04681bced6,train
V2024_06264,Lb3f6e11dec6c,train
V2024_06265,L125e9d481ce1,train
V2024_06266,Lcb072862a55a,train
V2024_06267,L5664fd8ae3e3,train
V2024_06268,L7e61cc815fc6,train
V2024_06269,Laa04681bced6,train
V2024_06270,Lb04811ea2042,train
V2024_06271,Laa04681bced6,train
V2024_06272,L838192de3ff8,train
V2024_06273,Lc20803a30217,train
V2024_06274,Lcb072862a55a,train
V2024_06275,L64f17ae722bb,train
V2024_06276,L91a2d6bd6ae9,train
V2024_06277,L7e61cc815fc6,train
V2024_06278,L125e9d481ce1,train
V2024_06279,Lf62cb8c90244,train
V2024_06280,Lcb072862a55a,train
V2024_06281,Laa04681bced6,train
V2024_06282,Laa04681bced6,train
V2024_06283,Lc614c81db93e,train
V2024_06284,L7e61cc815fc6,train
V2024_06285,Lcb072862a55a,train
V2024_06286,L838192de3ff8,train
V2024_06287,Laa04681bced6,train
V2024_06288,Lc20803a30217,train
V2024_06289,Lc614c81db93e,train
V2024_06290,L1a642d1927ea,validation
V2024_06291,L125e9d481ce1,train
V2024_06292,L64f17ae722bb,train
V2024_06293,Laa04681bced6,train
V2024_06294,L64f17ae722bb,train
V2024_06295,Laa04681bced6,train
V2024_06296,Lb438a76e8cf3,train
V2024_06297,Lc614c81db93e,train
V2024_06298,L125e9d481ce1,train
V2024_06299,L125e9d481ce1,train
V2024_06300,Laa04681bced6,train
V2024_06301,Lb438a76e8cf3,train
V2024_06302,L1b86837b85bd,train
V2024_06303,L5664fd8ae3e3,train
V2024_06304,Lb438a76e8cf3,train
V2024_06305,Lb438a76e8cf3,train
V2024_06306,L64f17ae722bb,train
V2024_06307,Lf62cb8c90244,train
V2024_06308,Lb438a76e8cf3,train
V2024_06309,Laa04681bced6,train
V2024_06310,Laa04681bced6,train
V2024_06311,L838192de3ff8,train
V2024_06312,L64f17ae722bb,train
V2024_06313,Lcb072862a55a,train
V2024_06314,L64f17ae722bb,train
V2024_06315,L02ef6593d3d5,train
V2024_06316,L838192de3ff8,train
V2024_06317,L838192de3ff8,train
V2024_06318,Lb438a76e8cf3,train
V2024_06319,Lcb072862a55a,train
V2024_06320,Lcb072862a55a,train
V2024_06321,L91a2d6bd6ae9,train
V2024_06322,L64f17ae722bb,train
V2024_06323,Lcb072862a55a,train
V2024_06324,Laa04681bced6,train
V2024_06325,L64f17ae722bb,train
V2024_06326,L838192de3ff8,train
V2024_06327,Laa04681bced6,train
V2024_06328,L7eaf771af4c9,test
V2024_06329,Laa04681bced6,train
V2024_06330,Laa04681bced6,train
V2024_06331,Laa04681bced6,train
V2024_06332,Laa04681bced6,train
V2024_06333,Laa04681bced6,train
V2024_06334,L1b86837b85bd,train
V2024_06335,Lcb072862a55a,train
V2024_06336,L64f17ae722bb,train
V2024_06337,Lde52508b4724,train
V2024_06338,L125e9d481ce1,train
V2024_06339,Laa04681bced6,train
V2024_06340,L64f17ae722bb,train
V2024_06341,Lde52508b4724,train
V2024_06342,Laa04681bced6,train
V2024_06343,Laa04681bced6,train
V2024_06344,Lb438a76e8cf3,train
V2024_06345,L91a2d6bd6ae9,train
V2024_06346,L91a2d6bd6ae9,train
V2024_06347,L91a2d6bd6ae9,train
V2024_06348,L125e9d481ce1,train
V2024_06349,L838192de3ff8,train
V2024_06350,Lb438a76e8cf3,train
V2024_06351,Lc614c81db93e,train
V2024_06352,L91a2d6bd6ae9,train
V2024_06353,Lf62cb8c90244,train
V2024_06354,L64f17ae722bb,train
V2024_06355,Lcb072862a55a,train
V2024_06356,L838192de3ff8,train
V2024_06357,Lcb072862a55a,train
V2024_06358,L1a642d1927ea,validation
V2024_06359,Lcb072862a55a,train
V2024_06360,L91a2d6bd6ae9,train
V2024_06361,Laa04681bced6,train
V2024_06362,Lb438a76e8cf3,train
V2024_06363,Lc614c81db93e,train
V2024_06364,Lf62cb8c90244,train
V2024_06365,L838192de3ff8,train
V2024_06366,Lb438a76e8cf3,train
V2024_06367,L64f17ae722bb,train
V2024_06368,L95e5340cc9f8,train
V2024_06369,Lcb072862a55a,train
V2024_06370,Lcb072862a55a,train
V2024_06371,Lde52508b4724,train
V2024_06372,Lb438a76e8cf3,train
V2024_06373,Lb438a76e8cf3,train
V2024_06374,L125e9d481ce1,train
V2024_06375,L91a2d6bd6ae9,train
V2024_06376,Laa04681bced6,train
V2024_06377,L64f17ae722bb,train
V2024_06378,L1a642d1927ea,validation
V2024_06379,Lcb072862a55a,train
V2024_06380,Lb3f6e11dec6c,train
V2024_06381,Laa04681bced6,train
V2024_06382,L64f17ae722bb,train
V2024_06383,Lc614c81db93e,train
V2024_06384,Lcb072862a55a,train
V2024_06385,L125e9d481ce1,train
V2024_06386,L1bafb83776ef,train
V2024_06387,L5664fd8ae3e3,train
V2024_06388,Laa04681bced6,train
V2024_06389,Laa04681bced6,train
V2024_06390,Laa04681bced6,train
V2024_06391,Laa04681bced6,train
V2024_06392,L64f17ae722bb,train
V2024_06393,Lb04811ea2042,train
V2024_06394,Laa04681bced6,train
V2024_06395,Lcb072862a55a,train
V2024_06396,L5664fd8ae3e3,train
V2024_06397,Laa04681bced6,train
V2024_06398,Lb438a76e8cf3,train
V2024_06399,L64f17ae722bb,train
V2024_06400,L125e9d481ce1,train
V2024_06401,La93f1eb06849,train
V2024_06402,Laa04681bced6,train
V2024_06403,L91a2d6bd6ae9,train
V2024_06404,Lcb072862a55a,train
V2024_06405,L125e9d481ce1,train
V2024_06406,L64f17ae722bb,train
V2024_06407,L02ef6593d3d5,train
V2024_06408,Lc614c81db93e,train
V2024_06409,Lb438a76e8cf3,train
V2024_06410,L91a2d6bd6ae9,train
V2024_06411,L91a2d6bd6ae9,train
V2024_06412,L64f17ae722bb,train
V2024_06413,Lb438a76e8cf3,train
V2024_06414,Lcb072862a55a,train
V2024_06415,L02ef6593d3d5,train
V2024_06416,Lde52508b4724,train
V2024_06417,L64f17ae722bb,train
V2024_06418,Lcb072862a55a,train
V2024_06419,L91a2d6bd6ae9,train
V2024_06420,L91a2d6bd6ae9,train
V2024_06421,Laa04681bced6,train
V2024_06422,Laa04681bced6,train
V2024_06423,L125e9d481ce1,train
V2024_06424,Lc614c81db93e,train
V2024_06425,L838192de3ff8,train
V2024_06426,L1b86837b85bd,train
V2024_06427,L7e61cc815fc6,train
V2024_06428,L838192de3ff8,train
V2024_06429,Laa04681bced6,train
V2024_06430,L838192de3ff8,train
V2024_06431,L125e9d481ce1,train
V2024_06432,L1b86837b85bd,train
V2024_06433,L64f17ae722bb,train
V2024_06434,Lcb072862a55a,train
V2024_06435,Lb438a76e8cf3,train
V2024_06436,L7e61cc815fc6,train
V2024_06437,L1b86837b85bd,train
V2024_06438,L4c24aac4b922,train
V2024_06439,Lb438a76e8cf3,train
V2024_06440,L125e9d481ce1,train
V2024_06441,Lcb072862a55a,train
V2024_06442,Laa04681bced6,train
V2024_06443,Lcb072862a55a,train
V2024_06444,Lde52508b4724,train
V2024_06445,L838192de3ff8,train
V2024_06446,L02ef6593d3d5,train
V2024_06447,Laa04681bced6,train
V2024_06448,L1b86837b85bd,train
V2024_06449,Laa04681bced6,train
V2024_06450,L91a2d6bd6ae9,train
V2024_06451,L91a2d6bd6ae9,train
V2024_06452,Lcb072862a55a,train
V2024_06453,Laa04681bced6,train
V2024_06454,L1b86837b85bd,train
V2024_06455,L125e9d481ce1,train
V2024_06456,Lcb072862a55a,train
V2024_06457,L125e9d481ce1,train
V2024_06458,L64f17ae722bb,train
V2024_06459,L838192de3ff8,train
V2024_06460,L7e61cc815fc6,train
V2024_06461,Lb438a76e8cf3,train
V2024_06462,L64f17ae722bb,train
V2024_06463,Lcb072862a55a,train
V2024_06464,Lb438a76e8cf3,train
V2024_06465,L838192de3ff8,train
V2024_06466,L125e9d481ce1,train
V2024_06467,Lcb072862a55a,train
V2024_06468,Lc614c81db93e,train
V2024_06469,Lcb072862a55a,train
V2024_06470,L91a2d6bd6ae9,train
V2024_06471,La5907b00bd11,test
V2024_06472,L125e9d481ce1,train
V2024_06473,L02ef6593d3d5,train
V2024_06474,Ld41c6cd143a1,validation
V2024_06475,L838192de3ff8,train
V2024_06476,Laa04681bced6,train
V2024_06477,Lcb072862a55a,train
V2024_06478,Lda8424888f8a,validation
V2024_06479,L95e5340cc9f8,train
V2024_06480,Laa04681bced6,train
V2024_06481,Laa04681bced6,train
V2024_06482,Lb438a76e8cf3,train
V2024_06483,Lcb072862a55a,train
V2024_06484,Lb438a76e8cf3,train
V2024_06485,Lb438a76e8cf3,train
V2024_06486,L91a2d6bd6ae9,train
V2024_06487,L91a2d6bd6ae9,train
V2024_06488,L91a2d6bd6ae9,train
V2024_06489,Laa04681bced6,train
V2024_06490,Laa04681bced6,train
V2024_06491,L125e9d481ce1,train
V2024_06492,Lcb072862a55a,train
V2024_06493,L64f17ae722bb,train
V2024_06494,Laa04681bced6,train
V2024_06495,Laa04681bced6,train
V2024_06496,L838192de3ff8,train
V2024_06497,L64f17ae722bb,train
V2024_06498,Lb438a76e8cf3,train
V2024_06499,Lc20803a30217,train
V2024_06500,Laa04681bced6,train
V2024_06501,Laa04681bced6,train
V2024_06502,L838192de3ff8,train
V2024_06503,L91a2d6bd6ae9,train
V2024_06504,L1bafb83776ef,train
V2024_06505,L1bafb83776ef,train
V2024_06506,L91a2d6bd6ae9,train
V2024_06507,La5907b00bd11,test
V2024_06508,L125e9d481ce1,train
V2024_06509,Lcb072862a55a,train
V2024_06510,L3d160ea02c91,validation
V2024_06511,L7e61cc815fc6,train
V2024_06512,La5907b00bd11,test
V2024_06513,Lcb072862a55a,train
V2024_06514,L125e9d481ce1,train
V2024_06515,Lb438a76e8cf3,train
V2024_06516,Lcb072862a55a,train
V2024_06517,L91a2d6bd6ae9,train
V2024_06518,L72ac57610b92,train
V2024_06519,L125e9d481ce1,train
V2024_06520,L838192de3ff8,train
V2024_06521,L91a2d6bd6ae9,train
V2024_06522,L91a2d6bd6ae9,train
V2024_06523,L1a642d1927ea,validation
V2024_06524,L5664fd8ae3e3,train
V2024_06525,L91a2d6bd6ae9,train
V2024_06526,Ld45770a703e8,train
V2024_06527,Laa04681bced6,train
V2024_06528,Lb438a76e8cf3,train
V2024_06529,L02ef6593d3d5,train
V2024_06530,Lb438a76e8cf3,train
V2024_06531,L91a2d6bd6ae9,train
V2024_06532,Lc614c81db93e,train
V2024_06533,L91a2d6bd6ae9,train
V2024_06534,Lcb072862a55a,train
V2024_06535,L1b86837b85bd,train
V2024_06536,L1bafb83776ef,train
V2024_06537,L838192de3ff8,train
V2024_06538,Laa04681bced6,train
V2024_06539,Lc614c81db93e,train
V2024_06540,L91a2d6bd6ae9,train
V2024_06541,L1b86837b85bd,train
V2024_06542,L64f17ae722bb,train
V2024_06543,L838192de3ff8,train
V2024_06544,L91a2d6bd6ae9,train
V2024_06545,La5907b00bd11,test
V2024_06546,Lcb072862a55a,train
V2024_06547,Laa04681bced6,train
V2024_06548,L64f17ae722bb,train
V2024_06549,L91a2d6bd6ae9,train
V2024_06550,L1b86837b85bd,train
V2024_06551,Laa04681bced6,train
V2024_06552,Laa04681bced6,train
V2024_06553,Lcb072862a55a,train
V2024_06554,Laa04681bced6,train
V2024_06555,L1bafb83776ef,train
V2024_06556,Lcb072862a55a,train
V2024_06557,L64f17ae722bb,train
V2024_06558,L1b86837b85bd,train
V2024_06559,L1bafb83776ef,train
V2024_06560,L838192de3ff8,train
V2024_06561,Laa04681bced6,train
V2024_06562,Laa04681bced6,train
V2024_06563,L838192de3ff8,train
V2024_06564,L7e61cc815fc6,train
V2024_06565,L125e9d481ce1,train
V2024_06566,Laa04681bced6,train
V2024_06567,Laa04681bced6,train
V2024_06568,L91a2d6bd6ae9,train
V2024_06569,L7e61cc815fc6,train
V2024_06570,L125e9d481ce1,train
V2024_06571,La5907b00bd11,test
V2024_06572,L5664fd8ae3e3,train
V2024_06573,L5664fd8ae3e3,train
V2024_06574,L91a2d6bd6ae9,train
V2024_06575,Lcb072862a55a,train
V2024_06576,L91a2d6bd6ae9,train
V2024_06577,L5664fd8ae3e3,train
V2024_06578,Lf62cb8c90244,train
V2024_06579,Laa04681bced6,train
V2024_06580,L5664fd8ae3e3,train
V2024_06581,Lc614c81db93e,train
V2024_06582,Lc614c81db93e,train
V2024_06583,Lcb072862a55a,train
V2024_06584,L5664fd8ae3e3,train
V2024_06585,L5664fd8ae3e3,train
V2024_06586,L64f17ae722bb,train
V2024_06587,Laa04681bced6,train
V2024_06588,Laa04681bced6,train
V2024_06589,L125e9d481ce1,train
V2024_06590,L1b86837b85bd,train
V2024_06591,L1bafb83776ef,train
V2024_06592,L91a2d6bd6ae9,train
V2024_06593,Lcb072862a55a,train
V2024_06594,Lb438a76e8cf3,train
V2024_06595,L125e9d481ce1,train
V2024_06596,Laa04681bced6,train
V2024_06597,L91a2d6bd6ae9,train
V2024_06598,L125e9d481ce1,train
V2024_06599,Laa04681bced6,train
V2024_06600,Laa04681bced6,train
V2024_06601,Lcb072862a55a,train
V2024_06602,Lcb072862a55a,train
V2024_06603,Lcb072862a55a,train
V2024_06604,Laa04681bced6,train
V2024_06605,Laa04681bced6,train
V2024_06606,L95e5340cc9f8,train
V2024_06607,Laa04681bced6,train
V2024_06608,Laa04681bced6,train
V2024_06609,La5907b00bd11,test
V2024_06610,Lc614c81db93e,train
V2024_06611,L91a2d6bd6ae9,train
V2024_06612,L125e9d481ce1,train
V2024_06613,L91a2d6bd6ae9,train
V2024_06614,L125e9d481ce1,train
V2024_06615,Laa04681bced6,train
V2024_06616,L125e9d481ce1,train
V2024_06617,Lcb072862a55a,train
V2024_06618,Lc614c81db93e,train
V2024_06619,Lcb072862a55a,train
V2024_06620,Lc614c81db93e,train
V2024_06621,Laa04681bced6,train
V2024_06622,Laa04681bced6,train
V2024_06623,Laa04681bced6,train
V2024_06624,L02ef6593d3d5,train
V2024_06625,L64f17ae722bb,train
V2024_06626,L1b86837b85bd,train
V2024_06627,L91a2d6bd6ae9,train
V2024_06628,Laa04681bced6,train
V2024_06629,Laa04681bced6,train
V2024_06630,Laa04681bced6,train
V2024_06631,La5907b00bd11,test
V2024_06632,L838192de3ff8,train
V2024_06633,L91a2d6bd6ae9,train
V2024_06634,L91a2d6bd6ae9,train
V2024_06635,Lcb072862a55a,train
V2024_06636,Lb3f6e11dec6c,train
V2024_06637,Laa04681bced6,train
V2024_06638,L125e9d481ce1,train
V2024_06639,L7e61cc815fc6,train
V2024_06640,Laa04681bced6,train
V2024_06641,Lcb072862a55a,train
V2024_06642,L91a2d6bd6ae9,train
V2024_06643,L125e9d481ce1,train
V2024_06644,L125e9d481ce1,train
V2024_06645,L719b9b73a53c,train
V2024_06646,Lc614c81db93e,train
V2024_06647,L64f17ae722bb,train
V2024_06648,Lc614c81db93e,train
V2024_06649,Lb04811ea2042,train
V2024_06650,L7e61cc815fc6,train
V2024_06651,L125e9d481ce1,train
V2024_06652,L64f17ae722bb,train
V2024_06653,L5664fd8ae3e3,train
V2024_06654,L95e5340cc9f8,train
V2024_06655,L91a2d6bd6ae9,train
V2024_06656,L125e9d481ce1,train
V2024_06657,L5664fd8ae3e3,train
V2024_06658,Lb04811ea2042,train
V2024_06659,Laa04681bced6,train
V2024_06660,Lf62cb8c90244,train
V2024_06661,L5664fd8ae3e3,train
V2024_06662,L95e5340cc9f8,train
V2024_06663,Lcb072862a55a,train
V2024_06664,Lcb072862a55a,train
V2024_06665,L91a2d6bd6ae9,train
V2024_06666,Lc614c81db93e,train
V2024_06667,L1b86837b85bd,train
V2024_06668,L125e9d481ce1,train
V2024_06669,L125e9d481ce1,train
V2024_06670,L64f17ae722bb,train
V2024_06671,L125e9d481ce1,train
V2024_06672,Lde52508b4724,train
V2024_06673,Lcb072862a55a,train
V2024_06674,Lb04811ea2042,train
V2024_06675,Lf62cb8c90244,train
V2024_06676,Lb3f6e11dec6c,train
V2024_06677,Lcb072862a55a,train
V2024_06678,Lc614c81db93e,train
V2024_06679,L64f17ae722bb,train
V2024_06680,Laf6837a215c6,train
V2024_06681,L72dfa8856242,validation
V2024_06682,Laf36504e0fc8,train
V2024_06683,L7e61cc815fc6,train
V2024_06684,Ld45770a703e8,train
V2024_06685,Lc614c81db93e,train
V2024_06686,L125e9d481ce1,train
V2024_06687,L5664fd8ae3e3,train
V2024_06688,L5664fd8ae3e3,train
V2024_06689,L91a2d6bd6ae9,train
V2024_06690,L125e9d481ce1,train
V2024_06691,L0350946c83f8,train
V2024_06692,L64f17ae722bb,train
V2024_06693,Lb04811ea2042,train
V2024_06694,L1bafb83776ef,train
V2024_06695,L838192de3ff8,train
V2024_06696,Lcb072862a55a,train
V2024_06697,L125e9d481ce1,train
V2024_06698,Lb04811ea2042,train
V2024_06699,Lcb072862a55a,train
V2024_06700,L5664fd8ae3e3,train
V2024_06701,L5664fd8ae3e3,train
V2024_06702,L1a642d1927ea,validation
V2024_06703,L1bafb83776ef,train
V2024_06704,L5664fd8ae3e3,train
V2024_06705,L1bafb83776ef,train
V2024_06706,L64f17ae722bb,train
V2024_06707,L1b86837b85bd,train
V2024_06708,L1bafb83776ef,train
V2024_06709,L838192de3ff8,train
V2024_06710,Lcb072862a55a,train
V2024_06711,L91a2d6bd6ae9,train
V2024_06712,Lc614c81db93e,train
V2024_06713,Lc614c81db93e,train
V2024_06714,Lc614c81db93e,train
V2024_06715,L91a2d6bd6ae9,train
V2024_06716,L64f17ae722bb,train
V2024_06717,L838192de3ff8,train
V2024_06718,L5664fd8ae3e3,train
V2024_06719,L7e61cc815fc6,train
V2024_06720,Lcb072862a55a,train
V2024_06721,L125e9d481ce1,train
V2024_06722,L1b86837b85bd,train
V2024_06723,Lc614c81db93e,train
V2024_06724,Lb04811ea2042,train
V2024_06725,Laa04681bced6,train
V2024_06726,Lb438a76e8cf3,train
V2024_06727,L4ee76263f1f4,train
V2024_06728,L125e9d481ce1,train
V2024_06729,L1b86837b85bd,train
V2024_06730,Laa04681bced6,train
V2024_06731,Lcb072862a55a,train
V2024_06732,Lcb072862a55a,train
V2024_06733,Lcb072862a55a,train
V2024_06734,Lb3f6e11dec6c,train
V2024_06735,L64f17ae722bb,train
V2024_06736,L838192de3ff8,train
V2024_06737,L125e9d481ce1,train
V2024_06738,Lcb072862a55a,train
V2024_06739,Laa04681bced6,train
V2024_06740,La5907b00bd11,test
V2024_06741,La5907b00bd11,test
V2024_06742,Laa04681bced6,train
V2024_06743,Laa04681bced6,train
V2024_06744,L125e9d481ce1,train
V2024_06745,L64f17ae722bb,train
V2024_06746,Laa04681bced6,train
V2024_06747,Lb438a76e8cf3,train
V2024_06748,L91a2d6bd6ae9,train
V2024_06749,Lcb072862a55a,train
V2024_06750,Laa04681bced6,train
V2024_06751,Lf62cb8c90244,train
V2024_06752,Lcb072862a55a,train
V2024_06753,Laa04681bced6,train
V2024_06754,Laa04681bced6,train
V2024_06755,Lc614c81db93e,train
V2024_06756,Laa04681bced6,train
V2024_06757,Laa04681bced6,train
V2024_06758,L838192de3ff8,train
V2024_06759,La5907b00bd11,test
V2024_06760,L91a2d6bd6ae9,train
V2024_06761,L125e9d481ce1,train
V2024_06762,L125e9d481ce1,train
V2024_06763,L125e9d481ce1,train
V2024_06764,L70546793aaaf,train
V2024_06765,L7e61cc815fc6,train
V2024_06766,L5664fd8ae3e3,train
V2024_06767,L125e9d481ce1,train
V2024_06768,L838192de3ff8,train
V2024_06769,Laa04681bced6,train
V2024_06770,L1a642d1927ea,validation
V2024_06771,Laa04681bced6,train
V2024_06772,Laa04681bced6,train
V2024_06773,L64f17ae722bb,train
V2024_06774,L1bafb83776ef,train
V2024_06775,L83743147e7dd,train
V2024_06776,Laa04681bced6,train
V2024_06777,L64f17ae722bb,train
V2024_06778,Lcb072862a55a,train
V2024_06779,Laa04681bced6,train
V2024_06780,L64f17ae722bb,train
V2024_06781,Lc614c81db93e,train
V2024_06782,L91a2d6bd6ae9,train
V2024_06783,L1b86837b85bd,train
V2024_06784,L64f17ae722bb,train
V2024_06785,L64f17ae722bb,train
V2024_06786,L64f17ae722bb,train
V2024_06787,Lb04811ea2042,train
V2024_06788,Lcb072862a55a,train
V2024_06789,La5907b00bd11,test
V2024_06790,Lc614c81db93e,train
V2024_06791,Laa04681bced6,train
V2024_06792,Laa04681bced6,train
V2024_06793,La5907b00bd11,test
V2024_06794,L838192de3ff8,train
V2024_06795,Lb438a76e8cf3,train
V2024_06796,Lcb072862a55a,train
V2024_06797,Lcb072862a55a,train
V2024_06798,L7e61cc815fc6,train
V2024_06799,L838192de3ff8,train
V2024_06800,L838192de3ff8,train
V2024_06801,Ld41c6cd143a1,validation
V2024_06802,L7e61cc815fc6,train
V2024_06803,Laa04681bced6,train
V2024_06804,Laa04681bced6,train
V2024_06805,L64f17ae722bb,train
V2024_06806,L91a2d6bd6ae9,train
V2024_06807,Lcb072862a55a,train
V2024_06808,Lf62cb8c90244,train
V2024_06809,L1bafb83776ef,train
V2024_06810,L7e61cc815fc6,train
V2024_06811,Laa04681bced6,train
V2024_06812,L91a2d6bd6ae9,train
V2024_06813,Lde52508b4724,train
V2024_06814,L1bafb83776ef,train
V2024_06815,L125e9d481ce1,train
V2024_06816,L7e61cc815fc6,train
V2024_06817,Laa04681bced6,train
V2024_06818,Lc614c81db93e,train
V2024_06819,Laa04681bced6,train
V2024_06820,L7e61cc815fc6,train
V2024_06821,L125e9d481ce1,train
V2024_06822,L125e9d481ce1,train
V2024_06823,L838192de3ff8,train
V2024_06824,Lcb072862a55a,train
V2024_06825,Lcb072862a55a,train
V2024_06826,Lc614c81db93e,train
V2024_06827,Lb438a76e8cf3,train
V2024_06828,Lb04811ea2042,train
V2024_06829,L02ef6593d3d5,train
V2024_06830,L125e9d481ce1,train
V2024_06831,Laa04681bced6,train
V2024_06832,L125e9d481ce1,train
V2024_06833,Laa04681bced6,train
V2024_06834,L838192de3ff8,train
V2024_06835,Lcb072862a55a,train
V2024_06836,Lb438a76e8cf3,train
V2024_06837,Laa04681bced6,train
V2024_06838,L125e9d481ce1,train
V2024_06839,L84ccb669be5c,test
V2024_06840,Lcb072862a55a,train
V2024_06841,Laa04681bced6,train
V2024_06842,L125e9d481ce1,train
V2024_06843,L719b9b73a53c,train
V2024_06844,Laa04681bced6,train
V2024_06845,L7e61cc815fc6,train
V2024_06846,Lb438a76e8cf3,train
V2024_06847,Laa04681bced6,train
V2024_06848,L91a2d6bd6ae9,train
V2024_06849,Lc20803a30217,train
V2024_06850,L125e9d481ce1,train
V2024_06851,Lf62cb8c90244,train
V2024_06852,L125e9d481ce1,train
V2024_06853,L91a2d6bd6ae9,train
V2024_06854,Lb438a76e8cf3,train
V2024_06855,L91a2d6bd6ae9,train
V2024_06856,L125e9d481ce1,train
V2024_06857,Lf62cb8c90244,train
V2024_06858,L125e9d481ce1,train
V2024_06859,L7e61cc815fc6,train
V2024_06860,L1b86837b85bd,train
V2024_06861,Lc614c81db93e,train
V2024_06862,Laa04681bced6,train
V2024_06863,L91a2d6bd6ae9,train
V2024_06864,Lb438a76e8cf3,train
V2024_06865,Laa04681bced6,train
V2024_06866,Lb438a76e8cf3,train
V2024_06867,L02ef6593d3d5,train
V2024_06868,Lb438a76e8cf3,train
V2024_06869,L7e61cc815fc6,train
V2024_06870,L1b86837b85bd,train
V2024_06871,L125e9d481ce1,train
V2024_06872,Lf62cb8c90244,train
V2024_06873,Lcb072862a55a,train
V2024_06874,L91a2d6bd6ae9,train
V2024_06875,Lcb072862a55a,train
V2024_06876,L5664fd8ae3e3,train
V2024_06877,Lcb072862a55a,train
V2024_06878,L1bafb83776ef,train
V2024_06879,L1b86837b85bd,train
V2024_06880,L125e9d481ce1,train
V2024_06881,Laa04681bced6,train
V2024_06882,L125e9d481ce1,train
V2024_06883,L64f17ae722bb,train
V2024_06884,Lde52508b4724,train
V2024_06885,L838192de3ff8,train
V2024_06886,L838192de3ff8,train
V2024_06887,Lb438a76e8cf3,train
V2024_06888,Laa04681bced6,train
V2024_06889,Laa04681bced6,train
V2024_06890,Lcb072862a55a,train
V2024_06891,Laa04681bced6,train
V2024_06892,Lb438a76e8cf3,train
V2024_06893,L91a2d6bd6ae9,train
V2024_06894,L125e9d481ce1,train
V2024_06895,Lcb072862a55a,train
V2024_06896,Lf62cb8c90244,train
V2024_06897,L64f17ae722bb,train
V2024_06898,Lcb072862a55a,train
V2024_06899,L91a2d6bd6ae9,train
V2024_06900,L838192de3ff8,train
V2024_06901,L5664fd8ae3e3,train
V2024_06902,Lcb072862a55a,train
V2024_06903,Laa04681bced6,train
V2024_06904,Laa04681bced6,train
V2024_06905,Lc614c81db93e,train
V2024_06906,L838192de3ff8,train
V2024_06907,L838192de3ff8,train
V2024_06908,L5664fd8ae3e3,train
V2024_06909,L95e5340cc9f8,train
V2024_06910,L125e9d481ce1,train
V2024_06911,L64f17ae722bb,train
V2024_06912,L80827aeea10f,train
V2024_06913,L838192de3ff8,train
V2024_06914,Lcb072862a55a,train
V2024_06915,L91a2d6bd6ae9,train
V2024_06916,L125e9d481ce1,train
V2024_06917,L64f17ae722bb,train
V2024_06918,Lb04811ea2042,train
V2024_06919,L1b86837b85bd,train
V2024_06920,L91a2d6bd6ae9,train
V2024_06921,L64f17ae722bb,train
V2024_06922,L7e61cc815fc6,train
V2024_06923,Lcb072862a55a,train
V2024_06924,L7e61cc815fc6,train
V2024_06925,L125e9d481ce1,train
V2024_06926,L125e9d481ce1,train
V2024_06927,L719b9b73a53c,train
V2024_06928,L64f17ae722bb,train
V2024_06929,L1b86837b85bd,train
V2024_06930,L1bafb83776ef,train
V2024_06931,L1bafb83776ef,train
V2024_06932,L91a2d6bd6ae9,train
V2024_06933,Lb438a76e8cf3,train
V2024_06934,L1b86837b85bd,train
V2024_06935,L64f17ae722bb,train
V2024_06936,L64f17ae722bb,train
V2024_06937,Laa04681bced6,train
V2024_06938,Lf62cb8c90244,train
V2024_06939,L1bafb83776ef,train
V2024_06940,Laa04681bced6,train
V2024_06941,Lb04811ea2042,train
V2024_06942,Lb438a76e8cf3,train
V2024_06943,L125e9d481ce1,train
V2024_06944,Laa04681bced6,train
V2024_06945,Lb04811ea2042,train
V2024_06946,Lc614c81db93e,train
V2024_06947,Lef6f3fb56ded,train
V2024_06948,L02ef6593d3d5,train
V2024_06949,Laa04681bced6,train
V2024_06950,L838192de3ff8,train
V2024_06951,Lcb072862a55a,train
V2024_06952,L1b86837b85bd,train
V2024_06953,L1b86837b85bd,train
V2024_06954,L64f17ae722bb,train
V2024_06955,L95e5340cc9f8,train
V2024_06956,L7e61cc815fc6,train
V2024_06957,Laa04681bced6,train
V2024_06958,L1b86837b85bd,train
V2024_06959,L125e9d481ce1,train
V2024_06960,L64f17ae722bb,train
V2024_06961,Lde52508b4724,train
V2024_06962,L91a2d6bd6ae9,train
V2024_06963,L91a2d6bd6ae9,train
V2024_06964,Lcb072862a55a,train
V2024_06965,L125e9d481ce1,train
V2024_06966,L7e61cc815fc6,train
V2024_06967,L838192de3ff8,train
V2024_06968,L838192de3ff8,train
V2024_06969,L91a2d6bd6ae9,train
V2024_06970,Laa04681bced6,train
V2024_06971,Laa04681bced6,train
V2024_06972,L838192de3ff8,train
V2024_06973,Laa04681bced6,train
V2024_06974,L125e9d481ce1,train
V2024_06975,Lb438a76e8cf3,train
V2024_06976,Laa04681bced6,train
V2024_06977,L64f17ae722bb,train
V2024_06978,Lcb072862a55a,train
V2024_06979,L5664fd8ae3e3,train
V2024_06980,Lcb072862a55a,train
V2024_06981,Lc614c81db93e,train
V2024_06982,L09552c952741,train
V2024_06983,L64f17ae722bb,train
V2024_06984,L64f17ae722bb,train
V2024_06985,L838192de3ff8,train
V2024_06986,Lb438a76e8cf3,train
V2024_06987,Lb438a76e8cf3,train
V2024_06988,Laa04681bced6,train
V2024_06989,Lcb072862a55a,train
V2024_06990,L91a2d6bd6ae9,train
V2024_06991,Laa04681bced6,train
V2024_06992,Laa04681bced6,train
V2024_06993,Lcb072862a55a,train
V2024_06994,Lcb072862a55a,train
V2024_06995,Lcb072862a55a,train
V2024_06996,Lc20803a30217,train
V2024_06997,Lcb072862a55a,train
V2024_06998,Lb04811ea2042,train
V2024_06999,Lc20803a30217,train
V2024_07000,Lc614c81db93e,train
V2024_07001,Lb438a76e8cf3,train
V2024_07002,L1a642d1927ea,validation
V2024_07003,L64f17ae722bb,train
V2024_07004,L64f17ae722bb,train
V2024_07005,Lcb072862a55a,train
V2024_07006,L64f17ae722bb,train
V2024_07007,Lb438a76e8cf3,train
V2024_07008,Laa04681bced6,train
V2024_07009,L125e9d481ce1,train
V2024_07010,L1a642d1927ea,validation
V2024_07011,Lcb072862a55a,train
V2024_07012,Laa04681bced6,train
V2024_07013,Laa04681bced6,train
V2024_07014,L838192de3ff8,train
V2024_07015,Lc614c81db93e,train
V2024_07016,Lb438a76e8cf3,train
V2024_07017,L125e9d481ce1,train
V2024_07018,Laa04681bced6,train
V2024_07019,Lc614c81db93e,train
V2024_07020,Lcb072862a55a,train
V2024_07021,L1a642d1927ea,validation
V2024_07022,Lf62cb8c90244,train
V2024_07023,L838192de3ff8,train
V2024_07024,L64f17ae722bb,train
V2024_07025,L125e9d481ce1,train
V2024_07026,Laa04681bced6,train
V2024_07027,L1b86837b85bd,train
V2024_07028,Lcb072862a55a,train
V2024_07029,L838192de3ff8,train
V2024_07030,Laa04681bced6,train
V2024_07031,Lcb072862a55a,train
V2024_07032,L91a2d6bd6ae9,train
V2024_07033,L91a2d6bd6ae9,train
V2024_07034,Laa04681bced6,train
V2024_07035,Laa04681bced6,train
V2024_07036,Lcb072862a55a,train
V2024_07037,Laa04681bced6,train
V2024_07038,Lb438a76e8cf3,train
V2024_07039,L64f17ae722bb,train
V2024_07040,L91a2d6bd6ae9,train
V2024_07041,L64f17ae722bb,train
V2024_07042,L1b86837b85bd,train
V2024_07043,La5907b00bd11,test
V2024_07044,Laa04681bced6,train
V2024_07045,Laa04681bced6,train
V2024_07046,Laa04681bced6,train
V2024_07047,L64f17ae722bb,train
V2024_07048,L5664fd8ae3e3,train
V2024_07049,Lf62cb8c90244,train
V2024_07050,Lb438a76e8cf3,train
V2024_07051,Lde52508b4724,train
V2024_07052,Lcb072862a55a,train
V2024_07053,Lc614c81db93e,train
V2024_07054,Ld41c6cd143a1,validation
V2024_07055,L838192de3ff8,train
V2024_07056,L838192de3ff8,train
V2024_07057,L91a2d6bd6ae9,train
V2024_07058,Laa04681bced6,train
V2024_07059,Lb438a76e8cf3,train
V2024_07060,L5664fd8ae3e3,train
V2024_07061,Lb04811ea2042,train
V2024_07062,Laa04681bced6,train
V2024_07063,L64f17ae722bb,train
V2024_07064,L125e9d481ce1,train
V2024_07065,L125e9d481ce1,train
V2024_07066,L7e61cc815fc6,train
V2024_07067,L1b86837b85bd,train
V2024_07068,L1b86837b85bd,train
V2024_07069,L5664fd8ae3e3,train
V2024_07070,Lcb072862a55a,train
V2024_07071,Laa04681bced6,train
V2024_07072,L7e61cc815fc6,train
V2024_07073,Lcb072862a55a,train
V2024_07074,Lf62cb8c90244,train
V2024_07075,Laa04681bced6,train
V2024_07076,Lc614c81db93e,train
V2024_07077,Lcb072862a55a,train
V2024_07078,Lb438a76e8cf3,train
V2024_07079,L125e9d481ce1,train
V2024_07080,Lb438a76e8cf3,train
V2024_07081,L64f17ae722bb,train
V2024_07082,Lc614c81db93e,train
V2024_07083,L1b86837b85bd,train
V2024_07084,Laa04681bced6,train
V2024_07085,L91a2d6bd6ae9,train
V2024_07086,La5907b00bd11,test
V2024_07087,L91a2d6bd6ae9,train
V2024_07088,Laa04681bced6,train
V2024_07089,L319d6566f7e3,train
V2024_07090,L02ef6593d3d5,train
V2024_07091,Laa04681bced6,train
V2024_07092,L91a2d6bd6ae9,train
V2024_07093,Laa04681bced6,train
V2024_07094,Laa04681bced6,train
V2024_07095,L5664fd8ae3e3,train
V2024_07096,L91a2d6bd6ae9,train
V2024_07097,L95e5340cc9f8,train
V2024_07098,Lc614c81db93e,train
V2024_07099,Laa04681bced6,train
V2024_07100,Laa04681bced6,train
V2024_07101,Laa04681bced6,train
V2024_07102,L64f17ae722bb,train
V2024_07103,L7e61cc815fc6,train
V2024_07104,L125e9d481ce1,train
V2024_07105,L1b86837b85bd,train
V2024_07106,L125e9d481ce1,train
V2024_07107,Laa04681bced6,train
V2024_07108,Lcb072862a55a,train
V2024_07109,L91a2d6bd6ae9,train
V2024_07110,Lcb072862a55a,train
V2024_07111,L1b86837b85bd,train
V2024_07112,Lcb072862a55a,train
V2024_07113,L7e61cc815fc6,train
V2024_07114,Lc614c81db93e,train
V2024_07115,Lcb072862a55a,train
V2024_07116,L02ef6593d3d5,train
V2024_07117,Laa04681bced6,train
V2024_07118,Laa04681bced6,train
V2024_07119,L125e9d481ce1,train
V2024_07120,L64f17ae722bb,train
V2024_07121,L7e61cc815fc6,train
V2024_07122,L1bafb83776ef,train
V2024_07123,L5664fd8ae3e3,train
V2024_07124,Lcb072862a55a,train
V2024_07125,L91a2d6bd6ae9,train
V2024_07126,L91a2d6bd6ae9,train
V2024_07127,Lcb072862a55a,train
V2024_07128,L125e9d481ce1,train
V2024_07129,Lb438a76e8cf3,train
V2024_07130,L64f17ae722bb,train
V2024_07131,L64f17ae722bb,train
V2024_07132,Lb438a76e8cf3,train
V2024_07133,L64f17ae722bb,train
V2024_07134,L125e9d481ce1,train
V2024_07135,L02ef6593d3d5,train
V2024_07136,L64f17ae722bb,train
V2024_07137,Lb438a76e8cf3,train
V2024_07138,Lb438a76e8cf3,train
V2024_07139,Lda8424888f8a,validation
V2024_07140,L91a2d6bd6ae9,train
V2024_07141,L91a2d6bd6ae9,train
V2024_07142,L91a2d6bd6ae9,train
V2024_07143,L91a2d6bd6ae9,train
V2024_07144,Laa04681bced6,train
V2024_07145,Lcb072862a55a,train
V2024_07146,Laa04681bced6,train
V2024_07147,Lb438a76e8cf3,train
V2024_07148,L125e9d481ce1,train
V2024_07149,Lcb072862a55a,train
V2024_07150,Laa04681bced6,train
V2024_07151,Lcb072862a55a,train
V2024_07152,Laa04681bced6,train
V2024_07153,L64f17ae722bb,train
V2024_07154,Lcb072862a55a,train
V2024_07155,L7e61cc815fc6,train
V2024_07156,Lc614c81db93e,train
V2024_07157,L91a2d6bd6ae9,train
V2024_07158,Lf62cb8c90244,train
V2024_07159,L64f17ae722bb,train
V2024_07160,L64f17ae722bb,train
V2024_07161,L5664fd8ae3e3,train
V2024_07162,Lcb072862a55a,train
V2024_07163,Laa04681bced6,train
V2024_07164,L7eaf771af4c9,test
V2024_07165,L838192de3ff8,train
V2024_07166,L838192de3ff8,train
V2024_07167,La5907b00bd11,test
V2024_07168,Lb438a76e8cf3,train
V2024_07169,Laa04681bced6,train
V2024_07170,L719b9b73a53c,train
V2024_07171,Lcb072862a55a,train
V2024_07172,La5907b00bd11,test
V2024_07173,La5907b00bd11,test
V2024_07174,Laa04681bced6,train
V2024_07175,Lc20803a30217,train
V2024_07176,Laa04681bced6,train
V2024_07177,L91a2d6bd6ae9,train
V2024_07178,Lcb072862a55a,train
V2024_07179,L91a2d6bd6ae9,train
V2024_07180,L91a2d6bd6ae9,train
V2024_07181,Laa04681bced6,train
V2024_07182,Laa04681bced6,train
V2024_07183,L125e9d481ce1,train
V2024_07184,L125e9d481ce1,train
V2024_07185,L125e9d481ce1,train
V2024_07186,Lc614c81db93e,train
V2024_07187,Laa04681bced6,train
V2024_07188,L1bafb83776ef,train
V2024_07189,La5907b00bd11,test
V2024_07190,L91a2d6bd6ae9,train
V2024_07191,L83743147e7dd,train
V2024_07192,Laa04681bced6,train
V2024_07193,Laa04681bced6,train
V2024_07194,Laa04681bced6,train
V2024_07195,L91a2d6bd6ae9,train
V2024_07196,L64f17ae722bb,train
V2024_07197,L838192de3ff8,train
V2024_07198,L64f17ae722bb,train
V2024_07199,Lc614c81db93e,train
V2024_07200,Lb438a76e8cf3,train
V2024_07201,L129b909b5989,train
V2024_07202,Ld4a4b4f1ba54,test
V2024_07203,Lb438a76e8cf3,train
V2024_07204,Laa04681bced6,train
V2024_07205,L1bafb83776ef,train
V2024_07206,Laa04681bced6,train
V2024_07207,Laa04681bced6,train
V2024_07208,Lcb072862a55a,train
V2024_07209,Laa04681bced6,train
V2024_07210,Lb438a76e8cf3,train
V2024_07211,L7e61cc815fc6,train
V2024_07212,L7e61cc815fc6,train
V2024_07213,Lc614c81db93e,train
V2024_07214,L125e9d481ce1,train
V2024_07215,L125e9d481ce1,train
V2024_07216,L02ef6593d3d5,train
V2024_07217,L838192de3ff8,train
V2024_07218,Lcb072862a55a,train
V2024_07219,L91a2d6bd6ae9,train
V2024_07220,L125e9d481ce1,train
V2024_07221,L91a2d6bd6ae9,train
V2024_07222,Lc614c81db93e,train
V2024_07223,L64f17ae722bb,train
V2024_07224,Lf62cb8c90244,train
V2024_07225,Laa04681bced6,train
V2024_07226,L91a2d6bd6ae9,train
V2024_07227,Lcb072862a55a,train
V2024_07228,Lf62cb8c90244,train
V2024_07229,L838192de3ff8,train
V2024_07230,L91a2d6bd6ae9,train
V2024_07231,Lcb072862a55a,train
V2024_07232,L5664fd8ae3e3,train
V2024_07233,L64f17ae722bb,train
V2024_07234,Lb438a76e8cf3,train
V2024_07235,L5664fd8ae3e3,train
V2024_07236,Lc614c81db93e,train
V2024_07237,Laa04681bced6,train
V2024_07238,L838192de3ff8,train
V2024_07239,L2eaf9c548bc7,train
V2024_07240,Lb438a76e8cf3,train
V2024_07241,Laa04681bced6,train
V2024_07242,L91a2d6bd6ae9,train
V2024_07243,Lcb072862a55a,train
V2024_07244,Laa04681bced6,train
V2024_07245,L64f17ae722bb,train
V2024_07246,L64f17ae722bb,train
V2024_07247,Lf62cb8c90244,train
V2024_07248,L91a2d6bd6ae9,train
V2024_07249,L838192de3ff8,train
V2024_07250,L72ac57610b92,train
V2024_07251,Lc614c81db93e,train
V2024_07252,L7e61cc815fc6,train
V2024_07253,L91a2d6bd6ae9,train
V2024_07254,L838192de3ff8,train
V2024_07255,Lc614c81db93e,train
V2024_07256,L64f17ae722bb,train
V2024_07257,La5907b00bd11,test
V2024_07258,Laa04681bced6,train
V2024_07259,L125e9d481ce1,train
