location_group_id,division,business_location_original,business_location_normalized,business_location_english,english_location_status,source_vendor_count,proposed_zone_id,proposed_zone_description,proposed_zone_type,match_method,match_score,match_status,candidate_zone_ids,reviewed_zone_id,review_status,review_notes,source_pages
L45a6f01f9c8e,Nashik East,100 फुटी,100 फुटी,"100 Feet Road, Tigraniya Road",LEGACY_SOURCE_ALIGNED,1,NE_F_003,Roadside along the western side of 100 Feet Tigarania Company Road.,FREE,fuzzy_candidate,85.5,needs_review,NE_F_003 | NE_F_007 | NE_F_013,,not_reviewed,,1
L8e986b5fdf82,Nashik East,"100 फुटी रोड,ितगरािनया रोड",100 फुटी रोड तिगरानिया रोड,"100 Feet Road, Tigraniya Road",LEGACY_SOURCE_ALIGNED,6,NE_F_003,Roadside along the western side of 100 Feet Tigarania Company Road.,FREE,explicit_location_alias,100.0,text_association,,,not_reviewed,,1
L85db69f5a98c,Nashik East,"100 फुटी ी रोड,ितगरािनया रोड",100 फुटी ी रोड तिगरानिया रोड,"100 Feet Road, Tigraniya Road",LEGACY_SOURCE_ALIGNED,1,NE_F_003,Roadside along the western side of 100 Feet Tigarania Company Road.,FREE,fuzzy_candidate,96.3,needs_review,NE_F_003 | NE_F_012 | NE_F_007,,not_reviewed,,1
Lce4f618650a6,Nashik East,अमरधाम रोड,अमरधाम रोड,"Along the Drain, Amardham Road",LEGACY_SOURCE_ALIGNED,1,NE_F_016,Along the drain on Amardham Road.,FREE,fuzzy_candidate,90.0,needs_review,NE_F_016 | NE_F_012 | NE_F_005,,not_reviewed,,1
Ldb10628d442f,Nashik East,अमरधाम रोड नाÊयालगत,अमरधाम रोड ना यालगत,"Along the Drain, Amardham Road",LEGACY_SOURCE_ALIGNED,17,NE_F_016,Along the drain on Amardham Road.,FREE,explicit_location_alias,100.0,text_association,,,not_reviewed,,1
Lc4d3db9ee4e5,Nashik East,अमरधाम रोड ो नाÊयालगत,अमरधाम रोड ो ना यालगत,"Along the Drain, Amardham Road",LEGACY_SOURCE_ALIGNED,1,NE_F_016,Along the drain on Amardham Road.,FREE,fuzzy_candidate,95.0,needs_review,NE_F_016 | NE_F_015 | NE_F_012,,not_reviewed,,1
Ld13eb5ac635c,Nashik East,"अशोका माग«, पखाळ",अशोका माग पखाळ,"Ashoka Marg, Pakhal Road",LEGACY_SOURCE_ALIGNED,1,NE_F_007,"Open space opposite Survey No. 262, Rukmini Nagar, near Pakhal Road and Ashoka Marg, leaving the corner of the 150-foot road on the western side.",FREE,fuzzy_candidate,87.5,needs_review,NE_F_007 | NE_F_010 | NE_F_001,,not_reviewed,,1
L4d59d1ac4be1,Nashik East,"अशोका माग«, पखाळ रोड",अशोका माग पखाळ रोड,"Ashoka Marg, Pakhal Road",LEGACY_SOURCE_ALIGNED,32,NE_F_007,"Open space opposite Survey No. 262, Rukmini Nagar, near Pakhal Road and Ashoka Marg, leaving the corner of the 150-foot road on the western side.",FREE,explicit_location_alias,100.0,text_association,,,not_reviewed,,1
L90a1b390d06c,Nashik East,"इंिदरानगरजॉȋगगĘँक,साई",इंिदरानगरजॉगिंग ँक साई,"Indira Nagar Jogging Track, Sainath Nagar",LEGACY_SOURCE_ALIGNED,3,NE_F_008,"Inside Indiranagar Jogging Track, along the existing wall behind the NMC attendance shed near Sainath Nagar Chowfuli.",FREE,fuzzy_candidate,86.3,needs_review,NE_F_008 | NE_F_009 | NE_F_011,,not_reviewed,,1
Ladf218f28f92,Nashik East,"इंिदरानगरजॉȋगगĘँक,साई ंि ॉȋ ई नाथनगर",इंिदरानगरजॉगिंग ँक साई ंि ॉिं ई नाथनगर,"Indira Nagar Jogging Track, Sainath Nagar",LEGACY_SOURCE_ALIGNED,2,NE_F_008,"Inside Indiranagar Jogging Track, along the existing wall behind the NMC attendance shed near Sainath Nagar Chowfuli.",FREE,fuzzy_candidate,86.6,needs_review,NE_F_008 | NE_F_009 | NE_F_012,,not_reviewed,,1
L129fcb6024d8,Nashik East,"इंिदरानगरजॉȋगगĘँक,साई नाथनगर",इंिदरानगरजॉगिंग ँक साई नाथनगर,"Indira Nagar Jogging Track, Sainath Nagar",LEGACY_SOURCE_ALIGNED,132,NE_F_008,"Inside Indiranagar Jogging Track, along the existing wall behind the NMC attendance shed near Sainath Nagar Chowfuli.",FREE,explicit_location_alias,100.0,text_association,,,not_reviewed,,1
L9a81bdf25d8e,Nashik East,कृÍणकांत भाजी माकȃ ट,कृ णकांत भाजी मार्केट,Krishnakant Vegetable Market,LEGACY_SOURCE_ALIGNED,65,NE_F_010,Open space within Krushnakant Vegetable Market.,FREE,explicit_location_alias,100.0,text_association,,,not_reviewed,,1
L9dcc53556a64,Nashik East,कृÍणकांत ी भाजी माकȃ ट,कृ णकांत ी भाजी मार्केट,Krishnakant Vegetable Market,LEGACY_SOURCE_ALIGNED,1,NE_F_010,Open space within Krushnakant Vegetable Market.,FREE,fuzzy_candidate,95.5,needs_review,NE_F_010 | NE_F_001 | NE_F_014,,not_reviewed,,1
Lc4595e9ebd0c,Nashik East,गुमशहाबाब चौक,गुमशहाबाब चौक,Gumshah Baba Chowk,LEGACY_SOURCE_ALIGNED,1,NE_F_005,"Gumshah Baba Chowk, Nanavali Road, along the NMC school wall, leaving the prescribed distance from the dargah.",FREE,explicit_location_alias,100.0,text_association,,,not_reviewed,,1
L3bc23f7dfee0,Nashik East,गुमशहाबाबा चौक,गुमशहाबाबा चौक,Gumshah Baba Chowk,LEGACY_SOURCE_ALIGNED,28,NE_F_005,"Gumshah Baba Chowk, Nanavali Road, along the NMC school wall, leaving the prescribed distance from the dargah.",FREE,explicit_location_alias,100.0,text_association,,,not_reviewed,,1
Lbde9e5fad651,Nashik East,जुनी ȋसधीकॉलनी,जुनी सिंधी कॉलनी,"Old Sindhi Colony Vegetable Market, Upnagar",LEGACY_SOURCE_ALIGNED,2,NE_F_014,Platforms constructed by NMC in the vegetable market at Old Sindhi Colony.,FREE,fuzzy_candidate,85.5,needs_review,NE_F_014 | NE_F_013 | NE_F_009,,not_reviewed,,1
L49db8ea38bd2,Nashik East,जुनी ȋसधीकॉलनी भाजीमाकȃ ट उपनगर,जुनी सिंधी कॉलनी भाजीमार्केट उपनगर,"Old Sindhi Colony Vegetable Market, Upnagar",LEGACY_SOURCE_ALIGNED,16,NE_F_014,Platforms constructed by NMC in the vegetable market at Old Sindhi Colony.,FREE,explicit_location_alias,100.0,text_association,,,not_reviewed,,1
L0b1e79b926d6,Nashik East,"िĝकोणी गाड«न, तपोवनरोड",त्रिकोणी गाडन तपोवनरोड,"Trikoni Garden, Tapovan Road",LEGACY_SOURCE_ALIGNED,9,NE_F_004,"Along the western compound wall of Trikoni Garden, on an 80-foot-long roadside stretch near Aathvan Hotel, Gajar Park, Tapovan Road and Saubhagya Society.",FREE,explicit_location_alias,100.0,text_association,,,not_reviewed,,1
L08b04598c3d7,Nashik East,नाÊयालगत फुले माकȃ ट,ना यालगत फुले मार्केट,Phule Market,LEGACY_SOURCE_ALIGNED,1,NE_F_015,Along one side of the road from Gosavi Nagar to the Takli boundary.,FREE,fuzzy_candidate,85.5,needs_review,NE_F_015 | NE_F_001 | NE_F_010,,not_reviewed,,1
Lc094256c6d36,Nashik East,नाथनगर कृÍणकांत भाजी माकȃ ट,नाथनगर कृ णकांत भाजी मार्केट,Krishnakant Vegetable Market,LEGACY_SOURCE_ALIGNED,1,NE_F_010,Open space within Krushnakant Vegetable Market.,FREE,fuzzy_candidate,85.7,needs_review,NE_F_010 | NE_F_001 | NE_F_014,,not_reviewed,,1
La56a31c2d225,Nashik East,नाथनगर फुले माकȃ ट,नाथनगर फुले मार्केट,Phule Market,LEGACY_SOURCE_ALIGNED,2,NE_F_001,Vacant platforms and open space within Phule Market.,FREE,fuzzy_candidate,85.5,needs_review,NE_F_001 | NE_F_014 | NE_F_008,,not_reviewed,,1
Ld3862b04cba9,Nashik East,"फुटाणइंिदरानगरजॉȋगगĘँक,साई नाथनगर",फुटाणइंिदरानगरजॉगिंग ँक साई नाथनगर,"Indira Nagar Jogging Track, Sainath Nagar",LEGACY_SOURCE_ALIGNED,4,NE_F_008,"Inside Indiranagar Jogging Track, along the existing wall behind the NMC attendance shed near Sainath Nagar Chowfuli.",FREE,fuzzy_candidate,92.1,needs_review,NE_F_008 | NE_F_009 | NE_F_011,,not_reviewed,,1
Lda58f5c3b7fa,Nashik East,फुले माकȃ ट,फुले मार्केट,Phule Market,LEGACY_SOURCE_ALIGNED,32,NE_F_001,Vacant platforms and open space within Phule Market.,FREE,explicit_location_alias,100.0,text_association,,,not_reviewed,,1
Lacfe7b95a3be,Nashik East,भğकालीदुधबाजार गणपती मंदीर,भद्रकालीदुधबाजार गणपती मंदीर,"Bhadrakali Dudh Bazar, near Ganpati Temple",LEGACY_SOURCE_ALIGNED,2,NE_R_002,"Bhadrakali milk-market area, adjacent to Ganpati Temple.",RESTRICTED,explicit_location_alias,100.0,text_association,,,not_reviewed,,1
L1dd6d082c7c6,Nashik East,भाजीमाकȃ ट उपनगर फुले माकȃ ट,भाजीमार्केट उपनगर फुले मार्केट,Phule Market,LEGACY_SOURCE_ALIGNED,2,NE_F_014,Platforms constructed by NMC in the vegetable market at Old Sindhi Colony.,FREE,fuzzy_candidate,85.5,needs_review,NE_F_014 | NE_F_013 | NE_F_001,,not_reviewed,,1
L6df4b32279ed,Nashik East,भारतनगर´या कोप-यावर,भारतनगरच्या कोप यावर,Bharat Nagar Corner,LEGACY_SOURCE_ALIGNED,105,NE_F_011,Space at the corner of Bharat Nagar.,FREE,explicit_location_alias,100.0,text_association,,,not_reviewed,,1
L84c2ebd5094c,Nashik East,भारतनगर´याकोप-यावर भारतनगरया कोपयावर,भारतनगरच्याकोप यावर भारतनगरया कोपयावर,Bharat Nagar Corner,LEGACY_SOURCE_ALIGNED,1,NE_F_011,Space at the corner of Bharat Nagar.,FREE,fuzzy_candidate,70.8,needs_review,NE_F_011 | NE_F_016 | NE_F_007,,not_reviewed,,1
Lfbaf6de2e881,Nashik East,"मॉल,िशवाजीनगर दǄ गुमशहाबाबा चौक",मॉल िशवाजीनगर द गुमशहाबाबा चौक,Gumshah Baba Chowk,LEGACY_SOURCE_ALIGNED,1,NE_F_012,"Shivaji Nagar, beside Reliance Mall near Datta Mandir, Datta Mandir Road.",FREE,fuzzy_candidate,85.5,needs_review,NE_F_012 | NE_F_005 | NE_F_002,,not_reviewed,,1
L0868ea1a0367,Nashik East,"रोड,ितगरािनया रोड कृÍणकांत भाजी माकȃ ट",रोड तिगरानिया रोड कृ णकांत भाजी मार्केट,Krishnakant Vegetable Market,LEGACY_SOURCE_ALIGNED,1,NE_F_005,"Gumshah Baba Chowk, Nanavali Road, along the NMC school wall, leaving the prescribed distance from the dargah.",FREE,fuzzy_candidate,85.5,needs_review,NE_F_005 | NE_F_010 | NE_F_003,,not_reviewed,,1
L49cef0f6f73a,Nashik East,रोड फुले ȃ माकȃ ट,रोड फुले े मार्केट,Phule Market,LEGACY_SOURCE_ALIGNED,1,NE_F_012,"Shivaji Nagar, beside Reliance Mall near Datta Mandir, Datta Mandir Road.",FREE,fuzzy_candidate,85.5,needs_review,NE_F_012 | NE_F_005 | NE_F_001,,not_reviewed,,1
L4bcbd21e8c07,Nashik East,िरलायÂस,िरलाय स,"Reliance Mall, Shivaji Nagar, Datta Mandir Road",LEGACY_SOURCE_ALIGNED,1,NE_F_012,"Shivaji Nagar, beside Reliance Mall near Datta Mandir, Datta Mandir Road.",FREE,fuzzy_candidate,60.0,needs_review,NE_F_012 | NE_R_002 | NE_F_003,,not_reviewed,,1
Leb9c8cd40624,Nashik East,"िरलायÂस मॉल,िशवाजीनगर दǄ",िरलाय स मॉल िशवाजीनगर द,"Reliance Mall, Shivaji Nagar, Datta Mandir Road",LEGACY_SOURCE_ALIGNED,30,NE_F_012,"Shivaji Nagar, beside Reliance Mall near Datta Mandir, Datta Mandir Road.",FREE,explicit_location_alias,100.0,text_association,,,not_reviewed,,1
L0d8ccb3f6562,Nashik East,"िवĎी/भाजीपालाइंिदरानगरजॉȋगगĘँक,साई नाथनगर",िव ी भाजीपालाइंिदरानगरजॉगिंग ँक साई नाथनगर,"Indira Nagar Jogging Track, Sainath Nagar",LEGACY_SOURCE_ALIGNED,1,NE_F_008,"Inside Indiranagar Jogging Track, along the existing wall behind the NMC attendance shed near Sainath Nagar Chowfuli.",FREE,fuzzy_candidate,81.7,needs_review,NE_F_008 | NE_F_015 | NE_F_014,,not_reviewed,,1
L9281f835429c,Nashik East,"िवĎीइंिदरानगरजॉȋगगĘँक,साई नाथनगर",िव ीइंिदरानगरजॉगिंग ँक साई नाथनगर,"Indira Nagar Jogging Track, Sainath Nagar",LEGACY_SOURCE_ALIGNED,1,NE_F_008,"Inside Indiranagar Jogging Track, along the existing wall behind the NMC attendance shed near Sainath Nagar Chowfuli.",FREE,fuzzy_candidate,93.5,needs_review,NE_F_008 | NE_F_009 | NE_F_012,,not_reviewed,,1
L7539fa2191bd,Nashik East,"िशवनेरी चौक, कथडारोड",िशवनेरी चौक कथडारोड,"Shivneri Chowk, Kathada Road",LEGACY_SOURCE_ALIGNED,3,NE_F_002,"Shivneri Chowk, Kathada Road.",FREE,explicit_location_alias,100.0,text_association,,,not_reviewed,,1
L0892155ba3ef,Nashik East,"Ęॅ¯टर हाऊस, जुना मानुर रÎता",ॅकटर हाऊस जुना मानुर र ता,"Tractor House, Old Manur Road",LEGACY_SOURCE_ALIGNED,3,NE_R_001,"Tractor House, road towards Laxminarayan Ghat, Old Manur Road.",RESTRICTED,explicit_location_alias,100.0,text_association,,,not_reviewed,,1
L1f8e77d4acd8,Nashik Road,,,,MULTIPLE_LEGACY_VARIANTS,22,,,,missing_location,0.0,needs_review,,,not_reviewed,,
L09f8b92c68e4,Nashik Road,आंबेडकर ंे रोड ो सȌवस Ȍ रोड,आंबेडकर ंे रोड ो स वस रोड,Ambedkar Road Service Road,LEGACY_SOURCE_ALIGNED,2,NR_F_020,Along the service road on Dr. Babasaheb Ambedkar Road.,FREE,fuzzy_candidate,88.9,needs_review,NR_F_020 | NR_R_004 | NR_F_037,,not_reviewed,,5
L2ef3cb570daa,Nashik Road,आंबेडकर रोड सȌवस,आंबेडकर रोड स वस,Ambedkar Road Service Road,LEGACY_SOURCE_ALIGNED,15,NR_F_020,Along the service road on Dr. Babasaheb Ambedkar Road.,FREE,fuzzy_candidate,88.9,needs_review,NR_F_020 | NR_R_008 | NR_R_004,,not_reviewed,,5
Lcd987e152214,Nashik Road,आंबेडकर रोड सȌवस रोड,आंबेडकर रोड स वस रोड,Ambedkar Road Service Road,LEGACY_SOURCE_ALIGNED,85,NR_F_020,Along the service road on Dr. Babasaheb Ambedkar Road.,FREE,explicit_location_alias,100.0,text_association,,,not_reviewed,,5
Lc841a6ae3d38,Nashik Road,उपनगर मकरंद कॉलनी,उपनगर मकरंद कॉलनी,"Makarand Colony, Upnagar",LEGACY_SOURCE_ALIGNED,3,NR_F_044,Along the 80-foot NMC road near Makarand Colony on the Upnagar-Dasak boundary.,FREE,fuzzy_candidate,85.5,needs_review,NR_F_044 | NR_F_022 | NR_F_031,,not_reviewed,,6
Lf9e4bd5cbe2c,Nashik Road,उपनगर मकरंद कॉलनी के.एन केला,उपनगर मकरंद कॉलनी के एन केला,K. N. Kela Area,LEGACY_SOURCE_ALIGNED,1,NR_F_044,Along the 80-foot NMC road near Makarand Colony on the Upnagar-Dasak boundary.,FREE,fuzzy_candidate,85.5,needs_review,NR_F_044 | NR_F_022 | NR_F_016,,not_reviewed,,6
Lf0d46a94bfa2,Nashik Road,के.एन केला,के एन केला,,MULTIPLE_LEGACY_VARIANTS,172,NR_F_010,Reserved land beside K. N. Kela High School.,FREE,explicit_location_alias,100.0,text_association,,,not_reviewed,,5
Lb6eb0e3ab1e6,Nashik Road,के.एन केला के.एन केला,के एन केला के एन केला,K. N. Kela Area,LEGACY_SOURCE_ALIGNED,3,NR_F_016,"K. J. Mehta High School Road, land reserved for Children's Park.",FREE,fuzzy_candidate,85.5,needs_review,NR_F_016 | NR_F_013 | NR_F_010,,not_reviewed,,5
L6c390d27de56,Nashik Road,के.एन केला दुगɕ गाड«न,के एन केला दुग गाडन,Durga Garden,LEGACY_SOURCE_ALIGNED,3,NR_R_008,"Durga Temple, Mahatma Gandhi Road, for the Navratri festival.",RESTRICTED,fuzzy_candidate,85.5,needs_review,NR_R_008 | NR_F_018 | NR_F_017,,not_reviewed,,6
L19d1645218d0,Nashik Road,के.एन केला िवĎीके.एन केला,के एन केला िव ीके एन केला,K. N. Kela Area,LEGACY_SOURCE_ALIGNED,1,NR_F_016,"K. J. Mehta High School Road, land reserved for Children's Park.",FREE,fuzzy_candidate,85.5,needs_review,NR_F_016 | NR_F_013 | NR_F_010,,not_reviewed,,5
L5a12bd11f218,Nashik Road,के.एन े केला,के एन े केला,K. N. Kela Area,LEGACY_SOURCE_ALIGNED,1,NR_F_010,Reserved land beside K. N. Kela High School.,FREE,fuzzy_candidate,90.9,needs_review,NR_F_010 | NR_F_043 | NR_F_016,,not_reviewed,,5
L46f32b6e7948,Nashik Road,के.एनकेला क.एन कला,के एनकेला क एन कला,K. N. Kela Area,LEGACY_SOURCE_ALIGNED,1,NR_F_016,"K. J. Mehta High School Road, land reserved for Children's Park.",FREE,fuzzy_candidate,85.5,needs_review,NR_F_016 | NR_F_013 | NR_F_010,,not_reviewed,,5
Lfed12c9b6ce3,Nashik Road,केला,केला,K. N. Kela Area,LEGACY_SOURCE_ALIGNED,1,NR_F_006,Space along Canal Road at Janpath Society.,FREE,fuzzy_candidate,67.5,needs_review,NR_F_006 | NR_F_010 | NR_R_001,,not_reviewed,,5
L6c29e43d5685,Nashik Road,गंगासागर,गंगासागर,Gangasagar,LEGACY_SOURCE_ALIGNED,43,NR_F_009,"Open space beside Gangasagar Building, along Canal Road on the eastern side of Jail Road.",FREE,explicit_location_alias,100.0,text_association,,,not_reviewed,,5
L8c1a67d2d684,Nashik Road,गंगासागर रेÊवेÎटेशन,गंगासागर रे वे टेशन,Railway Station,LEGACY_SOURCE_ALIGNED,1,NR_F_038,"Pumping Station Road, Chehdi, Nashik Road.",FREE,fuzzy_candidate,85.5,needs_review,NR_F_038 | NR_F_034 | NR_F_009,,not_reviewed,,6
L3f74057db6a1,Nashik Road,गाड«न,गाडन,,MULTIPLE_LEGACY_VARIANTS,20,NR_F_035,"Gajanan Park, Nashik Road.",FREE,fuzzy_candidate,67.5,needs_review,NR_F_035 | NR_F_018 | NR_F_033,,not_reviewed,,6
L8419f722830f,Nashik Road,गाड«न उपनगर मकरंद कॉलनी,गाडन उपनगर मकरंद कॉलनी,"Makarand Colony, Upnagar",LEGACY_SOURCE_ALIGNED,1,NR_F_044,Along the 80-foot NMC road near Makarand Colony on the Upnagar-Dasak boundary.,FREE,fuzzy_candidate,85.5,needs_review,NR_F_044 | NR_F_022 | NR_F_017,,not_reviewed,,6
L92a65a9db650,Nashik Road,गाड«न के.एन केला,गाडन के एन केला,K. N. Kela Area,LEGACY_SOURCE_ALIGNED,1,NR_F_017,"Somani Garden, from M. G. Road to Datta Mandir Road on the southern side.",FREE,fuzzy_candidate,85.5,needs_review,NR_F_017 | NR_F_016 | NR_F_013,,not_reviewed,,5
L84d6adaef00b,Nashik Road,गाड«न गाड«न,गाडन गाडन,Durga Garden,LEGACY_SOURCE_ALIGNED,2,NR_F_032,"Along the compound wall of B. G. Public School Garden, Survey No. 18.",FREE,fuzzy_candidate,85.5,needs_review,NR_F_032 | NR_F_017 | NR_F_018,,not_reviewed,,5
L0c491d505638,Nashik Road,गाड«न दुगɕ गाड«न,गाडन दुग गाडन,Durga Garden,LEGACY_SOURCE_ALIGNED,2,NR_R_008,"Durga Temple, Mahatma Gandhi Road, for the Navratri festival.",RESTRICTED,fuzzy_candidate,85.5,needs_review,NR_R_008 | NR_F_018 | NR_F_017,,not_reviewed,,6
Lecadcf9e1b51,Nashik Road,गाड«न िशवाजीनगर,गाडन िशवाजीनगर,Shivaji Nagar,LEGACY_SOURCE_ALIGNED,1,NR_F_017,"Somani Garden, from M. G. Road to Datta Mandir Road on the southern side.",FREE,fuzzy_candidate,85.5,needs_review,NR_F_017 | NR_F_008 | NR_F_032,,not_reviewed,,5
L6071425a27eb,Nashik Road,गाडेकर मळा,गाडेकर मळा,Gadekar Mala,LEGACY_SOURCE_ALIGNED,3,NR_R_004,"Gadekar Mala, Artillery Center Road, land reserved for a playground.",RESTRICTED,fuzzy_candidate,90.0,needs_review,NR_R_004 | NR_F_015 | NR_F_002,,not_reviewed,,6
L71a699584438,Nashik Road,जयभवानी रोड भालेराव,जयभवानी रोड भालेराव,"Jay Bhavani Road, Bhalerao Mala",LEGACY_SOURCE_ALIGNED,3,NR_R_008,"Durga Temple, Mahatma Gandhi Road, for the Navratri festival.",RESTRICTED,fuzzy_candidate,85.5,needs_review,NR_R_008 | NR_R_004 | NR_F_040,,not_reviewed,,6
Lb0eeb8459299,Nashik Road,जयभवानी रोड भालेराव मळा,जयभवानी रोड भालेराव मळा,"Jay Bhavani Road, Bhalerao Mala",LEGACY_SOURCE_ALIGNED,13,NR_R_008,"Durga Temple, Mahatma Gandhi Road, for the Navratri festival.",RESTRICTED,fuzzy_candidate,85.5,needs_review,NR_R_008 | NR_R_004 | NR_F_037,,not_reviewed,,6
Laa6ebfb3ef7a,Nashik Road,जेतवननगर,जेतवननगर,Jetwan Nagar,LEGACY_SOURCE_ALIGNED,2,NR_F_013,"Along the compound wall of the NMC naturopathy centre, Jetvan Nagar, Jai Bhavani Road.",FREE,fuzzy_candidate,90.0,needs_review,NR_F_013 | NR_F_008 | NR_R_001,,not_reviewed,,5
L0f50ef04e441,Nashik Road,जेतवननगर के.एन केला,जेतवननगर के एन केला,K. N. Kela Area,LEGACY_SOURCE_ALIGNED,1,NR_F_016,"K. J. Mehta High School Road, land reserved for Children's Park.",FREE,fuzzy_candidate,85.5,needs_review,NR_F_016 | NR_F_013 | NR_F_010,,not_reviewed,,5
La9a7e5ca32b2,Nashik Road,दुगɕ गाड«न,दुग गाडन,,MULTIPLE_LEGACY_VARIANTS,135,NR_F_018,Existing authorised vegetable market adjacent to Durga Garden.,FREE,explicit_location_alias,100.0,text_association,,,not_reviewed,,5
L7b1cc353b38a,Nashik Road,दुगɕ गाड«न के.एन केला,दुग गाडन के एन केला,K. N. Kela Area,LEGACY_SOURCE_ALIGNED,1,NR_R_008,"Durga Temple, Mahatma Gandhi Road, for the Navratri festival.",RESTRICTED,fuzzy_candidate,85.5,needs_review,NR_R_008 | NR_F_018 | NR_F_017,,not_reviewed,,6
Laf5153beab36,Nashik Road,दुगɕ गाड«न गाड«न,दुग गाडन गाडन,Durga Garden,LEGACY_SOURCE_ALIGNED,2,NR_R_008,"Durga Temple, Mahatma Gandhi Road, for the Navratri festival.",RESTRICTED,fuzzy_candidate,85.5,needs_review,NR_R_008 | NR_F_018 | NR_F_017,,not_reviewed,,6
L9dd76d79e9d4,Nashik Road,दुगɕ गाड«न दुगɕ गाड«न,दुग गाडन दुग गाडन,Durga Garden,LEGACY_SOURCE_ALIGNED,5,NR_R_008,"Durga Temple, Mahatma Gandhi Road, for the Navratri festival.",RESTRICTED,fuzzy_candidate,85.5,needs_review,NR_R_008 | NR_F_018 | NR_F_017,,not_reviewed,,6
L4230e21cb190,Nashik Road,दुगɕ गाड«न शनीमंदीर,दुग गाडन शनीमंदीर,,NOT_AVAILABLE,1,NR_R_008,"Durga Temple, Mahatma Gandhi Road, for the Navratri festival.",RESTRICTED,fuzzy_candidate,85.5,needs_review,NR_R_008 | NR_F_018 | NR_F_017,,not_reviewed,,6
Lbb32c231d9cf,Nashik Road,दुगɕ गाड«न िसƐर फाटा,दुग गाडन िस र फाटा,Sinnar Phata,LEGACY_SOURCE_ALIGNED,1,NR_R_008,"Durga Temple, Mahatma Gandhi Road, for the Navratri festival.",RESTRICTED,fuzzy_candidate,85.5,needs_review,NR_R_008 | NR_R_003 | NR_F_044,,not_reviewed,,6
L36bac781f106,Nashik Road,देवळालीगांव,देवळालीगांव,Deolali Gaon,LEGACY_SOURCE_ALIGNED,14,NR_F_029,"Deolali village weekly market, along the compound on all three sides.",FREE,explicit_location_alias,100.0,text_association,,,not_reviewed,,5
Ld10044b91c82,Nashik Road,ना.रोड,नाशिक रोड,Durga Garden,LEGACY_SOURCE_ALIGNED,2,NR_F_037,"Survey No. 126, along the 30-metre DP Road, Nashik Road.",FREE,fuzzy_candidate,90.0,needs_review,NR_F_037 | NR_R_008 | NR_R_004,,not_reviewed,,6
L4d72f5c04eb4,Nashik Road,ना.रोड के.एन केला,नाशिक रोड के एन केला,K. N. Kela Area,LEGACY_SOURCE_ALIGNED,3,NR_R_008,"Durga Temple, Mahatma Gandhi Road, for the Navratri festival.",RESTRICTED,fuzzy_candidate,85.5,needs_review,NR_R_008 | NR_R_004 | NR_F_040,,not_reviewed,,6
Lb4a9591fdc9f,Nashik Road,ना.रोड गाड«न,नाशिक रोड गाडन,,NOT_AVAILABLE,1,NR_R_008,"Durga Temple, Mahatma Gandhi Road, for the Navratri festival.",RESTRICTED,fuzzy_candidate,85.5,needs_review,NR_R_008 | NR_R_004 | NR_F_040,,not_reviewed,,6
L8a5091fde179,Nashik Road,ना.रोड दुगɕ गाड«न,नाशिक रोड दुग गाडन,Durga Garden,LEGACY_SOURCE_ALIGNED,1,NR_R_008,"Durga Temple, Mahatma Gandhi Road, for the Navratri festival.",RESTRICTED,fuzzy_candidate,85.5,needs_review,NR_R_008 | NR_R_004 | NR_F_040,,not_reviewed,,6
L25aa11cdd99f,Nashik Road,ना.रोड रेÊवेÎटेशन,नाशिक रोड रे वे टेशन,Railway Station,LEGACY_SOURCE_ALIGNED,1,NR_R_008,"Durga Temple, Mahatma Gandhi Road, for the Navratri festival.",RESTRICTED,fuzzy_candidate,85.5,needs_review,NR_R_008 | NR_R_004 | NR_F_040,,not_reviewed,,6
L24c8300b6c5b,Nashik Road,ना.रोड िसƐर फाटा,नाशिक रोड िस र फाटा,Sinnar Phata,LEGACY_SOURCE_ALIGNED,1,NR_R_008,"Durga Temple, Mahatma Gandhi Road, for the Navratri festival.",RESTRICTED,fuzzy_candidate,85.5,needs_review,NR_R_008 | NR_R_004 | NR_R_003,,not_reviewed,,6
L5543056a4a8d,Nashik Road,पदाथ«िवĎीआंबेडकर रोड सȌवस रोड,पदाथिव ीआंबेडकर रोड स वस रोड,Ambedkar Road Service Road,LEGACY_SOURCE_ALIGNED,1,NR_R_004,"Gadekar Mala, Artillery Center Road, land reserved for a playground.",RESTRICTED,fuzzy_candidate,85.5,needs_review,NR_R_004 | NR_F_034 | NR_F_033,,not_reviewed,,6
L73a5cbad6597,Nashik Road,पवारवाडी पा½या´या टाकीजवळ,पवारवाडी पाणयाच्या टाकीजवळ,"Near Water Tank, Pawarwadi",LEGACY_SOURCE_ALIGNED,7,NR_F_011,"Pawarwadi, near the water tank, along the 12-metre DP Road.",FREE,unique_source_phrase,96.0,text_association,,,not_reviewed,,5
L411f86a6d620,Nashik Road,"मकरंद कॉलनी,",मकरंद कॉलनी,"Makarand Colony, Upnagar",LEGACY_SOURCE_ALIGNED,1,NR_F_044,Along the 80-foot NMC road near Makarand Colony on the Upnagar-Dasak boundary.,FREE,fuzzy_candidate,90.0,needs_review,NR_F_044 | NR_F_022 | NR_F_003,,not_reviewed,,6
L5ce997be22d2,Nashik Road,मळा दुगɕ गाड«न,मळा दुग गाडन,Durga Garden,LEGACY_SOURCE_ALIGNED,1,NR_R_008,"Durga Temple, Mahatma Gandhi Road, for the Navratri festival.",RESTRICTED,fuzzy_candidate,85.5,needs_review,NR_R_008 | NR_R_004 | NR_F_018,,not_reviewed,,6
L395055b09f3a,Nashik Road,मळा सौभा±य नगर,मळा सौभा य नगर,Saubhagya Nagar,LEGACY_SOURCE_ALIGNED,1,NR_R_004,"Gadekar Mala, Artillery Center Road, land reserved for a playground.",RESTRICTED,fuzzy_candidate,85.5,needs_review,NR_R_004 | NR_F_033 | NR_F_015,,not_reviewed,,6
Lfc321389fea3,Nashik Road,मळा िसƐर फाटा,मळा िस र फाटा,Sinnar Phata,LEGACY_SOURCE_ALIGNED,1,NR_R_004,"Gadekar Mala, Artillery Center Road, land reserved for a playground.",RESTRICTED,fuzzy_candidate,85.5,needs_review,NR_R_004 | NR_R_003 | NR_F_044,,not_reviewed,,6
Lf802f9ea0a59,Nashik Road,यशवंत मंडई देवळालीगांव,यशवंत मंडई देवळालीगांव,Deolali Gaon,LEGACY_SOURCE_ALIGNED,6,NR_F_030,Existing authorised Yashwant Mandai and adjoining space in Deolali Gaothan.,FREE,fuzzy_candidate,85.5,needs_review,NR_F_030 | NR_F_029 | NR_F_026,,not_reviewed,,5
L5ccdd0652421,Nashik Road,यशवंत मंडई देवळालीगांव ी,यशवंत मंडई देवळालीगांव ी,Deolali Gaon,LEGACY_SOURCE_ALIGNED,1,NR_F_030,Existing authorised Yashwant Mandai and adjoining space in Deolali Gaothan.,FREE,fuzzy_candidate,85.5,needs_review,NR_F_030 | NR_F_029 | NR_F_004,,not_reviewed,,5
L407124e4aa1e,Nashik Road,रेÊवेÎटेशन,रे वे टेशन,Railway Station,LEGACY_SOURCE_ALIGNED,26,NR_F_034,"On the eastern side of the railway station, Survey No. 246, Reservation No. 222 for Railway Terminus and Allied Activities, along the 18-metre DP Road.",FREE,explicit_location_alias,100.0,text_association,,,not_reviewed,,6
Leaefa703e9e8,Nashik Road,रेÊवेÎटेशन रÊवÎटशन,रे वे टेशन र व टशन,Railway Station,LEGACY_SOURCE_ALIGNED,1,NR_R_003,Near Maruti Temple at Sinnar Phata.,RESTRICTED,fuzzy_candidate,85.5,needs_review,NR_R_003 | NR_F_044 | NR_F_038,,not_reviewed,,6
Lcd54afcaf8c2,Nashik Road,रेÊवेÎटेशन े गाड«न,रे वे टेशन े गाडन,Durga Garden,LEGACY_SOURCE_ALIGNED,1,NR_F_043,"Divisional Commissioner Office, leaving a 50-metre area, Nashik Road.",FREE,fuzzy_candidate,85.5,needs_review,NR_F_043 | NR_F_038 | NR_F_034,,not_reviewed,,6
L8a3579245c10,Nashik Road,रोड,रोड,,MULTIPLE_LEGACY_VARIANTS,4,NR_R_001,"Jail Road, near the water tank.",RESTRICTED,fuzzy_candidate,90.0,needs_review,NR_R_001 | NR_F_041 | NR_F_035,,not_reviewed,,6
Lc1b7fc9d6228,Nashik Road,रोड के.एन केला,रोड के एन केला,K. N. Kela Area,LEGACY_SOURCE_ALIGNED,1,NR_R_008,"Durga Temple, Mahatma Gandhi Road, for the Navratri festival.",RESTRICTED,fuzzy_candidate,85.5,needs_review,NR_R_008 | NR_R_004 | NR_F_040,,not_reviewed,,6
Le21923e2a82a,Nashik Road,रोड गाड«न,रोड गाडन,Durga Garden,LEGACY_SOURCE_ALIGNED,2,NR_R_008,"Durga Temple, Mahatma Gandhi Road, for the Navratri festival.",RESTRICTED,fuzzy_candidate,85.5,needs_review,NR_R_008 | NR_R_004 | NR_F_040,,not_reviewed,,6
L0b9a0e79bed4,Nashik Road,रोड दुगɕ गाड«न,रोड दुग गाडन,Durga Garden,LEGACY_SOURCE_ALIGNED,4,NR_R_008,"Durga Temple, Mahatma Gandhi Road, for the Navratri festival.",RESTRICTED,fuzzy_candidate,85.5,needs_review,NR_R_008 | NR_R_004 | NR_F_040,,not_reviewed,,6
L90294f1d01db,Nashik Road,रोड देवळालीगांव,रोड देवळालीगांव,Deolali Gaon,LEGACY_SOURCE_ALIGNED,1,NR_R_008,"Durga Temple, Mahatma Gandhi Road, for the Navratri festival.",RESTRICTED,fuzzy_candidate,85.5,needs_review,NR_R_008 | NR_R_004 | NR_F_040,,not_reviewed,,6
Lc33f7bf92218,Nashik Road,रोड रेÊवेÎटेशन,रोड रे वे टेशन,Railway Station,LEGACY_SOURCE_ALIGNED,1,NR_R_008,"Durga Temple, Mahatma Gandhi Road, for the Navratri festival.",RESTRICTED,fuzzy_candidate,85.5,needs_review,NR_R_008 | NR_R_004 | NR_F_040,,not_reviewed,,6
L6f5efe3165cd,Nashik Road,रोड शनीमंदीर,रोड शनीमंदीर,Shani Temple,LEGACY_SOURCE_ALIGNED,1,NR_R_008,"Durga Temple, Mahatma Gandhi Road, for the Navratri festival.",RESTRICTED,fuzzy_candidate,85.5,needs_review,NR_R_008 | NR_R_004 | NR_F_040,,not_reviewed,,6
L0143bc2db328,Nashik Road,रोड िसƐर फाटा,रोड िस र फाटा,Sinnar Phata,LEGACY_SOURCE_ALIGNED,1,NR_R_008,"Durga Temple, Mahatma Gandhi Road, for the Navratri festival.",RESTRICTED,fuzzy_candidate,85.5,needs_review,NR_R_008 | NR_R_004 | NR_R_003,,not_reviewed,,6
Lf198ed8530e7,Nashik Road,"वाÎकोचौक, Ďांतीचौक,",वा कोचौक ांतीचौक,"Vasco Chowk and Kranti Chowk, Nashik Road",LEGACY_SOURCE_ALIGNED,9,NR_F_019,"Kranti Chowk, near Genuji Bhavan.",FREE,fuzzy_candidate,76.2,needs_review,NR_F_019 | NR_F_041 | NR_F_012,,not_reviewed,,5
L205eaa93580b,Nashik Road,"वाÎकोचौक, Ďांतीचौक, ना.रोड",वा कोचौक ांतीचौक नाशिक रोड,"Vasco Chowk and Kranti Chowk, Nashik Road",LEGACY_SOURCE_ALIGNED,38,NR_F_019,"Kranti Chowk, near Genuji Bhavan.",FREE,explicit_location_alias,100.0,text_association,,,not_reviewed,,5
Lbde3817bd4ae,Nashik Road,शनीमंदीर,शनीमंदीर,Shani Temple,LEGACY_SOURCE_ALIGNED,91,NR_F_001,"Land reserved for a market and shopping centre opposite Saitric Company near Shani Temple, Reservation No. 129, after the reserved land is taken into possession.",FREE,explicit_location_alias,100.0,text_association,,,not_reviewed,,5
L32ce5c4b3b52,Nashik Road,शनीमंदीर शनीमदीर,शनीमंदीर शनीमदीर,Shani Temple,LEGACY_SOURCE_ALIGNED,4,NR_F_001,"Land reserved for a market and shopping centre opposite Saitric Company near Shani Temple, Reservation No. 129, after the reserved land is taken into possession.",FREE,fuzzy_candidate,66.7,needs_review,NR_F_001 | NR_R_006 | NR_F_042,,not_reviewed,,5
L5dd129432cae,Nashik Road,"सोमानी गाड«न,मु¯तीधाम, ना.रोड",सोमानी गाडन मुकतीधाम नाशिक रोड,"Somani Garden, Muktidham, Nashik Road",LEGACY_SOURCE_ALIGNED,34,NR_F_017,"Somani Garden, from M. G. Road to Datta Mandir Road on the southern side.",FREE,explicit_location_alias,100.0,text_association,,,not_reviewed,,5
Lb41fe5075f73,Nashik Road,सौभा±य नगर,सौभा य नगर,Saubhagya Nagar,LEGACY_SOURCE_ALIGNED,1,NR_F_033,"Along the Nana-Nani Park compound wall beside Saubhagya Nagar Garden, part of Survey Nos. 19, 20 and 21.",FREE,fuzzy_candidate,85.5,needs_review,NR_F_033 | NR_F_004 | NR_F_023,,not_reviewed,,5
Lb8e5a1ef3ebb,Nashik Road,Çहसोबा मंदीर िबग बाजार,हसोबा मंदीर िबग बाजार,Mhasoba Temple / Big Bazaar Area,LEGACY_SOURCE_ALIGNED,15,NR_F_014,Open space near Mhasoba Temple and behind Big Bazaar.,FREE,explicit_location_alias,100.0,text_association,,,not_reviewed,,5
L9ed5fee254e4,Nashik Road,िवĎीÇहसोबा मंदीर िबग बाजार,िव ी हसोबा मंदीर िबग बाजार,Mhasoba Temple / Big Bazaar Area,LEGACY_SOURCE_ALIGNED,2,NR_F_014,Open space near Mhasoba Temple and behind Big Bazaar.,FREE,fuzzy_candidate,89.4,needs_review,NR_F_014 | NR_F_029 | NR_F_017,,not_reviewed,,5
L7da17500c698,Nashik Road,िवĎीआंबेडकर रोड सȌवस रोड,िव ीआंबेडकर रोड स वस रोड,Ambedkar Road Service Road,LEGACY_SOURCE_ALIGNED,1,NR_F_020,Along the service road on Dr. Babasaheb Ambedkar Road.,FREE,fuzzy_candidate,90.9,needs_review,NR_F_020 | NR_R_004 | NR_F_037,,not_reviewed,,5
Lda017a7b1195,Nashik Road,िवĎीके.एन केला,िव ीके एन केला,K. N. Kela Area,LEGACY_SOURCE_ALIGNED,3,NR_F_010,Reserved land beside K. N. Kela High School.,FREE,fuzzy_candidate,85.5,needs_review,NR_F_010 | NR_F_022 | NR_F_023,,not_reviewed,,5
L84fa0fdadc5f,Nashik Road,िवĎीगंगासागर,िव ीगंगासागर,Gangasagar,LEGACY_SOURCE_ALIGNED,3,NR_F_009,"Open space beside Gangasagar Building, along Canal Road on the eastern side of Jail Road.",FREE,fuzzy_candidate,80.0,needs_review,NR_F_009 | NR_F_024 | NR_F_005,,not_reviewed,,5
L7d9f604b3d85,Nashik Road,िवĎीपवारवाडी पा½या´या टाकीजवळ,िव ीपवारवाडी पाणयाच्या टाकीजवळ,"Near Water Tank, Pawarwadi",LEGACY_SOURCE_ALIGNED,2,NR_F_022,"Ashwini Colony, near the water tank, along the traction-wall compound, Samangaon Road.",FREE,fuzzy_candidate,85.5,needs_review,NR_F_022 | NR_F_011 | NR_R_001,,not_reviewed,,5
L08a3ffd98318,Nashik Road,िवĎीरेÊवेÎटेशन,िव ीरे वे टेशन,Railway Station,LEGACY_SOURCE_ALIGNED,2,NR_F_038,"Pumping Station Road, Chehdi, Nashik Road.",FREE,fuzzy_candidate,85.5,needs_review,NR_F_038 | NR_F_034 | NR_F_001,,not_reviewed,,6
L4165aedad973,Nashik Road,"िवĎीवाÎकोचौक, Ďांतीचौक, ना.रोड",िव ीवा कोचौक ांतीचौक नाशिक रोड,,MULTIPLE_LEGACY_VARIANTS,2,NR_F_019,"Kranti Chowk, near Genuji Bhavan.",FREE,fuzzy_candidate,92.9,needs_review,NR_F_019 | NR_R_004 | NR_F_022,,not_reviewed,,5
L0583822b37a2,Nashik Road,िवĎीिशवाजीनगर,िव ीिशवाजीनगर,Shivaji Nagar,LEGACY_SOURCE_ALIGNED,1,NR_F_008,"Open space near Samaj Mandir at Shivaji Nagar, part of Survey No. 26.",FREE,fuzzy_candidate,74.3,needs_review,NR_F_008 | NR_R_002 | NR_F_025,,not_reviewed,,5
L9c6cc882ae55,Nashik Road,िशवाजीनगर,िशवाजीनगर,Shivaji Nagar,LEGACY_SOURCE_ALIGNED,22,NR_F_008,"Open space near Samaj Mandir at Shivaji Nagar, part of Survey No. 26.",FREE,fuzzy_candidate,90.0,needs_review,NR_F_008 | NR_R_002 | NR_F_005,,not_reviewed,,5
Lfa650b540d7a,Nashik Road,िसƐर फाटा,िस र फाटा,Sinnar Phata,LEGACY_SOURCE_ALIGNED,63,NR_F_021,Existing authorised vegetable market at Sinnar Phata.,FREE,explicit_location_alias,100.0,text_association,,,not_reviewed,,5
L58f17904c85b,Nashik West,अपɕटमȂट वनिवहार कॉलनी पािरजात नगर,अप टमेट वनिवहार कॉलनी पािरजात नगर,"Madhav Ashram / Sai Prerna Apartments, Vanvihar Colony, Parijat Nagar",LEGACY_SOURCE_ALIGNED,14,NW_F_014,"Madhav Ashram / Sai Prerna Apartment area, Vanvihar Colony, Parijat Nagar.",FREE,fuzzy_candidate,85.8,needs_review,NW_F_014 | NW_R_016 | NW_R_015,,not_reviewed,,2
L141925166405,Nashik West,अपɕटमȂट वनिवहार कॉलनी पािरजात नगर भğाकली टॅ¯सी Îटॅ½ड,अप टमेट वनिवहार कॉलनी पािरजात नगर भद्रकाली टॅकसी टॅणड,"Madhav Ashram / Sai Prerna Apartments, Vanvihar Colony, Parijat Nagar",LEGACY_SOURCE_ALIGNED,11,NW_R_016,Tidke Colony.,RESTRICTED,fuzzy_candidate,85.5,needs_review,NW_R_016 | NW_R_015 | NW_R_013,,not_reviewed,,2
Lcfe6c9b05078,Nashik West,अपɕटमȂट वनिवहार कॉलनी पािरजात नगर माधव आǛम साई Ģेरणा,अप टमेट वनिवहार कॉलनी पािरजात नगर माधव आ म साई ेरणा,"Madhav Ashram / Sai Prerna Apartments, Vanvihar Colony, Parijat Nagar",LEGACY_SOURCE_ALIGNED,3,NW_F_014,"Madhav Ashram / Sai Prerna Apartment area, Vanvihar Colony, Parijat Nagar.",FREE,fuzzy_candidate,86.5,needs_review,NW_F_014 | NW_R_016 | NW_R_015,,not_reviewed,,2
Lb003718ec349,Nashik West,अपɕटमȂट वनिवहार कॉलनी पािरजात नगर संदभ« सेवा,अप टमेट वनिवहार कॉलनी पािरजात नगर संदभ सेवा,"Madhav Ashram / Sai Prerna Apartments, Vanvihar Colony, Parijat Nagar",LEGACY_SOURCE_ALIGNED,4,NW_R_016,Tidke Colony.,RESTRICTED,fuzzy_candidate,85.5,needs_review,NW_R_016 | NW_R_015 | NW_R_013,,not_reviewed,,2
L644f9f0aff27,Nashik West,आकाशवाणी कȂ ğा जवळील मोकळा भुखंड,आकाशवाणी के ा जवळील मोकळा भूखंड,Open Plot near Akashvani Kendra,LEGACY_SOURCE_ALIGNED,158,NW_F_026,Open plot near Akashvani Kendra.,FREE,explicit_location_alias,100.0,text_association,,,not_reviewed,,2
Lba57dc657f36,Nashik West,आकाशवाणी कȂ ğा जवळील मोकळा भुखंड भğाकली टॅ¯सी Îटॅ½ड,आकाशवाणी के ा जवळील मोकळा भूखंड भद्रकाली टॅकसी टॅणड,Open Plot near Akashvani Kendra,LEGACY_SOURCE_ALIGNED,19,NW_F_026,Open plot near Akashvani Kendra.,FREE,fuzzy_candidate,87.0,needs_review,NW_F_026 | NW_F_022 | NW_F_016,,not_reviewed,,2
Lb038dc018165,Nashik West,आकाशवाणी कȂ ğा जवळील मोकळा भुखंड संदभ« सेवा,आकाशवाणी के ा जवळील मोकळा भूखंड संदभ सेवा,Open Plot near Akashvani Kendra,LEGACY_SOURCE_ALIGNED,9,NW_F_026,Open plot near Akashvani Kendra.,FREE,fuzzy_candidate,86.1,needs_review,NW_F_026 | NW_F_027 | NW_R_010,,not_reviewed,,2
Lb29ec7005ff8,Nashik West,आकाशवाणीकȂ आकाशवाणी कğा ğा जवळील मोकळा भुखंड,आकाशवाणीके आकाशवाणी क ा ा जवळील मोकळा भूखंड,Open Plot near Akashvani Kendra,LEGACY_SOURCE_ALIGNED,2,NW_R_002,Kalpana Nagar.,RESTRICTED,fuzzy_candidate,85.5,needs_review,NW_R_002 | NW_F_026 | NW_R_010,,not_reviewed,,2
Lffae16e2e410,Nashik West,एस.टी. वक« शॉप जवळ एन.डी.पटेल रोड,एस टी वक शॉप जवळ एन डी पटेल रोड,"Near ST Workshop, N. D. Patel Road",LEGACY_SOURCE_ALIGNED,1,NW_F_019,Near the ST Workshop on N. D. Patel Road.,FREE,fuzzy_candidate,98.4,needs_review,NW_F_019 | NW_R_019 | NW_R_013,,not_reviewed,,2
L4353e2dec3ce,Nashik West,एस.टी. वक« शॉप जवळ एन.डी.पटेल रोड हॉटेल िĢया लगतची,एस टी वक शॉप जवळ एन डी पटेल रोड हॉटेल ि या लगतची,"Near ST Workshop, N. D. Patel Road",LEGACY_SOURCE_ALIGNED,1,NW_F_019,Near the ST Workshop on N. D. Patel Road.,FREE,fuzzy_candidate,87.0,needs_review,NW_F_019 | NW_R_013 | NW_F_010,,not_reviewed,,2
L79acf1db8e72,Nashik West,गÊली िस.िब.एस. समोर( रÎ¾याची एक,ग ली िस िब एस समोर र याची एक,"Lane beside Hotel Priya, opposite CBS",LEGACY_SOURCE_ALIGNED,1,NW_R_019,Along internal roads between ABB Circle and Jehan Circle via Mahatmanagar Road.,RESTRICTED,fuzzy_candidate,85.5,needs_review,NW_R_019 | NW_F_027 | NW_F_020,,not_reviewed,,2
Lc9cbcfbaef62,Nashik West,गÊली िस.िब.एस. समोर( रÎ¾याची एक बाजु),ग ली िस िब एस समोर र याची एक बाजु,,MULTIPLE_LEGACY_VARIANTS,35,NW_R_019,Along internal roads between ABB Circle and Jehan Circle via Mahatmanagar Road.,RESTRICTED,fuzzy_candidate,85.5,needs_review,NW_R_019 | NW_F_027 | NW_F_020,,not_reviewed,,2
La65a16e25d7f,Nashik West,गÊली िस.िब.एस. समोर( रÎ¾याची एक बाजु) भğाकली टॅ¯सी Îटॅ½ड,ग ली िस िब एस समोर र याची एक बाजु भद्रकाली टॅकसी टॅणड,"Lane beside Hotel Priya, opposite CBS",LEGACY_SOURCE_ALIGNED,6,NW_F_025,"Balaji Temple, Tilbhandeshwar Lane.",FREE,fuzzy_candidate,85.5,needs_review,NW_F_025 | NW_F_022 | NW_F_009,,not_reviewed,,2
L1c908e4b7b7d,Nashik West,गÊली िस.िब.एस. समोर( रÎ¾याची एक बाजु) संदभ« सेवा,ग ली िस िब एस समोर र याची एक बाजु संदभ सेवा,"Lane beside Hotel Priya, opposite CBS",LEGACY_SOURCE_ALIGNED,6,NW_R_019,Along internal roads between ABB Circle and Jehan Circle via Mahatmanagar Road.,RESTRICTED,fuzzy_candidate,85.5,needs_review,NW_R_019 | NW_F_025 | NW_F_009,,not_reviewed,,2
Lc9674796a882,Nashik West,गÊली िस.िब.एस. समोर( रÎ¾याची एक बाजु) हॉटेल िĢया लगतची,ग ली िस िब एस समोर र याची एक बाजु हॉटेल ि या लगतची,"Lane beside Hotel Priya, opposite CBS",LEGACY_SOURCE_ALIGNED,5,NW_F_025,"Balaji Temple, Tilbhandeshwar Lane.",FREE,fuzzy_candidate,85.5,needs_review,NW_F_025 | NW_F_009 | NW_F_020,,not_reviewed,,2
Ldfd7098c79ec,Nashik West,गÊली िस.िब.एस. समोर( रÎ¾याची एक बाजु) िसÁदाथ« नगर झोपडपƺी,ग ली िस िब एस समोर र याची एक बाजु िस दाथ नगर झोपडप ी,"Lane beside Hotel Priya, opposite CBS",LEGACY_SOURCE_ALIGNED,1,NW_R_014,Parnashree Society.,RESTRICTED,fuzzy_candidate,85.5,needs_review,NW_R_014 | NW_F_025 | NW_F_009,,not_reviewed,,2
Ldd7d935f9f2a,Nashik West,गंगावाडी घास बाजार मैदानाची जागा दुतफȓ,गंगावाडी घास बाजार मैदानाची जागा दुतर्फी,Gangawadi Grass Market Ground,LEGACY_SOURCE_ALIGNED,101,NW_F_004,"Gangawadi grass-market ground, on both sides.",FREE,explicit_location_alias,100.0,text_association,,,not_reviewed,,2
Lc35eaba038a5,Nashik West,गंगावाडी घास बाजार मैदानाची जागा दुतफȓ भğाकली टॅ¯सी Îटॅ½ड,गंगावाडी घास बाजार मैदानाची जागा दुतर्फी भद्रकाली टॅकसी टॅणड,Gangawadi Grass Market Ground,LEGACY_SOURCE_ALIGNED,13,NW_F_004,"Gangawadi grass-market ground, on both sides.",FREE,fuzzy_candidate,88.8,needs_review,NW_F_004 | NW_F_022 | NW_F_017,,not_reviewed,,2
L0305eab78430,Nashik West,गंगावाडी घास बाजार मैदानाची जागा दुतफȓ माधव आǛम साई Ģेरणा,गंगावाडी घास बाजार मैदानाची जागा दुतर्फी माधव आ म साई ेरणा,Gangawadi Grass Market Ground,LEGACY_SOURCE_ALIGNED,1,NW_F_004,"Gangawadi grass-market ground, on both sides.",FREE,fuzzy_candidate,88.8,needs_review,NW_F_004 | NW_F_022 | NW_F_005,,not_reviewed,,2
L2c9a62b1d6e3,Nashik West,गंगावाडी घास बाजार मैदानाची जागा दुतफȓ संदभ« सेवा,गंगावाडी घास बाजार मैदानाची जागा दुतर्फी संदभ सेवा,Gangawadi Grass Market Ground,LEGACY_SOURCE_ALIGNED,9,NW_F_004,"Gangawadi grass-market ground, on both sides.",FREE,fuzzy_candidate,88.9,needs_review,NW_F_004 | NW_F_022 | NW_F_005,,not_reviewed,,2
L41c0d5d64040,Nashik West,गंगावाडी घास बाजार मैदानाची जागा दुतफȓ हॉटेल िĢया लगतची,गंगावाडी घास बाजार मैदानाची जागा दुतर्फी हॉटेल ि या लगतची,Gangawadi Grass Market Ground,LEGACY_SOURCE_ALIGNED,1,NW_F_004,"Gangawadi grass-market ground, on both sides.",FREE,fuzzy_candidate,88.8,needs_review,NW_F_004 | NW_F_022 | NW_F_005,,not_reviewed,,2
Lecc394eb66f1,Nashik West,गंगावाडी घास बाजार मैदानाची ी जागा दुतफȓ ȓ,गंगावाडी घास बाजार मैदानाची ी जागा दुतर्फी ी,Gangawadi Grass Market Ground,LEGACY_SOURCE_ALIGNED,1,NW_F_004,"Gangawadi grass-market ground, on both sides.",FREE,fuzzy_candidate,95.2,needs_review,NW_F_004 | NW_R_014 | NW_F_005,,not_reviewed,,2
L9dd2fe0f33b2,Nashik West,गंगावाडी घास बाजार मैदानाचीजागादतफȓ मदानाची जागा दुतफȓ,गंगावाडी घास बाजार मैदानाचीजागादतफी मदानाची जागा दुतर्फी,Gangawadi Grass Market Ground,LEGACY_SOURCE_ALIGNED,1,NW_F_004,"Gangawadi grass-market ground, on both sides.",FREE,fuzzy_candidate,86.2,needs_review,NW_F_004 | NW_F_022 | NW_F_005,,not_reviewed,,2
L9f47c325f48d,Nashik West,¶येÍठ नागरीक संघामागील कॉनलची जागा,जये ठ नागरीक संघामागील कॅनलची जागा,Canal-side Space behind Senior Citizens Association,LEGACY_SOURCE_ALIGNED,15,NW_F_008,"Space behind the Senior Citizens Association, on the canal-side land.",FREE,fuzzy_candidate,92.3,needs_review,NW_F_008 | NW_F_018 | NW_F_015,,not_reviewed,,2
L223d79581f0f,Nashik West,¶येÍठ नागरीक संघामागील कॉनलची जागा भğाकली टॅ¯सी Îटॅ½ड,जये ठ नागरीक संघामागील कॅनलची जागा भद्रकाली टॅकसी टॅणड,Canal-side Space behind Senior Citizens Association,LEGACY_SOURCE_ALIGNED,1,NW_F_022,"Space opposite Prabhat Theatre, Bhadrakali.",FREE,fuzzy_candidate,85.5,needs_review,NW_F_022 | NW_F_008 | NW_R_008,,not_reviewed,,2
L31cbb7183b74,Nashik West,¶येÍठ नागरीक संघामागील कॉनलची जागा संदभ« सेवा,जये ठ नागरीक संघामागील कॅनलची जागा संदभ सेवा,Canal-side Space behind Senior Citizens Association,LEGACY_SOURCE_ALIGNED,3,NW_F_008,"Space behind the Senior Citizens Association, on the canal-side land.",FREE,fuzzy_candidate,81.4,needs_review,NW_F_008 | NW_R_008 | NW_R_002,,not_reviewed,,2
Led9c543ecc3a,Nashik West,जागा बालाजी मंिदर संदभ« सेवा,जागा बालाजी मंिदर संदभ सेवा,Balaji Temple,LEGACY_SOURCE_ALIGNED,2,NW_F_027,"Behind the Divisional Referral Hospital at Navapura, along the road from Shivaji Road to Pimpalpar.",FREE,fuzzy_candidate,85.5,needs_review,NW_F_027 | NW_F_018 | NW_F_015,,not_reviewed,,2
Lfc5e84d7dccd,Nashik West,जागा बालाजी मंिदर हॉटेल िĢया लगतची,जागा बालाजी मंिदर हॉटेल ि या लगतची,Balaji Temple,LEGACY_SOURCE_ALIGNED,1,NW_F_018,"Open space near Boys Town, opposite Siddharth Nagar slum area.",FREE,fuzzy_candidate,85.5,needs_review,NW_F_018 | NW_F_015 | NW_F_012,,not_reviewed,,2
Lde8772d12772,Nashik West,जागा भğकाली शरणपुर भाजी माकȃ ट,जागा भद्रकाली शरणपुर भाजी मार्केट,Sharanpur Vegetable Market,LEGACY_SOURCE_ALIGNED,1,NW_F_018,"Open space near Boys Town, opposite Siddharth Nagar slum area.",FREE,fuzzy_candidate,85.5,needs_review,NW_F_018 | NW_F_016 | NW_F_015,,not_reviewed,,2
L41235c1a5805,Nashik West,जागा शरणपुर भाजी माकȃ ट,जागा शरणपुर भाजी मार्केट,Sharanpur Vegetable Market,LEGACY_SOURCE_ALIGNED,1,NW_F_018,"Open space near Boys Town, opposite Siddharth Nagar slum area.",FREE,fuzzy_candidate,85.5,needs_review,NW_F_018 | NW_F_017 | NW_F_015,,not_reviewed,,2
L7f46d134a97e,Nashik West,जागा शरणपुर भाजी माकȃ ट भğाकली टॅ¯सी Îटॅ½ड,जागा शरणपुर भाजी मार्केट भद्रकाली टॅकसी टॅणड,Bhadrakali Taxi Stand / Matangwada Area toward Main Road,LEGACY_SOURCE_ALIGNED,1,NW_F_001,"Space behind Sharanpur Vegetable Market, adjacent to the gymnasium, on both sides.",FREE,fuzzy_candidate,67.1,needs_review,NW_F_001 | NW_F_022 | NW_R_011,,not_reviewed,,2
L1681e92e6bbb,Nashik West,जागा हनुमान घाट जवळ,जागा हनुमान घाट जवळ,Near Hanuman Ghat,LEGACY_SOURCE_ALIGNED,2,NW_F_022,"Space opposite Prabhat Theatre, Bhadrakali.",FREE,fuzzy_candidate,85.5,needs_review,NW_F_022 | NW_F_019 | NW_F_018,,not_reviewed,,2
Lc8c8a8f96c49,Nashik West,जुनी मनपा शाळा इमारतीची लगतची जागा मुंबई नाका,जुनी मनपा शाळा इमारतीची लगतची जागा मुंबई नाका,"Space beside Old NMC School Building, Mumbai Naka",LEGACY_SOURCE_ALIGNED,10,NW_F_011,Space beside the old NMC school building at Mumbai Naka.,FREE,fuzzy_candidate,97.7,needs_review,NW_F_011 | NW_F_022 | NW_R_015,,not_reviewed,,2
L516695bfa111,Nashik West,जुनी मनपा शाळा इमारतीची लगतची जागा मुंबई नाका भğाकली टॅ¯सी Îटॅ½ड,जुनी मनपा शाळा इमारतीची लगतची जागा मुंबई नाका भद्रकाली टॅकसी टॅणड,"Space beside Old NMC School Building, Mumbai Naka",LEGACY_SOURCE_ALIGNED,4,NW_F_011,Space beside the old NMC school building at Mumbai Naka.,FREE,fuzzy_candidate,85.8,needs_review,NW_F_011 | NW_F_022 | NW_F_017,,not_reviewed,,2
L8bd4ac7c8eee,Nashik West,जुनी मनपा शाळा इमारतीची लगतची जागा मुंबई नाका हॉटेल िĢया लगतची,जुनी मनपा शाळा इमारतीची लगतची जागा मुंबई नाका हॉटेल ि या लगतची,"Space beside Old NMC School Building, Mumbai Naka",LEGACY_SOURCE_ALIGNED,1,NW_F_011,Space beside the old NMC school building at Mumbai Naka.,FREE,fuzzy_candidate,86.6,needs_review,NW_F_011 | NW_F_022 | NW_F_008,,not_reviewed,,2
L640fb7938e41,Nashik West,जुनी मनपा शाळा इमारतीची ीी लगतची ी जागा मुंबई नाका,जुनी मनपा शाळा इमारतीची ीी लगतची ी जागा मुंबई नाका,"Space beside Old NMC School Building, Mumbai Naka",LEGACY_SOURCE_ALIGNED,1,NW_F_011,Space beside the old NMC school building at Mumbai Naka.,FREE,fuzzy_candidate,92.5,needs_review,NW_F_011 | NW_R_014 | NW_F_022,,not_reviewed,,2
L921b9123186c,Nashik West,दुध बाजार,दुध बाजार,Dudh Bazar,LEGACY_SOURCE_ALIGNED,3,NW_F_021,Milk Market.,FREE,fuzzy_candidate,94.1,needs_review,NW_F_021 | NW_F_004 | NW_R_011,,not_reviewed,,2
Ld4555357b27f,Nashik West,पंपीग Îटेशन रोड राम मंिदर उदयान लगतची,पंपिंग टेशन रोड राम मंिदर उद्यान लगतची,"Ram Mandir Garden Area, Pumping Station Road",LEGACY_SOURCE_ALIGNED,4,NW_F_013,"Pumping Station Road, space adjacent to Ram Mandir Garden.",FREE,fuzzy_candidate,93.8,needs_review,NW_F_013 | NW_R_019 | NW_F_027,,not_reviewed,,2
L04ee006f8850,Nashik West,पंपीग Îटेशन रोड राम मंिदर उदयान लगतची जागा,पंपिंग टेशन रोड राम मंिदर उद्यान लगतची जागा,"Ram Mandir Garden Area, Pumping Station Road",LEGACY_SOURCE_ALIGNED,25,NW_F_013,"Pumping Station Road, space adjacent to Ram Mandir Garden.",FREE,explicit_location_alias,100.0,text_association,,,not_reviewed,,2
L1e017c0941ab,Nashik West,पंपीग Îटेशन रोड राम मंिदर उदयान लगतची जागा भğाकली टॅ¯सी Îटॅ½ड,पंपिंग टेशन रोड राम मंिदर उद्यान लगतची जागा भद्रकाली टॅकसी टॅणड,"Ram Mandir Garden Area, Pumping Station Road",LEGACY_SOURCE_ALIGNED,7,NW_F_022,"Space opposite Prabhat Theatre, Bhadrakali.",FREE,fuzzy_candidate,85.5,needs_review,NW_F_022 | NW_F_019 | NW_F_017,,not_reviewed,,2
L4e156114a6ca,Nashik West,पंपीग Îटेशन रोड राम मंिदर उदयान लगतची जागा भğाकली ीॅ टॅ¯सी ी Îटॅ½ड,पंपिंग टेशन रोड राम मंिदर उद्यान लगतची जागा भद्रकाली ीॅ टॅकसी ी टॅणड,"Ram Mandir Garden Area, Pumping Station Road",LEGACY_SOURCE_ALIGNED,1,NW_R_014,Parnashree Society.,RESTRICTED,fuzzy_candidate,85.5,needs_review,NW_R_014 | NW_F_022 | NW_F_019,,not_reviewed,,2
Lffb3d2c279b1,Nashik West,पंपीग Îटेशन रोड राम मंिदर उदयान लगतची जागा माधव आǛम साई Ģेरणा,पंपिंग टेशन रोड राम मंिदर उद्यान लगतची जागा माधव आ म साई ेरणा,"Ram Mandir Garden Area, Pumping Station Road",LEGACY_SOURCE_ALIGNED,1,NW_F_022,"Space opposite Prabhat Theatre, Bhadrakali.",FREE,fuzzy_candidate,85.5,needs_review,NW_F_022 | NW_F_019 | NW_F_013,,not_reviewed,,2
L80f1e6fe509e,Nashik West,पंपीग Îटेशन रोड राम मंिदर उदयान लगतची जागा संदभ« सेवा,पंपिंग टेशन रोड राम मंिदर उद्यान लगतची जागा संदभ सेवा,"Ram Mandir Garden Area, Pumping Station Road",LEGACY_SOURCE_ALIGNED,10,NW_F_013,"Pumping Station Road, space adjacent to Ram Mandir Garden.",FREE,fuzzy_candidate,89.6,needs_review,NW_F_013 | NW_F_022 | NW_F_019,,not_reviewed,,2
Lb606512bf12f,Nashik West,पंपीग Îटेशन रोड राम मंिदर उदयान लगतची जागा हॉटेल िĢया लगतची,पंपिंग टेशन रोड राम मंिदर उद्यान लगतची जागा हॉटेल ि या लगतची,"Ram Mandir Garden Area, Pumping Station Road",LEGACY_SOURCE_ALIGNED,1,NW_F_022,"Space opposite Prabhat Theatre, Bhadrakali.",FREE,fuzzy_candidate,85.5,needs_review,NW_F_022 | NW_F_019 | NW_F_013,,not_reviewed,,2
Le90727dd392b,Nashik West,पंपीग Îटेशन रोड राम मंिदर ि उदयान लगतची ी जागा,पंपिंग टेशन रोड राम मंिदर ि उद्यान लगतची ी जागा,"Ram Mandir Garden Area, Pumping Station Road",LEGACY_SOURCE_ALIGNED,1,NW_F_013,"Pumping Station Road, space adjacent to Ram Mandir Garden.",FREE,fuzzy_candidate,95.6,needs_review,NW_F_013 | NW_R_014 | NW_F_022,,not_reviewed,,2
L80dfad028d83,Nashik West,फनी बाबा दगɕ ते गंगावाडी उदयान ©मता,फनी बाबा दग ते गंगावाडी उद्यान मता,From Phani Baba Dargah to Gangawadi Garden,LEGACY_SOURCE_ALIGNED,110,NW_F_005,Stretch from Phanibaba Dargah to Gangawadi Garden.,FREE,explicit_location_alias,100.0,text_association,,,not_reviewed,,2
L3ff797c5d488,Nashik West,फनी बाबा दगɕ ते गंगावाडी उदयान ©मता भğाकली टॅ¯सी Îटॅ½ड,फनी बाबा दग ते गंगावाडी उद्यान मता भद्रकाली टॅकसी टॅणड,From Phani Baba Dargah to Gangawadi Garden,LEGACY_SOURCE_ALIGNED,15,NW_F_022,"Space opposite Prabhat Theatre, Bhadrakali.",FREE,fuzzy_candidate,85.5,needs_review,NW_F_022 | NW_F_005 | NW_F_016,,not_reviewed,,2
L4796b07f5952,Nashik West,फनी बाबा दगɕ ते गंगावाडी उदयान ©मता माधव आǛम साई Ģेरणा,फनी बाबा दग ते गंगावाडी उद्यान मता माधव आ म साई ेरणा,From Phani Baba Dargah to Gangawadi Garden,LEGACY_SOURCE_ALIGNED,5,NW_F_005,Stretch from Phanibaba Dargah to Gangawadi Garden.,FREE,fuzzy_candidate,85.5,needs_review,NW_F_005 | NW_F_014 | NW_F_004,,not_reviewed,,2
L829cf6c54080,Nashik West,फनी बाबा दगɕ ते गंगावाडी उदयान ©मता माधवआǛमसाईĢेरणा माधव आǛम साई Ģरणा,फनी बाबा दग ते गंगावाडी उद्यान मता माधवआ मसाई ेरणा माधव आ म साई रणा,From Phani Baba Dargah to Gangawadi Garden,LEGACY_SOURCE_ALIGNED,1,NW_F_005,Stretch from Phanibaba Dargah to Gangawadi Garden.,FREE,fuzzy_candidate,85.5,needs_review,NW_F_005 | NW_F_004 | NW_F_014,,not_reviewed,,2
L122dcc65e05d,Nashik West,फनी बाबा दगɕ ते गंगावाडी उदयान ©मता संदभ« सेवा,फनी बाबा दग ते गंगावाडी उद्यान मता संदभ सेवा,From Phani Baba Dargah to Gangawadi Garden,LEGACY_SOURCE_ALIGNED,14,NW_F_005,Stretch from Phanibaba Dargah to Gangawadi Garden.,FREE,fuzzy_candidate,87.2,needs_review,NW_F_005 | NW_R_019 | NW_F_004,,not_reviewed,,2
Lad1eec66bf1d,Nashik West,फनी बाबा दगɕ ते गंगावाडी उदयान ©मता हॉटेल िĢया लगतची,फनी बाबा दग ते गंगावाडी उद्यान मता हॉटेल ि या लगतची,From Phani Baba Dargah to Gangawadi Garden,LEGACY_SOURCE_ALIGNED,4,NW_F_005,Stretch from Phanibaba Dargah to Gangawadi Garden.,FREE,fuzzy_candidate,85.5,needs_review,NW_F_005 | NW_F_015 | NW_F_004,,not_reviewed,,2
L9e6abaee386e,Nashik West,फनी बाबा दगɕ ते गंगावाडी उदयान ©मता िसÁदाथ« नगर झोपडपƺी,फनी बाबा दग ते गंगावाडी उद्यान मता िस दाथ नगर झोपडप ी,From Phani Baba Dargah to Gangawadi Garden,LEGACY_SOURCE_ALIGNED,2,NW_R_014,Parnashree Society.,RESTRICTED,fuzzy_candidate,85.5,needs_review,NW_R_014 | NW_F_005 | NW_R_002,,not_reviewed,,2
Lf88683b89bb2,Nashik West,फनी बाबा दगɕ ते गंगावाडी उदयान ©मता िसÁदाथ« िसदाथ नगरझोपडपƺी नगर झोपडपƺी,फनी बाबा दग ते गंगावाडी उद्यान मता िस दाथ िसदाथ नगरझोपडप ी नगर झोपडप ी,From Phani Baba Dargah to Gangawadi Garden,LEGACY_SOURCE_ALIGNED,1,NW_R_014,Parnashree Society.,RESTRICTED,fuzzy_candidate,85.5,needs_review,NW_R_014 | NW_F_005 | NW_F_004,,not_reviewed,,2
Lad76067aa1d4,Nashik West,फनी बाबा दगɕ ते गंगावाडीउदयान©मता गगावाडी उदयान ©मता,फनी बाबा दग ते गंगावाडीउद्यान मता गगावाडी उद्यान मता,From Phani Baba Dargah to Gangawadi Garden,LEGACY_SOURCE_ALIGNED,3,NW_F_005,Stretch from Phanibaba Dargah to Gangawadi Garden.,FREE,fuzzy_candidate,85.5,needs_review,NW_F_005 | NW_F_004 | NW_R_010,,not_reviewed,,2
Lba22d25036bb,Nashik West,फनीबाबादगɕ फनी बाबा दगɕ ते त गंगावाडी उदयान ©मता,फनीबाबादग फनी बाबा दग ते त गंगावाडी उद्यान मता,From Phani Baba Dargah to Gangawadi Garden,LEGACY_SOURCE_ALIGNED,1,NW_F_005,Stretch from Phanibaba Dargah to Gangawadi Garden.,FREE,fuzzy_candidate,85.5,needs_review,NW_F_005 | NW_F_004 | NW_R_015,,not_reviewed,,2
L3b503659ecb4,Nashik West,बाजु) सरÎवती लेन,बाजु सर वती लेन,Saraswati Lane,LEGACY_SOURCE_ALIGNED,1,NW_F_023,Saraswati Lane.,FREE,fuzzy_candidate,90.0,needs_review,NW_F_023 | NW_F_025 | NW_F_021,,not_reviewed,,2
L0e5ea993b33e,Nashik West,बालाजी मंिदर,बालाजी मंिदर,Balaji Temple,LEGACY_SOURCE_ALIGNED,41,NW_F_025,"Balaji Temple, Tilbhandeshwar Lane.",FREE,explicit_location_alias,100.0,text_association,,,not_reviewed,,2
Lae6e6969e3e2,Nashik West,बालाजी मंिदर भğाकली टॅ¯सी Îटॅ½ड,बालाजी मंिदर भद्रकाली टॅकसी टॅणड,,MULTIPLE_LEGACY_VARIANTS,5,NW_F_016,"Bhadrakali Taxi Stand / Matangwada area, along the stretch from Bhadrakali towards Main Road.",FREE,fuzzy_candidate,85.5,needs_review,NW_F_016 | NW_F_017 | NW_F_025,,not_reviewed,,2
Lc08b1f9cfbd3,Nashik West,बालाजी मंिदर संदभ« सेवा,बालाजी मंिदर संदभ सेवा,Balaji Temple,LEGACY_SOURCE_ALIGNED,17,NW_F_027,"Behind the Divisional Referral Hospital at Navapura, along the road from Shivaji Road to Pimpalpar.",FREE,fuzzy_candidate,85.5,needs_review,NW_F_027 | NW_F_012 | NW_F_025,,not_reviewed,,2
L1d9c32145d07,Nashik West,बालाजी मंिदर हॉटेल िĢया लगतची,बालाजी मंिदर हॉटेल ि या लगतची,Balaji Temple,LEGACY_SOURCE_ALIGNED,2,NW_F_020,"Lane beside Hotel Priya, opposite CBS, on one side of the road.",FREE,fuzzy_candidate,85.5,needs_review,NW_F_020 | NW_F_015 | NW_F_012,,not_reviewed,,2
L8598db3093ff,Nashik West,बालाजी मंिदर िसÁदाथ« नगर झोपडपƺी,बालाजी मंिदर िस दाथ नगर झोपडप ी,Balaji Temple,LEGACY_SOURCE_ALIGNED,2,NW_R_014,Parnashree Society.,RESTRICTED,fuzzy_candidate,85.5,needs_review,NW_R_014 | NW_F_020 | NW_F_018,,not_reviewed,,2
L2843bb5ac712,Nashik West,भğकाली भाजी पटांगण (कȗडाजी िचवडा जवळ),भद्रकाली भाजी पटांगण कोंडाजी िचवडा जवळ,Bhadrakali Vegetable Market Ground (near Kandaji Chivda),LEGACY_SOURCE_ALIGNED,57,NW_F_017,"Bhadrakali vegetable-market ground, near Kondaji Chivda.",FREE,explicit_location_alias,100.0,text_association,,,not_reviewed,,2
L505bcb124a00,Nashik West,भğकाली भाजी पटांगण (कȗडाजी िचवडा जवळ) भğाकली टॅ¯सी Îटॅ½ड,भद्रकाली भाजी पटांगण कोंडाजी िचवडा जवळ भद्रकाली टॅकसी टॅणड,Bhadrakali Vegetable Market Ground (near Kandaji Chivda),LEGACY_SOURCE_ALIGNED,3,NW_F_017,"Bhadrakali vegetable-market ground, near Kondaji Chivda.",FREE,fuzzy_candidate,87.6,needs_review,NW_F_017 | NW_F_022 | NW_F_019,,not_reviewed,,2
Le9d0a9acc265,Nashik West,भğकाली भाजी पटांगण (कȗडाजी िचवडा जवळ) माधव आǛम साई Ģेरणा,भद्रकाली भाजी पटांगण कोंडाजी िचवडा जवळ माधव आ म साई ेरणा,Bhadrakali Vegetable Market Ground (near Kandaji Chivda),LEGACY_SOURCE_ALIGNED,1,NW_F_017,"Bhadrakali vegetable-market ground, near Kondaji Chivda.",FREE,fuzzy_candidate,87.6,needs_review,NW_F_017 | NW_F_022 | NW_F_019,,not_reviewed,,2
Ld35c9dca8823,Nashik West,भğकाली भाजी पटांगण (कȗडाजी िचवडा जवळ) संदभ« सेवा,भद्रकाली भाजी पटांगण कोंडाजी िचवडा जवळ संदभ सेवा,Bhadrakali Vegetable Market Ground (near Kandaji Chivda),LEGACY_SOURCE_ALIGNED,7,NW_F_017,"Bhadrakali vegetable-market ground, near Kondaji Chivda.",FREE,fuzzy_candidate,88.4,needs_review,NW_F_017 | NW_F_022 | NW_F_019,,not_reviewed,,2
Lf98e1568b08b,Nashik West,भğकाली भाजी पटांगण (कȗडाजी िचवडा जवळ) हॉटेल िĢया लगतची,भद्रकाली भाजी पटांगण कोंडाजी िचवडा जवळ हॉटेल ि या लगतची,Bhadrakali Vegetable Market Ground (near Kandaji Chivda),LEGACY_SOURCE_ALIGNED,8,NW_F_022,"Space opposite Prabhat Theatre, Bhadrakali.",FREE,fuzzy_candidate,85.5,needs_review,NW_F_022 | NW_F_019 | NW_F_017,,not_reviewed,,2
Lf49136eeb2ba,Nashik West,भğकाली भाजी पटांगण (कȗडाजी िचवडा जवळ) िसÁदाथ« नगर झोपडपƺी,भद्रकाली भाजी पटांगण कोंडाजी िचवडा जवळ िस दाथ नगर झोपडप ी,Bhadrakali Vegetable Market Ground (near Kandaji Chivda),LEGACY_SOURCE_ALIGNED,3,NW_F_017,"Bhadrakali vegetable-market ground, near Kondaji Chivda.",FREE,fuzzy_candidate,87.6,needs_review,NW_F_017 | NW_R_014 | NW_F_022,,not_reviewed,,2
L6ab33bdbb6db,Nashik West,Ģभात थȂटर समोरील,भात थेटर समोरील,"Opposite Bharat Theatre, Bhadrakali",LEGACY_SOURCE_ALIGNED,1,NW_F_022,"Space opposite Prabhat Theatre, Bhadrakali.",FREE,fuzzy_candidate,85.5,needs_review,NW_F_022 | NW_F_010 | NW_F_015,,not_reviewed,,2
L24dabab09129,Nashik West,Ģभात थȂटर समोरील जागा भğकाली,भात थेटर समोरील जागा भद्रकाली,"Opposite Bharat Theatre, Bhadrakali",LEGACY_SOURCE_ALIGNED,19,NW_F_022,"Space opposite Prabhat Theatre, Bhadrakali.",FREE,fuzzy_candidate,94.9,needs_review,NW_F_022 | NW_F_018 | NW_F_016,,not_reviewed,,2
L2288ff14a589,Nashik West,Ģभात थȂटर समोरील जागा भğकाली भğाकली टॅ¯सी Îटॅ½ड,भात थेटर समोरील जागा भद्रकाली भद्रकाली टॅकसी टॅणड,"Opposite Bharat Theatre, Bhadrakali",LEGACY_SOURCE_ALIGNED,1,NW_F_022,"Space opposite Prabhat Theatre, Bhadrakali.",FREE,fuzzy_candidate,85.5,needs_review,NW_F_022 | NW_F_016 | NW_R_015,,not_reviewed,,2
L30b78779e52d,Nashik West,Ģभात थȂटर समोरील जागा भğकाली माधव आǛम साई Ģेरणा,भात थेटर समोरील जागा भद्रकाली माधव आ म साई ेरणा,"Opposite Bharat Theatre, Bhadrakali",LEGACY_SOURCE_ALIGNED,1,NW_F_022,"Space opposite Prabhat Theatre, Bhadrakali.",FREE,fuzzy_candidate,85.5,needs_review,NW_F_022 | NW_F_014 | NW_F_010,,not_reviewed,,2
L895af92145cc,Nashik West,Ģभात थȂटर समोरील जागा भğकाली संदभ« सेवा,भात थेटर समोरील जागा भद्रकाली संदभ सेवा,"Opposite Bharat Theatre, Bhadrakali",LEGACY_SOURCE_ALIGNED,1,NW_F_027,"Behind the Divisional Referral Hospital at Navapura, along the road from Shivaji Road to Pimpalpar.",FREE,fuzzy_candidate,85.5,needs_review,NW_F_027 | NW_F_022 | NW_F_010,,not_reviewed,,2
L308aae73194a,Nashik West,©मता दुध बाजार,मता दुध बाजार,Dudh Bazar,LEGACY_SOURCE_ALIGNED,1,NW_F_004,"Gangawadi grass-market ground, on both sides.",FREE,fuzzy_candidate,85.5,needs_review,NW_F_004 | NW_F_021 | NW_R_011,,not_reviewed,,2
L0ba3eb084149,Nashik West,©मता बालाजी मंिदर,मता बालाजी मंिदर,Balaji Temple,LEGACY_SOURCE_ALIGNED,4,NW_F_025,"Balaji Temple, Tilbhandeshwar Lane.",FREE,fuzzy_candidate,85.7,needs_review,NW_F_025 | NW_F_016 | NW_F_011,,not_reviewed,,2
L30a0026cb84e,Nashik West,©मता बालाजी मंिदर भğाकली टॅ¯सी Îटॅ½ड,मता बालाजी मंिदर भद्रकाली टॅकसी टॅणड,Bhadrakali Taxi Stand / Matangwada Area toward Main Road,LEGACY_SOURCE_ALIGNED,1,NW_F_016,"Bhadrakali Taxi Stand / Matangwada area, along the stretch from Bhadrakali towards Main Road.",FREE,fuzzy_candidate,59.4,needs_review,NW_F_016 | NW_F_017 | NW_F_025,,not_reviewed,,2
Lb0937f6aebac,Nashik West,©मता बालाजी मंिदर संदभ« सेवा,मता बालाजी मंिदर संदभ सेवा,Balaji Temple,LEGACY_SOURCE_ALIGNED,2,NW_F_027,"Behind the Divisional Referral Hospital at Navapura, along the road from Shivaji Road to Pimpalpar.",FREE,fuzzy_candidate,85.5,needs_review,NW_F_027 | NW_F_012 | NW_F_025,,not_reviewed,,2
Lfd6fdee48ee1,Nashik West,©मता शरणपुर भाजी माकȃ ट,मता शरणपुर भाजी मार्केट,Sharanpur Vegetable Market,LEGACY_SOURCE_ALIGNED,1,NW_F_017,"Bhadrakali vegetable-market ground, near Kondaji Chivda.",FREE,fuzzy_candidate,85.5,needs_review,NW_F_017 | NW_F_002 | NW_F_001,,not_reviewed,,2
L4d3ac2bd4c87,Nashik West,©मता हनुमान घाट जवळ,मता हनुमान घाट जवळ,Near Hanuman Ghat,LEGACY_SOURCE_ALIGNED,1,NW_F_006,Near Hanuman Ghat.,FREE,fuzzy_candidate,87.5,needs_review,NW_F_006 | NW_F_019 | NW_F_012,,not_reviewed,,2
L99411a9a8fa0,Nashik West,(मातȊगवाडा पिरसर) भğकाली ते मेनरोड,मातिंगवाडा पिरसर भद्रकाली ते मेनरोड,Bhadrakali Taxi Stand / Matangwada Area toward Main Road,LEGACY_SOURCE_ALIGNED,7,NW_F_016,"Bhadrakali Taxi Stand / Matangwada area, along the stretch from Bhadrakali towards Main Road.",FREE,fuzzy_candidate,88.7,needs_review,NW_F_016 | NW_R_019 | NW_R_018,,not_reviewed,,2
L5242051100d5,Nashik West,(मातȊगवाडा पिरसर) भğकाली ते मेनरोड ©मता,मातिंगवाडा पिरसर भद्रकाली ते मेनरोड मता,,MULTIPLE_LEGACY_VARIANTS,137,NW_R_019,Along internal roads between ABB Circle and Jehan Circle via Mahatmanagar Road.,RESTRICTED,fuzzy_candidate,85.5,needs_review,NW_R_019 | NW_R_018 | NW_R_017,,not_reviewed,,2
L01cd77b40498,Nashik West,(मातȊगवाडा पिरसर) भğकाली ते मेनरोड ©मता भğाकली टॅ¯सी Îटॅ½ड,मातिंगवाडा पिरसर भद्रकाली ते मेनरोड मता भद्रकाली टॅकसी टॅणड,,MULTIPLE_LEGACY_VARIANTS,49,NW_F_016,"Bhadrakali Taxi Stand / Matangwada area, along the stretch from Bhadrakali towards Main Road.",FREE,fuzzy_candidate,86.9,needs_review,NW_F_016 | NW_R_018 | NW_R_017,,not_reviewed,,2
La7b59ab7e2f8,Nashik West,(मातȊगवाडा पिरसर) भğकाली ते मेनरोड ©मता भğाकली ीॅ टॅ¯सी ी Îटॅ½ड,मातिंगवाडा पिरसर भद्रकाली ते मेनरोड मता भद्रकाली ीॅ टॅकसी ी टॅणड,Bhadrakali Taxi Stand / Matangwada Area toward Main Road,LEGACY_SOURCE_ALIGNED,1,NW_R_018,Tupsakhare Lawn area.,RESTRICTED,fuzzy_candidate,85.5,needs_review,NW_R_018 | NW_R_017 | NW_R_014,,not_reviewed,,2
L791c1c3f5296,Nashik West,(मातȊगवाडा पिरसर) भğकाली ते मेनरोड ©मता माधव आǛम साई Ģेरणा,मातिंगवाडा पिरसर भद्रकाली ते मेनरोड मता माधव आ म साई ेरणा,Bhadrakali Taxi Stand / Matangwada Area toward Main Road,LEGACY_SOURCE_ALIGNED,3,NW_R_018,Tupsakhare Lawn area.,RESTRICTED,fuzzy_candidate,85.5,needs_review,NW_R_018 | NW_R_017 | NW_F_022,,not_reviewed,,2
L149ed29fc9c6,Nashik West,(मातȊगवाडा पिरसर) भğकाली ते मेनरोड ©मता संदभ« सेवा,मातिंगवाडा पिरसर भद्रकाली ते मेनरोड मता संदभ सेवा,,MULTIPLE_LEGACY_VARIANTS,23,NW_R_018,Tupsakhare Lawn area.,RESTRICTED,fuzzy_candidate,85.5,needs_review,NW_R_018 | NW_R_017 | NW_F_022,,not_reviewed,,2
L7341c2a79d21,Nashik West,(मातȊगवाडा पिरसर) भğकाली ते मेनरोड ©मता हॉटेल िĢया लगतची,मातिंगवाडा पिरसर भद्रकाली ते मेनरोड मता हॉटेल ि या लगतची,,MULTIPLE_LEGACY_VARIANTS,11,NW_R_018,Tupsakhare Lawn area.,RESTRICTED,fuzzy_candidate,85.5,needs_review,NW_R_018 | NW_R_017 | NW_F_022,,not_reviewed,,2
Le391f6855903,Nashik West,(मातȊगवाडा पिरसर) भğकाली ते मेनरोड ©मता हॉटेल ॉे ि िĢया लगतची ी,मातिंगवाडा पिरसर भद्रकाली ते मेनरोड मता हॉटेल ॉे ि ि या लगतची ी,Bhadrakali Taxi Stand / Matangwada Area toward Main Road,LEGACY_SOURCE_ALIGNED,1,NW_R_018,Tupsakhare Lawn area.,RESTRICTED,fuzzy_candidate,85.5,needs_review,NW_R_018 | NW_R_017 | NW_R_014,,not_reviewed,,2
Lb523cad978dd,Nashik West,(मातȊगवाडा पिरसर) भğकाली ते मेनरोड ©मता िसÁदाथ« नगर झोपडपƺी,मातिंगवाडा पिरसर भद्रकाली ते मेनरोड मता िस दाथ नगर झोपडप ी,Bhadrakali Taxi Stand / Matangwada Area toward Main Road,LEGACY_SOURCE_ALIGNED,2,NW_R_018,Tupsakhare Lawn area.,RESTRICTED,fuzzy_candidate,85.5,needs_review,NW_R_018 | NW_R_017 | NW_R_014,,not_reviewed,,2
Lc219abeaa2bc,Nashik West,(मातȊगवाडा पिरसर) भğकाली ते मेनरोड ©मता िसÁदाथ« िसदाथ नगरझोपडपƺी नगर झोपडपƺी,मातिंगवाडा पिरसर भद्रकाली ते मेनरोड मता िस दाथ िसदाथ नगरझोपडप ी नगर झोपडप ी,Bhadrakali Taxi Stand / Matangwada Area toward Main Road,LEGACY_SOURCE_ALIGNED,1,NW_R_018,Tupsakhare Lawn area.,RESTRICTED,fuzzy_candidate,85.5,needs_review,NW_R_018 | NW_R_017 | NW_R_014,,not_reviewed,,2
Lc1cef1ae9858,Nashik West,(मातȊगवाडा पिरसर) भğकाली ी ते े मेनरोड ो ©मता,मातिंगवाडा पिरसर भद्रकाली ी ते े मेनरोड ो मता,Bhadrakali Taxi Stand / Matangwada Area toward Main Road,LEGACY_SOURCE_ALIGNED,1,NW_R_018,Tupsakhare Lawn area.,RESTRICTED,fuzzy_candidate,85.5,needs_review,NW_R_018 | NW_R_017 | NW_R_014,,not_reviewed,,2
L259296154219,Nashik West,(मातȊगवाडा पिरसर) भğकाली ी ते े मेनरोड ो ©मता संदभ« सेवा,मातिंगवाडा पिरसर भद्रकाली ी ते े मेनरोड ो मता संदभ सेवा,Bhadrakali Taxi Stand / Matangwada Area toward Main Road,LEGACY_SOURCE_ALIGNED,1,NW_R_018,Tupsakhare Lawn area.,RESTRICTED,fuzzy_candidate,85.5,needs_review,NW_R_018 | NW_R_017 | NW_R_014,,not_reviewed,,2
L8aee0655b20c,Nashik West,(मातȊगवाडा ि पिरसर) भğकाली ते मेनरोड ©मता,मातिंगवाडा ि पिरसर भद्रकाली ते मेनरोड मता,Bhadrakali Taxi Stand / Matangwada Area toward Main Road,LEGACY_SOURCE_ALIGNED,1,NW_R_019,Along internal roads between ABB Circle and Jehan Circle via Mahatmanagar Road.,RESTRICTED,fuzzy_candidate,85.5,needs_review,NW_R_019 | NW_R_018 | NW_R_017,,not_reviewed,,2
L3bb00c523869,Nashik West,(मातȊगवाडा ि पिरसर) भğकाली ते मेनरोड ©मता भğाकली टॅ¯सी Îटॅ½ड,मातिंगवाडा ि पिरसर भद्रकाली ते मेनरोड मता भद्रकाली टॅकसी टॅणड,Bhadrakali Taxi Stand / Matangwada Area toward Main Road,LEGACY_SOURCE_ALIGNED,1,NW_R_018,Tupsakhare Lawn area.,RESTRICTED,fuzzy_candidate,85.5,needs_review,NW_R_018 | NW_R_017 | NW_F_022,,not_reviewed,,2
Ldb4f7b170bd1,Nashik West,राका कॉलनी,राका कॉलनी,Raka Colony,LEGACY_SOURCE_ALIGNED,2,NW_R_015,Raka Colony.,RESTRICTED,fuzzy_candidate,100.0,needs_review,NW_R_015 | NW_R_013 | NW_F_014,,not_reviewed,,2
Ld3689800a5a6,Nashik West,"Ǘ±णालयामागील नवापुरा, िशवाजी रोड ते ȋपपळपार रÎ¾यालगत",रू णालयामागील नवापुरा िशवाजी रोड ते िंपपळपार र यालगत,Navapura behind the Hospital – Shivaji Road to Pimpalpar Road,LEGACY_SOURCE_ALIGNED,3,NW_F_027,"Behind the Divisional Referral Hospital at Navapura, along the road from Shivaji Road to Pimpalpar.",FREE,unique_source_phrase,96.0,text_association,,,not_reviewed,,2
Le1f9c1e49df4,Nashik West,"Ǘ±णालयामागील नवापुरा, िशवाजी रोड ते ȋपपळपार रÎ¾यालगत ©मता",रू णालयामागील नवापुरा िशवाजी रोड ते िंपपळपार र यालगत मता,,MULTIPLE_LEGACY_VARIANTS,130,NW_F_027,"Behind the Divisional Referral Hospital at Navapura, along the road from Shivaji Road to Pimpalpar.",FREE,fuzzy_candidate,91.8,needs_review,NW_F_027 | NW_F_025 | NW_F_019,,not_reviewed,,2
L843927cbcce8,Nashik West,"Ǘ±णालयामागील नवापुरा, िशवाजी रोड ते ȋपपळपार रÎ¾यालगत ©मता भğाकली टॅ¯सी Îटॅ½ड",रू णालयामागील नवापुरा िशवाजी रोड ते िंपपळपार र यालगत मता भद्रकाली टॅकसी टॅणड,,MULTIPLE_LEGACY_VARIANTS,25,NW_F_027,"Behind the Divisional Referral Hospital at Navapura, along the road from Shivaji Road to Pimpalpar.",FREE,fuzzy_candidate,86.7,needs_review,NW_F_027 | NW_F_025 | NW_F_022,,not_reviewed,,2
L2541d37b2bcf,Nashik West,"Ǘ±णालयामागील नवापुरा, िशवाजी रोड ते ȋपपळपार रÎ¾यालगत ©मता माधव आǛम साई Ģेरणा",रू णालयामागील नवापुरा िशवाजी रोड ते िंपपळपार र यालगत मता माधव आ म साई ेरणा,Navapura behind the Hospital – Shivaji Road to Pimpalpar Road,LEGACY_SOURCE_ALIGNED,1,NW_F_027,"Behind the Divisional Referral Hospital at Navapura, along the road from Shivaji Road to Pimpalpar.",FREE,fuzzy_candidate,86.7,needs_review,NW_F_027 | NW_F_025 | NW_F_019,,not_reviewed,,2
L52efd226f027,Nashik West,"Ǘ±णालयामागील नवापुरा, िशवाजी रोड ते ȋपपळपार रÎ¾यालगत ©मता संदभ« सेवा",रू णालयामागील नवापुरा िशवाजी रोड ते िंपपळपार र यालगत मता संदभ सेवा,,MULTIPLE_LEGACY_VARIANTS,53,NW_F_027,"Behind the Divisional Referral Hospital at Navapura, along the road from Shivaji Road to Pimpalpar.",FREE,fuzzy_candidate,95.0,needs_review,NW_F_027 | NW_F_025 | NW_F_019,,not_reviewed,,2
L2aa07a335478,Nashik West,"Ǘ±णालयामागील नवापुरा, िशवाजी रोड ते ȋपपळपार रÎ¾यालगत ©मता हॉटेल िĢया लगतची",रू णालयामागील नवापुरा िशवाजी रोड ते िंपपळपार र यालगत मता हॉटेल ि या लगतची,"Behind Sandarbha Seva Hospital, Navapura – Shivaji Road to Pimpalpar Road",LEGACY_SOURCE_ALIGNED,2,NW_F_027,"Behind the Divisional Referral Hospital at Navapura, along the road from Shivaji Road to Pimpalpar.",FREE,fuzzy_candidate,86.7,needs_review,NW_F_027 | NW_F_025 | NW_F_019,,not_reviewed,,2
L6f58bfa53b00,Nashik West,"Ǘ±णालयामागील िवĎीनवापुरा, िशवाजी ीो रोड ते ȋपपळपार रÎ¾यालगत ©मता",रू णालयामागील िव ीनवापुरा िशवाजी ीो रोड ते िंपपळपार र यालगत मता,"Behind Sandarbha Seva Hospital, Navapura – Shivaji Road to Pimpalpar Road",LEGACY_SOURCE_ALIGNED,1,NW_F_027,"Behind the Divisional Referral Hospital at Navapura, along the road from Shivaji Road to Pimpalpar.",FREE,fuzzy_candidate,86.8,needs_review,NW_F_027 | NW_F_025 | NW_F_019,,not_reviewed,,2
Lbeb3008d0cba,Nashik West,"Ǘ±णालयामागील ी नवापुरा, िशवाजी रोड ते ȋपपळपार रÎ¾यालगत ©मता भğाकली टॅ¯सी Îटॅ½ड",रू णालयामागील ी नवापुरा िशवाजी रोड ते िंपपळपार र यालगत मता भद्रकाली टॅकसी टॅणड,,MULTIPLE_LEGACY_VARIANTS,2,NW_F_027,"Behind the Divisional Referral Hospital at Navapura, along the road from Shivaji Road to Pimpalpar.",FREE,fuzzy_candidate,86.7,needs_review,NW_F_027 | NW_R_014 | NW_F_025,,not_reviewed,,2
L146b22c60250,Nashik West,"Ǘ±णालयामागील ी नवापुरा, िशवाजी रोड ते ȋपपळपार रÎ¾यालगत ©मता संदभ« सेवा",रू णालयामागील ी नवापुरा िशवाजी रोड ते िंपपळपार र यालगत मता संदभ सेवा,Navapura behind the Hospital – Shivaji Road to Pimpalpar Road,LEGACY_SOURCE_ALIGNED,1,NW_F_027,"Behind the Divisional Referral Hospital at Navapura, along the road from Shivaji Road to Pimpalpar.",FREE,fuzzy_candidate,95.0,needs_review,NW_F_027 | NW_R_014 | NW_F_025,,not_reviewed,,2
Le94d04b628de,Nashik West,शरणपुर एम.एस.सी.बी. कंपाऊड लगत,शरणपुर एम एस सी बी कंपाऊड लगत,"Along MSEB Compound, Sharanpur",LEGACY_SOURCE_ALIGNED,32,NW_F_002,Space beside the MSEB compound at Sharanpur Mini Market.,FREE,explicit_location_alias,100.0,text_association,,,not_reviewed,,2
L4c71da67f7fc,Nashik West,शरणपुर एम.एस.सी.बी. कंपाऊड लगत संदभ« सेवा,शरणपुर एम एस सी बी कंपाऊड लगत संदभ सेवा,"Along MSEB Compound, Sharanpur",LEGACY_SOURCE_ALIGNED,3,NW_F_027,"Behind the Divisional Referral Hospital at Navapura, along the road from Shivaji Road to Pimpalpar.",FREE,fuzzy_candidate,85.5,needs_review,NW_F_027 | NW_F_002 | NW_R_014,,not_reviewed,,2
L9b3acc05f9dd,Nashik West,शरणपुर एम.एस.सी.बी. कंपाऊड लगत िसÁदाथ« नगर झोपडपƺी,शरणपुर एम एस सी बी कंपाऊड लगत िस दाथ नगर झोपडप ी,"Along MSEB Compound, Sharanpur",LEGACY_SOURCE_ALIGNED,1,NW_R_014,Parnashree Society.,RESTRICTED,fuzzy_candidate,85.5,needs_review,NW_R_014 | NW_F_002 | NW_R_002,,not_reviewed,,2
Lae5c8fcb2885,Nashik West,शरणपुर एम.एस.सी.बी. कंपाऊडलगत कपाऊड लगत,शरणपुर एम एस सी बी कंपाऊडलगत कपाऊड लगत,"Along MSEB Compound, Sharanpur",LEGACY_SOURCE_ALIGNED,1,NW_F_002,Space beside the MSEB compound at Sharanpur Mini Market.,FREE,fuzzy_candidate,86.6,needs_review,NW_F_002 | NW_F_001 | NW_R_014,,not_reviewed,,2
L0a339f692cb9,Nashik West,शरणपुर एम.एस.सी.बी. कंपाऊडलगत कपाऊड लगत संदभ« सेवा,शरणपुर एम एस सी बी कंपाऊडलगत कपाऊड लगत संदभ सेवा,"Along MSEB Compound, Sharanpur",LEGACY_SOURCE_ALIGNED,1,NW_F_002,Space beside the MSEB compound at Sharanpur Mini Market.,FREE,fuzzy_candidate,75.3,needs_review,NW_F_002 | NW_F_027 | NW_R_014,,not_reviewed,,2
Lf98d195eaad8,Nashik West,शरणपुर भाजी माकȃ ट,शरणपुर भाजी मार्केट,Sharanpur Vegetable Market,LEGACY_SOURCE_ALIGNED,29,NW_F_001,"Space behind Sharanpur Vegetable Market, adjacent to the gymnasium, on both sides.",FREE,unique_source_phrase,96.0,text_association,,,not_reviewed,,2
Laad6ac187271,Nashik West,शरणपुर भाजी माकȃ ट भğाकली टॅ¯सी Îटॅ½ड,शरणपुर भाजी मार्केट भद्रकाली टॅकसी टॅणड,,MULTIPLE_LEGACY_VARIANTS,2,NW_F_001,"Space behind Sharanpur Vegetable Market, adjacent to the gymnasium, on both sides.",FREE,fuzzy_candidate,62.2,needs_review,NW_F_001 | NW_F_016 | NW_F_017,,not_reviewed,,2
L69ea077166d8,Nashik West,शरणपुर भाजी माकȃ ट माधव आǛम साई Ģेरणा,शरणपुर भाजी मार्केट माधव आ म साई ेरणा,Sharanpur Vegetable Market,LEGACY_SOURCE_ALIGNED,1,NW_F_001,"Space behind Sharanpur Vegetable Market, adjacent to the gymnasium, on both sides.",FREE,fuzzy_candidate,65.1,needs_review,NW_F_001 | NW_F_014 | NW_F_002,,not_reviewed,,2
L5a5948814697,Nashik West,शरणपुर भाजी माकȃ ट संदभ« सेवा,शरणपुर भाजी मार्केट संदभ सेवा,Sharanpur Vegetable Market,LEGACY_SOURCE_ALIGNED,4,NW_F_027,"Behind the Divisional Referral Hospital at Navapura, along the road from Shivaji Road to Pimpalpar.",FREE,fuzzy_candidate,85.5,needs_review,NW_F_027 | NW_F_012 | NW_F_002,,not_reviewed,,2
La3a7b0374269,Nashik West,शरणपुर भाजी माकȃ ट िसÁदाथ« नगर झोपडपƺी,शरणपुर भाजी मार्केट िस दाथ नगर झोपडप ी,Sharanpur Vegetable Market,LEGACY_SOURCE_ALIGNED,1,NW_R_014,Parnashree Society.,RESTRICTED,fuzzy_candidate,85.5,needs_review,NW_R_014 | NW_F_001 | NW_R_002,,not_reviewed,,2
L80ae8f1a7027,Nashik West,संभाजी चौक,संभाजी चौक,Sambhaji Chowk,LEGACY_SOURCE_ALIGNED,3,NW_R_017,Sambhaji Chowk area.,RESTRICTED,fuzzy_candidate,90.0,needs_review,NW_R_017 | NW_F_017 | NW_F_001,,not_reviewed,,2
L49ebd8bb2e0d,Nashik West,संभाजी चौक संदभ« सेवा,संभाजी चौक संदभ सेवा,Sambhaji Chowk,LEGACY_SOURCE_ALIGNED,1,NW_F_027,"Behind the Divisional Referral Hospital at Navapura, along the road from Shivaji Road to Pimpalpar.",FREE,fuzzy_candidate,85.5,needs_review,NW_F_027 | NW_F_012 | NW_R_017,,not_reviewed,,2
Lafae08fa0dd5,Nashik West,संिदप ंि हॉटेल ॉे मागे ेओ ओपन Îपेस लगत´या रÎ¾याची जागा संदभ« सेवा,संिदप ंि हॉटेल ॉे मागे ेओ ओपन पेस लगतच्या र याची जागा संदभ सेवा,Roadside Open Space behind Sandeep Hotel,LEGACY_SOURCE_ALIGNED,1,NW_F_025,"Balaji Temple, Tilbhandeshwar Lane.",FREE,fuzzy_candidate,85.5,needs_review,NW_F_025 | NW_F_022 | NW_F_009,,not_reviewed,,2
Lf906c1a288b1,Nashik West,संिदप ंि हॉटेल ॉे मागे ेओ ओपन Îपेस लगत´या रÎ¾याची जागा िसÁदाथ« नगर झोपडपƺी,संिदप ंि हॉटेल ॉे मागे ेओ ओपन पेस लगतच्या र याची जागा िस दाथ नगर झोपडप ी,Roadside Open Space behind Sandeep Hotel,LEGACY_SOURCE_ALIGNED,1,NW_R_014,Parnashree Society.,RESTRICTED,fuzzy_candidate,85.5,needs_review,NW_R_014 | NW_F_025 | NW_F_022,,not_reviewed,,2
Le3d06a3529ab,Nashik West,संिदप हॉटेल मागे ओपन Îपेस लगत´या रÎ¾याची,संिदप हॉटेल मागे ओपन पेस लगतच्या र याची,Roadside Open Space behind Sandeep Hotel,LEGACY_SOURCE_ALIGNED,1,NW_F_010,Roadside space along the open space opposite Sandeep Hotel.,FREE,fuzzy_candidate,94.0,needs_review,NW_F_010 | NW_R_019 | NW_F_027,,not_reviewed,,2
L7a332a3a6f1e,Nashik West,संिदप हॉटेल मागे ओपन Îपेस लगत´या रÎ¾याची जागा,संिदप हॉटेल मागे ओपन पेस लगतच्या र याची जागा,Roadside Open Space behind Sandeep Hotel,LEGACY_SOURCE_ALIGNED,36,NW_F_010,Roadside space along the open space opposite Sandeep Hotel.,FREE,explicit_location_alias,100.0,text_association,,,not_reviewed,,2
L7fd42c21ad50,Nashik West,संिदप हॉटेल मागे ओपन Îपेस लगत´या रÎ¾याची जागा भğाकली टॅ¯सी Îटॅ½ड,संिदप हॉटेल मागे ओपन पेस लगतच्या र याची जागा भद्रकाली टॅकसी टॅणड,Roadside Open Space behind Sandeep Hotel,LEGACY_SOURCE_ALIGNED,9,NW_F_025,"Balaji Temple, Tilbhandeshwar Lane.",FREE,fuzzy_candidate,85.5,needs_review,NW_F_025 | NW_F_022 | NW_F_017,,not_reviewed,,2
L88dc7eef0fe8,Nashik West,संिदप हॉटेल मागे ओपन Îपेस लगत´या रÎ¾याची जागा भğाकली ीॅ टॅ¯सी ी Îटॅ½ड,संिदप हॉटेल मागे ओपन पेस लगतच्या र याची जागा भद्रकाली ीॅ टॅकसी ी टॅणड,Roadside Open Space behind Sandeep Hotel,LEGACY_SOURCE_ALIGNED,1,NW_R_014,Parnashree Society.,RESTRICTED,fuzzy_candidate,85.5,needs_review,NW_R_014 | NW_F_025 | NW_F_022,,not_reviewed,,2
La885fec09954,Nashik West,संिदप हॉटेल मागे ओपन Îपेस लगत´या रÎ¾याची जागा माधव आǛम साई Ģेरणा,संिदप हॉटेल मागे ओपन पेस लगतच्या र याची जागा माधव आ म साई ेरणा,Roadside Open Space behind Sandeep Hotel,LEGACY_SOURCE_ALIGNED,2,NW_F_025,"Balaji Temple, Tilbhandeshwar Lane.",FREE,fuzzy_candidate,85.5,needs_review,NW_F_025 | NW_F_022 | NW_F_009,,not_reviewed,,2
L18628a8883e5,Nashik West,संिदप हॉटेल मागे ओपन Îपेस लगत´या रÎ¾याची जागा संदभ« सेवा,संिदप हॉटेल मागे ओपन पेस लगतच्या र याची जागा संदभ सेवा,Roadside Open Space behind Sandeep Hotel,LEGACY_SOURCE_ALIGNED,9,NW_F_010,Roadside space along the open space opposite Sandeep Hotel.,FREE,fuzzy_candidate,89.8,needs_review,NW_F_010 | NW_F_025 | NW_F_022,,not_reviewed,,2
L7f151547eb17,Nashik West,संिदप हॉटेल मागे ओपन Îपेस लगत´या रÎ¾याची जागा हॉटेल िĢया लगतची,संिदप हॉटेल मागे ओपन पेस लगतच्या र याची जागा हॉटेल ि या लगतची,Roadside Open Space behind Sandeep Hotel,LEGACY_SOURCE_ALIGNED,2,NW_F_025,"Balaji Temple, Tilbhandeshwar Lane.",FREE,fuzzy_candidate,85.5,needs_review,NW_F_025 | NW_F_022 | NW_F_009,,not_reviewed,,2
Lf51ee4e69be6,Nashik West,संिदप हॉटेल मागे ओपन Îपेस लगत´या रÎ¾याची जागा िसÁदाथ« नगर झोपडपƺी,संिदप हॉटेल मागे ओपन पेस लगतच्या र याची जागा िस दाथ नगर झोपडप ी,Roadside Open Space behind Sandeep Hotel,LEGACY_SOURCE_ALIGNED,1,NW_R_014,Parnashree Society.,RESTRICTED,fuzzy_candidate,85.5,needs_review,NW_R_014 | NW_F_025 | NW_F_022,,not_reviewed,,2
Le4cc9cd60805,Nashik West,समोरील बॉईज टाऊन जवळील मोकळी जागा,समोरील बॉईज टाऊन जवळील मोकळी जागा,"Open Space near Boys Town, Siddharth Nagar",LEGACY_SOURCE_ALIGNED,14,NW_F_018,"Open space near Boys Town, opposite Siddharth Nagar slum area.",FREE,fuzzy_candidate,88.6,needs_review,NW_F_018 | NW_F_015 | NW_F_012,,not_reviewed,,2
Leb2caa92f9cc,Nashik West,समोरील बॉईज टाऊन जवळील मोकळी जागा भğाकली टॅ¯सी Îटॅ½ड,समोरील बॉईज टाऊन जवळील मोकळी जागा भद्रकाली टॅकसी टॅणड,"Open Space near Boys Town, Siddharth Nagar",LEGACY_SOURCE_ALIGNED,2,NW_F_022,"Space opposite Prabhat Theatre, Bhadrakali.",FREE,fuzzy_candidate,85.5,needs_review,NW_F_022 | NW_F_018 | NW_R_007,,not_reviewed,,2
L5962a683054f,Nashik West,समोरील बॉईज टाऊन जवळील मोकळी जागा संदभ« सेवा,समोरील बॉईज टाऊन जवळील मोकळी जागा संदभ सेवा,"Open Space near Boys Town, Siddharth Nagar",LEGACY_SOURCE_ALIGNED,2,NW_F_018,"Open space near Boys Town, opposite Siddharth Nagar slum area.",FREE,fuzzy_candidate,69.5,needs_review,NW_F_018 | NW_F_012 | NW_R_007,,not_reviewed,,2
Lacb0271dab5f,Nashik West,समोरील बॉईज टाऊन जवळील मोकळी जागा हॉटेल िĢया लगतची,समोरील बॉईज टाऊन जवळील मोकळी जागा हॉटेल ि या लगतची,"Open Space near Boys Town, Siddharth Nagar",LEGACY_SOURCE_ALIGNED,1,NW_F_022,"Space opposite Prabhat Theatre, Bhadrakali.",FREE,fuzzy_candidate,85.5,needs_review,NW_F_022 | NW_F_018 | NW_F_015,,not_reviewed,,2
L85dff3f4dadd,Nashik West,समोरील बॉईज टाऊन जवळीलमोकळीजागा जवळील मोकळी जागा,समोरील बॉईज टाऊन जवळीलमोकळीजागा जवळील मोकळी जागा,"Open Space near Boys Town, Siddharth Nagar",LEGACY_SOURCE_ALIGNED,1,NW_F_022,"Space opposite Prabhat Theatre, Bhadrakali.",FREE,fuzzy_candidate,85.5,needs_review,NW_F_022 | NW_F_018 | NW_R_011,,not_reviewed,,2
L9e18241cfb42,Nashik West,सरÎवती लेन,सर वती लेन,Saraswati Lane,LEGACY_SOURCE_ALIGNED,37,NW_F_023,Saraswati Lane.,FREE,explicit_location_alias,100.0,text_association,,,not_reviewed,,2
Ld71e62f82e97,Nashik West,सरÎवती लेन भğाकली टॅ¯सी Îटॅ½ड,सर वती लेन भद्रकाली टॅकसी टॅणड,Saraswati Lane,LEGACY_SOURCE_ALIGNED,1,NW_F_023,Saraswati Lane.,FREE,fuzzy_candidate,90.0,needs_review,NW_F_023 | NW_F_016 | NW_F_017,,not_reviewed,,2
Laaa4f1a0000e,Nashik West,सरÎवती लेन माधव आǛम साई Ģेरणा,सर वती लेन माधव आ म साई ेरणा,Saraswati Lane,LEGACY_SOURCE_ALIGNED,1,NW_F_023,Saraswati Lane.,FREE,fuzzy_candidate,90.0,needs_review,NW_F_023 | NW_F_014 | NW_R_010,,not_reviewed,,2
L00b1e84858b1,Nashik West,सरÎवती लेन संदभ« सेवा,सर वती लेन संदभ सेवा,Saraswati Lane,LEGACY_SOURCE_ALIGNED,6,NW_F_023,Saraswati Lane.,FREE,fuzzy_candidate,90.0,needs_review,NW_F_023 | NW_F_027 | NW_F_012,,not_reviewed,,2
L8df7e14b988c,Nashik West,सरÎवती लेन हॉटेल िĢया लगतची,सर वती लेन हॉटेल ि या लगतची,Saraswati Lane,LEGACY_SOURCE_ALIGNED,1,NW_F_023,Saraswati Lane.,FREE,fuzzy_candidate,90.0,needs_review,NW_F_023 | NW_F_020 | NW_F_015,,not_reviewed,,2
Lc952a92fc4af,Nashik West,सरÎवती लेन िसÁदाथ« नगर झोपडपƺी,सर वती लेन िस दाथ नगर झोपडप ी,Saraswati Lane,LEGACY_SOURCE_ALIGNED,2,NW_F_023,Saraswati Lane.,FREE,fuzzy_candidate,90.0,needs_review,NW_F_023 | NW_R_014 | NW_F_020,,not_reviewed,,2
Ld58f1241dde9,Nashik West,हनुमान घाट जवळ,हनुमान घाट जवळ,Near Hanuman Ghat,LEGACY_SOURCE_ALIGNED,19,NW_F_006,Near Hanuman Ghat.,FREE,explicit_location_alias,100.0,text_association,,,not_reviewed,,2
L678812d839e6,Nashik West,हनुमान घाट जवळ भğाकली टॅ¯सी Îटॅ½ड,हनुमान घाट जवळ भद्रकाली टॅकसी टॅणड,Near Hanuman Ghat,LEGACY_SOURCE_ALIGNED,3,NW_F_016,"Bhadrakali Taxi Stand / Matangwada area, along the stretch from Bhadrakali towards Main Road.",FREE,fuzzy_candidate,85.5,needs_review,NW_F_016 | NW_F_012 | NW_F_006,,not_reviewed,,2
Le77228061ae1,Nashik West,हनुमान घाट जवळ माधव आǛम साई Ģेरणा,हनुमान घाट जवळ माधव आ म साई ेरणा,Near Hanuman Ghat,LEGACY_SOURCE_ALIGNED,1,NW_F_014,"Madhav Ashram / Sai Prerna Apartment area, Vanvihar Colony, Parijat Nagar.",FREE,fuzzy_candidate,85.5,needs_review,NW_F_014 | NW_F_012 | NW_F_006,,not_reviewed,,2
Lcb7148deecff,Nashik West,हनुमान घाट जवळ हॉटेल िĢया लगतची,हनुमान घाट जवळ हॉटेल ि या लगतची,Near Hanuman Ghat,LEGACY_SOURCE_ALIGNED,1,NW_F_020,"Lane beside Hotel Priya, opposite CBS, on one side of the road.",FREE,fuzzy_candidate,85.5,needs_review,NW_F_020 | NW_F_015 | NW_F_012,,not_reviewed,,2
L92f184539f0e,Nashik West,हॉटेल िĐन ȎËहव मािगल कॉनल रोड लगतची,हॉटेल ि न हव मािगल कॅनल रोड लगतची,Canal Road Space behind Hotel Green View,LEGACY_SOURCE_ALIGNED,2,NW_F_003,"Space behind Hotel Green View, along Canal Road, on both sides.",FREE,fuzzy_candidate,93.0,needs_review,NW_F_003 | NW_R_019 | NW_F_027,,not_reviewed,,2
L8eca693f57a8,Nashik West,हॉटेल िĐन ȎËहव मािगल कॉनल रोड लगतची जागा,हॉटेल ि न हव मािगल कॅनल रोड लगतची जागा,Canal Road Space behind Hotel Green View,LEGACY_SOURCE_ALIGNED,104,NW_F_003,"Space behind Hotel Green View, along Canal Road, on both sides.",FREE,explicit_location_alias,100.0,text_association,,,not_reviewed,,2
Ld17f82d4577d,Nashik West,हॉटेल िĐन ȎËहव मािगल कॉनल रोड लगतची जागा भğाकली टॅ¯सी Îटॅ½ड,हॉटेल ि न हव मािगल कॅनल रोड लगतची जागा भद्रकाली टॅकसी टॅणड,Canal Road Space behind Hotel Green View,LEGACY_SOURCE_ALIGNED,23,NW_F_022,"Space opposite Prabhat Theatre, Bhadrakali.",FREE,fuzzy_candidate,85.5,needs_review,NW_F_022 | NW_F_019 | NW_F_017,,not_reviewed,,2
L429466f4b4c3,Nashik West,हॉटेल िĐन ȎËहव मािगल कॉनल रोड लगतची जागा माधव आǛम साई Ģेरणा,हॉटेल ि न हव मािगल कॅनल रोड लगतची जागा माधव आ म साई ेरणा,Canal Road Space behind Hotel Green View,LEGACY_SOURCE_ALIGNED,1,NW_F_022,"Space opposite Prabhat Theatre, Bhadrakali.",FREE,fuzzy_candidate,85.5,needs_review,NW_F_022 | NW_F_019 | NW_F_004,,not_reviewed,,2
L84ca1193143a,Nashik West,हॉटेल िĐन ȎËहव मािगल कॉनल रोड लगतची जागा संदभ« सेवा,हॉटेल ि न हव मािगल कॅनल रोड लगतची जागा संदभ सेवा,Canal Road Space behind Hotel Green View,LEGACY_SOURCE_ALIGNED,5,NW_F_003,"Space behind Hotel Green View, along Canal Road, on both sides.",FREE,fuzzy_candidate,88.4,needs_review,NW_F_003 | NW_F_022 | NW_F_019,,not_reviewed,,2
Ld2f9e6b9309d,Nashik West,हॉटेल िĐन ȎËहव मािगल कॉनल रोड लगतची जागा हॉटेल िĢया लगतची,हॉटेल ि न हव मािगल कॅनल रोड लगतची जागा हॉटेल ि या लगतची,Canal Road Space behind Hotel Green View,LEGACY_SOURCE_ALIGNED,5,NW_F_022,"Space opposite Prabhat Theatre, Bhadrakali.",FREE,fuzzy_candidate,85.5,needs_review,NW_F_022 | NW_F_019 | NW_F_003,,not_reviewed,,2
L729cd94acdc0,Nashik West,हॉटेल िĐन ȎËहव मािगल कॉनल रोड लगतची जागा िसÁदाथ« नगर झोपडपƺी,हॉटेल ि न हव मािगल कॅनल रोड लगतची जागा िस दाथ नगर झोपडप ी,Canal Road Space behind Hotel Green View,LEGACY_SOURCE_ALIGNED,1,NW_R_014,Parnashree Society.,RESTRICTED,fuzzy_candidate,85.5,needs_review,NW_R_014 | NW_F_022 | NW_F_019,,not_reviewed,,2
Ld6e7d935b999,Nashik West,हॉटेल िĐन ȎËहव मािगल कॉनल रोड ो लगतची ी जागा,हॉटेल ि न हव मािगल कॅनल रोड ो लगतची ी जागा,Canal Road Space behind Hotel Green View,LEGACY_SOURCE_ALIGNED,2,NW_F_003,"Space behind Hotel Green View, along Canal Road, on both sides.",FREE,fuzzy_candidate,95.0,needs_review,NW_F_003 | NW_R_019 | NW_R_014,,not_reviewed,,2
Leeb84dcd0616,Nashik West,हॉटेल िĐन ȎËहव मािगल कॉनल रोड ो लगतची ी जागा भğाकली टॅ¯सी Îटॅ½ड,हॉटेल ि न हव मािगल कॅनल रोड ो लगतची ी जागा भद्रकाली टॅकसी टॅणड,Canal Road Space behind Hotel Green View,LEGACY_SOURCE_ALIGNED,1,NW_R_014,Parnashree Society.,RESTRICTED,fuzzy_candidate,85.5,needs_review,NW_R_014 | NW_F_022 | NW_F_019,,not_reviewed,,2
L34d0f83f1601,Nashik West,हॉटेल िĐन ȎËहव मािगल िवĎीकॉनल ॉ रोड ो लगतची ी जागा,हॉटेल ि न हव मािगल िव ीकॅनल ॉ रोड ो लगतची ी जागा,Canal Road Space behind Hotel Green View,LEGACY_SOURCE_ALIGNED,1,NW_F_003,"Space behind Hotel Green View, along Canal Road, on both sides.",FREE,fuzzy_candidate,88.4,needs_review,NW_F_003 | NW_R_014 | NW_F_022,,not_reviewed,,2
Lf27ef48e6b1d,Nashik West,हॉटेल ॉे ि िĐन Ȏ ȎËहव मािगल ि कॉनल रोड लगतची जागा संदभ« सेवा,हॉटेल ॉे ि ि न हव मािगल ि कॅनल रोड लगतची जागा संदभ सेवा,Canal Road Space behind Hotel Green View,LEGACY_SOURCE_ALIGNED,1,NW_F_022,"Space opposite Prabhat Theatre, Bhadrakali.",FREE,fuzzy_candidate,85.5,needs_review,NW_F_022 | NW_F_019 | NW_F_003,,not_reviewed,,2
Ld48a25a37c97,Nashik West,ि िडसुझा कॉलनी ॉ ीेि टेिनस कोट बाजुची पाटचारीची जागा संदभ« सेवा,ि िडसुझा कॉलनी ॉ ीेि टेिनस कोट बाजुची पाटचारीची जागा संदभ सेवा,"Canal-side Space beside the Tennis Court, D'Souza Colony",LEGACY_SOURCE_ALIGNED,1,NW_F_007,"Space beside the tennis court in D'Souza Colony, along the canal-side strip.",FREE,fuzzy_candidate,88.4,needs_review,NW_F_007 | NW_R_016 | NW_R_015,,not_reviewed,,2
Lf69c80f4e3a2,Nashik West,ȋहÂदु समाज सेवा संघा समोरील मोकळी जागा झनकर हॉटेल जगळ,िंह दु समाज सेवा संघा समोरील मोकळी जागा झनकर हॉटेल जगळ,"Open Space opposite Hindu Samaj Seva Sangh, near Jhankar Hotel",LEGACY_SOURCE_ALIGNED,13,NW_F_012,"Open space opposite Hindu Samaj Seva Sangh, near Jhankar Hotel.",FREE,explicit_location_alias,100.0,text_association,,,not_reviewed,,2
Lde5fc2a1e19a,Nashik West,ȋहÂदु समाज सेवा संघा समोरील मोकळी जागा झनकर हॉटेल जगळ भğाकली टॅ¯सी Îटॅ½ड,िंह दु समाज सेवा संघा समोरील मोकळी जागा झनकर हॉटेल जगळ भद्रकाली टॅकसी टॅणड,"Open Space opposite Hindu Samaj Seva Sangh, near Jhankar Hotel",LEGACY_SOURCE_ALIGNED,5,NW_F_022,"Space opposite Prabhat Theatre, Bhadrakali.",FREE,fuzzy_candidate,85.5,needs_review,NW_F_022 | NW_F_017 | NW_F_011,,not_reviewed,,2
Lc05ba3845b4e,Nashik West,ȋहÂदु समाज सेवा संघा समोरील मोकळी जागा झनकर हॉटेल जगळ माधव आǛम साई Ģेरणा,िंह दु समाज सेवा संघा समोरील मोकळी जागा झनकर हॉटेल जगळ माधव आ म साई ेरणा,"Open Space opposite Hindu Samaj Seva Sangh, near Jhankar Hotel",LEGACY_SOURCE_ALIGNED,2,NW_F_012,"Open space opposite Hindu Samaj Seva Sangh, near Jhankar Hotel.",FREE,fuzzy_candidate,85.7,needs_review,NW_F_012 | NW_F_022 | NW_F_011,,not_reviewed,,2
L44613053c943,Nashik West,ȋहÂदु समाज सेवा संघा समोरील मोकळी जागा झनकर हॉटेल जगळ संदभ« सेवा,िंह दु समाज सेवा संघा समोरील मोकळी जागा झनकर हॉटेल जगळ संदभ सेवा,"Open Space opposite Hindu Samaj Seva Sangh, near Jhankar Hotel",LEGACY_SOURCE_ALIGNED,1,NW_F_012,"Open space opposite Hindu Samaj Seva Sangh, near Jhankar Hotel.",FREE,fuzzy_candidate,91.5,needs_review,NW_F_012 | NW_F_022 | NW_F_008,,not_reviewed,,2
L5cfbae8dc6b1,Nashik West,िडसुझा कॉलनी टेिनस कोट बाजुची पाटचारीची जागा,िडसुझा कॉलनी टेिनस कोट बाजुची पाटचारीची जागा,"Canal-side Space beside the Tennis Court, D'Souza Colony",LEGACY_SOURCE_ALIGNED,36,NW_F_007,"Space beside the tennis court in D'Souza Colony, along the canal-side strip.",FREE,explicit_location_alias,100.0,text_association,,,not_reviewed,,2
L125bca5c6a08,Nashik West,िडसुझा कॉलनी टेिनस कोट बाजुची पाटचारीची जागा भğाकली टॅ¯सी Îटॅ½ड,िडसुझा कॉलनी टेिनस कोट बाजुची पाटचारीची जागा भद्रकाली टॅकसी टॅणड,"Canal-side Space beside the Tennis Court, D'Souza Colony",LEGACY_SOURCE_ALIGNED,9,NW_F_007,"Space beside the tennis court in D'Souza Colony, along the canal-side strip.",FREE,fuzzy_candidate,88.4,needs_review,NW_F_007 | NW_R_016 | NW_R_015,,not_reviewed,,2
Lbc0594b69dc7,Nashik West,िडसुझा कॉलनी टेिनस कोट बाजुची पाटचारीची जागा माधव आǛम साई Ģेरणा,िडसुझा कॉलनी टेिनस कोट बाजुची पाटचारीची जागा माधव आ म साई ेरणा,"Canal-side Space beside the Tennis Court, D'Souza Colony",LEGACY_SOURCE_ALIGNED,5,NW_F_007,"Space beside the tennis court in D'Souza Colony, along the canal-side strip.",FREE,fuzzy_candidate,88.4,needs_review,NW_F_007 | NW_R_016 | NW_R_015,,not_reviewed,,2
Le2d2b64d48fb,Nashik West,िडसुझा कॉलनी टेिनस कोट बाजुची पाटचारीची जागा संदभ« सेवा,िडसुझा कॉलनी टेिनस कोट बाजुची पाटचारीची जागा संदभ सेवा,"Canal-side Space beside the Tennis Court, D'Souza Colony",LEGACY_SOURCE_ALIGNED,5,NW_F_007,"Space beside the tennis court in D'Souza Colony, along the canal-side strip.",FREE,fuzzy_candidate,89.8,needs_review,NW_F_007 | NW_R_016 | NW_R_015,,not_reviewed,,2
L2024d5ea37da,Nashik West,िडसुझा कॉलनी टेिनस कोट बाजुची पाटचारीची जागा हॉटेल िĢया लगतची,िडसुझा कॉलनी टेिनस कोट बाजुची पाटचारीची जागा हॉटेल ि या लगतची,"Canal-side Space beside the Tennis Court, D'Souza Colony",LEGACY_SOURCE_ALIGNED,2,NW_F_007,"Space beside the tennis court in D'Souza Colony, along the canal-side strip.",FREE,fuzzy_candidate,88.4,needs_review,NW_F_007 | NW_R_016 | NW_R_015,,not_reviewed,,2
L1c7094bd96dd,Nashik West,िडसुझा कॉलनी टेिनस कोट बाजुची पाटचारीची जागा िसÁदाथ« नगर झोपडपƺी,िडसुझा कॉलनी टेिनस कोट बाजुची पाटचारीची जागा िस दाथ नगर झोपडप ी,"Canal-side Space beside the Tennis Court, D'Souza Colony",LEGACY_SOURCE_ALIGNED,1,NW_F_007,"Space beside the tennis court in D'Souza Colony, along the canal-side strip.",FREE,fuzzy_candidate,88.4,needs_review,NW_F_007 | NW_R_016 | NW_R_015,,not_reviewed,,2
Lc254ad64834d,Nashik West,िडसुझा कॉलनी टेिनस कोट ो बाजुची ी पाटचारीची ीी जागा,िडसुझा कॉलनी टेिनस कोट ो बाजुची ी पाटचारीची ीी जागा,"Canal-side Space beside the Tennis Court, D'Souza Colony",LEGACY_SOURCE_ALIGNED,1,NW_F_007,"Space beside the tennis court in D'Souza Colony, along the canal-side strip.",FREE,fuzzy_candidate,92.6,needs_review,NW_F_007 | NW_R_016 | NW_R_015,,not_reviewed,,2
L23bc38853e03,Nashik West,िवǛाम बाग,िव ाम बाग,Vishram Baug,LEGACY_SOURCE_ALIGNED,2,NW_F_024,"Chitramandir, Vishrambaug area.",FREE,explicit_location_alias,100.0,text_association,,,not_reviewed,,2
L8c2d51d7f959,Nashik West,िवĎीशरणपुर भाजी माकȃ ट,िव ीशरणपुर भाजी मार्केट,Sharanpur Vegetable Market,LEGACY_SOURCE_ALIGNED,1,NW_F_017,"Bhadrakali vegetable-market ground, near Kondaji Chivda.",FREE,fuzzy_candidate,85.5,needs_review,NW_F_017 | NW_F_002 | NW_F_001,,not_reviewed,,2
Lc98cf80b3001,Nashik West,िवĎीशरणपुर भाजी माकȃ ट भğाकली टॅ¯सी Îटॅ½ड,िव ीशरणपुर भाजी मार्केट भद्रकाली टॅकसी टॅणड,Sharanpur Vegetable Market,LEGACY_SOURCE_ALIGNED,1,,,,candidate_only,0.0,needs_review,NW_F_016 | NW_F_017 | NW_F_001,,not_reviewed,,
L85efc71b8c57,Nashik West,िवĎीहनुमान घाट जवळ,िव ीहनुमान घाट जवळ,Near Hanuman Ghat,LEGACY_SOURCE_ALIGNED,1,NW_F_006,Near Hanuman Ghat.,FREE,fuzzy_candidate,87.5,needs_review,NW_F_006 | NW_F_019 | NW_F_012,,not_reviewed,,2
L949e6ceacd15,Nashik West,िसटी सȂटर मॉल मागील रÎ¾या लगत जागा,िसटी सेटर मॉल मागील र या लगत जागा,Roadside Space behind City Centre Mall,LEGACY_SOURCE_ALIGNED,13,NW_F_009,Roadside behind City Centre Mall.,FREE,explicit_location_alias,100.0,text_association,,,not_reviewed,,2
L3516d63466a8,Nashik West,िसटी सȂटर मॉल मागील रÎ¾या लगत जागा भğाकली टॅ¯सी Îटॅ½ड,िसटी सेटर मॉल मागील र या लगत जागा भद्रकाली टॅकसी टॅणड,Roadside Space behind City Centre Mall,LEGACY_SOURCE_ALIGNED,4,NW_F_009,Roadside behind City Centre Mall.,FREE,fuzzy_candidate,86.7,needs_review,NW_F_009 | NW_F_025 | NW_F_022,,not_reviewed,,2
Labbf7acd49a1,Nashik West,िसटी सȂटर मॉल मागील रÎ¾या लगत जागा संदभ« सेवा,िसटी सेटर मॉल मागील र या लगत जागा संदभ सेवा,Roadside Space behind City Centre Mall,LEGACY_SOURCE_ALIGNED,1,NW_F_009,Roadside behind City Centre Mall.,FREE,fuzzy_candidate,86.8,needs_review,NW_F_009 | NW_R_019 | NW_F_025,,not_reviewed,,2
L7ee555f43724,Nashik West,िसटी सȂटर मॉल मागील रÎ¾या लगत जागा हॉटेल िĢया लगतची,िसटी सेटर मॉल मागील र या लगत जागा हॉटेल ि या लगतची,Roadside Space behind City Centre Mall,LEGACY_SOURCE_ALIGNED,2,NW_F_009,Roadside behind City Centre Mall.,FREE,fuzzy_candidate,86.7,needs_review,NW_F_009 | NW_F_025 | NW_F_022,,not_reviewed,,2
L55ecef0f0ac7,Nashik West,िसटी सȂटर मॉल मागील रÎ¾यालगतजागा रÎ¾या लगत जागा,िसटी सेटर मॉल मागील र यालगतजागा र या लगत जागा,Roadside Space behind City Centre Mall,LEGACY_SOURCE_ALIGNED,1,NW_F_009,Roadside behind City Centre Mall.,FREE,fuzzy_candidate,90.0,needs_review,NW_F_009 | NW_F_025 | NW_F_022,,not_reviewed,,2
L4d28afcf86ae,Nashik West,िसटीसȂटरमॉलमागील िसटी सटर मॉल मागील रÎ¾या लगत जागा,िसटीसेटरमॉलमागील िसटी सटर मॉल मागील र या लगत जागा,Roadside Space behind City Centre Mall,LEGACY_SOURCE_ALIGNED,1,NW_F_009,Roadside behind City Centre Mall.,FREE,fuzzy_candidate,86.7,needs_review,NW_F_009 | NW_F_025 | NW_F_022,,not_reviewed,,2
L8a071bb2b073,Nashik West,िसटीसȂटरमॉलमागील िसटी सटर मॉल मागील रÎ¾या लगत जागा भğाकली टॅ¯सी Îटॅ½ड,िसटीसेटरमॉलमागील िसटी सटर मॉल मागील र या लगत जागा भद्रकाली टॅकसी टॅणड,Roadside Space behind City Centre Mall,LEGACY_SOURCE_ALIGNED,1,NW_F_009,Roadside behind City Centre Mall.,FREE,fuzzy_candidate,86.7,needs_review,NW_F_009 | NW_F_025 | NW_F_022,,not_reviewed,,2
Ld890ddd90d2f,New Nashik,,,Behind Sambhaji Stadium,LEGACY_SOURCE_ALIGNED,1,,,,missing_location,0.0,needs_review,,,not_reviewed,,
Leec3c2fb6987,New Nashik,अंबड एम आय डी सी दǄनगर अंबड,अंबड एम आय डी सी द नगर अंबड,"Datta Nagar, Ambad",LEGACY_SOURCE_ALIGNED,1,NN_F_012,"Near Mungi Brothers Company, MIDC Ambad.",FREE,fuzzy_candidate,85.5,needs_review,NN_F_012 | NN_F_011 | NN_F_008,,not_reviewed,,7
L710a2f6cbe06,New Nashik,अंबड गाव,अंबड गाव,Ambad Gaon,LEGACY_SOURCE_ALIGNED,1,NN_R_012,Western side of Ambad Police Station.,RESTRICTED,fuzzy_candidate,85.5,needs_review,NN_R_012 | NN_F_012 | NN_F_011,,not_reviewed,,7
Laede8329ec2c,New Nashik,अंबड गाव भाजी माकȃ ट,अंबड गाव भाजी मार्केट,Ambad Gaon Vegetable Market,LEGACY_SOURCE_ALIGNED,22,NN_F_002,Ambad Gaon Vegetable Market.,FREE,explicit_location_alias,100.0,text_association,,,not_reviewed,,7
L66abb26d5804,New Nashik,अंबड घरपƺी कायɕलय,अंबड घरप ी काय लय,Beside Ambad Property Tax Office,LEGACY_SOURCE_ALIGNED,2,NN_R_012,Western side of Ambad Police Station.,RESTRICTED,fuzzy_candidate,85.5,needs_review,NN_R_012 | NN_R_001 | NN_F_012,,not_reviewed,,7
La6d54909f0bb,New Nashik,अंबड घरपƺी कायɕलया´या शेजारी,अंबड घरप ी काय लयाच्या शेजारी,Beside Ambad Property Tax Office,LEGACY_SOURCE_ALIGNED,1,NN_R_001,"Road towards Pathardi village, near the Mangal Karyalaya compound wall.",RESTRICTED,fuzzy_candidate,85.5,needs_review,NN_R_001 | NN_F_011 | NN_F_008,,not_reviewed,,7
L35beda8f156b,New Nashik,अंबड घरपƺी कायɕलया´या शेजारी अंबड एम आय डी सी,अंबड घरप ी काय लयाच्या शेजारी अंबड एम आय डी सी,Beside Ambad Property Tax Office,LEGACY_SOURCE_ALIGNED,6,NN_F_004,"Near the water tank, on the northern side of Ambad property-tax office.",FREE,explicit_location_alias,100.0,text_association,,,not_reviewed,,7
L651ce56dc1e6,New Nashik,अिभनंदन लॉÂस पाथडȓ फाटा,अिभनंदन लॉ स पाथडी फाटा,"Abhinandan Lawns, Pathardi Phata",LEGACY_SOURCE_ALIGNED,11,NN_R_002,"Pathardi Road, opposite Dhanlaxmi School, Colony Road.",RESTRICTED,fuzzy_candidate,85.5,needs_review,NN_R_002 | NN_R_001 | NN_F_002,,not_reviewed,,7
Lb2ab4aa6341d,New Nashik,आय डी सी दǄनगर अंबड,आय डी सी द नगर अंबड,"Datta Nagar, Ambad",LEGACY_SOURCE_ALIGNED,1,NN_F_012,"Near Mungi Brothers Company, MIDC Ambad.",FREE,fuzzy_candidate,85.5,needs_review,NN_F_012 | NN_F_011 | NN_F_009,,not_reviewed,,7
L3c8b27ff1140,New Nashik,गणपती मंदीर जवळ,गणपती मंदीर जवळ,Near Ganpati Temple,LEGACY_SOURCE_ALIGNED,2,NN_F_001,"Space near Sumit Company and opposite Nashik Castek, Ambad.",FREE,fuzzy_candidate,85.5,needs_review,NN_F_001 | NN_R_009 | NN_R_004,,not_reviewed,,7
Ld3b5cdb2a210,New Nashik,गामणे मळा गामणे,गामणे मळा गामणे,"Along the Ground Boundary, Gamane Mala",LEGACY_SOURCE_ALIGNED,1,NN_R_003,"Murari Nagar, Gamane Mala.",RESTRICTED,fuzzy_candidate,95.0,needs_review,NN_R_003 | NN_F_005 | NN_R_005,,not_reviewed,,7
L61dff8138b71,New Nashik,गामणे मळा गामणे Đाऊंड ȋभती लगत,गामणे मळा गामणे ाऊंड भिंती लगत,"Along the Ground Boundary, Gamane Mala",LEGACY_SOURCE_ALIGNED,3,NN_R_003,"Murari Nagar, Gamane Mala.",RESTRICTED,explicit_location_alias,100.0,text_association,,,not_reviewed,,7
Lbd3a5f42df91,New Nashik,गामणे े मळा गामणे Đाऊंड ȋभती लगत,गामणे े मळा गामणे ाऊंड भिंती लगत,"Along the Ground Boundary, Gamane Mala",LEGACY_SOURCE_ALIGNED,2,NN_R_003,"Murari Nagar, Gamane Mala.",RESTRICTED,fuzzy_candidate,96.8,needs_review,NN_R_003 | NN_F_016 | NN_R_014,,not_reviewed,,7
Lb198233491f2,New Nashik,िĝमुतȓ चौक पेठे शाळे,त्रिमूर्ती चौक पेठे शाळे,"Opposite Pethe School, Trimurti Chowk",LEGACY_SOURCE_ALIGNED,2,NN_R_015,"Along the southern and western compound walls of Patil Nagar Ground, Pethe Vidyalaya.",RESTRICTED,fuzzy_candidate,90.6,needs_review,NN_R_015 | NN_R_005 | NN_F_014,,not_reviewed,,7
L66cc0e01f61a,New Nashik,िĝमुतȓ चौक पेठे शाळे समोर,त्रिमूर्ती चौक पेठे शाळे समोर,"Opposite Pethe School, Trimurti Chowk",LEGACY_SOURCE_ALIGNED,68,NN_R_015,"Along the southern and western compound walls of Patil Nagar Ground, Pethe Vidyalaya.",RESTRICTED,explicit_location_alias,100.0,text_association,,,not_reviewed,,7
L1aa66fef9014,New Nashik,िĝमुतȓ चौक पेठे शाळे समोर ो,त्रिमूर्ती चौक पेठे शाळे समोर ो,"Opposite Pethe School, Trimurti Chowk",LEGACY_SOURCE_ALIGNED,1,NN_R_015,"Along the southern and western compound walls of Patil Nagar Ground, Pethe Vidyalaya.",RESTRICTED,fuzzy_candidate,96.7,needs_review,NN_R_015 | NN_R_007 | NN_R_005,,not_reviewed,,7
L2616cc8d32b4,New Nashik,िĝमुतȓ चौक पेठे िवǏालय,त्रिमूर्ती चौक पेठे िव ालय,"Opposite Pethe School, Trimurti Chowk",LEGACY_SOURCE_ALIGNED,9,NN_R_015,"Along the southern and western compound walls of Patil Nagar Ground, Pethe Vidyalaya.",RESTRICTED,explicit_location_alias,100.0,text_association,,,not_reviewed,,7
Lfd0dc375045e,New Nashik,िĝमुतȓ चौक पैठे िवǏालय,त्रिमूर्ती चौक पैठे िव ालय,"Pethe School, Trimurti Chowk",LEGACY_SOURCE_ALIGNED,1,NN_R_015,"Along the southern and western compound walls of Patil Nagar Ground, Pethe Vidyalaya.",RESTRICTED,fuzzy_candidate,96.2,needs_review,NN_R_015 | NN_R_005 | NN_F_014,,not_reviewed,,7
L3321192a4faa,New Nashik,दǄनगर अंबड,द नगर अंबड,"Datta Nagar, Ambad",LEGACY_SOURCE_ALIGNED,69,NN_R_012,Western side of Ambad Police Station.,RESTRICTED,fuzzy_candidate,85.5,needs_review,NN_R_012 | NN_R_008 | NN_F_012,,not_reviewed,,7
Lec7bc9ec1ef0,New Nashik,दǄनगरअंबड दǄनगर अबड,द नगरअंबड द नगर अबड,"Datta Nagar, Ambad",LEGACY_SOURCE_ALIGNED,1,,,,candidate_only,0.0,needs_review,NN_F_011 | NN_F_012 | NN_F_009,,not_reviewed,,
L50ec66c3990c,New Nashik,पवन नगर,पवन नगर,Pawan Nagar,LEGACY_SOURCE_ALIGNED,1,NN_R_014,Along the compound wall of Pavan Nagar Ground.,RESTRICTED,fuzzy_candidate,83.1,needs_review,NN_R_014 | NN_F_003 | NN_R_015,,not_reviewed,,7
Lf4f326ae7a22,New Nashik,पवन नगर गणपती मंदीर,पवन नगर गणपती मंदीर,"Ganpati Temple, Pawan Nagar",LEGACY_SOURCE_ALIGNED,2,NN_F_003,"Pavan Nagar, adjacent to Ganesh Temple.",FREE,fuzzy_candidate,75.0,needs_review,NN_F_003 | NN_R_014 | NN_R_009,,not_reviewed,,7
L834b05a8192a,New Nashik,पवन नगर गणपती मंदीरालगत,पवन नगर गणपती मंदीरालगत,"Ganpati Temple, Pawan Nagar",LEGACY_SOURCE_ALIGNED,7,NN_F_003,"Pavan Nagar, adjacent to Ganesh Temple.",FREE,fuzzy_candidate,86.4,needs_review,NN_F_003 | NN_R_014 | NN_R_009,,not_reviewed,,7
Lece428f7a4b4,New Nashik,पवन नगर गणपती मंिदर ȋभती लगत,पवन नगर गणपती मंिदर भिंती लगत,"Ganpati Temple, Pawan Nagar",LEGACY_SOURCE_ALIGNED,7,NN_R_014,Along the compound wall of Pavan Nagar Ground.,RESTRICTED,fuzzy_candidate,70.2,needs_review,NN_R_014 | NN_F_003 | NN_R_003,,not_reviewed,,7
Laaff231e45b9,New Nashik,पवन नगर िमनी Îटेिडयम ȋभतीलगत,पवन नगर मिनी टेिडयम भिंतीलगत,"Beside Mini Stadium, Pawan Nagar",LEGACY_SOURCE_ALIGNED,31,NN_R_014,Along the compound wall of Pavan Nagar Ground.,RESTRICTED,explicit_location_alias,100.0,text_association,,,not_reviewed,,7
La1edbbf099ac,New Nashik,पाथडȓ पाथडȓ फाटागामणेमळा फाटा गामण मळा िĎडांगणा´या ȋभतीलगत,पाथडी पाथडी फाटागामणेमळा फाटा गामण मळा ि डांगणाच्या भिंतीलगत,"Along the Ground Boundary, Gamane Mala, Pathardi Phata",LEGACY_SOURCE_ALIGNED,1,NN_R_011,Along the eastern compound wall of MVP College.,RESTRICTED,fuzzy_candidate,85.5,needs_review,NN_R_011 | NN_R_003 | NN_R_002,,not_reviewed,,7
L112091abf588,New Nashik,पाथडȓ फाटा अिभनंदन लॉÂस,पाथडी फाटा अिभनंदन लॉ स,"Abhinandan Lawns, Pathardi Phata",LEGACY_SOURCE_ALIGNED,1,NN_R_002,"Pathardi Road, opposite Dhanlaxmi School, Colony Road.",RESTRICTED,fuzzy_candidate,85.5,needs_review,NN_R_002 | NN_R_001 | NN_F_016,,not_reviewed,,7
L12463efe982a,New Nashik,पाथडȓ फाटा गामणे मळा िĎडांगणा´या ȋभतीलगत,पाथडी फाटा गामणे मळा ि डांगणाच्या भिंतीलगत,"Along the Ground Boundary, Gamane Mala, Pathardi Phata",LEGACY_SOURCE_ALIGNED,17,NN_R_003,"Murari Nagar, Gamane Mala.",RESTRICTED,fuzzy_candidate,85.5,needs_review,NN_R_003 | NN_R_001 | NN_R_014,,not_reviewed,,7
L52eb4429d349,New Nashik,पाथडȓ फाटा साई बाबा,पाथडी फाटा साई बाबा,"Opposite Sai Baba Temple, Pathardi Phata",LEGACY_SOURCE_ALIGNED,4,NN_R_002,"Pathardi Road, opposite Dhanlaxmi School, Colony Road.",RESTRICTED,fuzzy_candidate,85.5,needs_review,NN_R_002 | NN_R_001 | NN_F_015,,not_reviewed,,7
L7bccb4f523f7,New Nashik,पाथडȓ फाटा साई बाबा मंदीर समोर,पाथडी फाटा साई बाबा मंदीर समोर,"Opposite Sai Baba Temple, Pathardi Phata",LEGACY_SOURCE_ALIGNED,165,NN_R_001,"Road towards Pathardi village, near the Mangal Karyalaya compound wall.",RESTRICTED,explicit_location_alias,100.0,text_association,,,not_reviewed,,7
L4b9e00dcc9de,New Nashik,पाथडȓ फाटा साई बाबा मंदीर ी समोर ो,पाथडी फाटा साई बाबा मंदीर ी समोर ो,"Opposite Sai Baba Temple, Pathardi Phata",LEGACY_SOURCE_ALIGNED,1,NN_R_001,"Road towards Pathardi village, near the Mangal Karyalaya compound wall.",RESTRICTED,fuzzy_candidate,93.8,needs_review,NN_R_001 | NN_R_002 | NN_R_006,,not_reviewed,,7
L40d13d516d31,New Nashik,पाथडȓ ȓ फाटा साई ई बाबा मंदीर समोर,पाथडी ी फाटा साई ई बाबा मंदीर समोर,"Opposite Sai Baba Temple, Pathardi Phata",LEGACY_SOURCE_ALIGNED,1,NN_R_001,"Road towards Pathardi village, near the Mangal Karyalaya compound wall.",RESTRICTED,fuzzy_candidate,93.8,needs_review,NN_R_001 | NN_R_002 | NN_R_006,,not_reviewed,,7
Lb8333b7b2445,New Nashik,पेठे िवǏालय िĝमुतȓ चौक,पेठे िव ालय त्रिमूर्ती चौक,"Pethe School, Trimurti Chowk",LEGACY_SOURCE_ALIGNED,1,NN_R_015,"Along the southern and western compound walls of Patil Nagar Ground, Pethe Vidyalaya.",RESTRICTED,fuzzy_candidate,85.5,needs_review,NN_R_015 | NN_R_005 | NN_F_014,,not_reviewed,,7
Lf34a8f7f8319,New Nashik,पॉवर हाऊस अंबड एम,पॉवर हाऊस अंबड एम,"Power House, Ambad MIDC",LEGACY_SOURCE_ALIGNED,1,NN_R_013,Colony Road near MVP College.,RESTRICTED,fuzzy_candidate,85.5,needs_review,NN_R_013 | NN_R_012 | NN_R_011,,not_reviewed,,7
L9cd231845ba4,New Nashik,पॉवर हाऊस अंबड एम आय डी सी,पॉवर हाऊस अंबड एम आय डी सी,"Power House, Ambad MIDC",LEGACY_SOURCE_ALIGNED,27,NN_F_011,"Power House, MSEB, Garware Gate, MIDC Ambad.",FREE,explicit_location_alias,100.0,text_association,,,not_reviewed,,7
L625bc9a450f1,New Nashik,पॉवर हाऊस अंबड एम आयडीसी आय डी सी,पॉवर हाऊस अंबड एम आयडीसी आय डी सी,"Power House, Ambad MIDC",LEGACY_SOURCE_ALIGNED,1,NN_F_011,"Power House, MSEB, Garware Gate, MIDC Ambad.",FREE,fuzzy_candidate,88.1,needs_review,NN_F_011 | NN_F_006 | NN_F_007,,not_reviewed,,7
L0a913b73d504,New Nashik,फाळके Îमारक कंपाऊंड लगत,फाळके मारक कंपाऊंड लगत,Along Phalke Smarak Compound,LEGACY_SOURCE_ALIGNED,13,NN_R_015,"Along the southern and western compound walls of Patil Nagar Ground, Pethe Vidyalaya.",RESTRICTED,fuzzy_candidate,85.5,needs_review,NN_R_015 | NN_F_005 | NN_R_014,,not_reviewed,,7
L55382a5fcc00,New Nashik,मंदीर समोर दǄनगर अंबड,मंदीर समोर द नगर अंबड,"Datta Nagar, Ambad",LEGACY_SOURCE_ALIGNED,3,NN_F_012,"Near Mungi Brothers Company, MIDC Ambad.",FREE,fuzzy_candidate,85.5,needs_review,NN_F_012 | NN_F_011 | NN_F_009,,not_reviewed,,7
L25c52e09fcc1,New Nashik,मंदीर समोर फाळके ं Îमारक कंपाऊंड लगत,मंदीर समोर फाळके ं मारक कंपाऊंड लगत,Along Phalke Smarak Compound,LEGACY_SOURCE_ALIGNED,1,NN_F_005,Phalke Memorial Gate.,FREE,fuzzy_candidate,85.5,needs_review,NN_F_005 | NN_R_014 | NN_R_003,,not_reviewed,,7
L5c0445d8f13a,New Nashik,मागील बाजूस दǄनगर अंबड,मागील बाजूस द नगर अंबड,"Datta Nagar, Ambad",LEGACY_SOURCE_ALIGNED,4,NN_F_015,Open space beside the NMC stalls behind Raje Sambhaji Stadium.,FREE,fuzzy_candidate,85.5,needs_review,NN_F_015 | NN_F_012 | NN_F_011,,not_reviewed,,7
L99b48e142477,New Nashik,माकȃ ट दǄनगर अंबड,मार्केट द नगर अंबड,"Datta Nagar, Ambad",LEGACY_SOURCE_ALIGNED,4,NN_R_005,Three sub-locations: (a) Shivaji Market opposite the military quarters; (b) in front of the Maharashtra Kamgar Mandal building; (c) Shivaji Chowk east-west road.,RESTRICTED,fuzzy_candidate,85.5,needs_review,NN_R_005 | NN_F_012 | NN_F_011,,not_reviewed,,7
L842b6113671a,New Nashik,संभाजी Îटेिडयम ´या,संभाजी टेिडयम च्या,Behind Sambhaji Stadium,LEGACY_SOURCE_ALIGNED,2,NN_F_015,Open space beside the NMC stalls behind Raje Sambhaji Stadium.,FREE,fuzzy_candidate,85.5,needs_review,NN_F_015 | NN_R_011 | NN_F_007,,not_reviewed,,7
L823bae264314,New Nashik,संभाजी Îटेिडयम ´या मागील बाजूस,संभाजी टेिडयम च्या मागील बाजूस,Behind Sambhaji Stadium,LEGACY_SOURCE_ALIGNED,100,NN_F_015,Open space beside the NMC stalls behind Raje Sambhaji Stadium.,FREE,explicit_location_alias,100.0,text_association,,,not_reviewed,,7
L6e718eb9eac0,New Nashik,संभाजी Îटेिडयम ´या मागील ी बाजूस,संभाजी टेिडयम च्या मागील ी बाजूस,Behind Sambhaji Stadium,LEGACY_SOURCE_ALIGNED,1,NN_F_015,Open space beside the NMC stalls behind Raje Sambhaji Stadium.,FREE,fuzzy_candidate,96.8,needs_review,NN_F_015 | NN_R_012 | NN_R_006,,not_reviewed,,7
Lb687ff78ad2e,New Nashik,संभाजी Îटेिडयम मागील बाजूस,संभाजी टेिडयम मागील बाजूस,Behind Sambhaji Stadium,LEGACY_SOURCE_ALIGNED,15,NN_F_015,Open space beside the NMC stalls behind Raje Sambhaji Stadium.,FREE,fuzzy_candidate,90.9,needs_review,NN_F_015 | NN_F_009 | NN_R_012,,not_reviewed,,7
L27cbdea760ee,New Nashik,संभाजी Îटेिडयम´या,संभाजी टेिडयमच्या,Behind Sambhaji Stadium,LEGACY_SOURCE_ALIGNED,7,NN_F_015,Open space beside the NMC stalls behind Raje Sambhaji Stadium.,FREE,fuzzy_candidate,90.0,needs_review,NN_F_015 | NN_F_002 | NN_R_005,,not_reviewed,,7
L4aa6568044b7,New Nashik,संभाजी Îटेिडयम´या दǄनगर अंबड,संभाजी टेिडयमच्या द नगर अंबड,"Datta Nagar, Ambad",LEGACY_SOURCE_ALIGNED,1,NN_F_015,Open space beside the NMC stalls behind Raje Sambhaji Stadium.,FREE,fuzzy_candidate,85.5,needs_review,NN_F_015 | NN_F_012 | NN_F_011,,not_reviewed,,7
L552cfd580f3c,New Nashik,संभाजी Îटेिडयम´या मागील बाजूस,संभाजी टेिडयमच्या मागील बाजूस,Behind Sambhaji Stadium,LEGACY_SOURCE_ALIGNED,40,NN_F_015,Open space beside the NMC stalls behind Raje Sambhaji Stadium.,FREE,fuzzy_candidate,98.3,needs_review,NN_F_015 | NN_R_012 | NN_F_009,,not_reviewed,,7
L714459f6025f,New Nashik,संभाजी Îटेिडयम´या मागील ी बाजूस,संभाजी टेिडयमच्या मागील ी बाजूस,Behind Sambhaji Stadium,LEGACY_SOURCE_ALIGNED,1,NN_F_015,Open space beside the NMC stalls behind Raje Sambhaji Stadium.,FREE,fuzzy_candidate,95.1,needs_review,NN_F_015 | NN_R_012 | NN_F_009,,not_reviewed,,7
Le007fe0c1e8a,New Nashik,संभाजी Îटेिडयम´या मागीलबाजस मागील बाजूस,संभाजी टेिडयमच्या मागीलबाजस मागील बाजूस,Behind Sambhaji Stadium,LEGACY_SOURCE_ALIGNED,1,NN_F_015,Open space beside the NMC stalls behind Raje Sambhaji Stadium.,FREE,fuzzy_candidate,85.5,needs_review,NN_F_015 | NN_F_009 | NN_F_002,,not_reviewed,,7
L6f62493ba850,New Nashik,संभाजी ी Îटेिडयम ेि ´या मागील बाजूस,संभाजी ी टेिडयम ेि च्या मागील बाजूस,Behind Sambhaji Stadium,LEGACY_SOURCE_ALIGNED,1,NN_F_015,Open space beside the NMC stalls behind Raje Sambhaji Stadium.,FREE,fuzzy_candidate,92.3,needs_review,NN_F_015 | NN_R_012 | NN_R_006,,not_reviewed,,7
L20c258fba2e6,New Nashik,संभाजी ी Îटेिडयम´या ेि मागील बाजूस,संभाजी ी टेिडयमच्या ेि मागील बाजूस,Behind Sambhaji Stadium,LEGACY_SOURCE_ALIGNED,1,NN_F_015,Open space beside the NMC stalls behind Raje Sambhaji Stadium.,FREE,fuzzy_candidate,90.6,needs_review,NN_F_015 | NN_R_012 | NN_R_014,,not_reviewed,,7
L260f555aacf5,New Nashik,समोर दǄनगर अंबड,समोर द नगर अंबड,"Datta Nagar, Ambad",LEGACY_SOURCE_ALIGNED,2,NN_R_012,Western side of Ambad Police Station.,RESTRICTED,fuzzy_candidate,85.5,needs_review,NN_R_012 | NN_R_008 | NN_F_012,,not_reviewed,,7
Lf35008d90369,New Nashik,Đाऊंड ȋभती लगत ि िĝमुतȓ ȓ चौक ौ पेठे ेे शाळे समोर,ाऊंड भिंती लगत ि त्रिमूर्ती ी चौक ौ पेठे ेे शाळे समोर,"Opposite Pethe School, Trimurti Chowk",LEGACY_SOURCE_ALIGNED,1,NN_R_014,Along the compound wall of Pavan Nagar Ground.,RESTRICTED,fuzzy_candidate,85.5,needs_review,NN_R_014 | NN_R_008 | NN_R_007,,not_reviewed,,7
Lc4bc5ef7262c,New Nashik,ि िशवाजी ी चौक ौ भाजी ी माकȃ ट,ि िशवाजी ी चौक ौ भाजी ी मार्केट,Shivaji Chowk Vegetable Market,LEGACY_SOURCE_ALIGNED,2,NN_R_007,"Bal Udyan, Ganesh Chowk.",RESTRICTED,fuzzy_candidate,85.5,needs_review,NN_R_007 | NN_R_005 | NN_F_014,,not_reviewed,,7
Labc00502f357,New Nashik,िवĎीसंभाजी Îटेिडयम मागील बाजूस,िव ीसंभाजी टेिडयम मागील बाजूस,Behind Sambhaji Stadium,LEGACY_SOURCE_ALIGNED,1,NN_F_015,Open space beside the NMC stalls behind Raje Sambhaji Stadium.,FREE,fuzzy_candidate,85.5,needs_review,NN_F_015 | NN_R_012 | NN_F_009,,not_reviewed,,7
L915ba40ec49d,New Nashik,िशवाजी चौक भाजी,िशवाजी चौक भाजी,,MULTIPLE_LEGACY_VARIANTS,4,NN_R_008,"Datta Chowk, MSEB compound.",RESTRICTED,fuzzy_candidate,85.5,needs_review,NN_R_008 | NN_R_005 | NN_F_014,,not_reviewed,,7
L8d53252a476f,New Nashik,िशवाजी चौक भाजी माकȃ माकट ट,िशवाजी चौक भाजी मार्के माकट ट,Shivaji Chowk Vegetable Market,LEGACY_SOURCE_ALIGNED,1,NN_R_005,Three sub-locations: (a) Shivaji Market opposite the military quarters; (b) in front of the Maharashtra Kamgar Mandal building; (c) Shivaji Chowk east-west road.,RESTRICTED,fuzzy_candidate,88.5,needs_review,NN_R_005 | NN_R_007 | NN_F_014,,not_reviewed,,7
L12e9a0d0cf4f,New Nashik,िशवाजी चौक भाजी माकȃ ट,िशवाजी चौक भाजी मार्केट,,MULTIPLE_LEGACY_VARIANTS,117,NN_R_005,Three sub-locations: (a) Shivaji Market opposite the military quarters; (b) in front of the Maharashtra Kamgar Mandal building; (c) Shivaji Chowk east-west road.,RESTRICTED,explicit_location_alias,100.0,text_association,,,not_reviewed,,7
L73e01dc40c75,New Nashik,ģेश अप बेकरी ते जगताप नगर पाटील नगर,ेश अप बेकरी ते जगताप नगर पाटील नगर,E Sha Apa Bekaree Te Jagataapa Nagar Paateela Nagar,LEGACY_SOURCE_ALIGNED,1,,,,candidate_only,0.0,needs_review,NN_R_015 | NN_F_016 | NN_R_006,,not_reviewed,,
Lf54672611a20,Panchavati,,,,MULTIPLE_LEGACY_VARIANTS,12,,,,missing_location,0.0,needs_review,,,not_reviewed,,
L557db5f4a186,Panchavati,अआडगांव चौ,अआडगांव चौ,Adgaon Chowk,LEGACY_SOURCE_ALIGNED,1,PAN_F_001,Adgaon Holi Chowk.,FREE,fuzzy_candidate,81.0,needs_review,PAN_F_001 | PAN_F_003 | PAN_F_002,,not_reviewed,,3
L2c8d51544027,Panchavati,अमृतधाम,अमृतधाम,Amrutdham,LEGACY_SOURCE_ALIGNED,11,PAN_F_038,"Along the compound wall of Amrutdham Sanatorium, Bidi Kamgar Nagar Road.",FREE,fuzzy_candidate,60.0,needs_review,PAN_F_038 | PAN_F_037 | PAN_R_012,,not_reviewed,,4
Lec9b7df2f96e,Panchavati,अमृतधाम सॅनोटोरीअमजवळ,अमृतधाम सॅनोटोरीअमजवळ,Near Amrutdham Sanatorium,LEGACY_SOURCE_ALIGNED,2,PAN_F_038,"Along the compound wall of Amrutdham Sanatorium, Bidi Kamgar Nagar Road.",FREE,fuzzy_candidate,85.5,needs_review,PAN_F_038 | PAN_F_037 | PAN_R_002,,not_reviewed,,4
L14fc570d795c,Panchavati,अमृतधाम सॅनोटोरीअमजवळ ȋभतीलगत,अमृतधाम सॅनोटोरीअमजवळ भिंतीलगत,Near Amrutdham Sanatorium,LEGACY_SOURCE_ALIGNED,29,PAN_F_037,"Near Amrutdham, Sai Nagar, Survey No. 201, land reserved for market and shopping centre.",FREE,explicit_location_alias,100.0,text_association,,,not_reviewed,,4
Ldc892e96fccf,Panchavati,आंडगांव होळी चौक,आंडगांव होळी चौक,"Holi Chowk, Adgaon",LEGACY_SOURCE_ALIGNED,2,PAN_F_001,Adgaon Holi Chowk.,FREE,fuzzy_candidate,96.8,needs_review,PAN_F_001 | PAN_F_018 | PAN_F_008,,not_reviewed,,3
L3a9340c85451,Panchavati,"आठवणलॉÂससमोर, तपोवनरोड",आठवणलॉ ससमोर तपोवनरोड,"Opposite Aathvan Lawns, Tapovan Road",LEGACY_SOURCE_ALIGNED,3,PAN_F_026,"Opposite Aathvan Lawns, Chavan Nagar, Tapovan Shed.",FREE,fuzzy_candidate,69.1,needs_review,PAN_F_026 | PAN_R_005 | PAN_F_035,,not_reviewed,,3
Lec5b31e3d818,Panchavati,"आडगांव बसÎटॉप,",आडगांव बस टॉप,"Adgaon Bus Stop, near Samaj Mandir",LEGACY_SOURCE_ALIGNED,1,PAN_F_003,"Adjacent to Adgaon Bus Stop, beside Mahalaxmi Garden.",FREE,fuzzy_candidate,90.0,needs_review,PAN_F_003 | PAN_F_002 | PAN_F_025,,not_reviewed,,3
L547d32dc768d,Panchavati,"आडगांव बसÎटॉप, समाजमंिदराजवळ",आडगांव बस टॉप समाजमंिदराजवळ,"Adgaon Bus Stop, near Samaj Mandir",LEGACY_SOURCE_ALIGNED,12,PAN_F_002,"Adgaon Bus Stop, near Samaj Mandir.",FREE,fuzzy_candidate,94.5,needs_review,PAN_F_002 | PAN_F_025 | PAN_F_011,,not_reviewed,,3
Ld3f5160e2936,Panchavati,आडगांव होळी चौक,आडगांव होळी चौक,"Holi Chowk, Adgaon",LEGACY_SOURCE_ALIGNED,25,PAN_F_001,Adgaon Holi Chowk.,FREE,unique_source_phrase,96.0,text_association,,,not_reviewed,,3
Lb00a46edf40b,Panchavati,"इंğकुंडासमोर,",इं कुंडासमोर,Pedestrian Road opposite Indrakund,LEGACY_SOURCE_ALIGNED,2,PAN_F_031,"Pedestrian road in front of the Panchavati public library, opposite Indrakund, excluding the western and northern sides of the library.",FREE,fuzzy_candidate,66.7,needs_review,PAN_F_031 | PAN_F_020 | PAN_R_010,,not_reviewed,,3
L2ef4c87b88cd,Panchavati,"इंğकुंडासमोर, ं ो पादचारीरÎता",इं कुंडासमोर ं ो पादचारीर ता,Pedestrian Road opposite Indrakund,LEGACY_SOURCE_ALIGNED,1,PAN_F_031,"Pedestrian road in front of the Panchavati public library, opposite Indrakund, excluding the western and northern sides of the library.",FREE,fuzzy_candidate,92.3,needs_review,PAN_F_031 | PAN_F_030 | PAN_F_018,,not_reviewed,,3
L4d943fb55ada,Panchavati,"इंğकुंडासमोर, पादचारीरÎता",इं कुंडासमोर पादचारीर ता,Pedestrian Road opposite Indrakund,LEGACY_SOURCE_ALIGNED,23,PAN_F_031,"Pedestrian road in front of the Panchavati public library, opposite Indrakund, excluding the western and northern sides of the library.",FREE,explicit_location_alias,100.0,text_association,,,not_reviewed,,3
L64f9ea2b8a49,Panchavati,औरंगाबादरोड पेडरोड पाटाजवळ,औरंगाबादरोड पेडरोड पाटाजवळ,,NOT_AVAILABLE,1,PAN_F_009,"Canal-side footpath space on Peth Road, subject to final approval of the Irrigation Department.",FREE,fuzzy_candidate,70.0,needs_review,PAN_F_009 | PAN_F_007 | PAN_F_013,,not_reviewed,,3
L895cc1baaa47,Panchavati,औरगांबाद रोड ȋदडोरीरोड पाटाजवळ,औरगांबाद रोड दिंडोरीरोड पाटाजवळ,"Near the Canal, Dindori Road",LEGACY_SOURCE_ALIGNED,1,PAN_F_038,"Along the compound wall of Amrutdham Sanatorium, Bidi Kamgar Nagar Road.",FREE,fuzzy_candidate,85.5,needs_review,PAN_F_038 | PAN_F_036 | PAN_F_035,,not_reviewed,,4
L3d1fcb29d511,Panchavati,औरगांबाद रोड पेडरोड पाटाजवळ,औरगांबाद रोड पेडरोड पाटाजवळ,"Near the Canal, Peth Road",LEGACY_SOURCE_ALIGNED,1,PAN_F_038,"Along the compound wall of Amrutdham Sanatorium, Bidi Kamgar Nagar Road.",FREE,fuzzy_candidate,85.5,needs_review,PAN_F_038 | PAN_F_036 | PAN_F_035,,not_reviewed,,4
Lbab7b792bf95,Panchavati,काटया माǗती मंदीराजवळ,काटया मारूती मंदीराजवळ,Near Katya Maruti Temple,LEGACY_SOURCE_ALIGNED,10,PAN_R_009,"Near Shri Katya Maruti Temple, Ganeshwadi Road.",RESTRICTED,unique_source_phrase,96.0,text_association,,,not_reviewed,,4
L6efe09d98f2a,Panchavati,काणाक« नगर,काणाक नगर,Konark Nagar,LEGACY_SOURCE_ALIGNED,1,PAN_F_016,"Shri Dattanagar Garden, Konark Nagar.",FREE,fuzzy_candidate,88.9,needs_review,PAN_F_016 | PAN_F_026 | PAN_F_019,,not_reviewed,,3
L1f65785dcaea,Panchavati,काळाराम मंदीर,काळाराम मंदीर,Kalaram Temple,LEGACY_SOURCE_ALIGNED,1,PAN_F_027,NMC land beside the public toilet opposite the east gate of Shri Kalaram Temple.,FREE,fuzzy_candidate,92.3,needs_review,PAN_F_027 | PAN_R_006 | PAN_R_002,,not_reviewed,,3
L72f68d726e85,Panchavati,काळाराम मंिदर,काळाराम मंिदर,Kalaram Temple,LEGACY_SOURCE_ALIGNED,15,PAN_F_027,NMC land beside the public toilet opposite the east gate of Shri Kalaram Temple.,FREE,fuzzy_candidate,92.3,needs_review,PAN_F_027 | PAN_R_010 | PAN_R_006,,not_reviewed,,3
L0102457dacc2,Panchavati,काळाराममंिदर काळाराम मिदर,काळाराममंिदर काळाराम मिदर,Kalaram Temple,LEGACY_SOURCE_ALIGNED,1,PAN_F_027,NMC land beside the public toilet opposite the east gate of Shri Kalaram Temple.,FREE,fuzzy_candidate,85.5,needs_review,PAN_F_027 | PAN_R_010 | PAN_R_006,,not_reviewed,,3
L626559080f17,Panchavati,काोणाक« नगर,काोणाक नगर,Konark Nagar,LEGACY_SOURCE_ALIGNED,1,PAN_F_016,"Shri Dattanagar Garden, Konark Nagar.",FREE,fuzzy_candidate,94.7,needs_review,PAN_F_016 | PAN_F_026 | PAN_F_019,,not_reviewed,,3
Lf0600cf4985a,Panchavati,कॅÂसर हॉȎÎपटल समोर,कॅ सर हॉ पटल समोर,Cancer Hospital Area,LEGACY_SOURCE_ALIGNED,1,PAN_R_008,Along the compound wall of Namco Cancer Hospital.,RESTRICTED,fuzzy_candidate,85.5,needs_review,PAN_R_008 | PAN_R_005 | PAN_F_035,,not_reviewed,,4
L8004c7fa707b,Panchavati,कॅÂसर हॉȎÎपटलजवळ,कॅ सर हॉ पटलजवळ,Cancer Hospital Area,LEGACY_SOURCE_ALIGNED,2,PAN_R_008,Along the compound wall of Namco Cancer Hospital.,RESTRICTED,fuzzy_candidate,85.5,needs_review,PAN_R_008 | PAN_F_032 | PAN_F_009,,not_reviewed,,4
Lb8ff72e79a5b,Panchavati,कॉन«र,कॉर्नर,Mhasrul Vegetable Market,LEGACY_SOURCE_ALIGNED,1,PAN_F_021,"Corner opposite More Mala, Hanumanwadi area.",FREE,fuzzy_candidate,90.0,needs_review,PAN_F_021 | PAN_F_020 | PAN_F_010,,not_reviewed,,3
Lc07af6d475dd,Panchavati,कॉन«र पेडरोड पाटाजवळ,कॉर्नर पेडरोड पाटाजवळ,"Near the Canal, Peth Road",LEGACY_SOURCE_ALIGNED,1,PAN_F_021,"Corner opposite More Mala, Hanumanwadi area.",FREE,fuzzy_candidate,85.5,needs_review,PAN_F_021 | PAN_F_010 | PAN_F_009,,not_reviewed,,3
Lca706fa7c08f,Panchavati,"कॉन«र, हनुमानवाडी पेडरोड पाटाजवळ",कॉर्नर हनुमानवाडी पेडरोड पाटाजवळ,"Near the Canal, Peth Road",LEGACY_SOURCE_ALIGNED,2,PAN_F_010,"Along the MERI Office compound wall on Dindori Road, from Goraksh Nagar to the RTO Corner.",FREE,fuzzy_candidate,85.5,needs_review,PAN_F_010 | PAN_F_009 | PAN_F_021,,not_reviewed,,3
L9376b3e71ba7,Panchavati,कॉन«र Çहसǘळ भाजी माकȃ ट,कॉर्नर हसरूळ भाजी मार्केट,Mhasrul Vegetable Market,LEGACY_SOURCE_ALIGNED,2,PAN_F_037,"Near Amrutdham, Sai Nagar, Survey No. 201, land reserved for market and shopping centre.",FREE,fuzzy_candidate,85.5,needs_review,PAN_F_037 | PAN_F_030 | PAN_F_025,,not_reviewed,,4
L86e5f4e40e79,Panchavati,कोणाĎ« ो नगर,कोणा ो नगर,Konark Nagar,LEGACY_SOURCE_ALIGNED,1,PAN_F_026,"Opposite Aathvan Lawns, Chavan Nagar, Tapovan Shed.",FREE,fuzzy_candidate,85.5,needs_review,PAN_F_026 | PAN_F_019 | PAN_F_016,,not_reviewed,,3
Lfe2bb125c0bd,Panchavati,कोणाक« नगर,कोणाक नगर,Konark Nagar,LEGACY_SOURCE_ALIGNED,2,PAN_F_016,"Shri Dattanagar Garden, Konark Nagar.",FREE,explicit_location_alias,100.0,text_association,,,not_reviewed,,3
L4b5335fdc986,Panchavati,गंगाघाट आठवडे बाजार,गंगाघाट आठवडे बाजार,Gangaghat Weekly Market,LEGACY_SOURCE_ALIGNED,53,PAN_R_007,"Weekly market in Panchavati, Nashik.",RESTRICTED,explicit_location_alias,100.0,text_association,,,not_reviewed,,4
L943c1be170c8,Panchavati,"गणेशवाडी भाजी माकȃ ट लगत, वाघाडी पुल",गणेशवाडी भाजी मार्केट लगत वाघाडी पुल,"Ganeshwadi Vegetable Market, near Waghadi Bridge",LEGACY_SOURCE_ALIGNED,27,PAN_F_029,"Adjacent to Ganeshwadi Vegetable Market, towards Waghadi Bridge.",FREE,explicit_location_alias,100.0,text_association,,,not_reviewed,,3
L4610e11d9912,Panchavati,"गणेशवाडी भाजी माकȃ ट लगतवाघाडीपल लगत, वाघाडी पुल",गणेशवाडी भाजी मार्केट लगतवाघाडीपल लगत वाघाडी पुल,"Ganeshwadi Vegetable Market, near Waghadi Bridge",LEGACY_SOURCE_ALIGNED,1,PAN_F_029,"Adjacent to Ganeshwadi Vegetable Market, towards Waghadi Bridge.",FREE,fuzzy_candidate,85.7,needs_review,PAN_F_029 | PAN_R_003 | PAN_R_001,,not_reviewed,,3
Lf03e2d130b4d,Panchavati,"गणेशवाडी भाजीमाकȃ टलगत,",गणेशवाडी भाजीमार्केटलगत,Beside Ganeshwadi Vegetable Market,LEGACY_SOURCE_ALIGNED,1,PAN_F_029,"Adjacent to Ganeshwadi Vegetable Market, towards Waghadi Bridge.",FREE,fuzzy_candidate,86.1,needs_review,PAN_F_029 | PAN_R_009 | PAN_F_004,,not_reviewed,,3
Lc2571a6714f0,Panchavati,"गणेशवाडी भाजीमाकȃ टलगत, वाघाडीपुल",गणेशवाडी भाजीमार्केटलगत वाघाडीपुल,"Ganeshwadi Vegetable Market, near Waghadi Bridge",LEGACY_SOURCE_ALIGNED,12,PAN_F_029,"Adjacent to Ganeshwadi Vegetable Market, towards Waghadi Bridge.",FREE,fuzzy_candidate,95.7,needs_review,PAN_F_029 | PAN_R_003 | PAN_R_009,,not_reviewed,,3
Lfe61bb703195,Panchavati,"गणेशवाडी ी भाजीमाकȃ टलगत, वाघाडीपुल",गणेशवाडी ी भाजीमार्केटलगत वाघाडीपुल,"Ganeshwadi Vegetable Market, near Waghadi Bridge",LEGACY_SOURCE_ALIGNED,1,PAN_F_029,"Adjacent to Ganeshwadi Vegetable Market, towards Waghadi Bridge.",FREE,fuzzy_candidate,93.0,needs_review,PAN_F_029 | PAN_F_034 | PAN_F_027,,not_reviewed,,3
Lc66582c82d2d,Panchavati,"गणेशवाडीभाजीमाकȃ गणशवाडी भाजी माकट ट लगत, वाघाडी पुल",गणेशवाडीभाजीमार्के गणशवाडी भाजी माकट ट लगत वाघाडी पुल,"Ganeshwadi Vegetable Market, near Waghadi Bridge",LEGACY_SOURCE_ALIGNED,1,PAN_R_003,"Ramwadi, adjacent to Goda Park.",RESTRICTED,fuzzy_candidate,85.5,needs_review,PAN_R_003 | PAN_R_001 | PAN_F_003,,not_reviewed,,4
Le5b7d3b4dd5e,Panchavati,"गोर©नगर, आरटीओ",गोर नगर आरटीओ,"Gore Nagar, RTO Corner",LEGACY_SOURCE_ALIGNED,4,PAN_F_026,"Opposite Aathvan Lawns, Chavan Nagar, Tapovan Shed.",FREE,fuzzy_candidate,85.5,needs_review,PAN_F_026 | PAN_F_019 | PAN_F_016,,not_reviewed,,3
Lbafce9810a94,Panchavati,"गोर©नगर, आरटीओ कॉन«र",गोर नगर आरटीओ कॉर्नर,"Gore Nagar, RTO Corner",LEGACY_SOURCE_ALIGNED,51,PAN_F_010,"Along the MERI Office compound wall on Dindori Road, from Goraksh Nagar to the RTO Corner.",FREE,explicit_location_alias,100.0,text_association,,,not_reviewed,,3
L0cbc51049faa,Panchavati,"गोर©नगर, गोर©नगर, आरटीओ आरटीओ कॉन«र",गोर नगर गोर नगर आरटीओ आरटीओ कॉर्नर,"Gore Nagar, RTO Corner",LEGACY_SOURCE_ALIGNED,1,PAN_F_016,"Shri Dattanagar Garden, Konark Nagar.",FREE,fuzzy_candidate,85.5,needs_review,PAN_F_016 | PAN_F_010 | PAN_F_021,,not_reviewed,,3
L719e1bb06ea0,Panchavati,"चामुंडा चौक, िहरावाडीरोड",चामुंडा चौक िहरावाडीरोड,"Chamunda Chowk, Hirawadi Road",LEGACY_SOURCE_ALIGNED,14,PAN_F_018,Road from Chamunda Chowk on Hirawadi Road towards Prashant Dada Chowk.,FREE,fuzzy_candidate,86.1,needs_review,PAN_F_018 | PAN_F_008 | PAN_F_001,,not_reviewed,,3
Lfea0eb942773,Panchavati,टकलेनगर बायपास कƐमवारपुलाजवळ,टकलेनगर बायपास क मवारपुलाजवळ,"Takle Nagar Bypass, near Karmaveer Bridge",LEGACY_SOURCE_ALIGNED,6,PAN_F_034,"NMC open space at Survey No. 295, opposite Shri Vishnudev Apartment, Takle Nagar.",FREE,fuzzy_candidate,85.5,needs_review,PAN_F_034 | PAN_F_033 | PAN_F_002,,not_reviewed,,4
L44a3fe29862b,Panchavati,"दǄनगर उदयान, कोणाक« नगर",द नगर उद्यान कोणाक नगर,"Datta Nagar Garden, Konark Nagar",LEGACY_SOURCE_ALIGNED,16,PAN_F_016,"Shri Dattanagar Garden, Konark Nagar.",FREE,fuzzy_candidate,86.4,needs_review,PAN_F_016 | PAN_F_026 | PAN_F_010,,not_reviewed,,3
Lfb726ff49ac0,Panchavati,"दǄमंदीर, काणाक« नगर",द मंदीर काणाक नगर,Konark Nagar,LEGACY_SOURCE_ALIGNED,1,PAN_R_006,"Area near Kartik Swami Temple, Panchavati.",RESTRICTED,fuzzy_candidate,85.5,needs_review,PAN_R_006 | PAN_R_002 | PAN_F_027,,not_reviewed,,4
Lb8d0c3f894e1,Panchavati,ǛÁदद लॉÂस´या बाजुला,दद लॉ सच्या बाजुला,Beside Dada Lawns,LEGACY_SOURCE_ALIGNED,10,PAN_R_012,"NMC open space at Manur village, towards Ramghat.",RESTRICTED,fuzzy_candidate,85.5,needs_review,PAN_R_012 | PAN_R_005 | PAN_F_027,,not_reviewed,,4
L49a53de92396,Panchavati,ȋदडोरीरोड पाटाजवळ,दिंडोरीरोड पाटाजवळ,,MULTIPLE_LEGACY_VARIANTS,264,PAN_F_007,"Area near the water channel between Dindori Road and Peth Road, subject to final approval of the Irrigation Department.",FREE,explicit_location_alias,100.0,text_association,,,not_reviewed,,3
L8a9eb85506b8,Panchavati,ȋदडोरीरोड पाटाजवळ ȋदडोरीरोड पाटाजवळ,दिंडोरीरोड पाटाजवळ दिंडोरीरोड पाटाजवळ,"Near the Canal, Dindori Road",LEGACY_SOURCE_ALIGNED,1,PAN_F_007,"Area near the water channel between Dindori Road and Peth Road, subject to final approval of the Irrigation Department.",FREE,fuzzy_candidate,67.9,needs_review,PAN_F_007 | PAN_F_008 | PAN_F_009,,not_reviewed,,3
L168061dd01fd,Panchavati,ȋदडोरीरोड पाटाजवळ पेडरोड पाटाजवळ,दिंडोरीरोड पाटाजवळ पेडरोड पाटाजवळ,"Near the Canal, Peth Road",LEGACY_SOURCE_ALIGNED,1,PAN_F_007,"Area near the water channel between Dindori Road and Peth Road, subject to final approval of the Irrigation Department.",FREE,fuzzy_candidate,73.1,needs_review,PAN_F_007 | PAN_F_009 | PAN_F_008,,not_reviewed,,3
L100e894e3b17,Panchavati,ȋदडोरीरोडपाटाजवळ ȋदडोरीरोड पाटाजवळ,दिंडोरीरोडपाटाजवळ दिंडोरीरोड पाटाजवळ,"Near the Canal, Dindori Road",LEGACY_SOURCE_ALIGNED,1,PAN_F_007,"Area near the water channel between Dindori Road and Peth Road, subject to final approval of the Irrigation Department.",FREE,fuzzy_candidate,69.1,needs_review,PAN_F_007 | PAN_F_008 | PAN_F_009,,not_reviewed,,3
L46e51e323548,Panchavati,Ǜǉा लॉÂस´याबाजूला,द्धा लॉ सच्याबाजूला,"Beside Shraddha Lawns, Survey No. 311",LEGACY_SOURCE_ALIGNED,19,PAN_R_005,"Proposed hawkers-zone land at Survey No. 311 beside the Godavari River and Godavari slum, adjacent to the reserved garden, opposite and beside Shraddha Lawns.",RESTRICTED,explicit_location_alias,100.0,text_association,,,not_reviewed,,4
L7eab10ce1c46,Panchavati,Ǜǉा लॉÂस´याबाजूला स.नं.3११,द्धा लॉ सच्याबाजूला स नं 311,"Beside Shraddha Lawns, Survey No. 311",LEGACY_SOURCE_ALIGNED,383,PAN_R_005,"Proposed hawkers-zone land at Survey No. 311 beside the Godavari River and Godavari slum, adjacent to the reserved garden, opposite and beside Shraddha Lawns.",RESTRICTED,explicit_location_alias,100.0,text_association,,,not_reviewed,,4
L88db7f612106,Panchavati,Ǜǉा लॉÂस´याबाजूला ॉ,द्धा लॉ सच्याबाजूला ॉ,"Beside Shraddha Lawns, Survey No. 311",LEGACY_SOURCE_ALIGNED,1,PAN_R_005,"Proposed hawkers-zone land at Survey No. 311 beside the Godavari River and Godavari slum, adjacent to the reserved garden, opposite and beside Shraddha Lawns.",RESTRICTED,fuzzy_candidate,95.0,needs_review,PAN_R_005 | PAN_F_026 | PAN_F_011,,not_reviewed,,4
Lc9a444a7f5b7,Panchavati,Ǜǉा लॉÂस´याबाजूला ॉ स.नं.3११,द्धा लॉ सच्याबाजूला ॉ स नं 311,"Beside Shraddha Lawns, Survey No. 311",LEGACY_SOURCE_ALIGNED,2,PAN_R_005,"Proposed hawkers-zone land at Survey No. 311 beside the Godavari River and Godavari slum, adjacent to the reserved garden, opposite and beside Shraddha Lawns.",RESTRICTED,fuzzy_candidate,96.6,needs_review,PAN_R_005 | PAN_R_002 | PAN_F_037,,not_reviewed,,4
L4e35bdac57b6,Panchavati,नांदुरगावांत,नांदुरगावांत,"Near Samaj Mandir, Nandur Gaon",LEGACY_SOURCE_ALIGNED,2,PAN_F_006,NMC open space in Nandurgaon between Samaj Mandir and the Sulabh public toilet.,FREE,fuzzy_candidate,82.5,needs_review,PAN_F_006 | PAN_R_012 | PAN_F_004,,not_reviewed,,3
L42737b9071b2,Panchavati,नांदुरगावांत समाजमंिदराजवळ,नांदुरगावांत समाजमंिदराजवळ,"Near Samaj Mandir, Nandur Gaon",LEGACY_SOURCE_ALIGNED,3,PAN_F_006,NMC open space in Nandurgaon between Samaj Mandir and the Sulabh public toilet.,FREE,explicit_location_alias,100.0,text_association,,,not_reviewed,,3
L35c8ef91d154,Panchavati,पंचवटी कारंजा,पंचवटी कारंजा,Panchavati Karanja,LEGACY_SOURCE_ALIGNED,1,PAN_R_006,"Area near Kartik Swami Temple, Panchavati.",RESTRICTED,fuzzy_candidate,85.5,needs_review,PAN_R_006 | PAN_F_031 | PAN_R_007,,not_reviewed,,4
Lc60be0af099b,Panchavati,पादचारीरÎता,पादचारीर ता,"Near the Canal, Dindori Road",LEGACY_SOURCE_ALIGNED,1,PAN_F_030,"Road towards Varvandi, for a stretch of 125 metres from Mhasrul Vegetable Market.",FREE,fuzzy_candidate,85.5,needs_review,PAN_F_030 | PAN_F_018 | PAN_F_015,,not_reviewed,,3
Leb9f87168ede,Panchavati,पादचारीरÎता पेडरोड पाटाजवळ,पादचारीर ता पेडरोड पाटाजवळ,"Near the Canal, Peth Road",LEGACY_SOURCE_ALIGNED,1,PAN_F_031,"Pedestrian road in front of the Panchavati public library, opposite Indrakund, excluding the western and northern sides of the library.",FREE,fuzzy_candidate,85.5,needs_review,PAN_F_031 | PAN_F_030 | PAN_F_018,,not_reviewed,,3
L6372a3898153,Panchavati,पेठरोड पाटाजवळ,पेठरोड पाटाजवळ,"Near the Canal, Peth Road",LEGACY_SOURCE_ALIGNED,44,PAN_F_009,"Canal-side footpath space on Peth Road, subject to final approval of the Irrigation Department.",FREE,explicit_location_alias,100.0,text_association,,,not_reviewed,,3
L27df7bf76c91,Panchavati,पेठरोडपाटाजवळ पठरोड पाटाजवळ,पेठरोडपाटाजवळ पठरोड पाटाजवळ,"Near the Canal, Peth Road",LEGACY_SOURCE_ALIGNED,1,PAN_F_009,"Canal-side footpath space on Peth Road, subject to final approval of the Irrigation Department.",FREE,fuzzy_candidate,68.3,needs_review,PAN_F_009 | PAN_F_007 | PAN_F_014,,not_reviewed,,3
Lc4b6ff11accb,Panchavati,पेडरोड पाटाजवळ,पेडरोड पाटाजवळ,"Near the Canal, Peth Road",LEGACY_SOURCE_ALIGNED,260,PAN_F_009,"Canal-side footpath space on Peth Road, subject to final approval of the Irrigation Department.",FREE,explicit_location_alias,100.0,text_association,,,not_reviewed,,3
Lfbdfe1e70974,Panchavati,पेडरोड पाटाजवळ ȋदडोरीरोड पाटाजवळ,पेडरोड पाटाजवळ दिंडोरीरोड पाटाजवळ,"Near the Canal, Dindori Road",LEGACY_SOURCE_ALIGNED,3,PAN_F_007,"Area near the water channel between Dindori Road and Peth Road, subject to final approval of the Irrigation Department.",FREE,fuzzy_candidate,70.6,needs_review,PAN_F_007 | PAN_F_009 | PAN_F_008,,not_reviewed,,3
L9eba45d8779a,Panchavati,पेडरोड पाटाजवळ पेठरोड पाटाजवळ,पेडरोड पाटाजवळ पेठरोड पाटाजवळ,"Near the Canal, Peth Road",LEGACY_SOURCE_ALIGNED,1,PAN_F_009,"Canal-side footpath space on Peth Road, subject to final approval of the Irrigation Department.",FREE,fuzzy_candidate,85.5,needs_review,PAN_F_009 | PAN_F_007 | PAN_F_024,,not_reviewed,,3
L38fadc0894e5,Panchavati,पेडरोड पाटाजवळ पेडरोड पाटाजवळ,पेडरोड पाटाजवळ पेडरोड पाटाजवळ,"Near the Canal, Peth Road",LEGACY_SOURCE_ALIGNED,7,PAN_F_009,"Canal-side footpath space on Peth Road, subject to final approval of the Irrigation Department.",FREE,fuzzy_candidate,65.1,needs_review,PAN_F_009 | PAN_F_007 | PAN_F_024,,not_reviewed,,3
L69fa74a844a4,Panchavati,फाफडापेडरोड पाटाजवळ,फाफडापेडरोड पाटाजवळ,"Near the Canal, Peth Road",LEGACY_SOURCE_ALIGNED,1,PAN_F_009,"Canal-side footpath space on Peth Road, subject to final approval of the Irrigation Department.",FREE,fuzzy_candidate,84.8,needs_review,PAN_F_009 | PAN_F_007 | PAN_R_009,,not_reviewed,,3
L73521fe0983e,Panchavati,बोरगड पेडरोड पाटाजवळ,बोरगड पेडरोड पाटाजवळ,"Near the Canal, Peth Road",LEGACY_SOURCE_ALIGNED,2,PAN_R_001,"Along the Panjarpol compound on Kishor Suryawanshi Marg near Borgad, leaving 50 metres from the chowk.",RESTRICTED,fuzzy_candidate,85.5,needs_review,PAN_R_001 | PAN_F_014 | PAN_F_009,,not_reviewed,,4
Ldbd62dcb9175,Panchavati,ȋभतीलगत ȋदडोरीरोड पाटाजवळ,भिंतीलगत दिंडोरीरोड पाटाजवळ,"Near the Canal, Dindori Road",LEGACY_SOURCE_ALIGNED,1,PAN_F_038,"Along the compound wall of Amrutdham Sanatorium, Bidi Kamgar Nagar Road.",FREE,fuzzy_candidate,85.5,needs_review,PAN_F_038 | PAN_F_008 | PAN_F_007,,not_reviewed,,4
L621d117b2d13,Panchavati,ȋभतीलगत Çहसǘळ भाजी माकȃ ट,भिंतीलगत हसरूळ भाजी मार्केट,Mhasrul Vegetable Market,LEGACY_SOURCE_ALIGNED,1,PAN_F_038,"Along the compound wall of Amrutdham Sanatorium, Bidi Kamgar Nagar Road.",FREE,fuzzy_candidate,85.5,needs_review,PAN_F_038 | PAN_F_037 | PAN_F_030,,not_reviewed,,4
L4136315124c4,Panchavati,"मÐयासमोरील कॉन«र, हनुमानवाडी",म यासमोरील कॉर्नर हनुमानवाडी,"Corner Opposite More Mala, Hanumanwadi",LEGACY_SOURCE_ALIGNED,1,PAN_F_021,"Corner opposite More Mala, Hanumanwadi area.",FREE,fuzzy_candidate,91.8,needs_review,PAN_F_021 | PAN_F_031 | PAN_F_014,,not_reviewed,,3
Le4cb9b2fcae2,Panchavati,मखमलाबादगांव,मखमलाबादगांव,"Mahalaxmi Temple, Makhmalabad Gaon",LEGACY_SOURCE_ALIGNED,1,PAN_F_012,"Makhmalabad-Mhasrul Link Road, Irrigation Colony, along the reserved-garden compound wall opposite Hotel Manas.",FREE,fuzzy_candidate,72.0,needs_review,PAN_F_012 | PAN_F_011 | PAN_F_005,,not_reviewed,,3
Lee372bec2b59,Panchavati,मखमलाबादगांव महालÑमीमंदीर,मखमलाबादगांव महाल मीमंदीर,,MULTIPLE_LEGACY_VARIANTS,20,PAN_F_011,Beside Mahalaxmi Temple near Makhmalabad Bus Stop.,FREE,explicit_location_alias,100.0,text_association,,,not_reviewed,,3
Lc13b445770a4,Panchavati,मखमलाबादगांव महालÑमीमंदीर ी ी,मखमलाबादगांव महाल मीमंदीर ी ी,"Mahalaxmi Temple, Makhmalabad Gaon",LEGACY_SOURCE_ALIGNED,1,PAN_F_011,Beside Mahalaxmi Temple near Makhmalabad Bus Stop.,FREE,fuzzy_candidate,92.6,needs_review,PAN_F_011 | PAN_F_034 | PAN_F_027,,not_reviewed,,3
L77740cc2ff14,Panchavati,मरेकळयाजवळ,मरेकळयाजवळ,Mare KalayaaNear,LEGACY_SOURCE_ALIGNED,1,PAN_R_010,"Opposite Shani Temple, near Katya Maruti Temple.",RESTRICTED,fuzzy_candidate,60.0,needs_review,PAN_R_010 | PAN_F_002 | PAN_F_021,,not_reviewed,,4
Ldeb7bb243cf5,Panchavati,महालÑमी मंदीरा´या बाजुला,महाल मी मंदीराच्या बाजुला,Mahalaxmi Temple,LEGACY_SOURCE_ALIGNED,1,PAN_F_011,Beside Mahalaxmi Temple near Makhmalabad Bus Stop.,FREE,unique_source_phrase,96.0,text_association,,,not_reviewed,,3
Lc98edf7aeb1b,Panchavati,महालÑमी मंदीराशेजारी,महाल मी मंदीराशेजारी,Mahalaxmi Temple,LEGACY_SOURCE_ALIGNED,1,PAN_F_011,Beside Mahalaxmi Temple near Makhmalabad Bus Stop.,FREE,fuzzy_candidate,85.5,needs_review,PAN_F_011 | PAN_F_003 | PAN_R_010,,not_reviewed,,3
Lde82af5f0f5c,Panchavati,महालÑमीमंदीर पेडरोड पाटाजवळ,महाल मीमंदीर पेडरोड पाटाजवळ,"Near the Canal, Peth Road",LEGACY_SOURCE_ALIGNED,1,PAN_F_011,Beside Mahalaxmi Temple near Makhmalabad Bus Stop.,FREE,fuzzy_candidate,85.5,needs_review,PAN_F_011 | PAN_F_009 | PAN_F_007,,not_reviewed,,3
L833394fde596,Panchavati,"मा.साहेब ठाकरे Îटेडीअमलगत, िहरावाडी",मा साहेब ठाकरे टेडीअमलगत िहरावाडी,"Beside M. Saheb Thackeray Stadium, Hirawadi",LEGACY_SOURCE_ALIGNED,98,PAN_F_036,"Along the northern compound wall of Maasaheb Thackeray Stadium, Hirawadi Road.",FREE,explicit_location_alias,100.0,text_association,,,not_reviewed,,4
L32ed368510f0,Panchavati,"मा.साहेब ठाकरे Îटेडीअमलगतिहरावाडी Îटडीअमलगत, िहरावाडी",मा साहेब ठाकरे टेडीअमलगतिहरावाडी टडीअमलगत िहरावाडी,"Beside M. Saheb Thackeray Stadium, Hirawadi",LEGACY_SOURCE_ALIGNED,1,PAN_F_008,"Tarwala Nagar, Dindori Road-Hirawadi Link Road, near Raje Sambhaji Chowk, along the reserved-garden wall at Survey No. 159.",FREE,fuzzy_candidate,85.5,needs_review,PAN_F_008 | PAN_F_036 | PAN_F_022,,not_reviewed,,3
L35478702890a,Panchavati,"मा.साहेबठाकरे मा.साहब ठाकर Îटेडीअमलगत, िहरावाडी",मा साहेबठाकरे मा साहब ठाकर टेडीअमलगत िहरावाडी,"Beside M. Saheb Thackeray Stadium, Hirawadi",LEGACY_SOURCE_ALIGNED,2,PAN_F_008,"Tarwala Nagar, Dindori Road-Hirawadi Link Road, near Raje Sambhaji Chowk, along the reserved-garden wall at Survey No. 159.",FREE,fuzzy_candidate,85.5,needs_review,PAN_F_008 | PAN_F_036 | PAN_F_022,,not_reviewed,,3
L5b1b09e81f97,Panchavati,मालेगांवÎटॅड मालगावÎटड िस±नलपासुन 50 मी.लांब,मालेगांव टॅड मालगाव टड िस नलपासुन 50 मी लांब,50 m from Malegaon Stand Signal,LEGACY_SOURCE_ALIGNED,1,PAN_R_001,"Along the Panjarpol compound on Kishor Suryawanshi Marg near Borgad, leaving 50 metres from the chowk.",RESTRICTED,fuzzy_candidate,85.5,needs_review,PAN_R_001 | PAN_R_004 | PAN_R_012,,not_reviewed,,4
Le90fb4b5d213,Panchavati,मालेगांवÎटॅड िस±नलपासुन 50 मी.लांब,मालेगांव टॅड िस नलपासुन 50 मी लांब,50 m from Malegaon Stand Signal,LEGACY_SOURCE_ALIGNED,12,PAN_R_004,"A section on the northern side, 50 metres away from Malegaon Stand Signal.",RESTRICTED,fuzzy_candidate,85.5,needs_review,PAN_R_004 | PAN_R_001 | PAN_F_022,,not_reviewed,,4
Lcefe91252984,Panchavati,"मासाहेबठाकरे मा.साहब ठाकर Îटेडीअमलगत, िहरावाडी",मासाहेबठाकरे मा साहब ठाकर टेडीअमलगत िहरावाडी,"Beside M. Saheb Thackeray Stadium, Hirawadi",LEGACY_SOURCE_ALIGNED,1,PAN_F_035,"NMC open space at the Kshirsagar Colony corner, opposite Janakalyan Bank, Hirawadi Road.",FREE,fuzzy_candidate,85.5,needs_review,PAN_F_035 | PAN_F_023 | PAN_F_008,,not_reviewed,,4
Lf5c1c8abddda,Panchavati,मा◌ेरेमळयासमोर,माेरेमळयासमोर,Opposite More Mala,LEGACY_SOURCE_ALIGNED,1,PAN_F_021,"Corner opposite More Mala, Hanumanwadi area.",FREE,fuzzy_candidate,76.2,needs_review,PAN_F_021 | PAN_R_010 | PAN_F_012,,not_reviewed,,3
L9a1fb39f1c9f,Panchavati,मोरे मÐयासमोरील,मोरे म यासमोरील,"Corner Opposite More Mala, Hanumanwadi",LEGACY_SOURCE_ALIGNED,2,PAN_F_031,"Pedestrian road in front of the Panchavati public library, opposite Indrakund, excluding the western and northern sides of the library.",FREE,fuzzy_candidate,85.5,needs_review,PAN_F_031 | PAN_F_021 | PAN_F_014,,not_reviewed,,3
L1393f4f71db7,Panchavati,"मोरे मÐयासमोरील कॉन«र, हनुमानवाडी",मोरे म यासमोरील कॉर्नर हनुमानवाडी,"Corner Opposite More Mala, Hanumanwadi",LEGACY_SOURCE_ALIGNED,27,PAN_F_021,"Corner opposite More Mala, Hanumanwadi area.",FREE,explicit_location_alias,100.0,text_association,,,not_reviewed,,3
Lbcabfd7fde9a,Panchavati,"मोरेमÐयासमोरील मोर मÐयासमोरील कॉन«र, हनुमानवाडी",मोरेम यासमोरील मोर म यासमोरील कॉर्नर हनुमानवाडी,"Corner Opposite More Mala, Hanumanwadi",LEGACY_SOURCE_ALIGNED,1,PAN_F_031,"Pedestrian road in front of the Panchavati public library, opposite Indrakund, excluding the western and northern sides of the library.",FREE,fuzzy_candidate,85.5,needs_review,PAN_F_031 | PAN_F_010 | PAN_F_021,,not_reviewed,,3
L29b68996787e,Panchavati,मोरेमळयासमोर,मोरेमळयासमोर,Opposite More Mala,LEGACY_SOURCE_ALIGNED,3,PAN_F_021,"Corner opposite More Mala, Hanumanwadi area.",FREE,fuzzy_candidate,82.5,needs_review,PAN_F_021 | PAN_R_010 | PAN_F_024,,not_reviewed,,3
Ledd199d8c446,Panchavati,राम मंिदर रोड,राम मंिदर रोड,Ram Mandir Road,LEGACY_SOURCE_ALIGNED,2,PAN_R_009,"Near Shri Katya Maruti Temple, Ganeshwadi Road.",RESTRICTED,fuzzy_candidate,85.5,needs_review,PAN_R_009 | PAN_F_038 | PAN_F_036,,not_reviewed,,4
L77194219db3f,Panchavati,रामवाउी गोदापाक«,रामवाउी गोदापाक,"Ramwadi, beside Goda Park",LEGACY_SOURCE_ALIGNED,1,PAN_R_003,"Ramwadi, adjacent to Goda Park.",RESTRICTED,fuzzy_candidate,82.4,needs_review,PAN_R_003 | PAN_F_018 | PAN_F_036,,not_reviewed,,4
L0b66f64dd734,Panchavati,रामवाडी गोदापाक« लगत,रामवाडी गोदापाक लगत,"Ramwadi, beside Goda Park",LEGACY_SOURCE_ALIGNED,4,PAN_R_003,"Ramwadi, adjacent to Goda Park.",RESTRICTED,unique_source_phrase,96.0,text_association,,,not_reviewed,,4
L52f50ef9c9e8,Panchavati,लॉÂस´याबाजूला स.नं.3११,लॉ सच्याबाजूला स नं 311,"Beside Shraddha Lawns, Survey No. 311",LEGACY_SOURCE_ALIGNED,1,PAN_R_005,"Proposed hawkers-zone land at Survey No. 311 beside the Godavari River and Godavari slum, adjacent to the reserved garden, opposite and beside Shraddha Lawns.",RESTRICTED,fuzzy_candidate,90.2,needs_review,PAN_R_005 | PAN_R_002 | PAN_F_037,,not_reviewed,,4
L50bb5bd56c57,Panchavati,वरवंडीकडे जाणारा रÎता,वरवंडीकडे जाणारा र ता,Road toward Varvandi,LEGACY_SOURCE_ALIGNED,10,PAN_F_030,"Road towards Varvandi, for a stretch of 125 metres from Mhasrul Vegetable Market.",FREE,unique_source_phrase,96.0,text_association,,,not_reviewed,,3
Le89dcdb07138,Panchavati,वरवंडीरोउ,वरवंडीरोउ,Road toward Varvandi,LEGACY_SOURCE_ALIGNED,1,PAN_F_036,"Along the northern compound wall of Maasaheb Thackeray Stadium, Hirawadi Road.",FREE,fuzzy_candidate,60.0,needs_review,PAN_F_036 | PAN_F_035 | PAN_F_030,,not_reviewed,,4
L69ef19824a6e,Panchavati,वाघाडीपुल पेडरोड पाटाजवळ,वाघाडीपुल पेडरोड पाटाजवळ,"Near the Canal, Peth Road",LEGACY_SOURCE_ALIGNED,1,PAN_F_009,"Canal-side footpath space on Peth Road, subject to final approval of the Irrigation Department.",FREE,fuzzy_candidate,73.7,needs_review,PAN_F_009 | PAN_F_007 | PAN_R_011,,not_reviewed,,3
L3e87862a2167,Panchavati,"शाळा 30 ´याबाजुला,वाघाडीपुलाल गत",शाळा 30 च्याबाजुला वाघाडीपुलाल गत,Near School No. 30 and Waghadi Bridge,LEGACY_SOURCE_ALIGNED,5,PAN_R_011,"Alongside NMC School No. 30, near Waghadi Bridge.",RESTRICTED,fuzzy_candidate,80.6,needs_review,PAN_R_011 | PAN_R_003 | PAN_F_027,,not_reviewed,,4
La50412a94a67,Panchavati,स.नं.3११ ȋदडोरीरोड पाटाजवळ,स नं 311 दिंडोरीरोड पाटाजवळ,"Near the Canal, Dindori Road",LEGACY_SOURCE_ALIGNED,5,PAN_R_005,"Proposed hawkers-zone land at Survey No. 311 beside the Godavari River and Godavari slum, adjacent to the reserved garden, opposite and beside Shraddha Lawns.",RESTRICTED,fuzzy_candidate,85.5,needs_review,PAN_R_005 | PAN_R_002 | PAN_F_037,,not_reviewed,,4
Lc13dc1a5a406,Panchavati,स.नं.3११ पेठरोड पाटाजवळ,स नं 311 पेठरोड पाटाजवळ,"Near the Canal, Peth Road",LEGACY_SOURCE_ALIGNED,1,PAN_R_005,"Proposed hawkers-zone land at Survey No. 311 beside the Godavari River and Godavari slum, adjacent to the reserved garden, opposite and beside Shraddha Lawns.",RESTRICTED,fuzzy_candidate,85.5,needs_review,PAN_R_005 | PAN_R_002 | PAN_F_037,,not_reviewed,,4
L4a3e30bfed85,Panchavati,स.नं.3११ पेडरोड पाटाजवळ,स नं 311 पेडरोड पाटाजवळ,"Near the Canal, Peth Road",LEGACY_SOURCE_ALIGNED,9,PAN_R_005,"Proposed hawkers-zone land at Survey No. 311 beside the Godavari River and Godavari slum, adjacent to the reserved garden, opposite and beside Shraddha Lawns.",RESTRICTED,fuzzy_candidate,85.5,needs_review,PAN_R_005 | PAN_R_002 | PAN_F_037,,not_reviewed,,4
L52994276087a,Panchavati,स.नं.3११ Çहसǘळ भाजी माकȃ ट,स नं 311 हसरूळ भाजी मार्केट,Mhasrul Vegetable Market,LEGACY_SOURCE_ALIGNED,5,PAN_R_005,"Proposed hawkers-zone land at Survey No. 311 beside the Godavari River and Godavari slum, adjacent to the reserved garden, opposite and beside Shraddha Lawns.",RESTRICTED,fuzzy_candidate,85.5,needs_review,PAN_R_005 | PAN_R_002 | PAN_F_037,,not_reviewed,,4
Lc56ea4748ea9,Panchavati,समाजमंिदराजवळ,समाजमंिदराजवळ,"Near the Canal, Dindori Road",LEGACY_SOURCE_ALIGNED,1,PAN_F_002,"Adgaon Bus Stop, near Samaj Mandir.",FREE,fuzzy_candidate,76.2,needs_review,PAN_F_002 | PAN_F_022 | PAN_F_006,,not_reviewed,,3
L79d34ac16655,Panchavati,समाजमंिदराजवळ पेडरोड पाटाजवळ,समाजमंिदराजवळ पेडरोड पाटाजवळ,"Near the Canal, Peth Road",LEGACY_SOURCE_ALIGNED,1,PAN_F_009,"Canal-side footpath space on Peth Road, subject to final approval of the Irrigation Department.",FREE,fuzzy_candidate,66.7,needs_review,PAN_F_009 | PAN_F_007 | PAN_F_022,,not_reviewed,,3
Le960f9078323,Panchavati,समाजमंिदराजवळ Çहसǘळ भाजी माकȃ ट,समाजमंिदराजवळ हसरूळ भाजी मार्केट,Mhasrul Vegetable Market,LEGACY_SOURCE_ALIGNED,1,PAN_F_037,"Near Amrutdham, Sai Nagar, Survey No. 201, land reserved for market and shopping centre.",FREE,fuzzy_candidate,85.5,needs_review,PAN_F_037 | PAN_F_030 | PAN_F_025,,not_reviewed,,4
Ld31a4af7ebad,Panchavati,"सावरकरनगर, आकाश पेĘोलपंपासमोर",सावरकरनगर आकाश पे ोलपंपासमोर,"Opposite Akash Petrol Pump, Savarkar Nagar",LEGACY_SOURCE_ALIGNED,6,PAN_F_020,"Savarkar Nagar, opposite Akash Petrol Pump, Dindori Road.",FREE,unique_source_phrase,96.0,text_association,,,not_reviewed,,3
L7c7fd83bd56b,Panchavati,Çहसǘळ भाजी माकȃ ट,हसरूळ भाजी मार्केट,Mhasrul Vegetable Market,LEGACY_SOURCE_ALIGNED,73,PAN_F_004,From Mhasrul Vegetable Market up to Samaj Mandir.,FREE,explicit_location_alias,100.0,text_association,,,not_reviewed,,3
L294b8fed047e,Panchavati,Çहसǘळ भाजी माकȃ ट पेडरोड पाटाजवळ,हसरूळ भाजी मार्केट पेडरोड पाटाजवळ,"Near the Canal, Peth Road",LEGACY_SOURCE_ALIGNED,1,PAN_F_037,"Near Amrutdham, Sai Nagar, Survey No. 201, land reserved for market and shopping centre.",FREE,fuzzy_candidate,85.5,needs_review,PAN_F_037 | PAN_F_030 | PAN_F_025,,not_reviewed,,4
Leb62463864ac,Panchavati,ÇहसǗळ भाजीमाकȃ ट,हसरूळ भाजीमार्केट,Mhasrul Vegetable Market,LEGACY_SOURCE_ALIGNED,4,PAN_F_004,From Mhasrul Vegetable Market up to Samaj Mandir.,FREE,fuzzy_candidate,97.1,needs_review,PAN_F_004 | PAN_F_030 | PAN_F_029,,not_reviewed,,3
L97250a24617a,Panchavati,ȋ ȋदडोरीरोड ोीो पाटाजवळ,िं दिंडोरीरोड ोीो पाटाजवळ,"Near the Canal, Dindori Road",LEGACY_SOURCE_ALIGNED,1,PAN_F_007,"Area near the water channel between Dindori Road and Peth Road, subject to final approval of the Irrigation Department.",FREE,fuzzy_candidate,83.7,needs_review,PAN_F_007 | PAN_F_009 | PAN_F_010,,not_reviewed,,3
L5c040cbce6e4,Panchavati,िकशोर सुय«वंशी माग«,िकशोर सुयवंशी माग,"Kishor Suryawanshi Marg, Borgad",LEGACY_SOURCE_ALIGNED,4,PAN_R_002,"Along the Sai Baba Temple compound on Kishor Suryawanshi Marg, near Mrudgandh Apartment, Survey No. 243.",RESTRICTED,fuzzy_candidate,90.0,needs_review,PAN_R_002 | PAN_R_001 | PAN_F_017,,not_reviewed,,4
L164271310222,Panchavati,िकशोर सूय«वंशी माग«,िकशोर सूयवंशी माग,"Kishor Suryawanshi Marg, Borgad",LEGACY_SOURCE_ALIGNED,2,PAN_R_002,"Along the Sai Baba Temple compound on Kishor Suryawanshi Marg, near Mrudgandh Apartment, Survey No. 243.",RESTRICTED,fuzzy_candidate,85.5,needs_review,PAN_R_002 | PAN_R_001 | PAN_F_017,,not_reviewed,,4
L2aa55d3e8900,Panchavati,िकशोर सूय«वंशी माग« बोरगड,िकशोर सूयवंशी माग बोरगड,"Kishor Suryawanshi Marg, Borgad",LEGACY_SOURCE_ALIGNED,32,PAN_R_002,"Along the Sai Baba Temple compound on Kishor Suryawanshi Marg, near Mrudgandh Apartment, Survey No. 243.",RESTRICTED,explicit_location_alias,100.0,text_association,,,not_reviewed,,4
La4ccc9ed3ff8,Panchavati,िकशोरसुय«वंशी माग« पेडरोड पाटाजवळ,िकशोरसुयवंशी माग पेडरोड पाटाजवळ,"Near the Canal, Peth Road",LEGACY_SOURCE_ALIGNED,1,PAN_R_002,"Along the Sai Baba Temple compound on Kishor Suryawanshi Marg, near Mrudgandh Apartment, Survey No. 243.",RESTRICTED,fuzzy_candidate,85.5,needs_review,PAN_R_002 | PAN_R_001 | PAN_F_007,,not_reviewed,,4
L519dd6360567,Panchavati,िकाȌतक Îवामी मंदीर,िका तक वामी मंदीर,Kartik Swami Temple,LEGACY_SOURCE_ALIGNED,1,PAN_R_006,"Area near Kartik Swami Temple, Panchavati.",RESTRICTED,fuzzy_candidate,87.3,needs_review,PAN_R_006 | PAN_R_002 | PAN_F_027,,not_reviewed,,4
L850742c7ec40,Panchavati,"िनलिगरी बाग,",िनलिगरी बाग,"Nilgiri Baug, Aurangabad Road",LEGACY_SOURCE_ALIGNED,2,PAN_F_013,"Near Nilgiri Baug and the NMC housing scheme, Survey No. 270.",FREE,fuzzy_candidate,90.0,needs_review,PAN_F_013 | PAN_F_033 | PAN_F_019,,not_reviewed,,3
L39f91e39c6f6,Panchavati,"िनलिगरी बाग, औरगांबाद रोड",िनलिगरी बाग औरगांबाद रोड,"Nilgiri Baug, Aurangabad Road",LEGACY_SOURCE_ALIGNED,11,PAN_F_013,"Near Nilgiri Baug and the NMC housing scheme, Survey No. 270.",FREE,fuzzy_candidate,91.3,needs_review,PAN_F_013 | PAN_R_009 | PAN_F_038,,not_reviewed,,3
Ld5e17884a600,Panchavati,िनलिगरी बागेजवळ,िनलिगरी बागेजवळ,Near Nilgiri Baug,LEGACY_SOURCE_ALIGNED,2,PAN_F_013,"Near Nilgiri Baug and the NMC housing scheme, Survey No. 270.",FREE,unique_source_phrase,96.0,text_association,,,not_reviewed,,3
Lc7904b93d449,Panchavati,"िनलिगरीबाग,",िनलिगरीबाग,"Nilgiri Baug, Aurangabad Road",LEGACY_SOURCE_ALIGNED,1,PAN_F_013,"Near Nilgiri Baug and the NMC housing scheme, Survey No. 270.",FREE,fuzzy_candidate,81.0,needs_review,PAN_F_013 | PAN_R_010 | PAN_F_033,,not_reviewed,,3
L4cffc8c18aca,Panchavati,"िनलिगरीबाग, औरंगाबादरोड",िनलिगरीबाग औरंगाबादरोड,"Nilgiri Baug, Aurangabad Road",LEGACY_SOURCE_ALIGNED,1,PAN_F_013,"Near Nilgiri Baug and the NMC housing scheme, Survey No. 270.",FREE,explicit_location_alias,100.0,text_association,,,not_reviewed,,3
L98337202e281,Panchavati,"िरपेȋरगचामुंडा चौक, िहरावाडीरोड",िरपेिंरगचामुंडा चौक िहरावाडीरोड,Hirawadi Road,LEGACY_SOURCE_ALIGNED,1,PAN_F_018,Road from Chamunda Chowk on Hirawadi Road towards Prashant Dada Chowk.,FREE,fuzzy_candidate,85.5,needs_review,PAN_F_018 | PAN_F_008 | PAN_F_001,,not_reviewed,,3
Ld21b18e2520d,Panchavati,िरपेȋरगȋदडोरीरोड पाटाजवळ,िरपेिंरगदिंडोरीरोड पाटाजवळ,"Near the Canal, Dindori Road",LEGACY_SOURCE_ALIGNED,1,PAN_F_007,"Area near the water channel between Dindori Road and Peth Road, subject to final approval of the Irrigation Department.",FREE,fuzzy_candidate,81.8,needs_review,PAN_F_007 | PAN_F_009 | PAN_F_010,,not_reviewed,,3
L5b61d69a320d,Panchavati,िरपेȋरगपेडरोड पाटाजवळ,िरपेिंरगपेडरोड पाटाजवळ,,NOT_AVAILABLE,1,PAN_F_009,"Canal-side footpath space on Peth Road, subject to final approval of the Irrigation Department.",FREE,fuzzy_candidate,77.8,needs_review,PAN_F_009 | PAN_F_007 | PAN_F_013,,not_reviewed,,3
L211c86a744aa,Panchavati,िवĎीǛǉा लॉÂस´याबाजूला स.नं.3११,िव ी द्धा लॉ सच्याबाजूला स नं 311,"Beside Shraddha Lawns, Survey No. 311",LEGACY_SOURCE_ALIGNED,4,PAN_R_005,"Proposed hawkers-zone land at Survey No. 311 beside the Godavari River and Godavari slum, adjacent to the reserved garden, opposite and beside Shraddha Lawns.",RESTRICTED,fuzzy_candidate,91.8,needs_review,PAN_R_005 | PAN_R_002 | PAN_F_037,,not_reviewed,,4
L9012c4af4698,Panchavati,िवĎीआडगांव होळी चौक,िव ीआडगांव होळी चौक,"Holi Chowk, Adgaon",LEGACY_SOURCE_ALIGNED,1,PAN_F_001,Adgaon Holi Chowk.,FREE,fuzzy_candidate,88.2,needs_review,PAN_F_001 | PAN_F_034 | PAN_F_018,,not_reviewed,,3
Lda56d03c4113,Panchavati,िवĎीकाळाराम मंिदर,िव ीकाळाराम मंिदर,Kalaram Temple,LEGACY_SOURCE_ALIGNED,1,PAN_F_034,"NMC open space at Survey No. 295, opposite Shri Vishnudev Apartment, Takle Nagar.",FREE,fuzzy_candidate,85.5,needs_review,PAN_F_034 | PAN_F_027 | PAN_F_022,,not_reviewed,,4
L972b23be5594,Panchavati,िवĎीȋदडोरीरोड पाटाजवळ,िव ीदिंडोरीरोड पाटाजवळ,"Near the Canal, Dindori Road",LEGACY_SOURCE_ALIGNED,2,PAN_F_007,"Area near the water channel between Dindori Road and Peth Road, subject to final approval of the Irrigation Department.",FREE,fuzzy_candidate,90.0,needs_review,PAN_F_007 | PAN_F_034 | PAN_F_009,,not_reviewed,,3
L1f1e65179487,Panchavati,िवĎीपेडरोड पाटाजवळ,िव ीपेडरोड पाटाजवळ,"Near the Canal, Peth Road",LEGACY_SOURCE_ALIGNED,2,PAN_F_009,"Canal-side footpath space on Peth Road, subject to final approval of the Irrigation Department.",FREE,fuzzy_candidate,87.5,needs_review,PAN_F_009 | PAN_F_034 | PAN_F_007,,not_reviewed,,3
L5b01deedaacf,Panchavati,िसता गुंफा रोड,िसता गुंफा रोड,Sita Gufa Road,LEGACY_SOURCE_ALIGNED,9,PAN_F_028,Sita Gufa area.,FREE,explicit_location_alias,100.0,text_association,,,not_reviewed,,3
L61788d5178ff,Panchavati,िसतागुफा रोड,िसतागुफा रोड,Sita Gufa Road,LEGACY_SOURCE_ALIGNED,3,PAN_F_028,Sita Gufa area.,FREE,explicit_location_alias,100.0,text_association,,,not_reviewed,,3
L4e51549a8a0e,Panchavati,"िसिǉिवनायक मंिदराजवळ, िहरावाडी",िसिद्धिवनायक मंिदराजवळ िहरावाडी,"Near Siddhivinayak Temple, Hirawadi",LEGACY_SOURCE_ALIGNED,2,PAN_F_036,"Along the northern compound wall of Maasaheb Thackeray Stadium, Hirawadi Road.",FREE,fuzzy_candidate,85.5,needs_review,PAN_F_036 | PAN_F_035 | PAN_F_024,,not_reviewed,,4
Lde52508b4724,Satpur,अȎ±नशमन ȋभतीलगत,अ नशमन भिंतीलगत,Along the Fire Station Boundary,LEGACY_SOURCE_ALIGNED,15,SAT_F_024,"Along the garden compound wall opposite Omkar Palace, Dhruv Nagar.",FREE,fuzzy_candidate,85.5,needs_review,SAT_F_024 | SAT_F_020 | SAT_F_018,,not_reviewed,,8
Laf36504e0fc8,Satpur,अȎ±नशमन ȋभतीलगत अȎ±नशमन ȋभतीलगत,अ नशमन भिंतीलगत अ नशमन भिंतीलगत,Along the Fire Station Boundary,LEGACY_SOURCE_ALIGNED,1,SAT_F_024,"Along the garden compound wall opposite Omkar Palace, Dhruv Nagar.",FREE,fuzzy_candidate,66.1,needs_review,SAT_F_024 | SAT_F_020 | SAT_F_019,,not_reviewed,,8
L64f17ae722bb,Satpur,"अशोकनगर, भाजीमाकȃ ट",अशोकनगर भाजीमार्केट,Ashok Nagar Vegetable Market,LEGACY_SOURCE_ALIGNED,128,SAT_F_011,Ashok Nagar Vegetable Market.,FREE,explicit_location_alias,100.0,text_association,,,not_reviewed,,8
Laf6837a215c6,Satpur,अशोकनगर शेवटचा,अशोकनगर शेवटचा,"Last Bus Stop, Ashok Nagar",LEGACY_SOURCE_ALIGNED,1,SAT_R_002,Ashok Nagar last bus stop.,RESTRICTED,unique_source_phrase,96.0,text_association,,,not_reviewed,,8
L7e61cc815fc6,Satpur,अशोकनगर शेवटचा बसÎटॉप,अशोकनगर शेवटचा बस टॉप,"Last Bus Stop, Ashok Nagar",LEGACY_SOURCE_ALIGNED,48,SAT_R_002,Ashok Nagar last bus stop.,RESTRICTED,explicit_location_alias,100.0,text_association,,,not_reviewed,,8
L3d160ea02c91,Satpur,अशोकनगर शेवटचा बसÎटॉप बसÎटॉप,अशोकनगर शेवटचा बस टॉप बस टॉप,"Last Bus Stop, Ashok Nagar",LEGACY_SOURCE_ALIGNED,1,SAT_R_002,Ashok Nagar last bus stop.,RESTRICTED,fuzzy_candidate,95.0,needs_review,SAT_R_002 | SAT_F_010 | SAT_F_006,,not_reviewed,,8
L4c24aac4b922,Satpur,"अशोकनगरभाजीमाकȃ अशोकनगर, भाजीमाकट ट",अशोकनगरभाजीमार्के अशोकनगर भाजीमाकट ट,Ashok Nagar Vegetable Market,LEGACY_SOURCE_ALIGNED,1,SAT_R_002,Ashok Nagar last bus stop.,RESTRICTED,fuzzy_candidate,85.5,needs_review,SAT_R_002 | SAT_F_011 | SAT_F_010,,not_reviewed,,8
L80827aeea10f,Satpur,"आनंदवÊली,िरलायÂस आनदवÊली ,िरलायस पंपासमोर",आनंदव ली िरलाय स आनदव ली िरलायस पंपासमोर,"Opposite Reliance Petrol Pump, Anandvalli",LEGACY_SOURCE_ALIGNED,1,SAT_F_016,"Open space at Anandvalli, Pipeline Road, opposite Reliance Petrol Pump, Satpur.",FREE,fuzzy_candidate,85.5,needs_review,SAT_F_016 | SAT_F_008 | SAT_F_001,,not_reviewed,,8
Lb438a76e8cf3,Satpur,"आनंदवÊली ,िरलायÂस पंपासमोर",आनंदव ली िरलाय स पंपासमोर,"Opposite Reliance Petrol Pump, Anandvalli",LEGACY_SOURCE_ALIGNED,83,SAT_F_016,"Open space at Anandvalli, Pipeline Road, opposite Reliance Petrol Pump, Satpur.",FREE,explicit_location_alias,100.0,text_association,,,not_reviewed,,8
La93f1eb06849,Satpur,"आनंदवÊली ,िरलायÂस पंपासमोर पपासमोर",आनंदव ली िरलाय स पंपासमोर पपासमोर,"Opposite Reliance Petrol Pump, Anandvalli",LEGACY_SOURCE_ALIGNED,1,SAT_F_016,"Open space at Anandvalli, Pipeline Road, opposite Reliance Petrol Pump, Satpur.",FREE,fuzzy_candidate,86.2,needs_review,SAT_F_016 | SAT_F_007 | SAT_F_015,,not_reviewed,,8
Lc614c81db93e,Satpur,आय टी आय मागील पिरसर,आय टी आय मागील पिरसर,Area behind ITI,LEGACY_SOURCE_ALIGNED,76,SAT_F_001,"Area behind ITI, Londhe Marg, Satpur.",FREE,explicit_location_alias,100.0,text_association,,,not_reviewed,,8
Lf62cb8c90244,Satpur,"इंिदरा गांधी भाजी मंडई,सातपुरकॉलनी",इंिदरा गांधी भाजी मंडई सातपुरकॉलनी,"Indira Gandhi Vegetable Market, Satpur Colony",LEGACY_SOURCE_ALIGNED,32,SAT_F_009,"Indira Gandhi Vegetable Market, Satpur Colony.",FREE,explicit_location_alias,100.0,text_association,,,not_reviewed,,8
Lafa74f43855c,Satpur,"इंिदरा ि गांधी ी भाजी ी मंडई,सातपुरकॉलनी",इंिदरा ि गांधी ी भाजी ी मंडई सातपुरकॉलनी,"Indira Gandhi Vegetable Market, Satpur Colony",LEGACY_SOURCE_ALIGNED,1,SAT_F_009,"Indira Gandhi Vegetable Market, Satpur Colony.",FREE,fuzzy_candidate,91.9,needs_review,SAT_F_009 | SAT_F_016 | SAT_F_014,,not_reviewed,,8
L1a9e597aa412,Satpur,काब«न नाका ते Çहसोबा,कार्बन नाका ते हसोबा,Carbon Naka to Mhasoba Temple,LEGACY_SOURCE_ALIGNED,1,,,,candidate_only,0.0,needs_review,SAT_F_025 | SAT_R_001 | SAT_F_002,,not_reviewed,,
L125e9d481ce1,Satpur,काब«न नाका ते Çहसोबा मंदीर,कार्बन नाका ते हसोबा मंदीर,Carbon Naka to Mhasoba Temple,LEGACY_SOURCE_ALIGNED,131,,,,candidate_only,0.0,needs_review,SAT_F_018 | SAT_F_025 | SAT_F_010,,not_reviewed,,
L4ee76263f1f4,Satpur,काब«न नाका ते Çहसोबा मंदीर मदीर,कार्बन नाका ते हसोबा मंदीर मदीर,Carbon Naka to Mhasoba Temple,LEGACY_SOURCE_ALIGNED,1,,,,candidate_only,0.0,needs_review,SAT_F_015 | SAT_F_010 | SAT_F_025,,not_reviewed,,
L319d6566f7e3,Satpur,काब«ननाकातेÇहसोबा काबन नाका त हसोबा मंदीर,कार्बननाकाते हसोबा काबन नाका त हसोबा मंदीर,Carbon Naka to Mhasoba Temple,LEGACY_SOURCE_ALIGNED,1,,,,candidate_only,0.0,needs_review,SAT_F_015 | SAT_F_002 | SAT_F_018,,not_reviewed,,
Lda8424888f8a,Satpur,"कै.गो देशपांडे उदयानलगत, महा¾मानगर",कै गो देशपांडे उद्यानलगत महामानगर,"Beside Late G. Deshpande Garden, Mahatmanagar",LEGACY_SOURCE_ALIGNED,4,SAT_F_017,"Along the compound wall of Late G. Deshpande Garden, Mahatma Nagar.",FREE,fuzzy_candidate,85.7,needs_review,SAT_F_017 | SAT_F_025 | SAT_F_012,,not_reviewed,,8
L2eaf9c548bc7,Satpur,गंगापरगांवभाजीमाकȃ गगापुर गाव भाजी माकट ट,गंगापरगांवभाजीमार्के गगापुर गाव भाजी माकट ट,Gangapur Gaon Vegetable Market,LEGACY_SOURCE_ALIGNED,1,SAT_F_014,Gangapur Gaon Vegetable Market.,FREE,fuzzy_candidate,85.5,needs_review,SAT_F_014 | SAT_F_011 | SAT_F_012,,not_reviewed,,8
La5907b00bd11,Satpur,गंगापुर गांव भाजी माकȃ ट,गंगापुर गांव भाजी मार्केट,Gangapur Gaon Vegetable Market,LEGACY_SOURCE_ALIGNED,24,SAT_F_014,Gangapur Gaon Vegetable Market.,FREE,explicit_location_alias,100.0,text_association,,,not_reviewed,,8
L5664fd8ae3e3,Satpur,"गट नं 19, संजीवनगर, चंचाळे",गट नं 19 संजीवनगर चंचाळे,"Plot No. 19, Sanjiv Nagar, Chunchale",LEGACY_SOURCE_ALIGNED,55,SAT_F_022,"Gat No. 19, Sanjiv Nagar, Chunchale.",FREE,explicit_location_alias,100.0,text_association,,,not_reviewed,,8
L0de1dce34842,Satpur,छĝपती िशवाजी भाजी,छ पती िशवाजी भाजी,Chhatrapati Shivaji Vegetable Market,LEGACY_SOURCE_ALIGNED,1,SAT_F_013,"Chhatrapati Shivaji Vegetable Market, Shivaji Nagar (36 inside and 19 outside, as stated in the description).",FREE,fuzzy_candidate,90.0,needs_review,SAT_F_013 | SAT_F_004 | SAT_F_020,,not_reviewed,,8
Laa04681bced6,Satpur,छĝपती िशवाजी भाजी मंडई,छ पती िशवाजी भाजी मंडई,Chhatrapati Shivaji Vegetable Market,LEGACY_SOURCE_ALIGNED,257,SAT_F_004,"Chhatrapati Shivaji Vegetable Market, Satpur Gaon.",FREE,explicit_location_alias,100.0,text_association,,,not_reviewed,,8
L84ccb669be5c,Satpur,छĝपती िशवाजी भाजी मंडई ई,छ पती िशवाजी भाजी मंडई ई,Chhatrapati Shivaji Vegetable Market,LEGACY_SOURCE_ALIGNED,2,SAT_F_004,"Chhatrapati Shivaji Vegetable Market, Satpur Gaon.",FREE,fuzzy_candidate,95.7,needs_review,SAT_F_004 | SAT_F_020 | SAT_F_013,,not_reviewed,,8
Lfb5785d237f6,Satpur,"छĝपती िशवाजी भाजी माकȃ ि ट,िशवाजीनगर ी",छ पती िशवाजी भाजी मार्के ि ट िशवाजीनगर ी,"Chhatrapati Shivaji Vegetable Market, Shivaji Nagar",LEGACY_SOURCE_ALIGNED,1,SAT_F_013,"Chhatrapati Shivaji Vegetable Market, Shivaji Nagar (36 inside and 19 outside, as stated in the description).",FREE,fuzzy_candidate,93.3,needs_review,SAT_F_013 | SAT_F_016 | SAT_F_014,,not_reviewed,,8
L838192de3ff8,Satpur,"छĝपती िशवाजी भाजी माकȃ ट,िशवाजीनगर",छ पती िशवाजी भाजी मार्केट िशवाजीनगर,"Chhatrapati Shivaji Vegetable Market, Shivaji Nagar",LEGACY_SOURCE_ALIGNED,97,SAT_F_013,"Chhatrapati Shivaji Vegetable Market, Shivaji Nagar (36 inside and 19 outside, as stated in the description).",FREE,explicit_location_alias,100.0,text_association,,,not_reviewed,,8
Lb3f6e11dec6c,Satpur,"छĝपती िशवाजी माकȃ ट,िशवाजीनगर बाहेर",छ पती िशवाजी मार्केट िशवाजीनगर बाहेर,"Chhatrapati Shivaji Market, outside Shivaji Nagar",LEGACY_SOURCE_ALIGNED,5,SAT_R_001,Satpur Mutton Market Road.,RESTRICTED,fuzzy_candidate,85.5,needs_review,SAT_R_001 | SAT_F_013 | SAT_F_011,,not_reviewed,,8
L7eaf771af4c9,Satpur,छĝपती ीि िशवाजी ी भाजी ी मंडई,छ पती ीि िशवाजी ी भाजी ी मंडई,Chhatrapati Shivaji Vegetable Market,LEGACY_SOURCE_ALIGNED,2,SAT_F_004,"Chhatrapati Shivaji Vegetable Market, Satpur Gaon.",FREE,fuzzy_candidate,86.3,needs_review,SAT_F_004 | SAT_F_020 | SAT_F_016,,not_reviewed,,8
Lef6f3fb56ded,Satpur,"छĝपती ीि िशवाजी ी भाजी ी माकȃ ट,िशवाजीनगर",छ पती ीि िशवाजी ी भाजी ी मार्केट िशवाजीनगर,"Chhatrapati Shivaji Vegetable Market, Shivaji Nagar",LEGACY_SOURCE_ALIGNED,3,SAT_F_013,"Chhatrapati Shivaji Vegetable Market, Shivaji Nagar (36 inside and 19 outside, as stated in the description).",FREE,fuzzy_candidate,90.9,needs_review,SAT_F_013 | SAT_R_001 | SAT_F_016,,not_reviewed,,8
L063c87d9f87b,Satpur,छĝपतीिशवाजीभाजी छĝपती िशवाजी भाजी मंडई,छ पतीिशवाजीभाजी छ पती िशवाजी भाजी मंडई,Chhatrapati Shivaji Vegetable Market,LEGACY_SOURCE_ALIGNED,1,SAT_F_014,Gangapur Gaon Vegetable Market.,FREE,fuzzy_candidate,85.5,needs_review,SAT_F_014 | SAT_F_013 | SAT_F_011,,not_reviewed,,8
L129b909b5989,Satpur,"टापिरया टुÊस, एसटी",टापिरया टु स एसटी,"Taparia Tools, ST Bus Stand Area",LEGACY_SOURCE_ALIGNED,3,SAT_F_016,"Open space at Anandvalli, Pipeline Road, opposite Reliance Petrol Pump, Satpur.",FREE,fuzzy_candidate,85.5,needs_review,SAT_F_016 | SAT_F_008 | SAT_F_007,,not_reviewed,,8
L91a2d6bd6ae9,Satpur,"टापिरया टुÊस, एसटी बसÎथानक",टापिरया टु स एसटी बस थानक,"Taparia Tools, ST Bus Stand Area",LEGACY_SOURCE_ALIGNED,138,SAT_F_006,"Along the compound wall of Taparia Tools / ST Bus Stand, Satpur.",FREE,explicit_location_alias,100.0,text_association,,,not_reviewed,,8
L70546793aaaf,Satpur,"टापिरया ि टुÊस, एसटी ी बसÎथानक",टापिरया ि टु स एसटी ी बस थानक,"Taparia Tools, ST Bus Stand Area",LEGACY_SOURCE_ALIGNED,1,SAT_F_006,"Along the compound wall of Taparia Tools / ST Bus Stand, Satpur.",FREE,fuzzy_candidate,92.6,needs_review,SAT_F_006 | SAT_F_016 | SAT_F_010,,not_reviewed,,8
L72dfa8856242,Satpur,बसÎटॉप,बस टॉप,Along the Fire Station Boundary,LEGACY_SOURCE_ALIGNED,1,SAT_R_002,Ashok Nagar last bus stop.,RESTRICTED,fuzzy_candidate,90.0,needs_review,SAT_R_002 | SAT_F_006 | SAT_F_020,,not_reviewed,,8
L0ed6aecabe53,Satpur,बसÎथानक अȎ±नशमन ȋभतीलगत,बस थानक अ नशमन भिंतीलगत,Along the Fire Station Boundary,LEGACY_SOURCE_ALIGNED,1,SAT_F_024,"Along the garden compound wall opposite Omkar Palace, Dhruv Nagar.",FREE,fuzzy_candidate,85.5,needs_review,SAT_F_024 | SAT_F_020 | SAT_F_017,,not_reviewed,,8
Ld4a4b4f1ba54,Satpur,बसÎथानक सातपुर मटन माकȃ ट ȋभतीलगत,बस थानक सातपुर मटन मार्केट भिंतीलगत,Along the Boundary of Satpur Mutton Market,LEGACY_SOURCE_ALIGNED,2,SAT_F_005,"Along the Satpur Mutton Market compound wall, Satpur Gaon.",FREE,fuzzy_candidate,87.1,needs_review,SAT_F_005 | SAT_R_002 | SAT_R_001,,not_reviewed,,8
Lb66726c4fa0b,Satpur,ȋभतीलगत सातपुर मटन माकȃ ट ȋभतीलगत,भिंतीलगत सातपुर मटन मार्केट भिंतीलगत,Along the Boundary of Satpur Mutton Market,LEGACY_SOURCE_ALIGNED,1,SAT_F_005,"Along the Satpur Mutton Market compound wall, Satpur Gaon.",FREE,fuzzy_candidate,85.7,needs_review,SAT_F_005 | SAT_R_001 | SAT_F_019,,not_reviewed,,8
L8c6ff923a1c1,Satpur,मंडई सातपुर मटन माकȃ ट ȋभतीलगत,मंडई सातपुर मटन मार्केट भिंतीलगत,Along the Boundary of Satpur Mutton Market,LEGACY_SOURCE_ALIGNED,1,SAT_F_005,"Along the Satpur Mutton Market compound wall, Satpur Gaon.",FREE,fuzzy_candidate,91.5,needs_review,SAT_F_005 | SAT_F_013 | SAT_F_011,,not_reviewed,,8
L87b33d8dc87e,Satpur,मंदीर सातपुर मटन माकȃ ट ȋभतीलगत,मंदीर सातपुर मटन मार्केट भिंतीलगत,Along the Boundary of Satpur Mutton Market,LEGACY_SOURCE_ALIGNED,1,SAT_F_005,"Along the Satpur Mutton Market compound wall, Satpur Gaon.",FREE,fuzzy_candidate,90.0,needs_review,SAT_F_005 | SAT_R_001 | SAT_F_019,,not_reviewed,,8
Lb04811ea2042,Satpur,"महा¾मानगर, गणेश मंदीराजवळ",महामानगर गणेश मंदीराजवळ,"Ganesh Temple, Mahatmanagar",LEGACY_SOURCE_ALIGNED,21,SAT_F_025,"Mahatma Nagar, near Ganesh Temple, leaving the prescribed distance from the school.",FREE,explicit_location_alias,100.0,text_association,,,not_reviewed,,8
L72ac57610b92,Satpur,मायको दवाखाना ȋभतीलगत,मायको दवाखाना भिंतीलगत,Along the Boundary of MICO Hospital,LEGACY_SOURCE_ALIGNED,2,SAT_F_019,Along the MICO Hospital compound wall.,FREE,unique_source_phrase,96.0,text_association,,,not_reviewed,,8
L83743147e7dd,Satpur,माǗती मंदीराशेजारी सातपुरगांव,मारूती मंदीराशेजारी सातपुरगांव,"Beside Maruti Temple, Satpur Gaon",LEGACY_SOURCE_ALIGNED,3,SAT_F_021,"Beside Maruti Temple, Satpur Gaon.",FREE,explicit_location_alias,100.0,text_association,,,not_reviewed,,8
Ld45770a703e8,Satpur,Ġवनगर ओमकार पॅलेससमोर ȋभतीलगत,वनगर ओमकार पॅलेससमोर भिंतीलगत,Opposite Omkar Palace,LEGACY_SOURCE_ALIGNED,2,SAT_F_024,"Along the garden compound wall opposite Omkar Palace, Dhruv Nagar.",FREE,fuzzy_candidate,89.2,needs_review,SAT_F_024 | SAT_F_020 | SAT_F_018,,not_reviewed,,8
L1a642d1927ea,Satpur,साईबाबा मंदीर आनंद छाया अशोकनगर,साईबाबा मंदीर आनंद छाया अशोकनगर,"Sai Baba Temple, Anand Chhaya, Ashok Nagar",LEGACY_SOURCE_ALIGNED,19,SAT_F_010,"Sai Baba Temple, Anand Chhaya, Ashok Nagar, for sale of flowers and puja materials only.",FREE,explicit_location_alias,100.0,text_association,,,not_reviewed,,8
L09552c952741,Satpur,साईबाबा मंदीर आनंद छाया अशोकनगर ो,साईबाबा मंदीर आनंद छाया अशोकनगर ो,"Sai Baba Temple, Anand Chhaya, Ashok Nagar",LEGACY_SOURCE_ALIGNED,1,SAT_F_010,"Sai Baba Temple, Anand Chhaya, Ashok Nagar, for sale of flowers and puja materials only.",FREE,fuzzy_candidate,96.9,needs_review,SAT_F_010 | SAT_R_002 | SAT_F_011,,not_reviewed,,8
Lac24595acc18,Satpur,सातपरमटनमाकȃ सातपुर मटन माकट ट ȋभतीलगत,सातपरमटनमार्के सातपुर मटन माकट ट भिंतीलगत,Along the Boundary of Satpur Mutton Market,LEGACY_SOURCE_ALIGNED,1,SAT_R_001,Satpur Mutton Market Road.,RESTRICTED,fuzzy_candidate,85.5,needs_review,SAT_R_001 | SAT_F_019 | SAT_F_003,,not_reviewed,,8
L79d2d44787a0,Satpur,सातपुर मटन माकȃ ट,सातपुर मटन मार्केट,Along the Boundary of Satpur Mutton Market,LEGACY_SOURCE_ALIGNED,1,SAT_F_021,"Beside Maruti Temple, Satpur Gaon.",FREE,fuzzy_candidate,85.5,needs_review,SAT_F_021 | SAT_F_013 | SAT_F_012,,not_reviewed,,8
Lcb072862a55a,Satpur,सातपुर मटन माकȃ ट ȋभतीलगत,सातपुर मटन मार्केट भिंतीलगत,Along the Boundary of Satpur Mutton Market,LEGACY_SOURCE_ALIGNED,181,SAT_F_005,"Along the Satpur Mutton Market compound wall, Satpur Gaon.",FREE,explicit_location_alias,100.0,text_association,,,not_reviewed,,8
Ld41c6cd143a1,Satpur,सातपुर मटन माकȃ ट ȋभतीलगत ी,सातपुर मटन मार्केट भिंतीलगत ी,Along the Boundary of Satpur Mutton Market,LEGACY_SOURCE_ALIGNED,3,SAT_F_005,"Along the Satpur Mutton Market compound wall, Satpur Gaon.",FREE,fuzzy_candidate,96.4,needs_review,SAT_F_005 | SAT_F_020 | SAT_F_016,,not_reviewed,,8
L95e5340cc9f8,Satpur,सातपुर मटन माकȃ ट रोड,सातपुर मटन मार्केट रोड,Satpur Mutton Market Road,LEGACY_SOURCE_ALIGNED,9,SAT_R_001,Satpur Mutton Market Road.,RESTRICTED,fuzzy_candidate,95.5,needs_review,SAT_R_001 | SAT_F_016 | SAT_F_013,,not_reviewed,,8
L719b9b73a53c,Satpur,"सोमेÌवर धबधबा, सोमेÌवर",सोमे वर धबधबा सोमे वर,"Someshwar Waterfall, Someshwar",LEGACY_SOURCE_ALIGNED,5,SAT_F_015,"Someshwar Waterfall, Someshwar.",FREE,fuzzy_candidate,95.0,needs_review,SAT_F_015 | SAT_F_010 | SAT_F_020,,not_reviewed,,8
Lc20803a30217,Satpur,"सौभा±य लॉÂस,पपया नस«री ĝंबकरोड",सौभा य लॉ स पपया नसरी ंबकरोड,Saubhagya Lawns / Papaya Nursery Area,LEGACY_SOURCE_ALIGNED,9,SAT_F_016,"Open space at Anandvalli, Pipeline Road, opposite Reliance Petrol Pump, Satpur.",FREE,fuzzy_candidate,85.5,needs_review,SAT_F_016 | SAT_F_008 | SAT_F_007,,not_reviewed,,8
L02ef6593d3d5,Satpur,ȎËह¯टर गॅसिकट कंपनीलगत,हकटर गॅस्केट कंपनीलगत,Along Hunter Gasket Company,LEGACY_SOURCE_ALIGNED,22,SAT_F_003,Along the compound wall of Victor Gasket Company.,FREE,explicit_location_alias,100.0,text_association,,,not_reviewed,,8
L1b86837b85bd,Satpur,"Çहाडा कॉलनी,स.नं.105/2 चुंचाळे",हाडा कॉलनी स नं 105 2 चुंचाळे,"MHADA Colony, Survey No. 105/2, Chunchale",LEGACY_SOURCE_ALIGNED,48,SAT_F_007,"MHADA Colony, Housing and Area Development Board, Survey No. 105/2, Chunchale.",FREE,explicit_location_alias,100.0,text_association,,,not_reviewed,,8
L1bafb83776ef,Satpur,"Ǜिमकनगर भाजी माकȃ ट, केदारनगर",िमकनगर भाजी मार्केट केदारनगर,"Shramik Nagar Vegetable Market, Kedar Nagar",LEGACY_SOURCE_ALIGNED,28,SAT_F_012,"Shramik Nagar Vegetable Market, Kedar Nagar, Shramik Nagar.",FREE,unique_source_phrase,96.0,text_association,,,not_reviewed,,8
L0350946c83f8,Satpur,"Ǜिमकनगर भाजी ी माकȃ ट, केदारनगर",िमकनगर भाजी ी मार्केट केदारनगर,"Shramik Nagar Vegetable Market, Kedar Nagar",LEGACY_SOURCE_ALIGNED,1,SAT_F_012,"Shramik Nagar Vegetable Market, Kedar Nagar, Shramik Nagar.",FREE,fuzzy_candidate,95.0,needs_review,SAT_F_012 | SAT_F_016 | SAT_F_013,,not_reviewed,,8
