{
"type": "FeatureCollection",
"name": "commercial_model_points",
"crs": { "type": "name", "properties": { "name": "urn:ogc:def:crs:OGC:1.3:CRS84" } },
"features": [
{ "type": "Feature", "properties": { "osm_id": "13481159159", "name": "Maruti Suzuki", "feature_group": "commercial", "feature_type": "shop_car", "geometry_source": "point", "original_geometry_type": "Point" }, "geometry": { "type": "Point", "coordinates": [ 73.7428081, 19.9445018 ] } },
{ "type": "Feature", "properties": { "osm_id": "13481523152", "name": null, "feature_group": "commercial", "feature_type": "restaurant", "geometry_source": "point", "original_geometry_type": "Point" }, "geometry": { "type": "Point", "coordinates": [ 73.7354217, 19.9577516 ] } },
{ "type": "Feature", "properties": { "osm_id": "13475427773", "name": "Vighnaharta Enterprises", "feature_group": "commercial", "feature_type": "shop_hardware", "geometry_source": "point", "original_geometry_type": "Point" }, "geometry": { "type": "Point", "coordinates": [ 73.7349738, 19.9603547 ] } },
{ "type": "Feature", "properties": { "osm_id": "13475467141", "name": "New India Electricals", "feature_group": "commercial", "feature_type": "shop_electrical", "geometry_source": "point", "original_geometry_type": "Point" }, "geometry": { "type": "Point", "coordinates": [ 73.7349753, 19.9603988 ] } },
{ "type": "Feature", "properties": { "osm_id": "13546500262", "name": "Swaraj Amruttulya", "feature_group": "commercial", "feature_type": "cafe", "geometry_source": "point", "original_geometry_type": "Point" }, "geometry": { "type": "Point", "coordinates": [ 73.743481100000011, 19.9616533 ] } },
{ "type": "Feature", "properties": { "osm_id": "13546500335", "name": "A. S. Mobile Accessories and Spare Parts", "feature_group": "commercial", "feature_type": "shop_mobile_phone_accessories", "geometry_source": "point", "original_geometry_type": "Point" }, "geometry": { "type": "Point", "coordinates": [ 73.7447301, 19.9609135 ] } },
{ "type": "Feature", "properties": { "osm_id": "13546500333", "name": "New Vardhan Mobile", "feature_group": "commercial", "feature_type": "shop_mobile_phone", "geometry_source": "point", "original_geometry_type": "Point" }, "geometry": { "type": "Point", "coordinates": [ 73.7448169, 19.9609283 ] } },
{ "type": "Feature", "properties": { "osm_id": "13546500327", "name": "New Fresh Bakers", "feature_group": "commercial", "feature_type": "shop_bakery", "geometry_source": "point", "original_geometry_type": "Point" }, "geometry": { "type": "Point", "coordinates": [ 73.7450211, 19.9609405 ] } },
{ "type": "Feature", "properties": { "osm_id": "13546500328", "name": null, "feature_group": "commercial", "feature_type": "shop_mobile_phone_accessories", "geometry_source": "point", "original_geometry_type": "Point" }, "geometry": { "type": "Point", "coordinates": [ 73.7450049, 19.960943 ] } },
{ "type": "Feature", "properties": { "osm_id": "13546500331", "name": "Shuriya Amruttulya", "feature_group": "commercial", "feature_type": "cafe", "geometry_source": "point", "original_geometry_type": "Point" }, "geometry": { "type": "Point", "coordinates": [ 73.74492260000001, 19.9609462 ] } },
{ "type": "Feature", "properties": { "osm_id": "13546500329", "name": "Lakshmi Jewellers", "feature_group": "commercial", "feature_type": "shop_jewelry", "geometry_source": "point", "original_geometry_type": "Point" }, "geometry": { "type": "Point", "coordinates": [ 73.744981700000011, 19.9609611 ] } },
{ "type": "Feature", "properties": { "osm_id": "13546500330", "name": "Jay Dresses and Sarees", "feature_group": "commercial", "feature_type": "shop_clothes", "geometry_source": "point", "original_geometry_type": "Point" }, "geometry": { "type": "Point", "coordinates": [ 73.744955, 19.9609626 ] } },
{ "type": "Feature", "properties": { "osm_id": "13546500325", "name": "Kotkar Sales Corporation", "feature_group": "commercial", "feature_type": "shop_houseware", "geometry_source": "point", "original_geometry_type": "Point" }, "geometry": { "type": "Point", "coordinates": [ 73.7450732, 19.9609837 ] } },
{ "type": "Feature", "properties": { "osm_id": "13546500322", "name": "Sairaj Dhanya Bhadar", "feature_group": "commercial", "feature_type": "shop_yes", "geometry_source": "point", "original_geometry_type": "Point" }, "geometry": { "type": "Point", "coordinates": [ 73.7448284, 19.9611743 ] } },
{ "type": "Feature", "properties": { "osm_id": "13546500323", "name": "Devaj Hair Craft", "feature_group": "commercial", "feature_type": "shop_hairdresser", "geometry_source": "point", "original_geometry_type": "Point" }, "geometry": { "type": "Point", "coordinates": [ 73.744817, 19.9612125 ] } },
{ "type": "Feature", "properties": { "osm_id": "13546459194", "name": "Navkar Industries", "feature_group": "commercial", "feature_type": "shop_wholesale", "geometry_source": "point", "original_geometry_type": "Point" }, "geometry": { "type": "Point", "coordinates": [ 73.738573, 19.9629979 ] } },
{ "type": "Feature", "properties": { "osm_id": "13540932211", "name": "New Suman Hardware", "feature_group": "commercial", "feature_type": "shop_hardware", "geometry_source": "point", "original_geometry_type": "Point" }, "geometry": { "type": "Point", "coordinates": [ 73.7319605, 19.9637356 ] } },
{ "type": "Feature", "properties": { "osm_id": "13540932226", "name": "Datar Auto Battery", "feature_group": "commercial", "feature_type": "shop_car_parts", "geometry_source": "point", "original_geometry_type": "Point" }, "geometry": { "type": "Point", "coordinates": [ 73.7337671, 19.9640203 ] } },
{ "type": "Feature", "properties": { "osm_id": "13540932227", "name": "Praveen Kirana Wholesale and Retail", "feature_group": "commercial", "feature_type": "shop_general", "geometry_source": "point", "original_geometry_type": "Point" }, "geometry": { "type": "Point", "coordinates": [ 73.7337301, 19.9641074 ] } },
{ "type": "Feature", "properties": { "osm_id": "13540932233", "name": "Salasar Trading", "feature_group": "commercial", "feature_type": "shop_general", "geometry_source": "point", "original_geometry_type": "Point" }, "geometry": { "type": "Point", "coordinates": [ 73.7321066, 19.9660011 ] } },
{ "type": "Feature", "properties": { "osm_id": "13540932234", "name": "Shri Krushna Sweets", "feature_group": "commercial", "feature_type": "shop_confectionery", "geometry_source": "point", "original_geometry_type": "Point" }, "geometry": { "type": "Point", "coordinates": [ 73.732111, 19.9660797 ] } },
{ "type": "Feature", "properties": { "osm_id": "13540932235", "name": "Saiba Amruttulaya", "feature_group": "commercial", "feature_type": "cafe", "geometry_source": "point", "original_geometry_type": "Point" }, "geometry": { "type": "Point", "coordinates": [ 73.732097, 19.966124 ] } },
{ "type": "Feature", "properties": { "osm_id": "13541184967", "name": "R. P. Mobile", "feature_group": "commercial", "feature_type": "shop_mobile_phone", "geometry_source": "point", "original_geometry_type": "Point" }, "geometry": { "type": "Point", "coordinates": [ 73.7288102, 19.9687684 ] } },
{ "type": "Feature", "properties": { "osm_id": "13541184965", "name": "MH15 Collection and Mens Wear", "feature_group": "commercial", "feature_type": "shop_clothes", "geometry_source": "point", "original_geometry_type": "Point" }, "geometry": { "type": "Point", "coordinates": [ 73.7288132, 19.9688273 ] } },
{ "type": "Feature", "properties": { "osm_id": "13541184964", "name": "A S Collection", "feature_group": "commercial", "feature_type": "shop_clothes", "geometry_source": "point", "original_geometry_type": "Point" }, "geometry": { "type": "Point", "coordinates": [ 73.728815, 19.9688681 ] } },
{ "type": "Feature", "properties": { "osm_id": "13541184946", "name": "Mane Chinese Corner", "feature_group": "commercial", "feature_type": "restaurant", "geometry_source": "point", "original_geometry_type": "Point" }, "geometry": { "type": "Point", "coordinates": [ 73.7289353, 19.9689867 ] } },
{ "type": "Feature", "properties": { "osm_id": "13541184952", "name": "SS Mobile", "feature_group": "commercial", "feature_type": "shop_mobile_phone", "geometry_source": "point", "original_geometry_type": "Point" }, "geometry": { "type": "Point", "coordinates": [ 73.7288223, 19.9690421 ] } },
{ "type": "Feature", "properties": { "osm_id": "13541184962", "name": "Amol Kirana Stores", "feature_group": "commercial", "feature_type": "shop_general", "geometry_source": "point", "original_geometry_type": "Point" }, "geometry": { "type": "Point", "coordinates": [ 73.728883700000011, 19.9691678 ] } },
{ "type": "Feature", "properties": { "osm_id": "13541184963", "name": "Dhanya Bhandar", "feature_group": "commercial", "feature_type": "shop_general", "geometry_source": "point", "original_geometry_type": "Point" }, "geometry": { "type": "Point", "coordinates": [ 73.7288592, 19.9691691 ] } },
{ "type": "Feature", "properties": { "osm_id": "13541184976", "name": "Arman Traders", "feature_group": "commercial", "feature_type": "shop_general", "geometry_source": "point", "original_geometry_type": "Point" }, "geometry": { "type": "Point", "coordinates": [ 73.7285295, 19.9692229 ] } },
{ "type": "Feature", "properties": { "osm_id": "13541184931", "name": "New Mumbai Fashion Sale", "feature_group": "commercial", "feature_type": "shop_clothes", "geometry_source": "point", "original_geometry_type": "Point" }, "geometry": { "type": "Point", "coordinates": [ 73.7293717, 19.9694078 ] } },
{ "type": "Feature", "properties": { "osm_id": "13541184930", "name": "Bombay Collection", "feature_group": "commercial", "feature_type": "shop_clothes", "geometry_source": "point", "original_geometry_type": "Point" }, "geometry": { "type": "Point", "coordinates": [ 73.7293784, 19.9694747 ] } },
{ "type": "Feature", "properties": { "osm_id": "13541184929", "name": "Asif Traders Eggs and Chicken", "feature_group": "commercial", "feature_type": "shop_butcher", "geometry_source": "point", "original_geometry_type": "Point" }, "geometry": { "type": "Point", "coordinates": [ 73.7293824, 19.969526 ] } },
{ "type": "Feature", "properties": { "osm_id": "13541184928", "name": "Famous Collection", "feature_group": "commercial", "feature_type": "shop_clothes", "geometry_source": "point", "original_geometry_type": "Point" }, "geometry": { "type": "Point", "coordinates": [ 73.7293863, 19.9695806 ] } },
{ "type": "Feature", "properties": { "osm_id": "13541184926", "name": "Delhi Collection", "feature_group": "commercial", "feature_type": "shop_clothes", "geometry_source": "point", "original_geometry_type": "Point" }, "geometry": { "type": "Point", "coordinates": [ 73.7293942, 19.9696278 ] } },
{ "type": "Feature", "properties": { "osm_id": "13541184927", "name": "Rehan E-Services", "feature_group": "commercial", "feature_type": "shop_yes", "geometry_source": "point", "original_geometry_type": "Point" }, "geometry": { "type": "Point", "coordinates": [ 73.729393800000011, 19.9696827 ] } },
{ "type": "Feature", "properties": { "osm_id": "13541184925", "name": "Selection Collection", "feature_group": "commercial", "feature_type": "shop_clothes", "geometry_source": "point", "original_geometry_type": "Point" }, "geometry": { "type": "Point", "coordinates": [ 73.7293953, 19.9697264 ] } },
{ "type": "Feature", "properties": { "osm_id": "13541184924", "name": "Sarkar Men's Wear", "feature_group": "commercial", "feature_type": "shop_clothes", "geometry_source": "point", "original_geometry_type": "Point" }, "geometry": { "type": "Point", "coordinates": [ 73.7293963, 19.9697576 ] } },
{ "type": "Feature", "properties": { "osm_id": "13541162587", "name": "R. K. Mobile Shop", "feature_group": "commercial", "feature_type": "shop_mobile_phone_accessories", "geometry_source": "point", "original_geometry_type": "Point" }, "geometry": { "type": "Point", "coordinates": [ 73.7293879, 19.9697819 ] } },
{ "type": "Feature", "properties": { "osm_id": "13541162546", "name": "New Star Mobile", "feature_group": "commercial", "feature_type": "shop_mobile_phone", "geometry_source": "point", "original_geometry_type": "Point" }, "geometry": { "type": "Point", "coordinates": [ 73.7294829, 19.9698629 ] } },
{ "type": "Feature", "properties": { "osm_id": "13541162547", "name": "New Star Collection", "feature_group": "commercial", "feature_type": "shop_clothes", "geometry_source": "point", "original_geometry_type": "Point" }, "geometry": { "type": "Point", "coordinates": [ 73.7294248, 19.9698634 ] } },
{ "type": "Feature", "properties": { "osm_id": "13541185103", "name": "Golden Furniture", "feature_group": "commercial", "feature_type": "shop_furniture", "geometry_source": "point", "original_geometry_type": "Point" }, "geometry": { "type": "Point", "coordinates": [ 73.7296498, 19.9709577 ] } },
{ "type": "Feature", "properties": { "osm_id": "13541185104", "name": "New Asrar Kirana", "feature_group": "commercial", "feature_type": "shop_nuts;spices", "geometry_source": "point", "original_geometry_type": "Point" }, "geometry": { "type": "Point", "coordinates": [ 73.7300908, 19.9711774 ] } },
{ "type": "Feature", "properties": { "osm_id": "10049044827", "name": "Car Mall", "feature_group": "commercial", "feature_type": "shop_car", "geometry_source": "point", "original_geometry_type": "Point" }, "geometry": { "type": "Point", "coordinates": [ 73.7541832, 19.9515059 ] } },
{ "type": "Feature", "properties": { "osm_id": "13473608694", "name": "Moti Mahal", "feature_group": "commercial", "feature_type": "restaurant", "geometry_source": "point", "original_geometry_type": "Point" }, "geometry": { "type": "Point", "coordinates": [ 73.7556747, 19.9549858 ] } },
{ "type": "Feature", "properties": { "osm_id": "1672910617", "name": "Jitendra Motors Mahindra Showroom", "feature_group": "commercial", "feature_type": "shop_car", "geometry_source": "point", "original_geometry_type": "Point" }, "geometry": { "type": "Point", "coordinates": [ 73.7559064, 19.9552578 ] } },
{ "type": "Feature", "properties": { "osm_id": "13473908987", "name": "Jitendr Vihals MG", "feature_group": "commercial", "feature_type": "shop_car", "geometry_source": "point", "original_geometry_type": "Point" }, "geometry": { "type": "Point", "coordinates": [ 73.7562389, 19.9555485 ] } },
{ "type": "Feature", "properties": { "osm_id": "13482236516", "name": "Hotel Santosh Café", "feature_group": "commercial", "feature_type": "restaurant", "geometry_source": "point", "original_geometry_type": "Point" }, "geometry": { "type": "Point", "coordinates": [ 73.7579841, 19.9560666 ] } },
{ "type": "Feature", "properties": { "osm_id": "13473908984", "name": "Rushabh Honda", "feature_group": "commercial", "feature_type": "shop_car", "geometry_source": "point", "original_geometry_type": "Point" }, "geometry": { "type": "Point", "coordinates": [ 73.7570143, 19.9562985 ] } },
{ "type": "Feature", "properties": { "osm_id": "4578690190", "name": null, "feature_group": "commercial", "feature_type": "shop_electronics", "geometry_source": "point", "original_geometry_type": "Point" }, "geometry": { "type": "Point", "coordinates": [ 73.7528707, 19.9592747 ] } },
{ "type": "Feature", "properties": { "osm_id": "6561944797", "name": "SIOM Nashik", "feature_group": "commercial", "feature_type": "office_educational_institution", "geometry_source": "point", "original_geometry_type": "Point" }, "geometry": { "type": "Point", "coordinates": [ 73.7552907, 19.9601385 ] } },
{ "type": "Feature", "properties": { "osm_id": "13546500336", "name": "Matoshri Dhanya and Kirana", "feature_group": "commercial", "feature_type": "shop_general", "geometry_source": "point", "original_geometry_type": "Point" }, "geometry": { "type": "Point", "coordinates": [ 73.7446457, 19.9609101 ] } },
{ "type": "Feature", "properties": { "osm_id": "13232288676", "name": "The SSK World Club", "feature_group": "commercial", "feature_type": "restaurant", "geometry_source": "point", "original_geometry_type": "Point" }, "geometry": { "type": "Point", "coordinates": [ 73.76446030000001, 19.9335176 ] } },
{ "type": "Feature", "properties": { "osm_id": "13592973542", "name": "MR.DIY", "feature_group": "commercial", "feature_type": "shop_doityourself", "geometry_source": "point", "original_geometry_type": "Point" }, "geometry": { "type": "Point", "coordinates": [ 73.7715964, 19.9483652 ] } },
{ "type": "Feature", "properties": { "osm_id": "13592973599", "name": "Burger King", "feature_group": "commercial", "feature_type": "fast_food", "geometry_source": "point", "original_geometry_type": "Point" }, "geometry": { "type": "Point", "coordinates": [ 73.77021640000001, 19.9501013 ] } },
{ "type": "Feature", "properties": { "osm_id": "13592979812", "name": "Reliance Digital", "feature_group": "commercial", "feature_type": "shop_electronics", "geometry_source": "point", "original_geometry_type": "Point" }, "geometry": { "type": "Point", "coordinates": [ 73.76405290000001, 19.9545544 ] } },
{ "type": "Feature", "properties": { "osm_id": "13482222700", "name": "KFC", "feature_group": "commercial", "feature_type": "fast_food", "geometry_source": "point", "original_geometry_type": "Point" }, "geometry": { "type": "Point", "coordinates": [ 73.758111, 19.9561522 ] } },
{ "type": "Feature", "properties": { "osm_id": "13480993300", "name": null, "feature_group": "commercial", "feature_type": "restaurant", "geometry_source": "point", "original_geometry_type": "Point" }, "geometry": { "type": "Point", "coordinates": [ 73.758958, 19.9561989 ] } },
{ "type": "Feature", "properties": { "osm_id": "13482222651", "name": "McDonald's", "feature_group": "commercial", "feature_type": "fast_food", "geometry_source": "point", "original_geometry_type": "Point" }, "geometry": { "type": "Point", "coordinates": [ 73.758925, 19.9566385 ] } },
{ "type": "Feature", "properties": { "osm_id": "1672909422", "name": "Wasan Toyota  Showroom", "feature_group": "commercial", "feature_type": "shop_car", "geometry_source": "point", "original_geometry_type": "Point" }, "geometry": { "type": "Point", "coordinates": [ 73.7607718, 19.9578649 ] } },
{ "type": "Feature", "properties": { "osm_id": "13482222671", "name": "Shivsagar", "feature_group": "commercial", "feature_type": "restaurant", "geometry_source": "point", "original_geometry_type": "Point" }, "geometry": { "type": "Point", "coordinates": [ 73.7591283, 19.9578703 ] } },
{ "type": "Feature", "properties": { "osm_id": "8804996274", "name": "Diamond And Gems Business", "feature_group": "commercial", "feature_type": "shop_jewelry", "geometry_source": "point", "original_geometry_type": "Point" }, "geometry": { "type": "Point", "coordinates": [ 73.7642893, 19.9610558 ] } },
{ "type": "Feature", "properties": { "osm_id": "13477059851", "name": "Kaka Ka Dhaba", "feature_group": "commercial", "feature_type": "restaurant", "geometry_source": "point", "original_geometry_type": "Point" }, "geometry": { "type": "Point", "coordinates": [ 73.7747318, 19.9731326 ] } },
{ "type": "Feature", "properties": { "osm_id": "13477059852", "name": "Hari Om Dhaba", "feature_group": "commercial", "feature_type": "restaurant", "geometry_source": "point", "original_geometry_type": "Point" }, "geometry": { "type": "Point", "coordinates": [ 73.7762954, 19.9748688 ] } },
{ "type": "Feature", "properties": { "osm_id": "7852745762", "name": "Samradni Caterers", "feature_group": "commercial", "feature_type": "restaurant", "geometry_source": "point", "original_geometry_type": "Point" }, "geometry": { "type": "Point", "coordinates": [ 73.7831107, 19.9804076 ] } },
{ "type": "Feature", "properties": { "osm_id": "3053930416", "name": "Sagar Sweets", "feature_group": "commercial", "feature_type": "shop_confectionery", "geometry_source": "point", "original_geometry_type": "Point" }, "geometry": { "type": "Point", "coordinates": [ 73.7767377, 19.9819289 ] } },
{ "type": "Feature", "properties": { "osm_id": "1672906890", "name": "Mehfil", "feature_group": "commercial", "feature_type": "restaurant", "geometry_source": "point", "original_geometry_type": "Point" }, "geometry": { "type": "Point", "coordinates": [ 73.7814745, 19.9824965 ] } },
{ "type": "Feature", "properties": { "osm_id": "1671939797", "name": "Mahindra First Choice", "feature_group": "commercial", "feature_type": "shop_car", "geometry_source": "point", "original_geometry_type": "Point" }, "geometry": { "type": "Point", "coordinates": [ 73.7820494, 19.9830524 ] } },
{ "type": "Feature", "properties": { "osm_id": "3053872459", "name": "Chool", "feature_group": "commercial", "feature_type": "restaurant", "geometry_source": "point", "original_geometry_type": "Point" }, "geometry": { "type": "Point", "coordinates": [ 73.785112500000011, 19.9867908 ] } },
{ "type": "Feature", "properties": { "osm_id": "1671934808", "name": "Tandoor Junction", "feature_group": "commercial", "feature_type": "restaurant", "geometry_source": "point", "original_geometry_type": "Point" }, "geometry": { "type": "Point", "coordinates": [ 73.7838415, 19.9877237 ] } },
{ "type": "Feature", "properties": { "osm_id": "1671934811", "name": "Wasan Automobiles", "feature_group": "commercial", "feature_type": "shop_car", "geometry_source": "point", "original_geometry_type": "Point" }, "geometry": { "type": "Point", "coordinates": [ 73.784954, 19.9879351 ] } },
{ "type": "Feature", "properties": { "osm_id": "11068495190", "name": "Ashoka Buildcon Limited", "feature_group": "commercial", "feature_type": "office_company", "geometry_source": "point", "original_geometry_type": "Point" }, "geometry": { "type": "Point", "coordinates": [ 73.7980867, 19.9811355 ] } },
{ "type": "Feature", "properties": { "osm_id": "1671917243", "name": "Maruti Service Centre", "feature_group": "commercial", "feature_type": "shop_car_repair", "geometry_source": "point", "original_geometry_type": "Point" }, "geometry": { "type": "Point", "coordinates": [ 73.800868, 19.996837 ] } },
{ "type": "Feature", "properties": { "osm_id": "4849889225", "name": null, "feature_group": "commercial", "feature_type": "restaurant", "geometry_source": "point", "original_geometry_type": "Point" }, "geometry": { "type": "Point", "coordinates": [ 73.7904885, 19.9968745 ] } },
{ "type": "Feature", "properties": { "osm_id": "4849868124", "name": "Cafe Coffee Day", "feature_group": "commercial", "feature_type": "cafe", "geometry_source": "point", "original_geometry_type": "Point" }, "geometry": { "type": "Point", "coordinates": [ 73.7901665, 19.9975997 ] } },
{ "type": "Feature", "properties": { "osm_id": "4491604893", "name": null, "feature_group": "commercial", "feature_type": "shop_car_repair", "geometry_source": "point", "original_geometry_type": "Point" }, "geometry": { "type": "Point", "coordinates": [ 73.7863919, 20.0004993 ] } },
{ "type": "Feature", "properties": { "osm_id": "11499577041", "name": "Budha Halwai Jilebiwale", "feature_group": "commercial", "feature_type": "shop_dairy", "geometry_source": "point", "original_geometry_type": "Point" }, "geometry": { "type": "Point", "coordinates": [ 73.7921191, 20.0019169 ] } },
{ "type": "Feature", "properties": { "osm_id": "11499553955", "name": "Budha Halwai", "feature_group": "commercial", "feature_type": "shop_dairy", "geometry_source": "point", "original_geometry_type": "Point" }, "geometry": { "type": "Point", "coordinates": [ 73.7920761, 20.001967 ] } },
{ "type": "Feature", "properties": { "osm_id": "4846713523", "name": null, "feature_group": "commercial", "feature_type": "shop_clothes", "geometry_source": "point", "original_geometry_type": "Point" }, "geometry": { "type": "Point", "coordinates": [ 73.7897084, 20.0039763 ] } },
{ "type": "Feature", "properties": { "osm_id": "4846718927", "name": null, "feature_group": "commercial", "feature_type": "fast_food", "geometry_source": "point", "original_geometry_type": "Point" }, "geometry": { "type": "Point", "coordinates": [ 73.7889136, 20.0040962 ] } },
{ "type": "Feature", "properties": { "osm_id": "4846719023", "name": null, "feature_group": "commercial", "feature_type": "office_telecommunication", "geometry_source": "point", "original_geometry_type": "Point" }, "geometry": { "type": "Point", "coordinates": [ 73.786157, 20.0042916 ] } },
{ "type": "Feature", "properties": { "osm_id": "1671934805", "name": "Mainland China", "feature_group": "commercial", "feature_type": "restaurant", "geometry_source": "point", "original_geometry_type": "Point" }, "geometry": { "type": "Point", "coordinates": [ 73.7852048, 19.9880328 ] } },
{ "type": "Feature", "properties": { "osm_id": "11499333844", "name": "Namaste Nashik", "feature_group": "commercial", "feature_type": "restaurant", "geometry_source": "point", "original_geometry_type": "Point" }, "geometry": { "type": "Point", "coordinates": [ 73.7590081, 19.9909332 ] } },
{ "type": "Feature", "properties": { "osm_id": "4849889624", "name": "Honda", "feature_group": "commercial", "feature_type": "shop_car", "geometry_source": "point", "original_geometry_type": "Point" }, "geometry": { "type": "Point", "coordinates": [ 73.7806729, 19.9967643 ] } },
{ "type": "Feature", "properties": { "osm_id": "11373708101", "name": null, "feature_group": "commercial", "feature_type": "cafe", "geometry_source": "point", "original_geometry_type": "Point" }, "geometry": { "type": "Point", "coordinates": [ 73.7816149, 19.9991217 ] } },
{ "type": "Feature", "properties": { "osm_id": "7293962000", "name": "Gokhale Educational Institution", "feature_group": "commercial", "feature_type": "office_educational_institution", "geometry_source": "point", "original_geometry_type": "Point" }, "geometry": { "type": "Point", "coordinates": [ 73.7621244, 20.0037971 ] } },
{ "type": "Feature", "properties": { "osm_id": "7293955273", "name": "Javed Habib Hair and Beauty Salon", "feature_group": "commercial", "feature_type": "shop_beauty", "geometry_source": "point", "original_geometry_type": "Point" }, "geometry": { "type": "Point", "coordinates": [ 73.7680796, 20.0039477 ] } },
{ "type": "Feature", "properties": { "osm_id": "7293955238", "name": "Sagar Sweets", "feature_group": "commercial", "feature_type": "shop_confectionery", "geometry_source": "point", "original_geometry_type": "Point" }, "geometry": { "type": "Point", "coordinates": [ 73.7694355, 20.0041745 ] } },
{ "type": "Feature", "properties": { "osm_id": "5082012070", "name": "Kopa Kabana's", "feature_group": "commercial", "feature_type": "restaurant", "geometry_source": "point", "original_geometry_type": "Point" }, "geometry": { "type": "Point", "coordinates": [ 73.7759074, 20.0046656 ] } },
{ "type": "Feature", "properties": { "osm_id": "4846718926", "name": "Annapurna", "feature_group": "commercial", "feature_type": "restaurant", "geometry_source": "point", "original_geometry_type": "Point" }, "geometry": { "type": "Point", "coordinates": [ 73.7852136, 20.0047207 ] } },
{ "type": "Feature", "properties": { "osm_id": "4846719221", "name": null, "feature_group": "commercial", "feature_type": "shop_confectionery", "geometry_source": "point", "original_geometry_type": "Point" }, "geometry": { "type": "Point", "coordinates": [ 73.7845887, 20.0047283 ] } },
{ "type": "Feature", "properties": { "osm_id": "4846713529", "name": null, "feature_group": "commercial", "feature_type": "fast_food", "geometry_source": "point", "original_geometry_type": "Point" }, "geometry": { "type": "Point", "coordinates": [ 73.7867966, 20.0043359 ] } },
{ "type": "Feature", "properties": { "osm_id": "3318699534", "name": "Kulkarni's Pav Bhaji", "feature_group": "commercial", "feature_type": "restaurant", "geometry_source": "point", "original_geometry_type": "Point" }, "geometry": { "type": "Point", "coordinates": [ 73.7861653, 20.0044517 ] } },
{ "type": "Feature", "properties": { "osm_id": "3318873509", "name": "Raj Medical", "feature_group": "commercial", "feature_type": "shop_medical_supply", "geometry_source": "point", "original_geometry_type": "Point" }, "geometry": { "type": "Point", "coordinates": [ 73.7869881, 20.0045172 ] } },
{ "type": "Feature", "properties": { "osm_id": "4846718924", "name": null, "feature_group": "commercial", "feature_type": "office_telecommunication", "geometry_source": "point", "original_geometry_type": "Point" }, "geometry": { "type": "Point", "coordinates": [ 73.7858246, 20.004621 ] } },
{ "type": "Feature", "properties": { "osm_id": "4846718923", "name": null, "feature_group": "commercial", "feature_type": "shop_florist", "geometry_source": "point", "original_geometry_type": "Point" }, "geometry": { "type": "Point", "coordinates": [ 73.7904032, 20.0046976 ] } },
{ "type": "Feature", "properties": { "osm_id": "4849889222", "name": null, "feature_group": "commercial", "feature_type": "shop_mobile_phone", "geometry_source": "point", "original_geometry_type": "Point" }, "geometry": { "type": "Point", "coordinates": [ 73.786121, 20.0048517 ] } },
{ "type": "Feature", "properties": { "osm_id": "4849889621", "name": null, "feature_group": "commercial", "feature_type": "shop_mobile_phone", "geometry_source": "point", "original_geometry_type": "Point" }, "geometry": { "type": "Point", "coordinates": [ 73.7859765, 20.0048893 ] } },
{ "type": "Feature", "properties": { "osm_id": "4849868122", "name": null, "feature_group": "commercial", "feature_type": "shop_mobile_phone", "geometry_source": "point", "original_geometry_type": "Point" }, "geometry": { "type": "Point", "coordinates": [ 73.7861302, 20.0051064 ] } },
{ "type": "Feature", "properties": { "osm_id": "4846718928", "name": null, "feature_group": "commercial", "feature_type": "shop_mobile_phone", "geometry_source": "point", "original_geometry_type": "Point" }, "geometry": { "type": "Point", "coordinates": [ 73.7859642, 20.0051488 ] } },
{ "type": "Feature", "properties": { "osm_id": "4846713528", "name": null, "feature_group": "commercial", "feature_type": "shop_florist", "geometry_source": "point", "original_geometry_type": "Point" }, "geometry": { "type": "Point", "coordinates": [ 73.7904246, 20.0051701 ] } },
{ "type": "Feature", "properties": { "osm_id": "4846718925", "name": null, "feature_group": "commercial", "feature_type": "shop_confectionery", "geometry_source": "point", "original_geometry_type": "Point" }, "geometry": { "type": "Point", "coordinates": [ 73.7852869, 20.0047535 ] } },
{ "type": "Feature", "properties": { "osm_id": "4846713532", "name": null, "feature_group": "commercial", "feature_type": "restaurant", "geometry_source": "point", "original_geometry_type": "Point" }, "geometry": { "type": "Point", "coordinates": [ 73.7838688, 20.0048184 ] } },
{ "type": "Feature", "properties": { "osm_id": "4846713531", "name": null, "feature_group": "commercial", "feature_type": "restaurant", "geometry_source": "point", "original_geometry_type": "Point" }, "geometry": { "type": "Point", "coordinates": [ 73.7839378, 20.0049477 ] } },
{ "type": "Feature", "properties": { "osm_id": "9200947029", "name": "Serene Yard", "feature_group": "commercial", "feature_type": "restaurant", "geometry_source": "point", "original_geometry_type": "Point" }, "geometry": { "type": "Point", "coordinates": [ 73.7644419, 20.0052704 ] } },
{ "type": "Feature", "properties": { "osm_id": "3571603193", "name": "Big Bazzar", "feature_group": "commercial", "feature_type": "mall", "geometry_source": "point", "original_geometry_type": "Point" }, "geometry": { "type": "Point", "coordinates": [ 73.7662921, 20.0053325 ] } },
{ "type": "Feature", "properties": { "osm_id": "4846719024", "name": null, "feature_group": "commercial", "feature_type": "shop_bakery", "geometry_source": "point", "original_geometry_type": "Point" }, "geometry": { "type": "Point", "coordinates": [ 73.7840163, 20.0053846 ] } },
{ "type": "Feature", "properties": { "osm_id": "4846713533", "name": null, "feature_group": "commercial", "feature_type": "shop_bakery", "geometry_source": "point", "original_geometry_type": "Point" }, "geometry": { "type": "Point", "coordinates": [ 73.7844556, 20.0055578 ] } },
{ "type": "Feature", "properties": { "osm_id": "2528526766", "name": "McDonald's", "feature_group": "commercial", "feature_type": "fast_food", "geometry_source": "point", "original_geometry_type": "Point" }, "geometry": { "type": "Point", "coordinates": [ 73.7663804, 20.0056644 ] } },
{ "type": "Feature", "properties": { "osm_id": "4846713534", "name": null, "feature_group": "commercial", "feature_type": "shop_bakery", "geometry_source": "point", "original_geometry_type": "Point" }, "geometry": { "type": "Point", "coordinates": [ 73.7845626, 20.0058046 ] } },
{ "type": "Feature", "properties": { "osm_id": "3640271040", "name": "Tuljai Misal", "feature_group": "commercial", "feature_type": "fast_food", "geometry_source": "point", "original_geometry_type": "Point" }, "geometry": { "type": "Point", "coordinates": [ 73.7634599, 20.0061588 ] } },
{ "type": "Feature", "properties": { "osm_id": "4846719026", "name": null, "feature_group": "commercial", "feature_type": "restaurant", "geometry_source": "point", "original_geometry_type": "Point" }, "geometry": { "type": "Point", "coordinates": [ 73.7859824, 20.0053012 ] } },
{ "type": "Feature", "properties": { "osm_id": "4849889224", "name": null, "feature_group": "commercial", "feature_type": "restaurant", "geometry_source": "point", "original_geometry_type": "Point" }, "geometry": { "type": "Point", "coordinates": [ 73.7859489, 20.0053841 ] } },
{ "type": "Feature", "properties": { "osm_id": "4846713524", "name": null, "feature_group": "commercial", "feature_type": "shop_jewelry", "geometry_source": "point", "original_geometry_type": "Point" }, "geometry": { "type": "Point", "coordinates": [ 73.7910724, 20.0055237 ] } },
{ "type": "Feature", "properties": { "osm_id": "3051908582", "name": "Kapad Bazaar", "feature_group": "commercial", "feature_type": "marketplace", "geometry_source": "point", "original_geometry_type": "Point" }, "geometry": { "type": "Point", "coordinates": [ 73.7914729, 20.0055509 ] } },
{ "type": "Feature", "properties": { "osm_id": "4846713525", "name": null, "feature_group": "commercial", "feature_type": "fast_food", "geometry_source": "point", "original_geometry_type": "Point" }, "geometry": { "type": "Point", "coordinates": [ 73.7920578, 20.0056134 ] } },
{ "type": "Feature", "properties": { "osm_id": "4846713526", "name": null, "feature_group": "commercial", "feature_type": "shop_bakery", "geometry_source": "point", "original_geometry_type": "Point" }, "geometry": { "type": "Point", "coordinates": [ 73.7925848, 20.005617 ] } },
{ "type": "Feature", "properties": { "osm_id": "4849889223", "name": null, "feature_group": "commercial", "feature_type": "restaurant", "geometry_source": "point", "original_geometry_type": "Point" }, "geometry": { "type": "Point", "coordinates": [ 73.7859773, 20.0056334 ] } },
{ "type": "Feature", "properties": { "osm_id": "4846718921", "name": null, "feature_group": "commercial", "feature_type": "restaurant", "geometry_source": "point", "original_geometry_type": "Point" }, "geometry": { "type": "Point", "coordinates": [ 73.7935968, 20.005755 ] } },
{ "type": "Feature", "properties": { "osm_id": "3051908583", "name": "Bohar Patti", "feature_group": "commercial", "feature_type": "marketplace", "geometry_source": "point", "original_geometry_type": "Point" }, "geometry": { "type": "Point", "coordinates": [ 73.7901668, 20.0057557 ] } },
{ "type": "Feature", "properties": { "osm_id": "4846719022", "name": null, "feature_group": "commercial", "feature_type": "office_telecommunication", "geometry_source": "point", "original_geometry_type": "Point" }, "geometry": { "type": "Point", "coordinates": [ 73.7879965, 20.0057889 ] } },
{ "type": "Feature", "properties": { "osm_id": "8467980043", "name": "Tigtag Mens Clothing", "feature_group": "commercial", "feature_type": "shop_clothes", "geometry_source": "point", "original_geometry_type": "Point" }, "geometry": { "type": "Point", "coordinates": [ 73.75435490000001, 20.0045504 ] } },
{ "type": "Feature", "properties": { "osm_id": "4675688891", "name": null, "feature_group": "commercial", "feature_type": "cafe", "geometry_source": "point", "original_geometry_type": "Point" }, "geometry": { "type": "Point", "coordinates": [ 73.755073, 20.0078206 ] } },
{ "type": "Feature", "properties": { "osm_id": "2298723584", "name": "Domino's", "feature_group": "commercial", "feature_type": "fast_food", "geometry_source": "point", "original_geometry_type": "Point" }, "geometry": { "type": "Point", "coordinates": [ 73.7577718, 20.0080393 ] } },
{ "type": "Feature", "properties": { "osm_id": "8272902013", "name": "Trendz Digital - Digital Marketing Institute and Agency", "feature_group": "commercial", "feature_type": "office_educational_institution", "geometry_source": "point", "original_geometry_type": "Point" }, "geometry": { "type": "Point", "coordinates": [ 73.756051, 20.0085149 ] } },
{ "type": "Feature", "properties": { "osm_id": "8010756531", "name": "Luscious Layers", "feature_group": "commercial", "feature_type": "restaurant", "geometry_source": "point", "original_geometry_type": "Point" }, "geometry": { "type": "Point", "coordinates": [ 73.7575453, 20.009121 ] } },
{ "type": "Feature", "properties": { "osm_id": "4676996792", "name": null, "feature_group": "commercial", "feature_type": "restaurant", "geometry_source": "point", "original_geometry_type": "Point" }, "geometry": { "type": "Point", "coordinates": [ 73.7553942, 20.0091806 ] } },
{ "type": "Feature", "properties": { "osm_id": "14067933101", "name": "Nashik Lunch Home", "feature_group": "commercial", "feature_type": "restaurant", "geometry_source": "point", "original_geometry_type": "Point" }, "geometry": { "type": "Point", "coordinates": [ 73.7449626, 20.0104055 ] } },
{ "type": "Feature", "properties": { "osm_id": "11215110075", "name": "Amma’s Tiffin", "feature_group": "commercial", "feature_type": "restaurant", "geometry_source": "point", "original_geometry_type": "Point" }, "geometry": { "type": "Point", "coordinates": [ 73.7580042, 20.0104262 ] } },
{ "type": "Feature", "properties": { "osm_id": "11215110074", "name": "The Liquor Embassy", "feature_group": "commercial", "feature_type": "shop_wine", "geometry_source": "point", "original_geometry_type": "Point" }, "geometry": { "type": "Point", "coordinates": [ 73.7579132, 20.0104669 ] } },
{ "type": "Feature", "properties": { "osm_id": "11915140408", "name": "Vishal Electricals", "feature_group": "commercial", "feature_type": "shop_electrical", "geometry_source": "point", "original_geometry_type": "Point" }, "geometry": { "type": "Point", "coordinates": [ 73.7578805, 20.0105527 ] } },
{ "type": "Feature", "properties": { "osm_id": "3640271042", "name": "Campus Choice Bakers", "feature_group": "commercial", "feature_type": "cafe", "geometry_source": "point", "original_geometry_type": "Point" }, "geometry": { "type": "Point", "coordinates": [ 73.762562100000011, 20.0061739 ] } },
{ "type": "Feature", "properties": { "osm_id": "3640271041", "name": "Cafe Xpress", "feature_group": "commercial", "feature_type": "cafe", "geometry_source": "point", "original_geometry_type": "Point" }, "geometry": { "type": "Point", "coordinates": [ 73.7625201, 20.0061802 ] } },
{ "type": "Feature", "properties": { "osm_id": "4846713535", "name": null, "feature_group": "commercial", "feature_type": "fast_food", "geometry_source": "point", "original_geometry_type": "Point" }, "geometry": { "type": "Point", "coordinates": [ 73.7845743, 20.0063024 ] } },
{ "type": "Feature", "properties": { "osm_id": "3640271039", "name": "Viju's Dabeli & Pizza", "feature_group": "commercial", "feature_type": "restaurant", "geometry_source": "point", "original_geometry_type": "Point" }, "geometry": { "type": "Point", "coordinates": [ 73.7635071, 20.0063834 ] } },
{ "type": "Feature", "properties": { "osm_id": "4849889321", "name": null, "feature_group": "commercial", "feature_type": "shop_beverages", "geometry_source": "point", "original_geometry_type": "Point" }, "geometry": { "type": "Point", "coordinates": [ 73.7853731, 20.0065991 ] } },
{ "type": "Feature", "properties": { "osm_id": "4849889221", "name": null, "feature_group": "commercial", "feature_type": "fast_food", "geometry_source": "point", "original_geometry_type": "Point" }, "geometry": { "type": "Point", "coordinates": [ 73.7850786, 20.0066882 ] } },
{ "type": "Feature", "properties": { "osm_id": "3640271038", "name": "KFC", "feature_group": "commercial", "feature_type": "fast_food", "geometry_source": "point", "original_geometry_type": "Point" }, "geometry": { "type": "Point", "coordinates": [ 73.763652900000011, 20.0070871 ] } },
{ "type": "Feature", "properties": { "osm_id": "3640271037", "name": "Pizza Hut", "feature_group": "commercial", "feature_type": "restaurant", "geometry_source": "point", "original_geometry_type": "Point" }, "geometry": { "type": "Point", "coordinates": [ 73.7634629, 20.0071764 ] } },
{ "type": "Feature", "properties": { "osm_id": "6216347986", "name": null, "feature_group": "commercial", "feature_type": "shop_bicycle", "geometry_source": "point", "original_geometry_type": "Point" }, "geometry": { "type": "Point", "coordinates": [ 73.7697305, 20.0080924 ] } },
{ "type": "Feature", "properties": { "osm_id": "5419812402", "name": "UMS Tech Labs", "feature_group": "commercial", "feature_type": "office_it", "geometry_source": "point", "original_geometry_type": "Point" }, "geometry": { "type": "Point", "coordinates": [ 73.7642047, 20.0099934 ] } },
{ "type": "Feature", "properties": { "osm_id": "13484816643", "name": "Zahara Traders & Suppliers", "feature_group": "commercial", "feature_type": "shop_kiosk", "geometry_source": "point", "original_geometry_type": "Point" }, "geometry": { "type": "Point", "coordinates": [ 73.8419443, 19.9460392 ] } },
{ "type": "Feature", "properties": { "osm_id": "13517342784", "name": "Mahanand Milk Stall", "feature_group": "commercial", "feature_type": "shop_kiosk", "geometry_source": "point", "original_geometry_type": "Point" }, "geometry": { "type": "Point", "coordinates": [ 73.8420644, 19.9466072 ] } },
{ "type": "Feature", "properties": { "osm_id": "13517342786", "name": "Ms R. B. Patil & Sons Tea & Snacks Stall", "feature_group": "commercial", "feature_type": "shop_kiosk", "geometry_source": "point", "original_geometry_type": "Point" }, "geometry": { "type": "Point", "coordinates": [ 73.842098, 19.946804 ] } },
{ "type": "Feature", "properties": { "osm_id": "13517529113", "name": "A.J.S Pure Veg Restaurant", "feature_group": "commercial", "feature_type": "restaurant", "geometry_source": "point", "original_geometry_type": "Point" }, "geometry": { "type": "Point", "coordinates": [ 73.84196080000001, 19.9474669 ] } },
{ "type": "Feature", "properties": { "osm_id": "13517529139", "name": "P. V. Bhosle Fruits & Fruit Juice", "feature_group": "commercial", "feature_type": "shop_kiosk", "geometry_source": "point", "original_geometry_type": "Point" }, "geometry": { "type": "Point", "coordinates": [ 73.8423338, 19.9478538 ] } },
{ "type": "Feature", "properties": { "osm_id": "13517529128", "name": "Mobile & Accessories Junction", "feature_group": "commercial", "feature_type": "shop_mobile_phone_accessories", "geometry_source": "point", "original_geometry_type": "Point" }, "geometry": { "type": "Point", "coordinates": [ 73.8420222, 19.9480215 ] } },
{ "type": "Feature", "properties": { "osm_id": "13517529129", "name": "Saijyoti Khadi and Garment", "feature_group": "commercial", "feature_type": "shop_clothes", "geometry_source": "point", "original_geometry_type": "Point" }, "geometry": { "type": "Point", "coordinates": [ 73.84198640000001, 19.9480282 ] } },
{ "type": "Feature", "properties": { "osm_id": "13517529149", "name": "P. V. Bhosle Fruits & Fruit Juice", "feature_group": "commercial", "feature_type": "shop_kiosk", "geometry_source": "point", "original_geometry_type": "Point" }, "geometry": { "type": "Point", "coordinates": [ 73.8423996, 19.948096 ] } },
{ "type": "Feature", "properties": { "osm_id": "13483558297", "name": null, "feature_group": "commercial", "feature_type": "shop_ticket", "geometry_source": "point", "original_geometry_type": "Point" }, "geometry": { "type": "Point", "coordinates": [ 73.8420871, 19.9486626 ] } },
{ "type": "Feature", "properties": { "osm_id": "13483677411", "name": "Mitali Collection", "feature_group": "commercial", "feature_type": "shop_clothes", "geometry_source": "point", "original_geometry_type": "Point" }, "geometry": { "type": "Point", "coordinates": [ 73.8382259, 19.9538424 ] } },
{ "type": "Feature", "properties": { "osm_id": "13483677412", "name": "Park Mens Wear", "feature_group": "commercial", "feature_type": "shop_clothes", "geometry_source": "point", "original_geometry_type": "Point" }, "geometry": { "type": "Point", "coordinates": [ 73.8381717, 19.9538809 ] } },
{ "type": "Feature", "properties": { "osm_id": "11909386232", "name": null, "feature_group": "commercial", "feature_type": "mall", "geometry_source": "point", "original_geometry_type": "Point" }, "geometry": { "type": "Point", "coordinates": [ 73.8323667, 19.958576 ] } },
{ "type": "Feature", "properties": { "osm_id": "4426098695", "name": null, "feature_group": "commercial", "feature_type": "shop_electronics", "geometry_source": "point", "original_geometry_type": "Point" }, "geometry": { "type": "Point", "coordinates": [ 73.83410880000001, 19.9598484 ] } },
{ "type": "Feature", "properties": { "osm_id": "4361162330", "name": "Nashik Passport Office", "feature_group": "commercial", "feature_type": "government_office", "geometry_source": "point", "original_geometry_type": "Point" }, "geometry": { "type": "Point", "coordinates": [ 73.828332100000011, 19.9605506 ] } },
{ "type": "Feature", "properties": { "osm_id": "11050974995", "name": "Ashoka Buildcon Annex Office", "feature_group": "commercial", "feature_type": "office_company", "geometry_source": "point", "original_geometry_type": "Point" }, "geometry": { "type": "Point", "coordinates": [ 73.7975778, 19.9810952 ] } },
{ "type": "Feature", "properties": { "osm_id": "13483601340", "name": null, "feature_group": "commercial", "feature_type": "shop_ticket", "geometry_source": "point", "original_geometry_type": "Point" }, "geometry": { "type": "Point", "coordinates": [ 73.842071, 19.9486651 ] } },
{ "type": "Feature", "properties": { "osm_id": "13483601313", "name": null, "feature_group": "commercial", "feature_type": "shop_ticket", "geometry_source": "point", "original_geometry_type": "Point" }, "geometry": { "type": "Point", "coordinates": [ 73.8420559, 19.9486671 ] } },
{ "type": "Feature", "properties": { "osm_id": "13483601303", "name": null, "feature_group": "commercial", "feature_type": "shop_ticket", "geometry_source": "point", "original_geometry_type": "Point" }, "geometry": { "type": "Point", "coordinates": [ 73.8420387, 19.9486699 ] } },
{ "type": "Feature", "properties": { "osm_id": "13483601319", "name": null, "feature_group": "commercial", "feature_type": "shop_ticket", "geometry_source": "point", "original_geometry_type": "Point" }, "geometry": { "type": "Point", "coordinates": [ 73.8420221, 19.9486717 ] } },
{ "type": "Feature", "properties": { "osm_id": "13483558280", "name": null, "feature_group": "commercial", "feature_type": "shop_ticket", "geometry_source": "point", "original_geometry_type": "Point" }, "geometry": { "type": "Point", "coordinates": [ 73.8420069, 19.9486745 ] } },
{ "type": "Feature", "properties": { "osm_id": "13483601351", "name": null, "feature_group": "commercial", "feature_type": "shop_ticket", "geometry_source": "point", "original_geometry_type": "Point" }, "geometry": { "type": "Point", "coordinates": [ 73.841991900000011, 19.948677 ] } },
{ "type": "Feature", "properties": { "osm_id": "13483601304", "name": null, "feature_group": "commercial", "feature_type": "shop_ticket", "geometry_source": "point", "original_geometry_type": "Point" }, "geometry": { "type": "Point", "coordinates": [ 73.841978, 19.948679 ] } },
{ "type": "Feature", "properties": { "osm_id": "13483677417", "name": "Bhatia's", "feature_group": "commercial", "feature_type": "shop_mobile_phone", "geometry_source": "point", "original_geometry_type": "Point" }, "geometry": { "type": "Point", "coordinates": [ 73.8388287, 19.9533228 ] } },
{ "type": "Feature", "properties": { "osm_id": "13483677416", "name": "Shri Mahapragya", "feature_group": "commercial", "feature_type": "shop_mobile_phone", "geometry_source": "point", "original_geometry_type": "Point" }, "geometry": { "type": "Point", "coordinates": [ 73.838512, 19.9535457 ] } },
{ "type": "Feature", "properties": { "osm_id": "13483677415", "name": "Lenskart", "feature_group": "commercial", "feature_type": "shop_optician", "geometry_source": "point", "original_geometry_type": "Point" }, "geometry": { "type": "Point", "coordinates": [ 73.8384576, 19.9536002 ] } },
{ "type": "Feature", "properties": { "osm_id": "11662921083", "name": "Karmayogi Academy | MPSC Classes | PSI STI ASO SR | UPSC | Saralseva | Talathi |", "feature_group": "commercial", "feature_type": "office_educational_institution", "geometry_source": "point", "original_geometry_type": "Point" }, "geometry": { "type": "Point", "coordinates": [ 73.7863807, 20.0060239 ] } },
{ "type": "Feature", "properties": { "osm_id": "4849868123", "name": null, "feature_group": "commercial", "feature_type": "fast_food", "geometry_source": "point", "original_geometry_type": "Point" }, "geometry": { "type": "Point", "coordinates": [ 73.78612840000001, 20.0060702 ] } },
{ "type": "Feature", "properties": { "osm_id": "3051943565", "name": "Raviwaar Peth", "feature_group": "commercial", "feature_type": "marketplace", "geometry_source": "point", "original_geometry_type": "Point" }, "geometry": { "type": "Point", "coordinates": [ 73.787631600000012, 20.0070409 ] } },
{ "type": "Feature", "properties": { "osm_id": "3051938112", "name": "Regal Saloon", "feature_group": "commercial", "feature_type": "shop_beauty", "geometry_source": "point", "original_geometry_type": "Point" }, "geometry": { "type": "Point", "coordinates": [ 73.788017, 20.007044 ] } },
{ "type": "Feature", "properties": { "osm_id": "13474093828", "name": "Sita Maa Rasoi", "feature_group": "commercial", "feature_type": "restaurant", "geometry_source": "point", "original_geometry_type": "Point" }, "geometry": { "type": "Point", "coordinates": [ 73.7962669, 20.0076289 ] } },
{ "type": "Feature", "properties": { "osm_id": "1671908925", "name": "Vaibhav Gardens", "feature_group": "commercial", "feature_type": "restaurant", "geometry_source": "point", "original_geometry_type": "Point" }, "geometry": { "type": "Point", "coordinates": [ 73.805511700000011, 20.0096386 ] } },
{ "type": "Feature", "properties": { "osm_id": "10287146196", "name": "Daulat Medical", "feature_group": "commercial", "feature_type": "shop_medical_supply", "geometry_source": "point", "original_geometry_type": "Point" }, "geometry": { "type": "Point", "coordinates": [ 73.7881727, 20.0139103 ] } },
{ "type": "Feature", "properties": { "osm_id": "5518011267", "name": "Saundarya Bangle And General Store", "feature_group": "commercial", "feature_type": "shop_yes", "geometry_source": "point", "original_geometry_type": "Point" }, "geometry": { "type": "Point", "coordinates": [ 73.8052501, 20.032848 ] } },
{ "type": "Feature", "properties": { "osm_id": "5518011269", "name": "Ayush Traders", "feature_group": "commercial", "feature_type": "shop_yes", "geometry_source": "point", "original_geometry_type": "Point" }, "geometry": { "type": "Point", "coordinates": [ 73.804105, 20.0329574 ] } },
{ "type": "Feature", "properties": { "osm_id": "5518011276", "name": "Raj Sweets", "feature_group": "commercial", "feature_type": "shop_yes", "geometry_source": "point", "original_geometry_type": "Point" }, "geometry": { "type": "Point", "coordinates": [ 73.8029285, 20.0330195 ] } },
{ "type": "Feature", "properties": { "osm_id": "13483677414", "name": "Tyzer", "feature_group": "commercial", "feature_type": "shop_clothes", "geometry_source": "point", "original_geometry_type": "Point" }, "geometry": { "type": "Point", "coordinates": [ 73.8383146, 19.9537233 ] } },
{ "type": "Feature", "properties": { "osm_id": "13483677413", "name": "My Phone", "feature_group": "commercial", "feature_type": "shop_mobile_phone", "geometry_source": "point", "original_geometry_type": "Point" }, "geometry": { "type": "Point", "coordinates": [ 73.8382763, 19.9537727 ] } },
{ "type": "Feature", "properties": { "osm_id": "13483677410", "name": "Nidhi Travels", "feature_group": "commercial", "feature_type": "shop_travel_agency", "geometry_source": "point", "original_geometry_type": "Point" }, "geometry": { "type": "Point", "coordinates": [ 73.83828170000001, 19.9538223 ] } },
{ "type": "Feature", "properties": { "osm_id": "10807002735", "name": "Currency note press", "feature_group": "commercial", "feature_type": "government_office", "geometry_source": "point", "original_geometry_type": "Point" }, "geometry": { "type": "Point", "coordinates": [ 73.838949, 19.9647084 ] } },
{ "type": "Feature", "properties": { "osm_id": "12179655732", "name": "Pavan bhau Pawar Office", "feature_group": "commercial", "feature_type": "office_political_party", "geometry_source": "point", "original_geometry_type": "Point" }, "geometry": { "type": "Point", "coordinates": [ 73.8423109, 19.9746639 ] } },
{ "type": "Feature", "properties": { "osm_id": "11915140409", "name": "Shawarma Bites", "feature_group": "commercial", "feature_type": "fast_food", "geometry_source": "point", "original_geometry_type": "Point" }, "geometry": { "type": "Point", "coordinates": [ 73.75793560000001, 20.0107753 ] } },
{ "type": "Feature", "properties": { "osm_id": "11915140407", "name": "Chicago Pizza", "feature_group": "commercial", "feature_type": "restaurant", "geometry_source": "point", "original_geometry_type": "Point" }, "geometry": { "type": "Point", "coordinates": [ 73.7579315, 20.0108263 ] } },
{ "type": "Feature", "properties": { "osm_id": "14067933102", "name": "Madhur Food Plaza", "feature_group": "commercial", "feature_type": "shop_confectionery", "geometry_source": "point", "original_geometry_type": "Point" }, "geometry": { "type": "Point", "coordinates": [ 73.74534, 20.0109147 ] } },
{ "type": "Feature", "properties": { "osm_id": "14067937001", "name": "Vinayaka - Veg & Non Veg", "feature_group": "commercial", "feature_type": "restaurant", "geometry_source": "point", "original_geometry_type": "Point" }, "geometry": { "type": "Point", "coordinates": [ 73.7454072, 20.0111288 ] } },
{ "type": "Feature", "properties": { "osm_id": "14067938601", "name": "SS Mobile", "feature_group": "commercial", "feature_type": "shop_mobile_phone", "geometry_source": "point", "original_geometry_type": "Point" }, "geometry": { "type": "Point", "coordinates": [ 73.7452736, 20.0117418 ] } },
{ "type": "Feature", "properties": { "osm_id": "5758975182", "name": "Veg Aroma", "feature_group": "commercial", "feature_type": "restaurant", "geometry_source": "point", "original_geometry_type": "Point" }, "geometry": { "type": "Point", "coordinates": [ 73.7461903, 20.0120431 ] } },
{ "type": "Feature", "properties": { "osm_id": "5758951087", "name": "Cafe Cremé", "feature_group": "commercial", "feature_type": "cafe", "geometry_source": "point", "original_geometry_type": "Point" }, "geometry": { "type": "Point", "coordinates": [ 73.7571766, 20.0121137 ] } },
{ "type": "Feature", "properties": { "osm_id": "7196513320", "name": "SEWAH EDUCATION HUB PVT LTD", "feature_group": "commercial", "feature_type": "office_educational_institution", "geometry_source": "point", "original_geometry_type": "Point" }, "geometry": { "type": "Point", "coordinates": [ 73.7534974, 20.0123251 ] } },
{ "type": "Feature", "properties": { "osm_id": "13754405001", "name": "Two Sister Kitchen and Cafe", "feature_group": "commercial", "feature_type": "cafe", "geometry_source": "point", "original_geometry_type": "Point" }, "geometry": { "type": "Point", "coordinates": [ 73.74655580000001, 20.0124834 ] } },
{ "type": "Feature", "properties": { "osm_id": "5924228371", "name": "Curry Leaves", "feature_group": "commercial", "feature_type": "restaurant", "geometry_source": "point", "original_geometry_type": "Point" }, "geometry": { "type": "Point", "coordinates": [ 73.755778, 20.0126278 ] } },
{ "type": "Feature", "properties": { "osm_id": "13723274621", "name": "OM Xerox Centre", "feature_group": "commercial", "feature_type": "shop_copyshop", "geometry_source": "point", "original_geometry_type": "Point" }, "geometry": { "type": "Point", "coordinates": [ 73.7641542, 20.0108614 ] } },
{ "type": "Feature", "properties": { "osm_id": "13723848628", "name": "Dhiraj stationery Book store", "feature_group": "commercial", "feature_type": "shop_stationery", "geometry_source": "point", "original_geometry_type": "Point" }, "geometry": { "type": "Point", "coordinates": [ 73.7644364, 20.0130342 ] } },
{ "type": "Feature", "properties": { "osm_id": "13723274616", "name": "Archit Zerox", "feature_group": "commercial", "feature_type": "shop_copyshop", "geometry_source": "point", "original_geometry_type": "Point" }, "geometry": { "type": "Point", "coordinates": [ 73.76168890000001, 20.0136338 ] } },
{ "type": "Feature", "properties": { "osm_id": "10281744629", "name": "Milk Dairy", "feature_group": "commercial", "feature_type": "shop_yes", "geometry_source": "point", "original_geometry_type": "Point" }, "geometry": { "type": "Point", "coordinates": [ 73.78573440000001, 20.0154075 ] } },
{ "type": "Feature", "properties": { "osm_id": "13723274617", "name": "The Brew House", "feature_group": "commercial", "feature_type": "fast_food", "geometry_source": "point", "original_geometry_type": "Point" }, "geometry": { "type": "Point", "coordinates": [ 73.763395, 20.0154839 ] } },
{ "type": "Feature", "properties": { "osm_id": "8411488889", "name": "Palm Shells", "feature_group": "commercial", "feature_type": "restaurant", "geometry_source": "point", "original_geometry_type": "Point" }, "geometry": { "type": "Point", "coordinates": [ 73.76688390000001, 20.0222321 ] } },
{ "type": "Feature", "properties": { "osm_id": "5518011275", "name": "Amit Wines", "feature_group": "commercial", "feature_type": "shop_wine", "geometry_source": "point", "original_geometry_type": "Point" }, "geometry": { "type": "Point", "coordinates": [ 73.8031613, 20.0340923 ] } },
{ "type": "Feature", "properties": { "osm_id": "5518011274", "name": "Shakunta Bangles", "feature_group": "commercial", "feature_type": "shop_yes", "geometry_source": "point", "original_geometry_type": "Point" }, "geometry": { "type": "Point", "coordinates": [ 73.80318650000001, 20.0342607 ] } },
{ "type": "Feature", "properties": { "osm_id": "5518011272", "name": "Shanivar Bajar", "feature_group": "commercial", "feature_type": "marketplace", "geometry_source": "point", "original_geometry_type": "Point" }, "geometry": { "type": "Point", "coordinates": [ 73.803586, 20.0344056 ] } },
{ "type": "Feature", "properties": { "osm_id": "9023319724", "name": "Hotel Papillon", "feature_group": "commercial", "feature_type": "restaurant", "geometry_source": "point", "original_geometry_type": "Point" }, "geometry": { "type": "Point", "coordinates": [ 73.7859246, 20.0575987 ] } },
{ "type": "Feature", "properties": { "osm_id": "5924228373", "name": "Tadka Tiffin Mess", "feature_group": "commercial", "feature_type": "restaurant", "geometry_source": "point", "original_geometry_type": "Point" }, "geometry": { "type": "Point", "coordinates": [ 73.7552094, 20.0128597 ] } },
{ "type": "Feature", "properties": { "osm_id": "5924228372", "name": "Roadside Wraps", "feature_group": "commercial", "feature_type": "fast_food", "geometry_source": "point", "original_geometry_type": "Point" }, "geometry": { "type": "Point", "coordinates": [ 73.7559027, 20.0131054 ] } },
{ "type": "Feature", "properties": { "osm_id": "5924236065", "name": "Lokmanya Multipurpose Cooperative Society", "feature_group": "commercial", "feature_type": "office_yes", "geometry_source": "point", "original_geometry_type": "Point" }, "geometry": { "type": "Point", "coordinates": [ 73.7538099, 20.0148362 ] } },
{ "type": "Feature", "properties": { "osm_id": "13546500321", "name": "Shubhda Kirana and General Stores", "feature_group": "commercial", "feature_type": "shop_general", "geometry_source": "point", "original_geometry_type": "Point" }, "geometry": { "type": "Point", "coordinates": [ 73.7447621, 19.9614175 ] } },
{ "type": "Feature", "properties": { "osm_id": "13546500263", "name": "Sai Hairdressers", "feature_group": "commercial", "feature_type": "shop_hairdresser", "geometry_source": "point", "original_geometry_type": "Point" }, "geometry": { "type": "Point", "coordinates": [ 73.7435483, 19.9616555 ] } },
{ "type": "Feature", "properties": { "osm_id": "13691310701", "name": "Zudio (Burkule Hall)", "feature_group": "commercial", "feature_type": "shop_clothes", "geometry_source": "point", "original_geometry_type": "Point" }, "geometry": { "type": "Point", "coordinates": [ 73.7531603, 19.967918 ] } },
{ "type": "Feature", "properties": { "osm_id": "13704744206", "name": "Chirag Biryani", "feature_group": "commercial", "feature_type": "fast_food", "geometry_source": "point", "original_geometry_type": "Point" }, "geometry": { "type": "Point", "coordinates": [ 73.7552158, 19.9692544 ] } },
{ "type": "Feature", "properties": { "osm_id": "13704746104", "name": "Biryani House", "feature_group": "commercial", "feature_type": "fast_food", "geometry_source": "point", "original_geometry_type": "Point" }, "geometry": { "type": "Point", "coordinates": [ 73.7551835, 19.969264 ] } },
{ "type": "Feature", "properties": { "osm_id": "13704744204", "name": "Chotu Kolhapuri", "feature_group": "commercial", "feature_type": "fast_food", "geometry_source": "point", "original_geometry_type": "Point" }, "geometry": { "type": "Point", "coordinates": [ 73.7551238, 19.9692781 ] } },
{ "type": "Feature", "properties": { "osm_id": "13704746201", "name": "Om Stationers", "feature_group": "commercial", "feature_type": "shop_books", "geometry_source": "point", "original_geometry_type": "Point" }, "geometry": { "type": "Point", "coordinates": [ 73.7550264, 19.9692917 ] } },
{ "type": "Feature", "properties": { "osm_id": "13704746102", "name": "Pradatta Medical Store", "feature_group": "commercial", "feature_type": "shop_medical_supply", "geometry_source": "point", "original_geometry_type": "Point" }, "geometry": { "type": "Point", "coordinates": [ 73.7549776, 19.9692941 ] } },
{ "type": "Feature", "properties": { "osm_id": "13704744205", "name": "Jeans Junction", "feature_group": "commercial", "feature_type": "shop_clothes", "geometry_source": "point", "original_geometry_type": "Point" }, "geometry": { "type": "Point", "coordinates": [ 73.7550227, 19.9693873 ] } },
{ "type": "Feature", "properties": { "osm_id": "2839142996", "name": "ESDS Software Solution Pvt Ltd", "feature_group": "commercial", "feature_type": "office_it", "geometry_source": "point", "original_geometry_type": "Point" }, "geometry": { "type": "Point", "coordinates": [ 73.7473064, 19.9960502 ] } },
{ "type": "Feature", "properties": { "osm_id": "13541185101", "name": "Asian Hardware", "feature_group": "commercial", "feature_type": "shop_hardware", "geometry_source": "point", "original_geometry_type": "Point" }, "geometry": { "type": "Point", "coordinates": [ 73.7292087, 19.9723152 ] } },
{ "type": "Feature", "properties": { "osm_id": "13541185102", "name": "Khan Cushion and Furniture", "feature_group": "commercial", "feature_type": "shop_furniture", "geometry_source": "point", "original_geometry_type": "Point" }, "geometry": { "type": "Point", "coordinates": [ 73.7291555, 19.9724028 ] } },
{ "type": "Feature", "properties": { "osm_id": "700948667", "name": "Papaya Nursery", "feature_group": "commercial", "feature_type": "shop_garden_centre", "geometry_source": "point", "original_geometry_type": "Point" }, "geometry": { "type": "Point", "coordinates": [ 73.7229885, 19.9860726 ] } },
{ "type": "Feature", "properties": { "osm_id": "11416658232", "name": "Maharashtra Darbar", "feature_group": "commercial", "feature_type": "restaurant", "geometry_source": "point", "original_geometry_type": "Point" }, "geometry": { "type": "Point", "coordinates": [ 73.7240415, 19.9899116 ] } },
{ "type": "Feature", "properties": { "osm_id": "11212412926", "name": "Sugras", "feature_group": "commercial", "feature_type": "restaurant", "geometry_source": "point", "original_geometry_type": "Point" }, "geometry": { "type": "Point", "coordinates": [ 73.7392343, 20.0038231 ] } },
{ "type": "Feature", "properties": { "osm_id": "13088539634", "name": "The Tasting Room", "feature_group": "commercial", "feature_type": "restaurant", "geometry_source": "point", "original_geometry_type": "Point" }, "geometry": { "type": "Point", "coordinates": [ 73.6877355, 20.00543 ] } },
{ "type": "Feature", "properties": { "osm_id": "13088539635", "name": "The Bodega", "feature_group": "commercial", "feature_type": "restaurant", "geometry_source": "point", "original_geometry_type": "Point" }, "geometry": { "type": "Point", "coordinates": [ 73.6883993, 20.0054854 ] } },
{ "type": "Feature", "properties": { "osm_id": "13088539633", "name": "Rasa", "feature_group": "commercial", "feature_type": "restaurant", "geometry_source": "point", "original_geometry_type": "Point" }, "geometry": { "type": "Point", "coordinates": [ 73.6867806, 20.0055245 ] } },
{ "type": "Feature", "properties": { "osm_id": "13754391002", "name": "D Mart", "feature_group": "commercial", "feature_type": "shop_supermarket", "geometry_source": "point", "original_geometry_type": "Point" }, "geometry": { "type": "Point", "coordinates": [ 73.7431636, 20.0063367 ] } },
{ "type": "Feature", "properties": { "osm_id": "7992787615", "name": "Nasik Tiffins", "feature_group": "commercial", "feature_type": "restaurant", "geometry_source": "point", "original_geometry_type": "Point" }, "geometry": { "type": "Point", "coordinates": [ 73.7350917, 20.0101404 ] } },
{ "type": "Feature", "properties": { "osm_id": "10020400470", "name": "Spice Route", "feature_group": "commercial", "feature_type": "restaurant", "geometry_source": "point", "original_geometry_type": "Point" }, "geometry": { "type": "Point", "coordinates": [ 73.7421663, 20.0134297 ] } },
{ "type": "Feature", "properties": { "osm_id": "13754391001", "name": "The Calisto multi Cuisine restaurant", "feature_group": "commercial", "feature_type": "restaurant", "geometry_source": "point", "original_geometry_type": "Point" }, "geometry": { "type": "Point", "coordinates": [ 73.7385386, 20.0141503 ] } },
{ "type": "Feature", "properties": { "osm_id": "5758975190", "name": "Krishna Textile Market", "feature_group": "commercial", "feature_type": "shop_fabric", "geometry_source": "point", "original_geometry_type": "Point" }, "geometry": { "type": "Point", "coordinates": [ 73.7378835, 20.0144222 ] } },
{ "type": "Feature", "properties": { "osm_id": "5758975199", "name": "Hotel Blue Leaf", "feature_group": "commercial", "feature_type": "restaurant", "geometry_source": "point", "original_geometry_type": "Point" }, "geometry": { "type": "Point", "coordinates": [ 73.7372505, 20.0150044 ] } },
{ "type": "Feature", "properties": { "osm_id": "11618147517", "name": "Mangoville Misal Nashik", "feature_group": "commercial", "feature_type": "restaurant", "geometry_source": "point", "original_geometry_type": "Point" }, "geometry": { "type": "Point", "coordinates": [ 73.7408467, 20.0207644 ] } },
{ "type": "Feature", "properties": { "osm_id": "13546511731", "name": "Desha", "feature_group": "commercial", "feature_type": "restaurant", "geometry_source": "point", "original_geometry_type": "Point" }, "geometry": { "type": "Point", "coordinates": [ 73.7219073, 20.0240582 ] } },
{ "type": "Feature", "properties": { "osm_id": "13088525200", "name": "Le Fromage Artisanal Cheese", "feature_group": "commercial", "feature_type": "shop_cheese", "geometry_source": "point", "original_geometry_type": "Point" }, "geometry": { "type": "Point", "coordinates": [ 73.6703172, 20.012415 ] } },
{ "type": "Feature", "properties": { "osm_id": null, "name": "Booking Office", "feature_group": "commercial", "feature_type": "shop_ticket", "geometry_source": "polygon", "original_geometry_type": "Polygon" }, "geometry": { "type": "Point", "coordinates": [ 73.74875545, 19.9412166 ] } },
{ "type": "Feature", "properties": { "osm_id": null, "name": null, "feature_group": "commercial", "feature_type": "commercial_area", "geometry_source": "polygon", "original_geometry_type": "Polygon" }, "geometry": { "type": "Point", "coordinates": [ 73.755434130302461, 19.94580835 ] } },
{ "type": "Feature", "properties": { "osm_id": null, "name": null, "feature_group": "commercial", "feature_type": "commercial_area", "geometry_source": "polygon", "original_geometry_type": "Polygon" }, "geometry": { "type": "Point", "coordinates": [ 73.754189412303162, 19.95143935 ] } },
{ "type": "Feature", "properties": { "osm_id": null, "name": "Siemens Ltd.", "feature_group": "commercial", "feature_type": "office_engineering", "geometry_source": "polygon", "original_geometry_type": "Polygon" }, "geometry": { "type": "Point", "coordinates": [ 73.737131997529076, 19.9564893 ] } },
{ "type": "Feature", "properties": { "osm_id": null, "name": "FOX India", "feature_group": "commercial", "feature_type": "office_engineering", "geometry_source": "polygon", "original_geometry_type": "Polygon" }, "geometry": { "type": "Point", "coordinates": [ 73.739294300517855, 19.9568009 ] } },
{ "type": "Feature", "properties": { "osm_id": null, "name": "Shree Cement", "feature_group": "commercial", "feature_type": "commercial_area", "geometry_source": "polygon", "original_geometry_type": "Polygon" }, "geometry": { "type": "Point", "coordinates": [ 73.795438171477485, 19.9684815 ] } },
{ "type": "Feature", "properties": { "osm_id": null, "name": "PPRSM Shop2", "feature_group": "commercial", "feature_type": "commercial_area", "geometry_source": "polygon", "original_geometry_type": "Polygon" }, "geometry": { "type": "Point", "coordinates": [ 73.795813692654121, 19.96857795 ] } },
{ "type": "Feature", "properties": { "osm_id": null, "name": "PPRSM Shop1", "feature_group": "commercial", "feature_type": "commercial_area", "geometry_source": "polygon", "original_geometry_type": "Polygon" }, "geometry": { "type": "Point", "coordinates": [ 73.795131128532176, 19.96882245 ] } },
{ "type": "Feature", "properties": { "osm_id": null, "name": "PPRSM Shop 5", "feature_group": "commercial", "feature_type": "commercial_area", "geometry_source": "polygon", "original_geometry_type": "Polygon" }, "geometry": { "type": "Point", "coordinates": [ 73.7969392, 19.9692353 ] } },
{ "type": "Feature", "properties": { "osm_id": null, "name": "PPRSM Shop4", "feature_group": "commercial", "feature_type": "commercial_area", "geometry_source": "polygon", "original_geometry_type": "Polygon" }, "geometry": { "type": "Point", "coordinates": [ 73.797383301178158, 19.9693677 ] } },
{ "type": "Feature", "properties": { "osm_id": null, "name": "PPRSM Shop 6", "feature_group": "commercial", "feature_type": "commercial_area", "geometry_source": "polygon", "original_geometry_type": "Polygon" }, "geometry": { "type": "Point", "coordinates": [ 73.795243193101243, 19.9694198 ] } },
{ "type": "Feature", "properties": { "osm_id": null, "name": "PPRSM Shop 7", "feature_group": "commercial", "feature_type": "commercial_area", "geometry_source": "polygon", "original_geometry_type": "Polygon" }, "geometry": { "type": "Point", "coordinates": [ 73.795100999914752, 19.969454 ] } },
{ "type": "Feature", "properties": { "osm_id": null, "name": "PPRSM Shop 8", "feature_group": "commercial", "feature_type": "commercial_area", "geometry_source": "polygon", "original_geometry_type": "Polygon" }, "geometry": { "type": "Point", "coordinates": [ 73.795129528067889, 19.969516 ] } },
{ "type": "Feature", "properties": { "osm_id": null, "name": "PPRSM Shop 9", "feature_group": "commercial", "feature_type": "commercial_area", "geometry_source": "polygon", "original_geometry_type": "Polygon" }, "geometry": { "type": "Point", "coordinates": [ 73.79513392905406, 19.969567 ] } },
{ "type": "Feature", "properties": { "osm_id": null, "name": "PPRSM Shop 10", "feature_group": "commercial", "feature_type": "commercial_area", "geometry_source": "polygon", "original_geometry_type": "Polygon" }, "geometry": { "type": "Point", "coordinates": [ 73.79527505, 19.9696382 ] } },
{ "type": "Feature", "properties": { "osm_id": null, "name": null, "feature_group": "commercial", "feature_type": "commercial_area", "geometry_source": "polygon", "original_geometry_type": "Polygon" }, "geometry": { "type": "Point", "coordinates": [ 73.755032407403036, 19.95702525 ] } },
{ "type": "Feature", "properties": { "osm_id": null, "name": "Nashik Engineering Cluster", "feature_group": "commercial", "feature_type": "commercial_area", "geometry_source": "polygon", "original_geometry_type": "Polygon" }, "geometry": { "type": "Point", "coordinates": [ 73.735823353963511, 19.95971125 ] } },
{ "type": "Feature", "properties": { "osm_id": null, "name": null, "feature_group": "commercial", "feature_type": "marketplace", "geometry_source": "polygon", "original_geometry_type": "Polygon" }, "geometry": { "type": "Point", "coordinates": [ 73.745860979014282, 19.96149725 ] } },
{ "type": "Feature", "properties": { "osm_id": null, "name": null, "feature_group": "commercial", "feature_type": "commercial_area", "geometry_source": "polygon", "original_geometry_type": "Polygon" }, "geometry": { "type": "Point", "coordinates": [ 73.765655412100045, 19.96473345 ] } },
{ "type": "Feature", "properties": { "osm_id": null, "name": "Sanjeev Nagar Vegetable Market", "feature_group": "commercial", "feature_type": "marketplace", "geometry_source": "polygon", "original_geometry_type": "Polygon" }, "geometry": { "type": "Point", "coordinates": [ 73.729607780074659, 19.96966655 ] } },
{ "type": "Feature", "properties": { "osm_id": null, "name": null, "feature_group": "commercial", "feature_type": "marketplace", "geometry_source": "polygon", "original_geometry_type": "Polygon" }, "geometry": { "type": "Point", "coordinates": [ 73.728714628799537, 19.9698719 ] } },
{ "type": "Feature", "properties": { "osm_id": null, "name": null, "feature_group": "commercial", "feature_type": "commercial_area", "geometry_source": "polygon", "original_geometry_type": "Polygon" }, "geometry": { "type": "Point", "coordinates": [ 73.719845186972378, 19.98201285 ] } },
{ "type": "Feature", "properties": { "osm_id": null, "name": "Ashirwad Medical", "feature_group": "commercial", "feature_type": "shop_medical_supply", "geometry_source": "polygon", "original_geometry_type": "Polygon" }, "geometry": { "type": "Point", "coordinates": [ 73.717520404400389, 19.9895742 ] } },
{ "type": "Feature", "properties": { "osm_id": null, "name": null, "feature_group": "commercial", "feature_type": "marketplace", "geometry_source": "polygon", "original_geometry_type": "Polygon" }, "geometry": { "type": "Point", "coordinates": [ 73.733160645023418, 19.98971095 ] } },
{ "type": "Feature", "properties": { "osm_id": null, "name": null, "feature_group": "commercial", "feature_type": "retail_area", "geometry_source": "polygon", "original_geometry_type": "Polygon" }, "geometry": { "type": "Point", "coordinates": [ 73.790605041769652, 19.97509575 ] } },
{ "type": "Feature", "properties": { "osm_id": null, "name": null, "feature_group": "commercial", "feature_type": "commercial_area", "geometry_source": "polygon", "original_geometry_type": "Polygon" }, "geometry": { "type": "Point", "coordinates": [ 73.77991664807692, 19.978481 ] } },
{ "type": "Feature", "properties": { "osm_id": null, "name": null, "feature_group": "commercial", "feature_type": "commercial_area", "geometry_source": "polygon", "original_geometry_type": "Polygon" }, "geometry": { "type": "Point", "coordinates": [ 73.779347188662001, 19.9804449 ] } },
{ "type": "Feature", "properties": { "osm_id": null, "name": "Karmaveer Dadasaheb Gaikwad Sabhagruha", "feature_group": "commercial", "feature_type": "commercial_area", "geometry_source": "polygon", "original_geometry_type": "Polygon" }, "geometry": { "type": "Point", "coordinates": [ 73.790830562848896, 19.98616505 ] } },
{ "type": "Feature", "properties": { "osm_id": null, "name": null, "feature_group": "commercial", "feature_type": "commercial_area", "geometry_source": "polygon", "original_geometry_type": "Polygon" }, "geometry": { "type": "Point", "coordinates": [ 73.784983578674343, 19.98807645 ] } },
{ "type": "Feature", "properties": { "osm_id": null, "name": null, "feature_group": "commercial", "feature_type": "commercial_area", "geometry_source": "polygon", "original_geometry_type": "Polygon" }, "geometry": { "type": "Point", "coordinates": [ 73.790579310263382, 19.98812295 ] } },
{ "type": "Feature", "properties": { "osm_id": null, "name": null, "feature_group": "commercial", "feature_type": "commercial_area", "geometry_source": "polygon", "original_geometry_type": "Polygon" }, "geometry": { "type": "Point", "coordinates": [ 73.781407466519767, 19.9887317 ] } },
{ "type": "Feature", "properties": { "osm_id": null, "name": null, "feature_group": "commercial", "feature_type": "commercial_area", "geometry_source": "polygon", "original_geometry_type": "Polygon" }, "geometry": { "type": "Point", "coordinates": [ 73.779378949822188, 19.98899635 ] } },
{ "type": "Feature", "properties": { "osm_id": null, "name": null, "feature_group": "commercial", "feature_type": "commercial_area", "geometry_source": "polygon", "original_geometry_type": "Polygon" }, "geometry": { "type": "Point", "coordinates": [ 73.787918294693199, 19.9901838 ] } },
{ "type": "Feature", "properties": { "osm_id": null, "name": null, "feature_group": "commercial", "feature_type": "commercial_area", "geometry_source": "polygon", "original_geometry_type": "Polygon" }, "geometry": { "type": "Point", "coordinates": [ 73.779699618837128, 19.9905428 ] } },
{ "type": "Feature", "properties": { "osm_id": null, "name": null, "feature_group": "commercial", "feature_type": "commercial_area", "geometry_source": "polygon", "original_geometry_type": "Polygon" }, "geometry": { "type": "Point", "coordinates": [ 73.79155789646164, 19.9737474 ] } },
{ "type": "Feature", "properties": { "osm_id": null, "name": "Nirman Bhavan", "feature_group": "commercial", "feature_type": "government_office", "geometry_source": "polygon", "original_geometry_type": "Polygon" }, "geometry": { "type": "Point", "coordinates": [ 73.81609602368799, 19.9750951 ] } },
{ "type": "Feature", "properties": { "osm_id": null, "name": null, "feature_group": "commercial", "feature_type": "retail_area", "geometry_source": "polygon", "original_geometry_type": "Polygon" }, "geometry": { "type": "Point", "coordinates": [ 73.809425032084093, 19.98278415 ] } },
{ "type": "Feature", "properties": { "osm_id": null, "name": "podar school ground", "feature_group": "commercial", "feature_type": "commercial_area", "geometry_source": "polygon", "original_geometry_type": "Polygon" }, "geometry": { "type": "Point", "coordinates": [ 73.810566326334708, 19.9851217 ] } },
{ "type": "Feature", "properties": { "osm_id": null, "name": null, "feature_group": "commercial", "feature_type": "commercial_area", "geometry_source": "polygon", "original_geometry_type": "Polygon" }, "geometry": { "type": "Point", "coordinates": [ 73.795262439669386, 19.9903411 ] } },
{ "type": "Feature", "properties": { "osm_id": null, "name": null, "feature_group": "commercial", "feature_type": "commercial_area", "geometry_source": "polygon", "original_geometry_type": "Polygon" }, "geometry": { "type": "Point", "coordinates": [ 73.797402770895161, 19.99251135 ] } },
{ "type": "Feature", "properties": { "osm_id": null, "name": null, "feature_group": "commercial", "feature_type": "commercial_area", "geometry_source": "polygon", "original_geometry_type": "Polygon" }, "geometry": { "type": "Point", "coordinates": [ 73.795179374804007, 19.9922114 ] } },
{ "type": "Feature", "properties": { "osm_id": null, "name": null, "feature_group": "commercial", "feature_type": "commercial_area", "geometry_source": "polygon", "original_geometry_type": "Polygon" }, "geometry": { "type": "Point", "coordinates": [ 73.79050574072285, 19.99296505 ] } },
{ "type": "Feature", "properties": { "osm_id": null, "name": null, "feature_group": "commercial", "feature_type": "commercial_area", "geometry_source": "polygon", "original_geometry_type": "Polygon" }, "geometry": { "type": "Point", "coordinates": [ 73.797992698189475, 19.99354735 ] } },
{ "type": "Feature", "properties": { "osm_id": null, "name": null, "feature_group": "commercial", "feature_type": "commercial_area", "geometry_source": "polygon", "original_geometry_type": "Polygon" }, "geometry": { "type": "Point", "coordinates": [ 73.79553065669262, 19.99373885 ] } },
{ "type": "Feature", "properties": { "osm_id": null, "name": null, "feature_group": "commercial", "feature_type": "commercial_area", "geometry_source": "polygon", "original_geometry_type": "Polygon" }, "geometry": { "type": "Point", "coordinates": [ 73.782452948369382, 19.9908805 ] } },
{ "type": "Feature", "properties": { "osm_id": null, "name": null, "feature_group": "commercial", "feature_type": "commercial_area", "geometry_source": "polygon", "original_geometry_type": "Polygon" }, "geometry": { "type": "Point", "coordinates": [ 73.783457818241587, 19.9910015 ] } },
{ "type": "Feature", "properties": { "osm_id": null, "name": null, "feature_group": "commercial", "feature_type": "commercial_area", "geometry_source": "polygon", "original_geometry_type": "Polygon" }, "geometry": { "type": "Point", "coordinates": [ 73.782383090691496, 19.99166025 ] } },
{ "type": "Feature", "properties": { "osm_id": null, "name": null, "feature_group": "commercial", "feature_type": "commercial_area", "geometry_source": "polygon", "original_geometry_type": "Polygon" }, "geometry": { "type": "Point", "coordinates": [ 73.777687863290765, 19.9917501 ] } },
{ "type": "Feature", "properties": { "osm_id": null, "name": null, "feature_group": "commercial", "feature_type": "commercial_area", "geometry_source": "polygon", "original_geometry_type": "Polygon" }, "geometry": { "type": "Point", "coordinates": [ 73.782247429129939, 19.99244075 ] } },
{ "type": "Feature", "properties": { "osm_id": null, "name": null, "feature_group": "commercial", "feature_type": "commercial_area", "geometry_source": "polygon", "original_geometry_type": "Polygon" }, "geometry": { "type": "Point", "coordinates": [ 73.783434117484987, 19.99257435 ] } },
{ "type": "Feature", "properties": { "osm_id": null, "name": null, "feature_group": "commercial", "feature_type": "commercial_area", "geometry_source": "polygon", "original_geometry_type": "Polygon" }, "geometry": { "type": "Point", "coordinates": [ 73.781678323342675, 19.9930079 ] } },
{ "type": "Feature", "properties": { "osm_id": null, "name": null, "feature_group": "commercial", "feature_type": "commercial_area", "geometry_source": "polygon", "original_geometry_type": "Polygon" }, "geometry": { "type": "Point", "coordinates": [ 73.789013483376763, 19.99457565 ] } },
{ "type": "Feature", "properties": { "osm_id": null, "name": null, "feature_group": "commercial", "feature_type": "commercial_area", "geometry_source": "polygon", "original_geometry_type": "Polygon" }, "geometry": { "type": "Point", "coordinates": [ 73.781449513763221, 19.99465745 ] } },
{ "type": "Feature", "properties": { "osm_id": null, "name": null, "feature_group": "commercial", "feature_type": "commercial_area", "geometry_source": "polygon", "original_geometry_type": "Polygon" }, "geometry": { "type": "Point", "coordinates": [ 73.790050539213894, 19.99633635 ] } },
{ "type": "Feature", "properties": { "osm_id": null, "name": null, "feature_group": "commercial", "feature_type": "commercial_area", "geometry_source": "polygon", "original_geometry_type": "Polygon" }, "geometry": { "type": "Point", "coordinates": [ 73.78024079746082, 19.9963694 ] } },
{ "type": "Feature", "properties": { "osm_id": null, "name": "Pinnacle Mall", "feature_group": "commercial", "feature_type": "mall", "geometry_source": "polygon", "original_geometry_type": "Polygon" }, "geometry": { "type": "Point", "coordinates": [ 73.780996804386461, 19.99659745 ] } },
{ "type": "Feature", "properties": { "osm_id": null, "name": null, "feature_group": "commercial", "feature_type": "commercial_area", "geometry_source": "polygon", "original_geometry_type": "Polygon" }, "geometry": { "type": "Point", "coordinates": [ 73.782891646300925, 19.99731335 ] } },
{ "type": "Feature", "properties": { "osm_id": null, "name": null, "feature_group": "commercial", "feature_type": "commercial_area", "geometry_source": "polygon", "original_geometry_type": "Polygon" }, "geometry": { "type": "Point", "coordinates": [ 73.769652054239842, 19.99754235 ] } },
{ "type": "Feature", "properties": { "osm_id": null, "name": null, "feature_group": "commercial", "feature_type": "commercial_area", "geometry_source": "polygon", "original_geometry_type": "Polygon" }, "geometry": { "type": "Point", "coordinates": [ 73.781950155520661, 19.99795445 ] } },
{ "type": "Feature", "properties": { "osm_id": null, "name": "Thakkar Bazzar", "feature_group": "commercial", "feature_type": "marketplace", "geometry_source": "polygon", "original_geometry_type": "Polygon" }, "geometry": { "type": "Point", "coordinates": [ 73.780272799073231, 19.998109 ] } },
{ "type": "Feature", "properties": { "osm_id": null, "name": null, "feature_group": "commercial", "feature_type": "commercial_area", "geometry_source": "polygon", "original_geometry_type": "Polygon" }, "geometry": { "type": "Point", "coordinates": [ 73.783363370528832, 19.99843205 ] } },
{ "type": "Feature", "properties": { "osm_id": null, "name": null, "feature_group": "commercial", "feature_type": "marketplace", "geometry_source": "polygon", "original_geometry_type": "Polygon" }, "geometry": { "type": "Point", "coordinates": [ 73.789789728588005, 19.9982922 ] } },
{ "type": "Feature", "properties": { "osm_id": null, "name": null, "feature_group": "commercial", "feature_type": "commercial_area", "geometry_source": "polygon", "original_geometry_type": "Polygon" }, "geometry": { "type": "Point", "coordinates": [ 73.782848397303653, 19.99969105 ] } },
{ "type": "Feature", "properties": { "osm_id": null, "name": "Rajiv Gandhi Bhawan", "feature_group": "commercial", "feature_type": "commercial_area", "geometry_source": "polygon", "original_geometry_type": "Polygon" }, "geometry": { "type": "Point", "coordinates": [ 73.775595090380435, 20.0006803 ] } },
{ "type": "Feature", "properties": { "osm_id": null, "name": "Nashik City Center Mall", "feature_group": "commercial", "feature_type": "mall", "geometry_source": "polygon", "original_geometry_type": "Polygon" }, "geometry": { "type": "Point", "coordinates": [ 73.761432499324656, 19.9905604 ] } },
{ "type": "Feature", "properties": { "osm_id": null, "name": "SSRF", "feature_group": "commercial", "feature_type": "mall", "geometry_source": "polygon", "original_geometry_type": "Polygon" }, "geometry": { "type": "Point", "coordinates": [ 73.759753525319979, 19.99051585 ] } },
{ "type": "Feature", "properties": { "osm_id": null, "name": "The Terotale", "feature_group": "commercial", "feature_type": "restaurant", "geometry_source": "polygon", "original_geometry_type": "Polygon" }, "geometry": { "type": "Point", "coordinates": [ 73.760704774282488, 19.9915048 ] } },
{ "type": "Feature", "properties": { "osm_id": null, "name": null, "feature_group": "commercial", "feature_type": "marketplace", "geometry_source": "polygon", "original_geometry_type": "Polygon" }, "geometry": { "type": "Point", "coordinates": [ 73.768463701740131, 19.998519 ] } },
{ "type": "Feature", "properties": { "osm_id": null, "name": "Tibetan Market", "feature_group": "commercial", "feature_type": "marketplace", "geometry_source": "polygon", "original_geometry_type": "Polygon" }, "geometry": { "type": "Point", "coordinates": [ 73.76759080433618, 19.99843835 ] } },
{ "type": "Feature", "properties": { "osm_id": null, "name": null, "feature_group": "commercial", "feature_type": "commercial_area", "geometry_source": "polygon", "original_geometry_type": "Polygon" }, "geometry": { "type": "Point", "coordinates": [ 73.762390621973083, 20.00197415 ] } },
{ "type": "Feature", "properties": { "osm_id": null, "name": null, "feature_group": "commercial", "feature_type": "commercial_area", "geometry_source": "polygon", "original_geometry_type": "Polygon" }, "geometry": { "type": "Point", "coordinates": [ 73.763560637396637, 20.0051011 ] } },
{ "type": "Feature", "properties": { "osm_id": null, "name": null, "feature_group": "commercial", "feature_type": "retail_area", "geometry_source": "polygon", "original_geometry_type": "Polygon" }, "geometry": { "type": "Point", "coordinates": [ 73.76623425, 20.0051226 ] } },
{ "type": "Feature", "properties": { "osm_id": null, "name": null, "feature_group": "commercial", "feature_type": "commercial_area", "geometry_source": "polygon", "original_geometry_type": "Polygon" }, "geometry": { "type": "Point", "coordinates": [ 73.763565339901788, 20.0055357 ] } },
{ "type": "Feature", "properties": { "osm_id": null, "name": null, "feature_group": "commercial", "feature_type": "commercial_area", "geometry_source": "polygon", "original_geometry_type": "Polygon" }, "geometry": { "type": "Point", "coordinates": [ 73.763726419934102, 20.0079905 ] } },
{ "type": "Feature", "properties": { "osm_id": null, "name": null, "feature_group": "commercial", "feature_type": "commercial_area", "geometry_source": "polygon", "original_geometry_type": "Polygon" }, "geometry": { "type": "Point", "coordinates": [ 73.769367820454306, 20.00054925 ] } },
{ "type": "Feature", "properties": { "osm_id": null, "name": null, "feature_group": "commercial", "feature_type": "commercial_area", "geometry_source": "polygon", "original_geometry_type": "Polygon" }, "geometry": { "type": "Point", "coordinates": [ 73.78588149648634, 20.00073085 ] } },
{ "type": "Feature", "properties": { "osm_id": null, "name": null, "feature_group": "commercial", "feature_type": "retail_area", "geometry_source": "polygon", "original_geometry_type": "Polygon" }, "geometry": { "type": "Point", "coordinates": [ 73.78986824592161, 20.00080255 ] } },
{ "type": "Feature", "properties": { "osm_id": null, "name": null, "feature_group": "commercial", "feature_type": "commercial_area", "geometry_source": "polygon", "original_geometry_type": "Polygon" }, "geometry": { "type": "Point", "coordinates": [ 73.784734528165586, 20.00100695 ] } },
{ "type": "Feature", "properties": { "osm_id": null, "name": null, "feature_group": "commercial", "feature_type": "commercial_area", "geometry_source": "polygon", "original_geometry_type": "Polygon" }, "geometry": { "type": "Point", "coordinates": [ 73.783476499431174, 20.00123355 ] } },
{ "type": "Feature", "properties": { "osm_id": null, "name": null, "feature_group": "commercial", "feature_type": "commercial_area", "geometry_source": "polygon", "original_geometry_type": "Polygon" }, "geometry": { "type": "Point", "coordinates": [ 73.785030001154553, 20.00121785 ] } },
{ "type": "Feature", "properties": { "osm_id": null, "name": null, "feature_group": "commercial", "feature_type": "commercial_area", "geometry_source": "polygon", "original_geometry_type": "Polygon" }, "geometry": { "type": "Point", "coordinates": [ 73.786492412436218, 20.0014528 ] } },
{ "type": "Feature", "properties": { "osm_id": null, "name": "Kabra Emporium", "feature_group": "commercial", "feature_type": "shop_clothes (or clothes;fabric)", "geometry_source": "polygon", "original_geometry_type": "Polygon" }, "geometry": { "type": "Point", "coordinates": [ 73.77684465, 20.001687 ] } },
{ "type": "Feature", "properties": { "osm_id": null, "name": null, "feature_group": "commercial", "feature_type": "commercial_area", "geometry_source": "polygon", "original_geometry_type": "Polygon" }, "geometry": { "type": "Point", "coordinates": [ 73.770174310957273, 20.0021094 ] } },
{ "type": "Feature", "properties": { "osm_id": null, "name": null, "feature_group": "commercial", "feature_type": "commercial_area", "geometry_source": "polygon", "original_geometry_type": "Polygon" }, "geometry": { "type": "Point", "coordinates": [ 73.769726692213908, 20.0023816 ] } },
{ "type": "Feature", "properties": { "osm_id": null, "name": "Karda Constructions- Mega Commercial & Residential Projects", "feature_group": "commercial", "feature_type": "mall", "geometry_source": "polygon", "original_geometry_type": "Polygon" }, "geometry": { "type": "Point", "coordinates": [ 73.832498250961535, 19.95850835 ] } },
{ "type": "Feature", "properties": { "osm_id": null, "name": "Booking Office", "feature_group": "commercial", "feature_type": "office_yes", "geometry_source": "polygon", "original_geometry_type": "Polygon" }, "geometry": { "type": "Point", "coordinates": [ 73.833182660509891, 19.95880435 ] } },
{ "type": "Feature", "properties": { "osm_id": null, "name": null, "feature_group": "commercial", "feature_type": "commercial_area", "geometry_source": "polygon", "original_geometry_type": "Polygon" }, "geometry": { "type": "Point", "coordinates": [ 73.828231764652571, 19.9606632 ] } },
{ "type": "Feature", "properties": { "osm_id": null, "name": "Shanghai Chinese", "feature_group": "commercial", "feature_type": "restaurant", "geometry_source": "polygon", "original_geometry_type": "Polygon" }, "geometry": { "type": "Point", "coordinates": [ 73.819298585409825, 19.96791845 ] } },
{ "type": "Feature", "properties": { "osm_id": null, "name": "PPRSM Shop3", "feature_group": "commercial", "feature_type": "commercial_area", "geometry_source": "polygon", "original_geometry_type": "Polygon" }, "geometry": { "type": "Point", "coordinates": [ 73.795054499423884, 19.96822985 ] } },
{ "type": "Feature", "properties": { "osm_id": null, "name": "Aqsa Fish Market", "feature_group": "commercial", "feature_type": "commercial_area", "geometry_source": "polygon", "original_geometry_type": "Polygon" }, "geometry": { "type": "Point", "coordinates": [ 73.795874324438387, 19.9684341 ] } },
{ "type": "Feature", "properties": { "osm_id": null, "name": "Aysha Traders", "feature_group": "commercial", "feature_type": "commercial_area", "geometry_source": "polygon", "original_geometry_type": "Polygon" }, "geometry": { "type": "Point", "coordinates": [ 73.79605205, 19.9684809 ] } },
{ "type": "Feature", "properties": { "osm_id": null, "name": null, "feature_group": "commercial", "feature_type": "commercial_area", "geometry_source": "polygon", "original_geometry_type": "Polygon" }, "geometry": { "type": "Point", "coordinates": [ 73.836535964526036, 19.94980455 ] } },
{ "type": "Feature", "properties": { "osm_id": null, "name": null, "feature_group": "commercial", "feature_type": "commercial_area", "geometry_source": "polygon", "original_geometry_type": "Polygon" }, "geometry": { "type": "Point", "coordinates": [ 73.841408897209817, 19.95348585 ] } },
{ "type": "Feature", "properties": { "osm_id": null, "name": null, "feature_group": "commercial", "feature_type": "commercial_area", "geometry_source": "polygon", "original_geometry_type": "Polygon" }, "geometry": { "type": "Point", "coordinates": [ 73.841425065304293, 19.95514455 ] } },
{ "type": "Feature", "properties": { "osm_id": null, "name": null, "feature_group": "commercial", "feature_type": "commercial_area", "geometry_source": "polygon", "original_geometry_type": "Polygon" }, "geometry": { "type": "Point", "coordinates": [ 73.840750561191527, 19.958427 ] } },
{ "type": "Feature", "properties": { "osm_id": null, "name": "Anil Vasantrao Jagtap", "feature_group": "commercial", "feature_type": "shop_photo_studio", "geometry_source": "polygon", "original_geometry_type": "Polygon" }, "geometry": { "type": "Point", "coordinates": [ 73.830227017911582, 20.01153225 ] } },
{ "type": "Feature", "properties": { "osm_id": null, "name": "Vegetable Market", "feature_group": "commercial", "feature_type": "marketplace", "geometry_source": "polygon", "original_geometry_type": "Polygon" }, "geometry": { "type": "Point", "coordinates": [ 73.795012691451191, 20.0146531 ] } },
{ "type": "Feature", "properties": { "osm_id": null, "name": "MERI OFFICE", "feature_group": "commercial", "feature_type": "office_educational_institution", "geometry_source": "polygon", "original_geometry_type": "Polygon" }, "geometry": { "type": "Point", "coordinates": [ 73.800396462832509, 20.0283056 ] } },
{ "type": "Feature", "properties": { "osm_id": null, "name": "Sharad Chandra Pawar Market Yard", "feature_group": "commercial", "feature_type": "marketplace", "geometry_source": "polygon", "original_geometry_type": "Polygon" }, "geometry": { "type": "Point", "coordinates": [ 73.792718121874998, 20.02937885 ] } },
{ "type": "Feature", "properties": { "osm_id": null, "name": "Hotel Zakkas Pure Veg", "feature_group": "commercial", "feature_type": "restaurant", "geometry_source": "polygon", "original_geometry_type": "Polygon" }, "geometry": { "type": "Point", "coordinates": [ 73.813585131792422, 20.0318063 ] } },
{ "type": "Feature", "properties": { "osm_id": null, "name": "Shree Mahalaxmi Ice cream and Nashta Centre", "feature_group": "commercial", "feature_type": "restaurant", "geometry_source": "polygon", "original_geometry_type": "Polygon" }, "geometry": { "type": "Point", "coordinates": [ 73.807313912138568, 20.03260565 ] } },
{ "type": "Feature", "properties": { "osm_id": null, "name": "Nashik RTO Office", "feature_group": "commercial", "feature_type": "government_office", "geometry_source": "polygon", "original_geometry_type": "Polygon" }, "geometry": { "type": "Point", "coordinates": [ 73.796054198686448, 20.03314405 ] } },
{ "type": "Feature", "properties": { "osm_id": null, "name": null, "feature_group": "commercial", "feature_type": "commercial_area", "geometry_source": "polygon", "original_geometry_type": "Polygon" }, "geometry": { "type": "Point", "coordinates": [ 73.79774017082616, 19.9950546 ] } },
{ "type": "Feature", "properties": { "osm_id": null, "name": null, "feature_group": "commercial", "feature_type": "commercial_area", "geometry_source": "polygon", "original_geometry_type": "Polygon" }, "geometry": { "type": "Point", "coordinates": [ 73.799176469312727, 19.9966753 ] } },
{ "type": "Feature", "properties": { "osm_id": null, "name": null, "feature_group": "commercial", "feature_type": "commercial_area", "geometry_source": "polygon", "original_geometry_type": "Polygon" }, "geometry": { "type": "Point", "coordinates": [ 73.801961244810144, 19.99807545 ] } },
{ "type": "Feature", "properties": { "osm_id": null, "name": "Starline Complex", "feature_group": "commercial", "feature_type": "commercial_area", "geometry_source": "polygon", "original_geometry_type": "Polygon" }, "geometry": { "type": "Point", "coordinates": [ 73.802335744121194, 19.9991371 ] } },
{ "type": "Feature", "properties": { "osm_id": null, "name": null, "feature_group": "commercial", "feature_type": "commercial_area", "geometry_source": "polygon", "original_geometry_type": "Polygon" }, "geometry": { "type": "Point", "coordinates": [ 73.803528970786687, 19.99942135 ] } },
{ "type": "Feature", "properties": { "osm_id": null, "name": "Panchavati Bazaar", "feature_group": "commercial", "feature_type": "marketplace", "geometry_source": "polygon", "original_geometry_type": "Polygon" }, "geometry": { "type": "Point", "coordinates": [ 73.79365205497021, 20.007845 ] } },
{ "type": "Feature", "properties": { "osm_id": null, "name": null, "feature_group": "commercial", "feature_type": "retail_area", "geometry_source": "polygon", "original_geometry_type": "Polygon" }, "geometry": { "type": "Point", "coordinates": [ 73.792691237419803, 20.0088891 ] } },
{ "type": "Feature", "properties": { "osm_id": null, "name": null, "feature_group": "commercial", "feature_type": "commercial_area", "geometry_source": "polygon", "original_geometry_type": "Polygon" }, "geometry": { "type": "Point", "coordinates": [ 73.795229414009043, 20.0094361 ] } },
{ "type": "Feature", "properties": { "osm_id": null, "name": null, "feature_group": "commercial", "feature_type": "commercial_area", "geometry_source": "polygon", "original_geometry_type": "Polygon" }, "geometry": { "type": "Point", "coordinates": [ 73.795937378775506, 20.0103062 ] } },
{ "type": "Feature", "properties": { "osm_id": null, "name": null, "feature_group": "commercial", "feature_type": "commercial_area", "geometry_source": "polygon", "original_geometry_type": "Polygon" }, "geometry": { "type": "Point", "coordinates": [ 73.796036481256778, 20.0108579 ] } },
{ "type": "Feature", "properties": { "osm_id": null, "name": "Nashik Collector's Office", "feature_group": "commercial", "feature_type": "government_office", "geometry_source": "polygon", "original_geometry_type": "Polygon" }, "geometry": { "type": "Point", "coordinates": [ 73.782755021883446, 20.00355165 ] } },
{ "type": "Feature", "properties": { "osm_id": null, "name": null, "feature_group": "commercial", "feature_type": "commercial_area", "geometry_source": "polygon", "original_geometry_type": "Polygon" }, "geometry": { "type": "Point", "coordinates": [ 73.782266355394682, 20.0037759 ] } },
{ "type": "Feature", "properties": { "osm_id": null, "name": null, "feature_group": "commercial", "feature_type": "marketplace", "geometry_source": "polygon", "original_geometry_type": "Polygon" }, "geometry": { "type": "Point", "coordinates": [ 73.786497557185612, 20.0060744 ] } },
{ "type": "Feature", "properties": { "osm_id": null, "name": "RK Circle Market", "feature_group": "commercial", "feature_type": "marketplace", "geometry_source": "polygon", "original_geometry_type": "Polygon" }, "geometry": { "type": "Point", "coordinates": [ 73.789045747530949, 20.00653465 ] } },
{ "type": "Feature", "properties": { "osm_id": null, "name": null, "feature_group": "commercial", "feature_type": "retail_area", "geometry_source": "polygon", "original_geometry_type": "Polygon" }, "geometry": { "type": "Point", "coordinates": [ 73.789574961891475, 20.0073881 ] } },
{ "type": "Feature", "properties": { "osm_id": null, "name": "Nashik Municipal Corporation", "feature_group": "commercial", "feature_type": "government_office", "geometry_source": "polygon", "original_geometry_type": "Polygon" }, "geometry": { "type": "Point", "coordinates": [ 73.789534930078119, 20.01147875 ] } },
{ "type": "Feature", "properties": { "osm_id": null, "name": null, "feature_group": "commercial", "feature_type": "commercial_area", "geometry_source": "polygon", "original_geometry_type": "Polygon" }, "geometry": { "type": "Point", "coordinates": [ 73.790925764663584, 20.01190345 ] } },
{ "type": "Feature", "properties": { "osm_id": null, "name": "Chaitanya Bakery", "feature_group": "commercial", "feature_type": "shop_yes", "geometry_source": "polygon", "original_geometry_type": "Polygon" }, "geometry": { "type": "Point", "coordinates": [ 73.789993729471561, 20.0182502 ] } },
{ "type": "Feature", "properties": { "osm_id": null, "name": "York Winery", "feature_group": "commercial", "feature_type": "restaurant", "geometry_source": "polygon", "original_geometry_type": "Polygon" }, "geometry": { "type": "Point", "coordinates": [ 73.67456920727443, 20.0119527 ] } },
{ "type": "Feature", "properties": { "osm_id": null, "name": null, "feature_group": "commercial", "feature_type": "commercial_area", "geometry_source": "polygon", "original_geometry_type": "Polygon" }, "geometry": { "type": "Point", "coordinates": [ 73.723516094770261, 20.02160365 ] } }
]
}
