{
"type": "FeatureCollection",
"name": "facilities_deduplicated",
"crs": { "type": "name", "properties": { "name": "urn:ogc:def:crs:OGC:1.3:CRS84" } },
"features": [
{ "type": "Feature", "properties": { "osm_id": "7655439025", "name": "Suyash Eye Clinic", "feature_group": "facility", "feature_type": "clinic", "geometry_source": "point", "original_geometry_type": "Point", "feature_id": "FAC_000001" }, "geometry": { "type": "Point", "coordinates": [ 73.759234, 19.951276 ] } },
{ "type": "Feature", "properties": { "osm_id": "13546500334", "name": null, "feature_group": "facility", "feature_type": "clinic", "geometry_source": "point", "original_geometry_type": "Point", "feature_id": "FAC_000002" }, "geometry": { "type": "Point", "coordinates": [ 73.7447841, 19.9608956 ] } },
{ "type": "Feature", "properties": { "osm_id": "13541185088", "name": "Noor Polyclinic Physician Surgeon and Child Specialist", "feature_group": "facility", "feature_type": "clinic", "geometry_source": "point", "original_geometry_type": "Point", "feature_id": "FAC_000003" }, "geometry": { "type": "Point", "coordinates": [ 73.7262589, 19.971947 ] } },
{ "type": "Feature", "properties": { "osm_id": "7649608338", "name": "Vedant ENT Clinic", "feature_group": "facility", "feature_type": "clinic", "geometry_source": "point", "original_geometry_type": "Point", "feature_id": "FAC_000004" }, "geometry": { "type": "Point", "coordinates": [ 73.835473, 19.952831 ] } },
{ "type": "Feature", "properties": { "osm_id": "7052827600", "name": "Dr Paprikar Maternity and Nursing Home", "feature_group": "facility", "feature_type": "clinic", "geometry_source": "point", "original_geometry_type": "Point", "feature_id": "FAC_000005" }, "geometry": { "type": "Point", "coordinates": [ 73.8364097, 19.9531162 ] } },
{ "type": "Feature", "properties": { "osm_id": "7065561514", "name": "Surya Nursing Home, Nashik", "feature_group": "facility", "feature_type": "clinic", "geometry_source": "point", "original_geometry_type": "Point", "feature_id": "FAC_000006" }, "geometry": { "type": "Point", "coordinates": [ 73.8358659, 19.9536198 ] } },
{ "type": "Feature", "properties": { "osm_id": "7064556053", "name": "Nirgude Nursing Home", "feature_group": "facility", "feature_type": "clinic", "geometry_source": "point", "original_geometry_type": "Point", "feature_id": "FAC_000007" }, "geometry": { "type": "Point", "coordinates": [ 73.8417774, 19.9754329 ] } },
{ "type": "Feature", "properties": { "osm_id": "7655439103", "name": "Shivsmit Clinic", "feature_group": "facility", "feature_type": "clinic", "geometry_source": "point", "original_geometry_type": "Point", "feature_id": "FAC_000008" }, "geometry": { "type": "Point", "coordinates": [ 73.803225500000011, 19.9799283 ] } },
{ "type": "Feature", "properties": { "osm_id": "9202558231", "name": "Care Clinics", "feature_group": "facility", "feature_type": "clinic", "geometry_source": "point", "original_geometry_type": "Point", "feature_id": "FAC_000009" }, "geometry": { "type": "Point", "coordinates": [ 73.8044073, 19.980184 ] } },
{ "type": "Feature", "properties": { "osm_id": "7655439038", "name": "Apollo Clinic", "feature_group": "facility", "feature_type": "clinic", "geometry_source": "point", "original_geometry_type": "Point", "feature_id": "FAC_000010" }, "geometry": { "type": "Point", "coordinates": [ 73.782606, 19.984628 ] } },
{ "type": "Feature", "properties": { "osm_id": "9844129598", "name": "Atlas Spine Clinic", "feature_group": "facility", "feature_type": "clinic", "geometry_source": "point", "original_geometry_type": "Point", "feature_id": "FAC_000011" }, "geometry": { "type": "Point", "coordinates": [ 73.7801283, 19.9891013 ] } },
{ "type": "Feature", "properties": { "osm_id": "7655439070", "name": "Relief Gastro Care Clinic", "feature_group": "facility", "feature_type": "clinic", "geometry_source": "point", "original_geometry_type": "Point", "feature_id": "FAC_000012" }, "geometry": { "type": "Point", "coordinates": [ 73.7824463, 19.9906387 ] } },
{ "type": "Feature", "properties": { "osm_id": "7655439021", "name": "Unique Clinic", "feature_group": "facility", "feature_type": "clinic", "geometry_source": "point", "original_geometry_type": "Point", "feature_id": "FAC_000013" }, "geometry": { "type": "Point", "coordinates": [ 73.797839, 19.9919185 ] } },
{ "type": "Feature", "properties": { "osm_id": "7655439085", "name": "Homeopathic Clinic", "feature_group": "facility", "feature_type": "clinic", "geometry_source": "point", "original_geometry_type": "Point", "feature_id": "FAC_000014" }, "geometry": { "type": "Point", "coordinates": [ 73.8047207, 19.99274 ] } },
{ "type": "Feature", "properties": { "osm_id": "7073893583", "name": "Dr.Sandip A.Kotwal", "feature_group": "facility", "feature_type": "clinic", "geometry_source": "point", "original_geometry_type": "Point", "feature_id": "FAC_000015" }, "geometry": { "type": "Point", "coordinates": [ 73.8025247, 19.9952083 ] } },
{ "type": "Feature", "properties": { "osm_id": "7649608311", "name": "Kaivalya Clinic", "feature_group": "facility", "feature_type": "clinic", "geometry_source": "point", "original_geometry_type": "Point", "feature_id": "FAC_000016" }, "geometry": { "type": "Point", "coordinates": [ 73.840217, 19.977303 ] } },
{ "type": "Feature", "properties": { "osm_id": "12872558437", "name": "Dr Avishkar Patil", "feature_group": "facility", "feature_type": "clinic", "geometry_source": "point", "original_geometry_type": "Point", "feature_id": "FAC_000017" }, "geometry": { "type": "Point", "coordinates": [ 73.814163, 19.985897 ] } },
{ "type": "Feature", "properties": { "osm_id": "7655439044", "name": "Hope Cancer Clinic", "feature_group": "facility", "feature_type": "clinic", "geometry_source": "point", "original_geometry_type": "Point", "feature_id": "FAC_000018" }, "geometry": { "type": "Point", "coordinates": [ 73.8210865, 20.0077095 ] } },
{ "type": "Feature", "properties": { "osm_id": "7655439050", "name": "Dr. Sakhla's Chest Care Clinic", "feature_group": "facility", "feature_type": "clinic", "geometry_source": "point", "original_geometry_type": "Point", "feature_id": "FAC_000019" }, "geometry": { "type": "Point", "coordinates": [ 73.775589400000015, 19.998062 ] } },
{ "type": "Feature", "properties": { "osm_id": "7655439049", "name": "Arihant Poly Clinic", "feature_group": "facility", "feature_type": "clinic", "geometry_source": "point", "original_geometry_type": "Point", "feature_id": "FAC_000020" }, "geometry": { "type": "Point", "coordinates": [ 73.7762303, 20.0049027 ] } },
{ "type": "Feature", "properties": { "osm_id": "7070361992", "name": "Vidula Nursing Home & Fertility Clinic", "feature_group": "facility", "feature_type": "clinic", "geometry_source": "point", "original_geometry_type": "Point", "feature_id": "FAC_000021" }, "geometry": { "type": "Point", "coordinates": [ 73.7751614, 20.0056858 ] } },
{ "type": "Feature", "properties": { "osm_id": "7655439028", "name": "Jyoti Clinic", "feature_group": "facility", "feature_type": "clinic", "geometry_source": "point", "original_geometry_type": "Point", "feature_id": "FAC_000022" }, "geometry": { "type": "Point", "coordinates": [ 73.7760272, 20.005829 ] } },
{ "type": "Feature", "properties": { "osm_id": "7655439013", "name": "Gogate Clinics", "feature_group": "facility", "feature_type": "clinic", "geometry_source": "point", "original_geometry_type": "Point", "feature_id": "FAC_000023" }, "geometry": { "type": "Point", "coordinates": [ 73.787208, 20.004485 ] } },
{ "type": "Feature", "properties": { "osm_id": "7655439063", "name": "Barwe Clinic", "feature_group": "facility", "feature_type": "clinic", "geometry_source": "point", "original_geometry_type": "Point", "feature_id": "FAC_000024" }, "geometry": { "type": "Point", "coordinates": [ 73.78599, 20.005383 ] } },
{ "type": "Feature", "properties": { "osm_id": "7086149989", "name": "Dr. Bhawsar Nursing Home", "feature_group": "facility", "feature_type": "clinic", "geometry_source": "point", "original_geometry_type": "Point", "feature_id": "FAC_000025" }, "geometry": { "type": "Point", "coordinates": [ 73.7845056, 20.0081242 ] } },
{ "type": "Feature", "properties": { "osm_id": "7655439078", "name": "Spandan Clinic", "feature_group": "facility", "feature_type": "clinic", "geometry_source": "point", "original_geometry_type": "Point", "feature_id": "FAC_000026" }, "geometry": { "type": "Point", "coordinates": [ 73.8040552, 20.0110743 ] } },
{ "type": "Feature", "properties": { "osm_id": "7655439065", "name": "Shree Sai Clinic", "feature_group": "facility", "feature_type": "clinic", "geometry_source": "point", "original_geometry_type": "Point", "feature_id": "FAC_000027" }, "geometry": { "type": "Point", "coordinates": [ 73.805193100000011, 20.0124948 ] } },
{ "type": "Feature", "properties": { "osm_id": "7649608322", "name": "Shivtara Clinic", "feature_group": "facility", "feature_type": "clinic", "geometry_source": "point", "original_geometry_type": "Point", "feature_id": "FAC_000028" }, "geometry": { "type": "Point", "coordinates": [ 73.8432947, 20.0193706 ] } },
{ "type": "Feature", "properties": { "osm_id": "7649608306", "name": "Shatayu Homeopathic Clinic", "feature_group": "facility", "feature_type": "clinic", "geometry_source": "point", "original_geometry_type": "Point", "feature_id": "FAC_000029" }, "geometry": { "type": "Point", "coordinates": [ 73.8440066, 20.0195129 ] } },
{ "type": "Feature", "properties": { "osm_id": "7649608344", "name": "Venu Clinic", "feature_group": "facility", "feature_type": "clinic", "geometry_source": "point", "original_geometry_type": "Point", "feature_id": "FAC_000030" }, "geometry": { "type": "Point", "coordinates": [ 73.86550720000001, 20.0337811 ] } },
{ "type": "Feature", "properties": { "osm_id": "7655439022", "name": "Skinerella Clinic", "feature_group": "facility", "feature_type": "clinic", "geometry_source": "point", "original_geometry_type": "Point", "feature_id": "FAC_000031" }, "geometry": { "type": "Point", "coordinates": [ 73.771177, 20.001798 ] } },
{ "type": "Feature", "properties": { "osm_id": "7079665719", "name": "Navkar Eye Clinic", "feature_group": "facility", "feature_type": "clinic", "geometry_source": "point", "original_geometry_type": "Point", "feature_id": "FAC_000032" }, "geometry": { "type": "Point", "coordinates": [ 73.773483, 20.0022417 ] } },
{ "type": "Feature", "properties": { "osm_id": "7655439100", "name": "Panacea Clinic", "feature_group": "facility", "feature_type": "clinic", "geometry_source": "point", "original_geometry_type": "Point", "feature_id": "FAC_000033" }, "geometry": { "type": "Point", "coordinates": [ 73.7718117, 20.0074187 ] } },
{ "type": "Feature", "properties": { "osm_id": "7055243562", "name": "Vijay Nursing Home,Nashik", "feature_group": "facility", "feature_type": "clinic", "geometry_source": "point", "original_geometry_type": "Point", "feature_id": "FAC_000034" }, "geometry": { "type": "Point", "coordinates": [ 73.7688978, 20.0089408 ] } },
{ "type": "Feature", "properties": { "osm_id": "7070157969", "name": "Sushil Surgical Nursing Home and Video Endoscopy Centre", "feature_group": "facility", "feature_type": "clinic", "geometry_source": "point", "original_geometry_type": "Point", "feature_id": "FAC_000035" }, "geometry": { "type": "Point", "coordinates": [ 73.7694624, 20.0103686 ] } },
{ "type": "Feature", "properties": { "osm_id": "6918797129", "name": "Guru Gobind Singh College", "feature_group": "facility", "feature_type": "college", "geometry_source": "point", "original_geometry_type": "Point", "feature_id": "FAC_000036" }, "geometry": { "type": "Point", "coordinates": [ 73.7787335, 19.9581224 ] } },
{ "type": "Feature", "properties": { "osm_id": "13723274619", "name": "KBTCOE NASHIK", "feature_group": "facility", "feature_type": "college", "geometry_source": "point", "original_geometry_type": "Point", "feature_id": "FAC_000037" }, "geometry": { "type": "Point", "coordinates": [ 73.7640266, 20.0142442 ] } },
{ "type": "Feature", "properties": { "osm_id": "13723274618", "name": "MVPS RSM Polytechnic", "feature_group": "facility", "feature_type": "college", "geometry_source": "point", "original_geometry_type": "Point", "feature_id": "FAC_000038" }, "geometry": { "type": "Point", "coordinates": [ 73.7655424, 20.0149089 ] } },
{ "type": "Feature", "properties": { "osm_id": null, "name": "Indian Railways Institute of Electrical Engineering", "feature_group": "facility", "feature_type": "college", "geometry_source": "polygon", "original_geometry_type": "MultiPolygon", "feature_id": "FAC_000039" }, "geometry": { "type": "Point", "coordinates": [ 73.861943269232953, 19.95761775 ] } },
{ "type": "Feature", "properties": { "osm_id": null, "name": "K.K. Wagh Institute of Engineering Education & Research", "feature_group": "facility", "feature_type": "college", "geometry_source": "polygon", "original_geometry_type": "MultiPolygon", "feature_id": "FAC_000040" }, "geometry": { "type": "Point", "coordinates": [ 73.821924592740487, 20.01341165 ] } },
{ "type": "Feature", "properties": { "osm_id": null, "name": "Karmaveer Kakasaheb Wagh Education Society", "feature_group": "facility", "feature_type": "college", "geometry_source": "polygon", "original_geometry_type": "MultiPolygon", "feature_id": "FAC_000041" }, "geometry": { "type": "Point", "coordinates": [ 73.832713009839352, 20.02590685 ] } },
{ "type": "Feature", "properties": { "osm_id": "20125966", "name": "Maharashtra Engineering Research Institute", "feature_group": "facility", "feature_type": "college", "geometry_source": "polygon", "original_geometry_type": "MultiPolygon", "feature_id": "FAC_000042" }, "geometry": { "type": "Point", "coordinates": [ 73.804110768119187, 20.02832965 ] } },
{ "type": "Feature", "properties": { "osm_id": null, "name": "Dr Vasantrao Pawar Medical College", "feature_group": "facility", "feature_type": "college", "geometry_source": "polygon", "original_geometry_type": "MultiPolygon", "feature_id": "FAC_000043" }, "geometry": { "type": "Point", "coordinates": [ 73.853070823126075, 20.0358294 ] } },
{ "type": "Feature", "properties": { "osm_id": null, "name": null, "feature_group": "facility", "feature_type": "college", "geometry_source": "polygon", "original_geometry_type": "MultiPolygon", "feature_id": "FAC_000044" }, "geometry": { "type": "Point", "coordinates": [ 73.770249979062498, 19.9975852 ] } },
{ "type": "Feature", "properties": { "osm_id": null, "name": "H.P.T. Arts and R.Y.K. Science College", "feature_group": "facility", "feature_type": "college", "geometry_source": "polygon", "original_geometry_type": "MultiPolygon", "feature_id": "FAC_000045" }, "geometry": { "type": "Point", "coordinates": [ 73.76084872994825, 20.00474065 ] } },
{ "type": "Feature", "properties": { "osm_id": null, "name": null, "feature_group": "facility", "feature_type": "college", "geometry_source": "polygon", "original_geometry_type": "MultiPolygon", "feature_id": "FAC_000046" }, "geometry": { "type": "Point", "coordinates": [ 73.771963649749594, 20.0047356 ] } },
{ "type": "Feature", "properties": { "osm_id": "11758910", "name": "H.P.T. Art's B.Y.K Commerce and R.Y.K Science College", "feature_group": "facility", "feature_type": "college", "geometry_source": "polygon", "original_geometry_type": "MultiPolygon", "feature_id": "FAC_000047" }, "geometry": { "type": "Point", "coordinates": [ 73.762314216963333, 20.0053771 ] } },
{ "type": "Feature", "properties": { "osm_id": null, "name": "Bhonsala Military College", "feature_group": "facility", "feature_type": "college", "geometry_source": "polygon", "original_geometry_type": "MultiPolygon", "feature_id": "FAC_000048" }, "geometry": { "type": "Point", "coordinates": [ 73.752740455161103, 20.01078835 ] } },
{ "type": "Feature", "properties": { "osm_id": null, "name": "KTHM College", "feature_group": "facility", "feature_type": "college", "geometry_source": "polygon", "original_geometry_type": "MultiPolygon", "feature_id": "FAC_000049" }, "geometry": { "type": "Point", "coordinates": [ 73.778358520557248, 20.00737325 ] } },
{ "type": "Feature", "properties": { "osm_id": null, "name": "Nashik District Maratha Vidya Prasarak Samaja's Karmaveer Adv.Baburao Ganapatrao Thakare College of Engineering", "feature_group": "facility", "feature_type": "college", "geometry_source": "polygon", "original_geometry_type": "MultiPolygon", "feature_id": "FAC_000050" }, "geometry": { "type": "Point", "coordinates": [ 73.764208915029201, 20.01496305 ] } },
{ "type": "Feature", "properties": { "osm_id": null, "name": null, "feature_group": "facility", "feature_type": "college", "geometry_source": "polygon", "original_geometry_type": "MultiPolygon", "feature_id": "FAC_000051" }, "geometry": { "type": "Point", "coordinates": [ 73.762886410188131, 20.0149474 ] } },
{ "type": "Feature", "properties": { "osm_id": null, "name": "CMCS College", "feature_group": "facility", "feature_type": "college", "geometry_source": "polygon", "original_geometry_type": "MultiPolygon", "feature_id": "FAC_000052" }, "geometry": { "type": "Point", "coordinates": [ 73.761758674361857, 20.0149474 ] } },
{ "type": "Feature", "properties": { "osm_id": "12035764086", "name": "Ekdant Acupuncture", "feature_group": "facility", "feature_type": "doctors", "geometry_source": "point", "original_geometry_type": "Point", "feature_id": "FAC_000053" }, "geometry": { "type": "Point", "coordinates": [ 73.74842790000001, 19.9728965 ] } },
{ "type": "Feature", "properties": { "osm_id": "7082579548", "name": "Dr. Satish Patil", "feature_group": "facility", "feature_type": "doctors", "geometry_source": "point", "original_geometry_type": "Point", "feature_id": "FAC_000054" }, "geometry": { "type": "Point", "coordinates": [ 73.7793678, 19.9848776 ] } },
{ "type": "Feature", "properties": { "osm_id": "7043136185", "name": "Dr.Bharat R.Kelkar", "feature_group": "facility", "feature_type": "doctors", "geometry_source": "point", "original_geometry_type": "Point", "feature_id": "FAC_000055" }, "geometry": { "type": "Point", "coordinates": [ 73.7821657, 19.9863139 ] } },
{ "type": "Feature", "properties": { "osm_id": "7043011303", "name": "Vakratunda Multispeciality Hospital - Nasik", "feature_group": "facility", "feature_type": "hospital", "geometry_source": "point", "original_geometry_type": "Point", "feature_id": "FAC_000056" }, "geometry": { "type": "Point", "coordinates": [ 73.7575868, 19.9551579 ] } },
{ "type": "Feature", "properties": { "osm_id": "7655439034", "name": "Saptashrungi Hospital", "feature_group": "facility", "feature_type": "hospital", "geometry_source": "point", "original_geometry_type": "Point", "feature_id": "FAC_000057" }, "geometry": { "type": "Point", "coordinates": [ 73.7629399, 19.9553557 ] } },
{ "type": "Feature", "properties": { "osm_id": "7649608348", "name": "Jupiter Multi-Speciality Hospital", "feature_group": "facility", "feature_type": "hospital", "geometry_source": "point", "original_geometry_type": "Point", "feature_id": "FAC_000058" }, "geometry": { "type": "Point", "coordinates": [ 73.734859, 19.962274 ] } },
{ "type": "Feature", "properties": { "osm_id": "7649608321", "name": "Venus super Speciality Hospital Limited", "feature_group": "facility", "feature_type": "hospital", "geometry_source": "point", "original_geometry_type": "Point", "feature_id": "FAC_000059" }, "geometry": { "type": "Point", "coordinates": [ 73.734193, 19.963289 ] } },
{ "type": "Feature", "properties": { "osm_id": "7080205236", "name": "Sahajeevan General Hospital", "feature_group": "facility", "feature_type": "hospital", "geometry_source": "point", "original_geometry_type": "Point", "feature_id": "FAC_000060" }, "geometry": { "type": "Point", "coordinates": [ 73.764906700000012, 19.9642255 ] } },
{ "type": "Feature", "properties": { "osm_id": "7655439072", "name": "Shree Hospital", "feature_group": "facility", "feature_type": "hospital", "geometry_source": "point", "original_geometry_type": "Point", "feature_id": "FAC_000061" }, "geometry": { "type": "Point", "coordinates": [ 73.7698069, 19.9642261 ] } },
{ "type": "Feature", "properties": { "osm_id": "7082579558", "name": "Vatshalya Maternity Hospital and Infertility Clinic", "feature_group": "facility", "feature_type": "hospital", "geometry_source": "point", "original_geometry_type": "Point", "feature_id": "FAC_000062" }, "geometry": { "type": "Point", "coordinates": [ 73.7659286, 19.9646578 ] } },
{ "type": "Feature", "properties": { "osm_id": "7229411004", "name": "NMCH, Cidco", "feature_group": "facility", "feature_type": "hospital", "geometry_source": "point", "original_geometry_type": "Point", "feature_id": "FAC_000063" }, "geometry": { "type": "Point", "coordinates": [ 73.7622144, 19.9654705 ] } },
{ "type": "Feature", "properties": { "osm_id": "7059172368", "name": "Suman Hospital, Nashik", "feature_group": "facility", "feature_type": "hospital", "geometry_source": "point", "original_geometry_type": "Point", "feature_id": "FAC_000064" }, "geometry": { "type": "Point", "coordinates": [ 73.7674903, 19.9665045 ] } },
{ "type": "Feature", "properties": { "osm_id": "7229411046", "name": "Samarth General Hospital", "feature_group": "facility", "feature_type": "hospital", "geometry_source": "point", "original_geometry_type": "Point", "feature_id": "FAC_000065" }, "geometry": { "type": "Point", "coordinates": [ 73.7681624, 19.9673414 ] } },
{ "type": "Feature", "properties": { "osm_id": "7048425352", "name": "Shrinivas Multispeciality Hospital", "feature_group": "facility", "feature_type": "hospital", "geometry_source": "point", "original_geometry_type": "Point", "feature_id": "FAC_000066" }, "geometry": { "type": "Point", "coordinates": [ 73.76840030000001, 19.9675714 ] } },
{ "type": "Feature", "properties": { "osm_id": "7655439016", "name": "Swami Criticare Hospital", "feature_group": "facility", "feature_type": "hospital", "geometry_source": "point", "original_geometry_type": "Point", "feature_id": "FAC_000067" }, "geometry": { "type": "Point", "coordinates": [ 73.759779, 19.96795 ] } },
{ "type": "Feature", "properties": { "osm_id": "7655439060", "name": "Kalpataru Multispeciality Hospital", "feature_group": "facility", "feature_type": "hospital", "geometry_source": "point", "original_geometry_type": "Point", "feature_id": "FAC_000068" }, "geometry": { "type": "Point", "coordinates": [ 73.7530445, 19.9683919 ] } },
{ "type": "Feature", "properties": { "osm_id": "7655439105", "name": "Nitin Hospital and Medical", "feature_group": "facility", "feature_type": "hospital", "geometry_source": "point", "original_geometry_type": "Point", "feature_id": "FAC_000069" }, "geometry": { "type": "Point", "coordinates": [ 73.759226500000011, 19.9684731 ] } },
{ "type": "Feature", "properties": { "osm_id": "7086906890", "name": "Swami Hospital Nasik", "feature_group": "facility", "feature_type": "hospital", "geometry_source": "point", "original_geometry_type": "Point", "feature_id": "FAC_000070" }, "geometry": { "type": "Point", "coordinates": [ 73.7589361, 19.9685231 ] } },
{ "type": "Feature", "properties": { "osm_id": "7655439088", "name": "Dr. Darade Hospital", "feature_group": "facility", "feature_type": "hospital", "geometry_source": "point", "original_geometry_type": "Point", "feature_id": "FAC_000071" }, "geometry": { "type": "Point", "coordinates": [ 73.755365500000011, 19.9691554 ] } },
{ "type": "Feature", "properties": { "osm_id": "7655439066", "name": "Tirupati Hospital", "feature_group": "facility", "feature_type": "hospital", "geometry_source": "point", "original_geometry_type": "Point", "feature_id": "FAC_000072" }, "geometry": { "type": "Point", "coordinates": [ 73.754789, 19.969313 ] } },
{ "type": "Feature", "properties": { "osm_id": "7655439017", "name": "Eshwar Krupa Hospital", "feature_group": "facility", "feature_type": "hospital", "geometry_source": "point", "original_geometry_type": "Point", "feature_id": "FAC_000073" }, "geometry": { "type": "Point", "coordinates": [ 73.754374, 19.9713382 ] } },
{ "type": "Feature", "properties": { "osm_id": "7655439093", "name": "Ishwar Krupa Maternity Hospital", "feature_group": "facility", "feature_type": "hospital", "geometry_source": "point", "original_geometry_type": "Point", "feature_id": "FAC_000074" }, "geometry": { "type": "Point", "coordinates": [ 73.7544991, 19.9716262 ] } },
{ "type": "Feature", "properties": { "osm_id": "7054529046", "name": "Life Care Hospital, Nashik", "feature_group": "facility", "feature_type": "hospital", "geometry_source": "point", "original_geometry_type": "Point", "feature_id": "FAC_000075" }, "geometry": { "type": "Point", "coordinates": [ 73.7730458, 19.9724375 ] } },
{ "type": "Feature", "properties": { "osm_id": "7655439098", "name": "Snehal Hospital", "feature_group": "facility", "feature_type": "hospital", "geometry_source": "point", "original_geometry_type": "Point", "feature_id": "FAC_000076" }, "geometry": { "type": "Point", "coordinates": [ 73.766855400000011, 19.9730585 ] } },
{ "type": "Feature", "properties": { "osm_id": "7655439090", "name": "Dr. Shyam Chaudhari Children Hospital", "feature_group": "facility", "feature_type": "hospital", "geometry_source": "point", "original_geometry_type": "Point", "feature_id": "FAC_000077" }, "geometry": { "type": "Point", "coordinates": [ 73.7551263, 19.981838 ] } },
{ "type": "Feature", "properties": { "osm_id": "7041093725", "name": "Aashirwad Hospital, Nashik", "feature_group": "facility", "feature_type": "hospital", "geometry_source": "point", "original_geometry_type": "Point", "feature_id": "FAC_000078" }, "geometry": { "type": "Point", "coordinates": [ 73.7453198, 19.9820078 ] } },
{ "type": "Feature", "properties": { "osm_id": "7649608349", "name": "Joshi Nursing Home & Ayurved Chikitsa Kendra", "feature_group": "facility", "feature_type": "hospital", "geometry_source": "point", "original_geometry_type": "Point", "feature_id": "FAC_000079" }, "geometry": { "type": "Point", "coordinates": [ 73.7224982, 19.9865319 ] } },
{ "type": "Feature", "properties": { "osm_id": "7051818380", "name": "Maher Hospital", "feature_group": "facility", "feature_type": "hospital", "geometry_source": "point", "original_geometry_type": "Point", "feature_id": "FAC_000080" }, "geometry": { "type": "Point", "coordinates": [ 73.7210767, 19.986719 ] } },
{ "type": "Feature", "properties": { "osm_id": "13483091592", "name": "Shiv Multi Speciality Hospital", "feature_group": "facility", "feature_type": "hospital", "geometry_source": "point", "original_geometry_type": "Point", "feature_id": "FAC_000081" }, "geometry": { "type": "Point", "coordinates": [ 73.726404100000011, 19.9871436 ] } },
{ "type": "Feature", "properties": { "osm_id": "7041066632", "name": "Sarthak Hospital, Nashik", "feature_group": "facility", "feature_type": "hospital", "geometry_source": "point", "original_geometry_type": "Point", "feature_id": "FAC_000082" }, "geometry": { "type": "Point", "coordinates": [ 73.7221402, 19.9886951 ] } },
{ "type": "Feature", "properties": { "osm_id": "7649608373", "name": "Shaishav Children Hospital", "feature_group": "facility", "feature_type": "hospital", "geometry_source": "point", "original_geometry_type": "Point", "feature_id": "FAC_000083" }, "geometry": { "type": "Point", "coordinates": [ 73.7169553, 19.9897577 ] } },
{ "type": "Feature", "properties": { "osm_id": "7649608369", "name": "Shree Siddhivinayak Hospital", "feature_group": "facility", "feature_type": "hospital", "geometry_source": "point", "original_geometry_type": "Point", "feature_id": "FAC_000084" }, "geometry": { "type": "Point", "coordinates": [ 73.8375857, 19.9472146 ] } },
{ "type": "Feature", "properties": { "osm_id": "7053694059", "name": "Surana Hospital - Nasik Road", "feature_group": "facility", "feature_type": "hospital", "geometry_source": "point", "original_geometry_type": "Point", "feature_id": "FAC_000085" }, "geometry": { "type": "Point", "coordinates": [ 73.8346964, 19.9476728 ] } },
{ "type": "Feature", "properties": { "osm_id": "7649608367", "name": "Janki Maternity Home", "feature_group": "facility", "feature_type": "hospital", "geometry_source": "point", "original_geometry_type": "Point", "feature_id": "FAC_000086" }, "geometry": { "type": "Point", "coordinates": [ 73.8356664, 19.9476983 ] } },
{ "type": "Feature", "properties": { "osm_id": "7649608365", "name": "Divya Jyot Hospital", "feature_group": "facility", "feature_type": "hospital", "geometry_source": "point", "original_geometry_type": "Point", "feature_id": "FAC_000087" }, "geometry": { "type": "Point", "coordinates": [ 73.83442620000001, 19.9477355 ] } },
{ "type": "Feature", "properties": { "osm_id": "7649608318", "name": "Shree Sankalp Hospital", "feature_group": "facility", "feature_type": "hospital", "geometry_source": "point", "original_geometry_type": "Point", "feature_id": "FAC_000088" }, "geometry": { "type": "Point", "coordinates": [ 73.834358, 19.9480032 ] } },
{ "type": "Feature", "properties": { "osm_id": "13951272388", "name": "Dr. Kasar Hospital & Maternity Home", "feature_group": "facility", "feature_type": "hospital", "geometry_source": "point", "original_geometry_type": "Point", "feature_id": "FAC_000089" }, "geometry": { "type": "Point", "coordinates": [ 73.8377867, 19.9499478 ] } },
{ "type": "Feature", "properties": { "osm_id": "7649608342", "name": "Sai Seva Children Hospital", "feature_group": "facility", "feature_type": "hospital", "geometry_source": "point", "original_geometry_type": "Point", "feature_id": "FAC_000090" }, "geometry": { "type": "Point", "coordinates": [ 73.8385475, 19.9502598 ] } },
{ "type": "Feature", "properties": { "osm_id": "7649608333", "name": "Sanjeevani Dental and Accident Hospital", "feature_group": "facility", "feature_type": "hospital", "geometry_source": "point", "original_geometry_type": "Point", "feature_id": "FAC_000091" }, "geometry": { "type": "Point", "coordinates": [ 73.836886, 19.950332 ] } },
{ "type": "Feature", "properties": { "osm_id": "7649608363", "name": "Dr. Rakesh Tiwari Hospital", "feature_group": "facility", "feature_type": "hospital", "geometry_source": "point", "original_geometry_type": "Point", "feature_id": "FAC_000092" }, "geometry": { "type": "Point", "coordinates": [ 73.8316399, 19.9503755 ] } },
{ "type": "Feature", "properties": { "osm_id": "7073799784", "name": "Nashikroad Multispeciality Hospital", "feature_group": "facility", "feature_type": "hospital", "geometry_source": "point", "original_geometry_type": "Point", "feature_id": "FAC_000093" }, "geometry": { "type": "Point", "coordinates": [ 73.83756910000001, 19.9503819 ] } },
{ "type": "Feature", "properties": { "osm_id": "7649608319", "name": "Jadhav Hospital", "feature_group": "facility", "feature_type": "hospital", "geometry_source": "point", "original_geometry_type": "Point", "feature_id": "FAC_000094" }, "geometry": { "type": "Point", "coordinates": [ 73.8306582, 19.9505453 ] } },
{ "type": "Feature", "properties": { "osm_id": "7085685380", "name": "Jairam Hospitals and Research Centre Pvt Ltd", "feature_group": "facility", "feature_type": "hospital", "geometry_source": "point", "original_geometry_type": "Point", "feature_id": "FAC_000095" }, "geometry": { "type": "Point", "coordinates": [ 73.8386245, 19.95105 ] } },
{ "type": "Feature", "properties": { "osm_id": "7649608335", "name": "Muthal Hospital", "feature_group": "facility", "feature_type": "hospital", "geometry_source": "point", "original_geometry_type": "Point", "feature_id": "FAC_000096" }, "geometry": { "type": "Point", "coordinates": [ 73.8325961, 19.951081 ] } },
{ "type": "Feature", "properties": { "osm_id": "7081227381", "name": "Om Hospital", "feature_group": "facility", "feature_type": "hospital", "geometry_source": "point", "original_geometry_type": "Point", "feature_id": "FAC_000097" }, "geometry": { "type": "Point", "coordinates": [ 73.8360912, 19.952762 ] } },
{ "type": "Feature", "properties": { "osm_id": "7649608366", "name": "Medicare Multispeciality Hospital", "feature_group": "facility", "feature_type": "hospital", "geometry_source": "point", "original_geometry_type": "Point", "feature_id": "FAC_000098" }, "geometry": { "type": "Point", "coordinates": [ 73.835853, 19.952837 ] } },
{ "type": "Feature", "properties": { "osm_id": "7052491864", "name": "Chirayu Childrens Hospital", "feature_group": "facility", "feature_type": "hospital", "geometry_source": "point", "original_geometry_type": "Point", "feature_id": "FAC_000099" }, "geometry": { "type": "Point", "coordinates": [ 73.835717, 19.9528704 ] } },
{ "type": "Feature", "properties": { "osm_id": "7649608330", "name": "Omkar Hospital", "feature_group": "facility", "feature_type": "hospital", "geometry_source": "point", "original_geometry_type": "Point", "feature_id": "FAC_000100" }, "geometry": { "type": "Point", "coordinates": [ 73.836082, 19.953202 ] } },
{ "type": "Feature", "properties": { "osm_id": "7649608355", "name": "Suman Hospital", "feature_group": "facility", "feature_type": "hospital", "geometry_source": "point", "original_geometry_type": "Point", "feature_id": "FAC_000101" }, "geometry": { "type": "Point", "coordinates": [ 73.8237349, 19.9579069 ] } },
{ "type": "Feature", "properties": { "osm_id": "7649608326", "name": "Mogal Hospital", "feature_group": "facility", "feature_type": "hospital", "geometry_source": "point", "original_geometry_type": "Point", "feature_id": "FAC_000102" }, "geometry": { "type": "Point", "coordinates": [ 73.838324, 19.958211 ] } },
{ "type": "Feature", "properties": { "osm_id": "7081965751", "name": "Gujarathi Hospital", "feature_group": "facility", "feature_type": "hospital", "geometry_source": "point", "original_geometry_type": "Point", "feature_id": "FAC_000103" }, "geometry": { "type": "Point", "coordinates": [ 73.8352811, 19.958432 ] } },
{ "type": "Feature", "properties": { "osm_id": "7073687637", "name": "Criticare Hospital For Children", "feature_group": "facility", "feature_type": "hospital", "geometry_source": "point", "original_geometry_type": "Point", "feature_id": "FAC_000104" }, "geometry": { "type": "Point", "coordinates": [ 73.8391764, 19.959247 ] } },
{ "type": "Feature", "properties": { "osm_id": "7649608320", "name": "Akshay Hospital", "feature_group": "facility", "feature_type": "hospital", "geometry_source": "point", "original_geometry_type": "Point", "feature_id": "FAC_000105" }, "geometry": { "type": "Point", "coordinates": [ 73.833422, 19.961164 ] } },
{ "type": "Feature", "properties": { "osm_id": "7082650565", "name": "Shushrusha Hospital, Nashik", "feature_group": "facility", "feature_type": "hospital", "geometry_source": "point", "original_geometry_type": "Point", "feature_id": "FAC_000106" }, "geometry": { "type": "Point", "coordinates": [ 73.8213068, 19.9698189 ] } },
{ "type": "Feature", "properties": { "osm_id": "7649608345", "name": "Jeevan Jyoti Hospital", "feature_group": "facility", "feature_type": "hospital", "geometry_source": "point", "original_geometry_type": "Point", "feature_id": "FAC_000107" }, "geometry": { "type": "Point", "coordinates": [ 73.8337, 19.970342 ] } },
{ "type": "Feature", "properties": { "osm_id": "7649608372", "name": "Nandurkar Hospital", "feature_group": "facility", "feature_type": "hospital", "geometry_source": "point", "original_geometry_type": "Point", "feature_id": "FAC_000108" }, "geometry": { "type": "Point", "coordinates": [ 73.840851300000011, 19.9724377 ] } },
{ "type": "Feature", "properties": { "osm_id": "7649608334", "name": "Dr. Tamboli Hospital", "feature_group": "facility", "feature_type": "hospital", "geometry_source": "point", "original_geometry_type": "Point", "feature_id": "FAC_000109" }, "geometry": { "type": "Point", "coordinates": [ 73.8775552, 19.9741286 ] } },
{ "type": "Feature", "properties": { "osm_id": "7649608362", "name": "Shree Swami Samarth Hospital", "feature_group": "facility", "feature_type": "hospital", "geometry_source": "point", "original_geometry_type": "Point", "feature_id": "FAC_000110" }, "geometry": { "type": "Point", "coordinates": [ 73.84182770000001, 19.9756586 ] } },
{ "type": "Feature", "properties": { "osm_id": "7649608340", "name": "New Life Hospital", "feature_group": "facility", "feature_type": "hospital", "geometry_source": "point", "original_geometry_type": "Point", "feature_id": "FAC_000111" }, "geometry": { "type": "Point", "coordinates": [ 73.8417881, 19.9762811 ] } },
{ "type": "Feature", "properties": { "osm_id": "7054453176", "name": "Asha Kendra Hospital", "feature_group": "facility", "feature_type": "hospital", "geometry_source": "point", "original_geometry_type": "Point", "feature_id": "FAC_000112" }, "geometry": { "type": "Point", "coordinates": [ 73.8193629, 19.9765314 ] } },
{ "type": "Feature", "properties": { "osm_id": "7655439014", "name": "Ashirwad Nursing Home", "feature_group": "facility", "feature_type": "hospital", "geometry_source": "point", "original_geometry_type": "Point", "feature_id": "FAC_000113" }, "geometry": { "type": "Point", "coordinates": [ 73.781978, 19.965107 ] } },
{ "type": "Feature", "properties": { "osm_id": "7655439019", "name": "Bora Hospital", "feature_group": "facility", "feature_type": "hospital", "geometry_source": "point", "original_geometry_type": "Point", "feature_id": "FAC_000114" }, "geometry": { "type": "Point", "coordinates": [ 73.7776973, 19.9679023 ] } },
{ "type": "Feature", "properties": { "osm_id": "7655439035", "name": "Shree Yash Hospital", "feature_group": "facility", "feature_type": "hospital", "geometry_source": "point", "original_geometry_type": "Point", "feature_id": "FAC_000115" }, "geometry": { "type": "Point", "coordinates": [ 73.779098800000014, 19.9772489 ] } },
{ "type": "Feature", "properties": { "osm_id": "7051137474", "name": "Usha Hospital, Nashik", "feature_group": "facility", "feature_type": "hospital", "geometry_source": "point", "original_geometry_type": "Point", "feature_id": "FAC_000116" }, "geometry": { "type": "Point", "coordinates": [ 73.7773159, 19.9781346 ] } },
{ "type": "Feature", "properties": { "osm_id": "7049154744", "name": "Barde Maternity Hospital", "feature_group": "facility", "feature_type": "hospital", "geometry_source": "point", "original_geometry_type": "Point", "feature_id": "FAC_000117" }, "geometry": { "type": "Point", "coordinates": [ 73.7820715, 19.9802987 ] } },
{ "type": "Feature", "properties": { "osm_id": "7655439039", "name": "Aghor Hospital", "feature_group": "facility", "feature_type": "hospital", "geometry_source": "point", "original_geometry_type": "Point", "feature_id": "FAC_000118" }, "geometry": { "type": "Point", "coordinates": [ 73.777323, 19.981183 ] } },
{ "type": "Feature", "properties": { "osm_id": "7079665751", "name": "Janak Hospital, Nashik", "feature_group": "facility", "feature_type": "hospital", "geometry_source": "point", "original_geometry_type": "Point", "feature_id": "FAC_000119" }, "geometry": { "type": "Point", "coordinates": [ 73.7769464, 19.9817588 ] } },
{ "type": "Feature", "properties": { "osm_id": "7655439071", "name": "Shivom Hospital", "feature_group": "facility", "feature_type": "hospital", "geometry_source": "point", "original_geometry_type": "Point", "feature_id": "FAC_000120" }, "geometry": { "type": "Point", "coordinates": [ 73.786367500000011, 19.9721205 ] } },
{ "type": "Feature", "properties": { "osm_id": "7070517391", "name": "Anand Hospital and Nursing Home", "feature_group": "facility", "feature_type": "hospital", "geometry_source": "point", "original_geometry_type": "Point", "feature_id": "FAC_000121" }, "geometry": { "type": "Point", "coordinates": [ 73.7866808, 19.972578 ] } },
{ "type": "Feature", "properties": { "osm_id": "7655439084", "name": "M H Pawar Hospital", "feature_group": "facility", "feature_type": "hospital", "geometry_source": "point", "original_geometry_type": "Point", "feature_id": "FAC_000122" }, "geometry": { "type": "Point", "coordinates": [ 73.7866612, 19.9725945 ] } },
{ "type": "Feature", "properties": { "osm_id": "7655439082", "name": "Ashoka Medicover Hospitals", "feature_group": "facility", "feature_type": "hospital", "geometry_source": "point", "original_geometry_type": "Point", "feature_id": "FAC_000123" }, "geometry": { "type": "Point", "coordinates": [ 73.791407, 19.973565 ] } },
{ "type": "Feature", "properties": { "osm_id": "7655439101", "name": "Shatayushi Hospital", "feature_group": "facility", "feature_type": "hospital", "geometry_source": "point", "original_geometry_type": "Point", "feature_id": "FAC_000124" }, "geometry": { "type": "Point", "coordinates": [ 73.7864378, 19.9740591 ] } },
{ "type": "Feature", "properties": { "osm_id": "7047817984", "name": "Suvichar Hospital Pvt. Ltd", "feature_group": "facility", "feature_type": "hospital", "geometry_source": "point", "original_geometry_type": "Point", "feature_id": "FAC_000125" }, "geometry": { "type": "Point", "coordinates": [ 73.8026011, 19.9826909 ] } },
{ "type": "Feature", "properties": { "osm_id": "7655439061", "name": "Shri Hari Hospital", "feature_group": "facility", "feature_type": "hospital", "geometry_source": "point", "original_geometry_type": "Point", "feature_id": "FAC_000126" }, "geometry": { "type": "Point", "coordinates": [ 73.797526, 19.9829152 ] } },
{ "type": "Feature", "properties": { "osm_id": "7655439054", "name": "Shri Krushna Maternity Hospital", "feature_group": "facility", "feature_type": "hospital", "geometry_source": "point", "original_geometry_type": "Point", "feature_id": "FAC_000127" }, "geometry": { "type": "Point", "coordinates": [ 73.7987424, 19.98369 ] } },
{ "type": "Feature", "properties": { "osm_id": "7655439073", "name": "Navkar Hospital", "feature_group": "facility", "feature_type": "hospital", "geometry_source": "point", "original_geometry_type": "Point", "feature_id": "FAC_000128" }, "geometry": { "type": "Point", "coordinates": [ 73.7794441, 19.9825454 ] } },
{ "type": "Feature", "properties": { "osm_id": "3053925694", "name": "Dr Aware Hospital", "feature_group": "facility", "feature_type": "hospital", "geometry_source": "point", "original_geometry_type": "Point", "feature_id": "FAC_000129" }, "geometry": { "type": "Point", "coordinates": [ 73.7774614, 19.9826086 ] } },
{ "type": "Feature", "properties": { "osm_id": "3053925695", "name": "Nahush Eye Hospital", "feature_group": "facility", "feature_type": "hospital", "geometry_source": "point", "original_geometry_type": "Point", "feature_id": "FAC_000130" }, "geometry": { "type": "Point", "coordinates": [ 73.777688500000011, 19.9827112 ] } },
{ "type": "Feature", "properties": { "osm_id": "7655439079", "name": "Sankalecha Hospital", "feature_group": "facility", "feature_type": "hospital", "geometry_source": "point", "original_geometry_type": "Point", "feature_id": "FAC_000131" }, "geometry": { "type": "Point", "coordinates": [ 73.7809527, 19.9834961 ] } },
{ "type": "Feature", "properties": { "osm_id": "7063909897", "name": "Karandikar Hospital and Research Centre", "feature_group": "facility", "feature_type": "hospital", "geometry_source": "point", "original_geometry_type": "Point", "feature_id": "FAC_000132" }, "geometry": { "type": "Point", "coordinates": [ 73.7770866, 19.984284 ] } },
{ "type": "Feature", "properties": { "osm_id": "4757644922", "name": null, "feature_group": "facility", "feature_type": "hospital", "geometry_source": "point", "original_geometry_type": "Point", "feature_id": "FAC_000133" }, "geometry": { "type": "Point", "coordinates": [ 73.776653, 19.984407 ] } },
{ "type": "Feature", "properties": { "osm_id": "7048040165", "name": "Indorewala ENT Hospital", "feature_group": "facility", "feature_type": "hospital", "geometry_source": "point", "original_geometry_type": "Point", "feature_id": "FAC_000134" }, "geometry": { "type": "Point", "coordinates": [ 73.7818252, 19.9858163 ] } },
{ "type": "Feature", "properties": { "osm_id": "7080205271", "name": "Thakar Hospital", "feature_group": "facility", "feature_type": "hospital", "geometry_source": "point", "original_geometry_type": "Point", "feature_id": "FAC_000135" }, "geometry": { "type": "Point", "coordinates": [ 73.7818944, 19.9858682 ] } },
{ "type": "Feature", "properties": { "osm_id": "7073765601", "name": "Ashwini Accident Multi Speciality Hospital", "feature_group": "facility", "feature_type": "hospital", "geometry_source": "point", "original_geometry_type": "Point", "feature_id": "FAC_000136" }, "geometry": { "type": "Point", "coordinates": [ 73.7774782, 19.9870542 ] } },
{ "type": "Feature", "properties": { "osm_id": "7045750041", "name": "Shreeya Hospital", "feature_group": "facility", "feature_type": "hospital", "geometry_source": "point", "original_geometry_type": "Point", "feature_id": "FAC_000137" }, "geometry": { "type": "Point", "coordinates": [ 73.7822418, 19.987973 ] } },
{ "type": "Feature", "properties": { "osm_id": "7048498760", "name": "Dr Ganorkar Hospital", "feature_group": "facility", "feature_type": "hospital", "geometry_source": "point", "original_geometry_type": "Point", "feature_id": "FAC_000138" }, "geometry": { "type": "Point", "coordinates": [ 73.7818341, 19.9880209 ] } },
{ "type": "Feature", "properties": { "osm_id": "7082623473", "name": "Vishwesh Childrens Hospital", "feature_group": "facility", "feature_type": "hospital", "geometry_source": "point", "original_geometry_type": "Point", "feature_id": "FAC_000139" }, "geometry": { "type": "Point", "coordinates": [ 73.7790459, 19.9881343 ] } },
{ "type": "Feature", "properties": { "osm_id": "7655439062", "name": "Saru Hospital", "feature_group": "facility", "feature_type": "hospital", "geometry_source": "point", "original_geometry_type": "Point", "feature_id": "FAC_000140" }, "geometry": { "type": "Point", "coordinates": [ 73.77820770000001, 19.9881466 ] } },
{ "type": "Feature", "properties": { "osm_id": "7655439042", "name": "Mayara Maternity Hospital", "feature_group": "facility", "feature_type": "hospital", "geometry_source": "point", "original_geometry_type": "Point", "feature_id": "FAC_000141" }, "geometry": { "type": "Point", "coordinates": [ 73.778686100000016, 19.9881764 ] } },
{ "type": "Feature", "properties": { "osm_id": "7655439102", "name": "Prapti Women's Hospital", "feature_group": "facility", "feature_type": "hospital", "geometry_source": "point", "original_geometry_type": "Point", "feature_id": "FAC_000142" }, "geometry": { "type": "Point", "coordinates": [ 73.7778731, 19.9882727 ] } },
{ "type": "Feature", "properties": { "osm_id": "7655439037", "name": "Nelson Memorial Children's Hospital Private Limited", "feature_group": "facility", "feature_type": "hospital", "geometry_source": "point", "original_geometry_type": "Point", "feature_id": "FAC_000143" }, "geometry": { "type": "Point", "coordinates": [ 73.7775347, 19.9883366 ] } },
{ "type": "Feature", "properties": { "osm_id": "7655439092", "name": "Gondhale Hospital ENT, Eye & Maternity Home", "feature_group": "facility", "feature_type": "hospital", "geometry_source": "point", "original_geometry_type": "Point", "feature_id": "FAC_000144" }, "geometry": { "type": "Point", "coordinates": [ 73.801884, 19.984143 ] } },
{ "type": "Feature", "properties": { "osm_id": "7044490657", "name": "Vasan Eye Care Hospital, Nasik", "feature_group": "facility", "feature_type": "hospital", "geometry_source": "point", "original_geometry_type": "Point", "feature_id": "FAC_000145" }, "geometry": { "type": "Point", "coordinates": [ 73.78521640000001, 19.9869925 ] } },
{ "type": "Feature", "properties": { "osm_id": "7655439080", "name": "Fortune Multispeciality Hospital and Research Centre", "feature_group": "facility", "feature_type": "hospital", "geometry_source": "point", "original_geometry_type": "Point", "feature_id": "FAC_000146" }, "geometry": { "type": "Point", "coordinates": [ 73.785933, 19.987582 ] } },
{ "type": "Feature", "properties": { "osm_id": "7052219779", "name": "City Care Hospital and Research Centre Pvt. Ltd", "feature_group": "facility", "feature_type": "hospital", "geometry_source": "point", "original_geometry_type": "Point", "feature_id": "FAC_000147" }, "geometry": { "type": "Point", "coordinates": [ 73.8016657, 19.9875917 ] } },
{ "type": "Feature", "properties": { "osm_id": "7059172359", "name": "Sanskriti Multi Speciality Hospital", "feature_group": "facility", "feature_type": "hospital", "geometry_source": "point", "original_geometry_type": "Point", "feature_id": "FAC_000148" }, "geometry": { "type": "Point", "coordinates": [ 73.789965200000012, 19.9878041 ] } },
{ "type": "Feature", "properties": { "osm_id": "7048874945", "name": "Nasik Health Care and Research Centre Pvt.Ltd", "feature_group": "facility", "feature_type": "hospital", "geometry_source": "point", "original_geometry_type": "Point", "feature_id": "FAC_000149" }, "geometry": { "type": "Point", "coordinates": [ 73.7899759, 19.9884752 ] } },
{ "type": "Feature", "properties": { "osm_id": "7042991453", "name": "Arihant Hospital, Nashik", "feature_group": "facility", "feature_type": "hospital", "geometry_source": "point", "original_geometry_type": "Point", "feature_id": "FAC_000150" }, "geometry": { "type": "Point", "coordinates": [ 73.7846356, 19.9885866 ] } },
{ "type": "Feature", "properties": { "osm_id": "7075571881", "name": "Curie Manavata Cancer Centre", "feature_group": "facility", "feature_type": "hospital", "geometry_source": "point", "original_geometry_type": "Point", "feature_id": "FAC_000151" }, "geometry": { "type": "Point", "coordinates": [ 73.7831658, 19.9897261 ] } },
{ "type": "Feature", "properties": { "osm_id": "7655439026", "name": "Naik Hospital", "feature_group": "facility", "feature_type": "hospital", "geometry_source": "point", "original_geometry_type": "Point", "feature_id": "FAC_000152" }, "geometry": { "type": "Point", "coordinates": [ 73.800939, 19.989747 ] } },
{ "type": "Feature", "properties": { "osm_id": "7073949820", "name": "New National Hospital", "feature_group": "facility", "feature_type": "hospital", "geometry_source": "point", "original_geometry_type": "Point", "feature_id": "FAC_000153" }, "geometry": { "type": "Point", "coordinates": [ 73.794213800000023, 19.9906108 ] } },
{ "type": "Feature", "properties": { "osm_id": "7067540925", "name": "Dr Lads Navjeevan Hospital Pvt Ltd", "feature_group": "facility", "feature_type": "hospital", "geometry_source": "point", "original_geometry_type": "Point", "feature_id": "FAC_000154" }, "geometry": { "type": "Point", "coordinates": [ 73.779445600000017, 19.9888577 ] } },
{ "type": "Feature", "properties": { "osm_id": "7066505757", "name": "Chiranjeev Hospital, Nashik", "feature_group": "facility", "feature_type": "hospital", "geometry_source": "point", "original_geometry_type": "Point", "feature_id": "FAC_000155" }, "geometry": { "type": "Point", "coordinates": [ 73.7800531, 19.9888741 ] } },
{ "type": "Feature", "properties": { "osm_id": "7655439055", "name": "Manas Hospital", "feature_group": "facility", "feature_type": "hospital", "geometry_source": "point", "original_geometry_type": "Point", "feature_id": "FAC_000156" }, "geometry": { "type": "Point", "coordinates": [ 73.7770275, 19.98888130000001 ] } },
{ "type": "Feature", "properties": { "osm_id": "7053343857", "name": "Suyash Hospital", "feature_group": "facility", "feature_type": "hospital", "geometry_source": "point", "original_geometry_type": "Point", "feature_id": "FAC_000157" }, "geometry": { "type": "Point", "coordinates": [ 73.7797084, 19.9890052 ] } },
{ "type": "Feature", "properties": { "osm_id": "7067133433", "name": "Bhaskar Ent Hospital", "feature_group": "facility", "feature_type": "hospital", "geometry_source": "point", "original_geometry_type": "Point", "feature_id": "FAC_000158" }, "geometry": { "type": "Point", "coordinates": [ 73.780041, 19.9890228 ] } },
{ "type": "Feature", "properties": { "osm_id": "7070136219", "name": "Torne Ent Hospital", "feature_group": "facility", "feature_type": "hospital", "geometry_source": "point", "original_geometry_type": "Point", "feature_id": "FAC_000159" }, "geometry": { "type": "Point", "coordinates": [ 73.7797118, 19.9895837 ] } },
{ "type": "Feature", "properties": { "osm_id": "7655439023", "name": "Optimus Hospital", "feature_group": "facility", "feature_type": "hospital", "geometry_source": "point", "original_geometry_type": "Point", "feature_id": "FAC_000160" }, "geometry": { "type": "Point", "coordinates": [ 73.7757129, 19.990491 ] } },
{ "type": "Feature", "properties": { "osm_id": "7054657060", "name": "Trupti Hospital, Nashik", "feature_group": "facility", "feature_type": "hospital", "geometry_source": "point", "original_geometry_type": "Point", "feature_id": "FAC_000161" }, "geometry": { "type": "Point", "coordinates": [ 73.7791546, 19.9905617 ] } },
{ "type": "Feature", "properties": { "osm_id": "7655439027", "name": "Vimal Hospital", "feature_group": "facility", "feature_type": "hospital", "geometry_source": "point", "original_geometry_type": "Point", "feature_id": "FAC_000162" }, "geometry": { "type": "Point", "coordinates": [ 73.7833378, 19.9906431 ] } },
{ "type": "Feature", "properties": { "osm_id": "7655439036", "name": "Shraddha Piles Hospital", "feature_group": "facility", "feature_type": "hospital", "geometry_source": "point", "original_geometry_type": "Point", "feature_id": "FAC_000163" }, "geometry": { "type": "Point", "coordinates": [ 73.7996295, 19.9907761 ] } },
{ "type": "Feature", "properties": { "osm_id": "7655439081", "name": "Kilbil Children Hospital", "feature_group": "facility", "feature_type": "hospital", "geometry_source": "point", "original_geometry_type": "Point", "feature_id": "FAC_000164" }, "geometry": { "type": "Point", "coordinates": [ 73.783488, 19.991184 ] } },
{ "type": "Feature", "properties": { "osm_id": "7048172476", "name": "Sudarshan Hospital", "feature_group": "facility", "feature_type": "hospital", "geometry_source": "point", "original_geometry_type": "Point", "feature_id": "FAC_000165" }, "geometry": { "type": "Point", "coordinates": [ 73.7835663, 19.9921727 ] } },
{ "type": "Feature", "properties": { "osm_id": "7655439048", "name": "More Hospital", "feature_group": "facility", "feature_type": "hospital", "geometry_source": "point", "original_geometry_type": "Point", "feature_id": "FAC_000166" }, "geometry": { "type": "Point", "coordinates": [ 73.804476, 19.995133 ] } },
{ "type": "Feature", "properties": { "osm_id": "7655439096", "name": "Yash Hospital", "feature_group": "facility", "feature_type": "hospital", "geometry_source": "point", "original_geometry_type": "Point", "feature_id": "FAC_000167" }, "geometry": { "type": "Point", "coordinates": [ 73.803426, 19.995506 ] } },
{ "type": "Feature", "properties": { "osm_id": "7070710004", "name": "Ahura Maternity Hospital", "feature_group": "facility", "feature_type": "hospital", "geometry_source": "point", "original_geometry_type": "Point", "feature_id": "FAC_000168" }, "geometry": { "type": "Point", "coordinates": [ 73.7841891, 19.9961371 ] } },
{ "type": "Feature", "properties": { "osm_id": "7041055349", "name": "Dr. Suryawanshi Eye Hospital", "feature_group": "facility", "feature_type": "hospital", "geometry_source": "point", "original_geometry_type": "Point", "feature_id": "FAC_000169" }, "geometry": { "type": "Point", "coordinates": [ 73.779341, 19.9908377 ] } },
{ "type": "Feature", "properties": { "osm_id": "7655439077", "name": "Wellcare Hospital", "feature_group": "facility", "feature_type": "hospital", "geometry_source": "point", "original_geometry_type": "Point", "feature_id": "FAC_000170" }, "geometry": { "type": "Point", "coordinates": [ 73.778253, 19.9913382 ] } },
{ "type": "Feature", "properties": { "osm_id": "7655439040", "name": "Sopan Hospital & Neurology Institute", "feature_group": "facility", "feature_type": "hospital", "geometry_source": "point", "original_geometry_type": "Point", "feature_id": "FAC_000171" }, "geometry": { "type": "Point", "coordinates": [ 73.7790415, 19.9913482 ] } },
{ "type": "Feature", "properties": { "osm_id": "7655439029", "name": "Sonawane Heart Care Hospital", "feature_group": "facility", "feature_type": "hospital", "geometry_source": "point", "original_geometry_type": "Point", "feature_id": "FAC_000172" }, "geometry": { "type": "Point", "coordinates": [ 73.7782432, 19.9913697 ] } },
{ "type": "Feature", "properties": { "osm_id": "7655439032", "name": "Vedant Hospital", "feature_group": "facility", "feature_type": "hospital", "geometry_source": "point", "original_geometry_type": "Point", "feature_id": "FAC_000173" }, "geometry": { "type": "Point", "coordinates": [ 73.779366, 19.991552 ] } },
{ "type": "Feature", "properties": { "osm_id": "7655439069", "name": "Rainbow Hospital", "feature_group": "facility", "feature_type": "hospital", "geometry_source": "point", "original_geometry_type": "Point", "feature_id": "FAC_000174" }, "geometry": { "type": "Point", "coordinates": [ 73.780092, 19.991668 ] } },
{ "type": "Feature", "properties": { "osm_id": "7051342871", "name": "Kute Eye Hospital", "feature_group": "facility", "feature_type": "hospital", "geometry_source": "point", "original_geometry_type": "Point", "feature_id": "FAC_000175" }, "geometry": { "type": "Point", "coordinates": [ 73.7790366, 19.9917136 ] } },
{ "type": "Feature", "properties": { "osm_id": "4849889623", "name": null, "feature_group": "facility", "feature_type": "hospital", "geometry_source": "point", "original_geometry_type": "Point", "feature_id": "FAC_000176" }, "geometry": { "type": "Point", "coordinates": [ 73.7791902, 19.9962269 ] } },
{ "type": "Feature", "properties": { "osm_id": "7066505732", "name": "Shreeji Hospital, Nashik", "feature_group": "facility", "feature_type": "hospital", "geometry_source": "point", "original_geometry_type": "Point", "feature_id": "FAC_000177" }, "geometry": { "type": "Point", "coordinates": [ 73.7799472, 19.9964383 ] } },
{ "type": "Feature", "properties": { "osm_id": "7045917537", "name": "Muktai Hospital, Jalgaon", "feature_group": "facility", "feature_type": "hospital", "geometry_source": "point", "original_geometry_type": "Point", "feature_id": "FAC_000178" }, "geometry": { "type": "Point", "coordinates": [ 73.8106236, 19.9778567 ] } },
{ "type": "Feature", "properties": { "osm_id": "7229411034", "name": "NSKMC Panchak Hospital", "feature_group": "facility", "feature_type": "hospital", "geometry_source": "point", "original_geometry_type": "Point", "feature_id": "FAC_000179" }, "geometry": { "type": "Point", "coordinates": [ 73.8492727, 19.9864534 ] } },
{ "type": "Feature", "properties": { "osm_id": "7655439058", "name": "Chetna Hospital", "feature_group": "facility", "feature_type": "hospital", "geometry_source": "point", "original_geometry_type": "Point", "feature_id": "FAC_000180" }, "geometry": { "type": "Point", "coordinates": [ 73.809342, 19.9920722 ] } },
{ "type": "Feature", "properties": { "osm_id": "7655439099", "name": "Dr. Kadale Baba Hospital", "feature_group": "facility", "feature_type": "hospital", "geometry_source": "point", "original_geometry_type": "Point", "feature_id": "FAC_000181" }, "geometry": { "type": "Point", "coordinates": [ 73.8096141, 19.9935639 ] } },
{ "type": "Feature", "properties": { "osm_id": "7649608360", "name": "Anurag Children Hospital", "feature_group": "facility", "feature_type": "hospital", "geometry_source": "point", "original_geometry_type": "Point", "feature_id": "FAC_000182" }, "geometry": { "type": "Point", "coordinates": [ 73.826325, 20.009716 ] } },
{ "type": "Feature", "properties": { "osm_id": "7655439041", "name": "Ahirrao Hospital", "feature_group": "facility", "feature_type": "hospital", "geometry_source": "point", "original_geometry_type": "Point", "feature_id": "FAC_000183" }, "geometry": { "type": "Point", "coordinates": [ 73.8059734, 20.0098307 ] } },
{ "type": "Feature", "properties": { "osm_id": "7655439020", "name": "Super Specialist Hospital", "feature_group": "facility", "feature_type": "hospital", "geometry_source": "point", "original_geometry_type": "Point", "feature_id": "FAC_000184" }, "geometry": { "type": "Point", "coordinates": [ 73.806428, 20.009976 ] } },
{ "type": "Feature", "properties": { "osm_id": "7655439030", "name": "Dhadiwal Hospital", "feature_group": "facility", "feature_type": "hospital", "geometry_source": "point", "original_geometry_type": "Point", "feature_id": "FAC_000185" }, "geometry": { "type": "Point", "coordinates": [ 73.7800892, 19.9965967 ] } },
{ "type": "Feature", "properties": { "osm_id": "7079665758", "name": "Vimal Maternity and General Hosp", "feature_group": "facility", "feature_type": "hospital", "geometry_source": "point", "original_geometry_type": "Point", "feature_id": "FAC_000186" }, "geometry": { "type": "Point", "coordinates": [ 73.7803482, 19.9967232 ] } },
{ "type": "Feature", "properties": { "osm_id": "7054258883", "name": "Jai Hospital Pvt Ltd", "feature_group": "facility", "feature_type": "hospital", "geometry_source": "point", "original_geometry_type": "Point", "feature_id": "FAC_000187" }, "geometry": { "type": "Point", "coordinates": [ 73.7740885, 19.9973243 ] } },
{ "type": "Feature", "properties": { "osm_id": "7083324284", "name": "Dhanvantari Hospital", "feature_group": "facility", "feature_type": "hospital", "geometry_source": "point", "original_geometry_type": "Point", "feature_id": "FAC_000188" }, "geometry": { "type": "Point", "coordinates": [ 73.7767024, 19.9984566 ] } },
{ "type": "Feature", "properties": { "osm_id": "7655439012", "name": "Spandan Hospital", "feature_group": "facility", "feature_type": "hospital", "geometry_source": "point", "original_geometry_type": "Point", "feature_id": "FAC_000189" }, "geometry": { "type": "Point", "coordinates": [ 73.7761976, 19.998867 ] } },
{ "type": "Feature", "properties": { "osm_id": "7047924965", "name": "Sunrise Hospital, Nashik", "feature_group": "facility", "feature_type": "hospital", "geometry_source": "point", "original_geometry_type": "Point", "feature_id": "FAC_000190" }, "geometry": { "type": "Point", "coordinates": [ 73.7776136, 20.0004043 ] } },
{ "type": "Feature", "properties": { "osm_id": "7048504195", "name": "Sai Hospital ( Saphalya Pvt. Ltd.,)", "feature_group": "facility", "feature_type": "hospital", "geometry_source": "point", "original_geometry_type": "Point", "feature_id": "FAC_000191" }, "geometry": { "type": "Point", "coordinates": [ 73.7758031, 20.0016885 ] } },
{ "type": "Feature", "properties": { "osm_id": "7053177461", "name": "Deepjyoti Hospital", "feature_group": "facility", "feature_type": "hospital", "geometry_source": "point", "original_geometry_type": "Point", "feature_id": "FAC_000192" }, "geometry": { "type": "Point", "coordinates": [ 73.7758709, 20.0018302 ] } },
{ "type": "Feature", "properties": { "osm_id": "7045823769", "name": "Sushrut Hospital, Nashik", "feature_group": "facility", "feature_type": "hospital", "geometry_source": "point", "original_geometry_type": "Point", "feature_id": "FAC_000193" }, "geometry": { "type": "Point", "coordinates": [ 73.7752707, 20.0027823 ] } },
{ "type": "Feature", "properties": { "osm_id": "7049054304", "name": "Birla Super Speciality Eye Hospital and Lasik Centre", "feature_group": "facility", "feature_type": "hospital", "geometry_source": "point", "original_geometry_type": "Point", "feature_id": "FAC_000194" }, "geometry": { "type": "Point", "coordinates": [ 73.7832248, 19.9978876 ] } },
{ "type": "Feature", "properties": { "osm_id": "3996732528", "name": "Dr Bapaye Hospital", "feature_group": "facility", "feature_type": "hospital", "geometry_source": "point", "original_geometry_type": "Point", "feature_id": "FAC_000195" }, "geometry": { "type": "Point", "coordinates": [ 73.7826899, 19.9990223 ] } },
{ "type": "Feature", "properties": { "osm_id": "7045252536", "name": "Dr A.K.Pawar Institute of Obstetrics, Gynecology and Reproductive Medicine", "feature_group": "facility", "feature_type": "hospital", "geometry_source": "point", "original_geometry_type": "Point", "feature_id": "FAC_000196" }, "geometry": { "type": "Point", "coordinates": [ 73.7833911, 19.9996923 ] } },
{ "type": "Feature", "properties": { "osm_id": "7655439024", "name": "Nasim Hospital", "feature_group": "facility", "feature_type": "hospital", "geometry_source": "point", "original_geometry_type": "Point", "feature_id": "FAC_000197" }, "geometry": { "type": "Point", "coordinates": [ 73.7895939, 19.9998084 ] } },
{ "type": "Feature", "properties": { "osm_id": "7048928936", "name": "Shree Saibaba Heart Insititue and Research Center Pvt. Ltd.", "feature_group": "facility", "feature_type": "hospital", "geometry_source": "point", "original_geometry_type": "Point", "feature_id": "FAC_000198" }, "geometry": { "type": "Point", "coordinates": [ 73.784148800000011, 19.9999141 ] } },
{ "type": "Feature", "properties": { "osm_id": "7655439018", "name": "Safafalya Hospital", "feature_group": "facility", "feature_type": "hospital", "geometry_source": "point", "original_geometry_type": "Point", "feature_id": "FAC_000199" }, "geometry": { "type": "Point", "coordinates": [ 73.77453580000001, 20.0037033 ] } },
{ "type": "Feature", "properties": { "osm_id": "7044356003", "name": "Prasanna Balrugnalay and Research Centre", "feature_group": "facility", "feature_type": "hospital", "geometry_source": "point", "original_geometry_type": "Point", "feature_id": "FAC_000200" }, "geometry": { "type": "Point", "coordinates": [ 73.7755135, 20.0038107 ] } },
{ "type": "Feature", "properties": { "osm_id": "7655439047", "name": "Geetha Children's Hospital", "feature_group": "facility", "feature_type": "hospital", "geometry_source": "point", "original_geometry_type": "Point", "feature_id": "FAC_000201" }, "geometry": { "type": "Point", "coordinates": [ 73.77591480000001, 20.0049837 ] } },
{ "type": "Feature", "properties": { "osm_id": "7655439046", "name": "Deogaonkar Hospital", "feature_group": "facility", "feature_type": "hospital", "geometry_source": "point", "original_geometry_type": "Point", "feature_id": "FAC_000202" }, "geometry": { "type": "Point", "coordinates": [ 73.7778621, 20.005054 ] } },
{ "type": "Feature", "properties": { "osm_id": "7050321638", "name": "Sparsh Hospital", "feature_group": "facility", "feature_type": "hospital", "geometry_source": "point", "original_geometry_type": "Point", "feature_id": "FAC_000203" }, "geometry": { "type": "Point", "coordinates": [ 73.7772522, 20.0055292 ] } },
{ "type": "Feature", "properties": { "osm_id": "7080205252", "name": "Siddhi Vinayak Hospital, Nashik", "feature_group": "facility", "feature_type": "hospital", "geometry_source": "point", "original_geometry_type": "Point", "feature_id": "FAC_000204" }, "geometry": { "type": "Point", "coordinates": [ 73.7780187, 20.0055926 ] } },
{ "type": "Feature", "properties": { "osm_id": "7655439097", "name": "Apex Wellness Rishikesh Hospital", "feature_group": "facility", "feature_type": "hospital", "geometry_source": "point", "original_geometry_type": "Point", "feature_id": "FAC_000205" }, "geometry": { "type": "Point", "coordinates": [ 73.7757959, 20.0058578 ] } },
{ "type": "Feature", "properties": { "osm_id": "1671916246", "name": "MGV's KBH Dental College &  Hospital", "feature_group": "facility", "feature_type": "hospital", "geometry_source": "point", "original_geometry_type": "Point", "feature_id": "FAC_000206" }, "geometry": { "type": "Point", "coordinates": [ 73.8037255, 20.0043475 ] } },
{ "type": "Feature", "properties": { "osm_id": "7063077072", "name": "Ayush Hospital", "feature_group": "facility", "feature_type": "hospital", "geometry_source": "point", "original_geometry_type": "Point", "feature_id": "FAC_000207" }, "geometry": { "type": "Point", "coordinates": [ 73.7846504, 20.0057917 ] } },
{ "type": "Feature", "properties": { "osm_id": "7054427560", "name": "Seeta Maternity and Surgical Nursing Home", "feature_group": "facility", "feature_type": "hospital", "geometry_source": "point", "original_geometry_type": "Point", "feature_id": "FAC_000208" }, "geometry": { "type": "Point", "coordinates": [ 73.7853042, 20.0081381 ] } },
{ "type": "Feature", "properties": { "osm_id": "7049050295", "name": "Supe Heart & Diabetics Hospital and Research C", "feature_group": "facility", "feature_type": "hospital", "geometry_source": "point", "original_geometry_type": "Point", "feature_id": "FAC_000209" }, "geometry": { "type": "Point", "coordinates": [ 73.7866621, 20.0082351 ] } },
{ "type": "Feature", "properties": { "osm_id": "7049188650", "name": "Chaitanya Nursing Home", "feature_group": "facility", "feature_type": "hospital", "geometry_source": "point", "original_geometry_type": "Point", "feature_id": "FAC_000210" }, "geometry": { "type": "Point", "coordinates": [ 73.7857367, 20.0089175 ] } },
{ "type": "Feature", "properties": { "osm_id": "14021641887", "name": "Sudharm Hospital", "feature_group": "facility", "feature_type": "hospital", "geometry_source": "point", "original_geometry_type": "Point", "feature_id": "FAC_000211" }, "geometry": { "type": "Point", "coordinates": [ 73.8025927, 20.0091867 ] } },
{ "type": "Feature", "properties": { "osm_id": "7655439083", "name": "Sai Seva Superspeciality Hospital", "feature_group": "facility", "feature_type": "hospital", "geometry_source": "point", "original_geometry_type": "Point", "feature_id": "FAC_000212" }, "geometry": { "type": "Point", "coordinates": [ 73.8058064, 20.0098222 ] } },
{ "type": "Feature", "properties": { "osm_id": "7049880700", "name": "Shraddha Eye Hospital", "feature_group": "facility", "feature_type": "hospital", "geometry_source": "point", "original_geometry_type": "Point", "feature_id": "FAC_000213" }, "geometry": { "type": "Point", "coordinates": [ 73.7932442, 20.0102174 ] } },
{ "type": "Feature", "properties": { "osm_id": "7054918904", "name": "Ramalayam Hospital", "feature_group": "facility", "feature_type": "hospital", "geometry_source": "point", "original_geometry_type": "Point", "feature_id": "FAC_000214" }, "geometry": { "type": "Point", "coordinates": [ 73.7948723, 20.010797 ] } },
{ "type": "Feature", "properties": { "osm_id": "7655439104", "name": "Leelavati Hospital & Research Centre", "feature_group": "facility", "feature_type": "hospital", "geometry_source": "point", "original_geometry_type": "Point", "feature_id": "FAC_000215" }, "geometry": { "type": "Point", "coordinates": [ 73.7964361, 20.0109153 ] } },
{ "type": "Feature", "properties": { "osm_id": "7063805493", "name": "Surya Multispeciality Hospitals Pvt. Ltd.", "feature_group": "facility", "feature_type": "hospital", "geometry_source": "point", "original_geometry_type": "Point", "feature_id": "FAC_000216" }, "geometry": { "type": "Point", "coordinates": [ 73.7962657, 20.0109886 ] } },
{ "type": "Feature", "properties": { "osm_id": "7070668451", "name": "Sukhakarta Rugnalaya", "feature_group": "facility", "feature_type": "hospital", "geometry_source": "point", "original_geometry_type": "Point", "feature_id": "FAC_000217" }, "geometry": { "type": "Point", "coordinates": [ 73.7946745, 20.0118007 ] } },
{ "type": "Feature", "properties": { "osm_id": "7050624423", "name": "Dr. Upasani Maternity and Nursing Home", "feature_group": "facility", "feature_type": "hospital", "geometry_source": "point", "original_geometry_type": "Point", "feature_id": "FAC_000218" }, "geometry": { "type": "Point", "coordinates": [ 73.8055301, 20.0123987 ] } },
{ "type": "Feature", "properties": { "osm_id": "7085383682", "name": "Micky Mouse Child Clinic and Hospital", "feature_group": "facility", "feature_type": "hospital", "geometry_source": "point", "original_geometry_type": "Point", "feature_id": "FAC_000219" }, "geometry": { "type": "Point", "coordinates": [ 73.775268, 20.0059593 ] } },
{ "type": "Feature", "properties": { "osm_id": "7063909914", "name": "Shivam Eye Care Center", "feature_group": "facility", "feature_type": "hospital", "geometry_source": "point", "original_geometry_type": "Point", "feature_id": "FAC_000220" }, "geometry": { "type": "Point", "coordinates": [ 73.7738478, 20.0071079 ] } },
{ "type": "Feature", "properties": { "osm_id": "7649608350", "name": "Leelavati Hospital", "feature_group": "facility", "feature_type": "hospital", "geometry_source": "point", "original_geometry_type": "Point", "feature_id": "FAC_000221" }, "geometry": { "type": "Point", "coordinates": [ 73.7818026, 20.037304 ] } },
{ "type": "Feature", "properties": { "osm_id": "7649608312", "name": "Nyuninad Metkar Maternity & Nursing Home", "feature_group": "facility", "feature_type": "hospital", "geometry_source": "point", "original_geometry_type": "Point", "feature_id": "FAC_000222" }, "geometry": { "type": "Point", "coordinates": [ 73.7788271, 20.0425526 ] } },
{ "type": "Feature", "properties": { "osm_id": "7655439064", "name": "Sahara Hospital", "feature_group": "facility", "feature_type": "hospital", "geometry_source": "point", "original_geometry_type": "Point", "feature_id": "FAC_000223" }, "geometry": { "type": "Point", "coordinates": [ 73.795949, 20.014527 ] } },
{ "type": "Feature", "properties": { "osm_id": "7050280708", "name": "Sanjeevani Criticare and Research Centre Pvt Ltd", "feature_group": "facility", "feature_type": "hospital", "geometry_source": "point", "original_geometry_type": "Point", "feature_id": "FAC_000224" }, "geometry": { "type": "Point", "coordinates": [ 73.7966748, 20.014716 ] } },
{ "type": "Feature", "properties": { "osm_id": "7655439051", "name": "Chopda Hospital", "feature_group": "facility", "feature_type": "hospital", "geometry_source": "point", "original_geometry_type": "Point", "feature_id": "FAC_000225" }, "geometry": { "type": "Point", "coordinates": [ 73.797022500000011, 20.0150416 ] } },
{ "type": "Feature", "properties": { "osm_id": "7649608317", "name": "Sakhale Hospital", "feature_group": "facility", "feature_type": "hospital", "geometry_source": "point", "original_geometry_type": "Point", "feature_id": "FAC_000226" }, "geometry": { "type": "Point", "coordinates": [ 73.8051461, 20.0336219 ] } },
{ "type": "Feature", "properties": { "osm_id": "7649608308", "name": "Sharda Hospital", "feature_group": "facility", "feature_type": "hospital", "geometry_source": "point", "original_geometry_type": "Point", "feature_id": "FAC_000227" }, "geometry": { "type": "Point", "coordinates": [ 73.7953286, 20.0345512 ] } },
{ "type": "Feature", "properties": { "osm_id": "7649608354", "name": "Lilavati Hospital", "feature_group": "facility", "feature_type": "hospital", "geometry_source": "point", "original_geometry_type": "Point", "feature_id": "FAC_000228" }, "geometry": { "type": "Point", "coordinates": [ 73.8032606, 20.0365177 ] } },
{ "type": "Feature", "properties": { "osm_id": "7649608337", "name": "Samarth Hospital", "feature_group": "facility", "feature_type": "hospital", "geometry_source": "point", "original_geometry_type": "Point", "feature_id": "FAC_000229" }, "geometry": { "type": "Point", "coordinates": [ 73.8041443, 20.0393386 ] } },
{ "type": "Feature", "properties": { "osm_id": "7649608351", "name": "Synergy Hospital & Research Centre", "feature_group": "facility", "feature_type": "hospital", "geometry_source": "point", "original_geometry_type": "Point", "feature_id": "FAC_000230" }, "geometry": { "type": "Point", "coordinates": [ 73.804976, 20.041653 ] } },
{ "type": "Feature", "properties": { "osm_id": "7649608359", "name": "Vaishali Hospital", "feature_group": "facility", "feature_type": "hospital", "geometry_source": "point", "original_geometry_type": "Point", "feature_id": "FAC_000231" }, "geometry": { "type": "Point", "coordinates": [ 73.8261197, 20.0110022 ] } },
{ "type": "Feature", "properties": { "osm_id": "7649608356", "name": "Dr. Ahire's Anand Hospital", "feature_group": "facility", "feature_type": "hospital", "geometry_source": "point", "original_geometry_type": "Point", "feature_id": "FAC_000232" }, "geometry": { "type": "Point", "coordinates": [ 73.847253, 20.018936 ] } },
{ "type": "Feature", "properties": { "osm_id": "7055027734", "name": "Suparanas Home Division Of Uddhav Memorial Hospital", "feature_group": "facility", "feature_type": "hospital", "geometry_source": "point", "original_geometry_type": "Point", "feature_id": "FAC_000233" }, "geometry": { "type": "Point", "coordinates": [ 73.8397256, 20.0279233 ] } },
{ "type": "Feature", "properties": { "osm_id": "7649608304", "name": "J & J Accident Nursing Home", "feature_group": "facility", "feature_type": "hospital", "geometry_source": "point", "original_geometry_type": "Point", "feature_id": "FAC_000234" }, "geometry": { "type": "Point", "coordinates": [ 73.805987, 20.041458 ] } },
{ "type": "Feature", "properties": { "osm_id": "7649608327", "name": "Dr. Varsha Lahade Hospital", "feature_group": "facility", "feature_type": "hospital", "geometry_source": "point", "original_geometry_type": "Point", "feature_id": "FAC_000235" }, "geometry": { "type": "Point", "coordinates": [ 73.805017, 20.041798 ] } },
{ "type": "Feature", "properties": { "osm_id": "7649608314", "name": "Rana Hospital", "feature_group": "facility", "feature_type": "hospital", "geometry_source": "point", "original_geometry_type": "Point", "feature_id": "FAC_000236" }, "geometry": { "type": "Point", "coordinates": [ 73.805045400000012, 20.0423414 ] } },
{ "type": "Feature", "properties": { "osm_id": "7649608316", "name": "Sahwas Hospital Private Limited", "feature_group": "facility", "feature_type": "hospital", "geometry_source": "point", "original_geometry_type": "Point", "feature_id": "FAC_000237" }, "geometry": { "type": "Point", "coordinates": [ 73.805414, 20.044371 ] } },
{ "type": "Feature", "properties": { "osm_id": "7649608347", "name": "Dr. Sonawane's Seva Hospital", "feature_group": "facility", "feature_type": "hospital", "geometry_source": "point", "original_geometry_type": "Point", "feature_id": "FAC_000238" }, "geometry": { "type": "Point", "coordinates": [ 73.8053156, 20.0460542 ] } },
{ "type": "Feature", "properties": { "osm_id": "5447118540", "name": "Dr.Paner Surgical Hospital", "feature_group": "facility", "feature_type": "hospital", "geometry_source": "point", "original_geometry_type": "Point", "feature_id": "FAC_000239" }, "geometry": { "type": "Point", "coordinates": [ 73.755308, 19.9827257 ] } },
{ "type": "Feature", "properties": { "osm_id": "7655439059", "name": "Aaditya Children's Hospital", "feature_group": "facility", "feature_type": "hospital", "geometry_source": "point", "original_geometry_type": "Point", "feature_id": "FAC_000240" }, "geometry": { "type": "Point", "coordinates": [ 73.7542889, 19.9829918 ] } },
{ "type": "Feature", "properties": { "osm_id": "7049770679", "name": "Sukhakarta Hospital", "feature_group": "facility", "feature_type": "hospital", "geometry_source": "point", "original_geometry_type": "Point", "feature_id": "FAC_000241" }, "geometry": { "type": "Point", "coordinates": [ 73.749032, 19.9850043 ] } },
{ "type": "Feature", "properties": { "osm_id": "7045980535", "name": "Dr. Karad Hospital", "feature_group": "facility", "feature_type": "hospital", "geometry_source": "point", "original_geometry_type": "Point", "feature_id": "FAC_000242" }, "geometry": { "type": "Point", "coordinates": [ 73.7356223, 19.9903392 ] } },
{ "type": "Feature", "properties": { "osm_id": "7051167330", "name": "Shinge Superspeciality Hospital", "feature_group": "facility", "feature_type": "hospital", "geometry_source": "point", "original_geometry_type": "Point", "feature_id": "FAC_000243" }, "geometry": { "type": "Point", "coordinates": [ 73.7711187, 19.9984105 ] } },
{ "type": "Feature", "properties": { "osm_id": "7655439045", "name": "Ramole Eye Hospital", "feature_group": "facility", "feature_type": "hospital", "geometry_source": "point", "original_geometry_type": "Point", "feature_id": "FAC_000244" }, "geometry": { "type": "Point", "coordinates": [ 73.768236, 19.9994333 ] } },
{ "type": "Feature", "properties": { "osm_id": "7655439094", "name": "Mehta Hospital", "feature_group": "facility", "feature_type": "hospital", "geometry_source": "point", "original_geometry_type": "Point", "feature_id": "FAC_000245" }, "geometry": { "type": "Point", "coordinates": [ 73.7728538, 20.0003009 ] } },
{ "type": "Feature", "properties": { "osm_id": "7649608323", "name": "Six Sigma Multispeciality & Accidental Hospital", "feature_group": "facility", "feature_type": "hospital", "geometry_source": "point", "original_geometry_type": "Point", "feature_id": "FAC_000246" }, "geometry": { "type": "Point", "coordinates": [ 73.7546228, 20.0003159 ] } },
{ "type": "Feature", "properties": { "osm_id": "7043617930", "name": "Lele Hospital and Research Center Pvt Ltd", "feature_group": "facility", "feature_type": "hospital", "geometry_source": "point", "original_geometry_type": "Point", "feature_id": "FAC_000247" }, "geometry": { "type": "Point", "coordinates": [ 73.77244970000001, 20.0009172 ] } },
{ "type": "Feature", "properties": { "osm_id": "7073944672", "name": "Panchavati Hospital and Research Centre", "feature_group": "facility", "feature_type": "hospital", "geometry_source": "point", "original_geometry_type": "Point", "feature_id": "FAC_000248" }, "geometry": { "type": "Point", "coordinates": [ 73.7713855, 20.0022694 ] } },
{ "type": "Feature", "properties": { "osm_id": "7655439074", "name": "Chaitanya Hospital & Research Centre Private limited", "feature_group": "facility", "feature_type": "hospital", "geometry_source": "point", "original_geometry_type": "Point", "feature_id": "FAC_000249" }, "geometry": { "type": "Point", "coordinates": [ 73.7714078, 20.0025596 ] } },
{ "type": "Feature", "properties": { "osm_id": "7053517503", "name": "Rudra Hospital and Critical Care Centre", "feature_group": "facility", "feature_type": "hospital", "geometry_source": "point", "original_geometry_type": "Point", "feature_id": "FAC_000250" }, "geometry": { "type": "Point", "coordinates": [ 73.7711522, 20.0026242 ] } },
{ "type": "Feature", "properties": { "osm_id": "7655439067", "name": "Shraddha Hospital And Maternity Home", "feature_group": "facility", "feature_type": "hospital", "geometry_source": "point", "original_geometry_type": "Point", "feature_id": "FAC_000251" }, "geometry": { "type": "Point", "coordinates": [ 73.7697917, 20.0030284 ] } },
{ "type": "Feature", "properties": { "osm_id": "7655439095", "name": "Little Angels Child Clinic", "feature_group": "facility", "feature_type": "hospital", "geometry_source": "point", "original_geometry_type": "Point", "feature_id": "FAC_000252" }, "geometry": { "type": "Point", "coordinates": [ 73.7695214, 20.0031065 ] } },
{ "type": "Feature", "properties": { "osm_id": "7655439106", "name": "Nivedita Maternity Home", "feature_group": "facility", "feature_type": "hospital", "geometry_source": "point", "original_geometry_type": "Point", "feature_id": "FAC_000253" }, "geometry": { "type": "Point", "coordinates": [ 73.764760200000012, 20.0040129 ] } },
{ "type": "Feature", "properties": { "osm_id": "7655439091", "name": "Malpani Maternity Hospital", "feature_group": "facility", "feature_type": "hospital", "geometry_source": "point", "original_geometry_type": "Point", "feature_id": "FAC_000254" }, "geometry": { "type": "Point", "coordinates": [ 73.76675130000001, 20.0041732 ] } },
{ "type": "Feature", "properties": { "osm_id": "13808008528", "name": "Healing Hands Clinic - Nashik", "feature_group": "facility", "feature_type": "hospital", "geometry_source": "point", "original_geometry_type": "Point", "feature_id": "FAC_000255" }, "geometry": { "type": "Point", "coordinates": [ 73.7662155, 20.0050726 ] } },
{ "type": "Feature", "properties": { "osm_id": "7073909325", "name": "Vijan Cardiac and Criticare Centre", "feature_group": "facility", "feature_type": "hospital", "geometry_source": "point", "original_geometry_type": "Point", "feature_id": "FAC_000256" }, "geometry": { "type": "Point", "coordinates": [ 73.7666662, 20.0052277 ] } },
{ "type": "Feature", "properties": { "osm_id": "7655439075", "name": "Suman Symphony Hospital", "feature_group": "facility", "feature_type": "hospital", "geometry_source": "point", "original_geometry_type": "Point", "feature_id": "FAC_000257" }, "geometry": { "type": "Point", "coordinates": [ 73.7647239, 20.0054694 ] } },
{ "type": "Feature", "properties": { "osm_id": "7655439033", "name": "Supreme Maternity Hospital and Laproscopy Centre", "feature_group": "facility", "feature_type": "hospital", "geometry_source": "point", "original_geometry_type": "Point", "feature_id": "FAC_000258" }, "geometry": { "type": "Point", "coordinates": [ 73.769049700000011, 20.0063819 ] } },
{ "type": "Feature", "properties": { "osm_id": "7043017175", "name": "Chopda Medicare & Research Centre Pvt. Ltd’s - Magnum Heart Institute", "feature_group": "facility", "feature_type": "hospital", "geometry_source": "point", "original_geometry_type": "Point", "feature_id": "FAC_000259" }, "geometry": { "type": "Point", "coordinates": [ 73.7689488, 20.006418 ] } },
{ "type": "Feature", "properties": { "osm_id": "7655439086", "name": "Kaushalya Hospital", "feature_group": "facility", "feature_type": "hospital", "geometry_source": "point", "original_geometry_type": "Point", "feature_id": "FAC_000260" }, "geometry": { "type": "Point", "coordinates": [ 73.7627884, 20.006876 ] } },
{ "type": "Feature", "properties": { "osm_id": "7054997465", "name": "Susheel Eye Hospital and Brahma Laser Centre", "feature_group": "facility", "feature_type": "hospital", "geometry_source": "point", "original_geometry_type": "Point", "feature_id": "FAC_000261" }, "geometry": { "type": "Point", "coordinates": [ 73.75866520000001, 20.0071703 ] } },
{ "type": "Feature", "properties": { "osm_id": "7655439076", "name": "Baste Maternity Hospital", "feature_group": "facility", "feature_type": "hospital", "geometry_source": "point", "original_geometry_type": "Point", "feature_id": "FAC_000262" }, "geometry": { "type": "Point", "coordinates": [ 73.7584626, 20.007263 ] } },
{ "type": "Feature", "properties": { "osm_id": "7655439089", "name": "NIMS Hospital", "feature_group": "facility", "feature_type": "hospital", "geometry_source": "point", "original_geometry_type": "Point", "feature_id": "FAC_000263" }, "geometry": { "type": "Point", "coordinates": [ 73.76370390000001, 20.0097601 ] } },
{ "type": "Feature", "properties": { "osm_id": "7063808914", "name": "Vidya Vikas Hospital", "feature_group": "facility", "feature_type": "hospital", "geometry_source": "point", "original_geometry_type": "Point", "feature_id": "FAC_000264" }, "geometry": { "type": "Point", "coordinates": [ 73.7672261, 20.0111297 ] } },
{ "type": "Feature", "properties": { "osm_id": "7655439053", "name": "Upadhye Hospital", "feature_group": "facility", "feature_type": "hospital", "geometry_source": "point", "original_geometry_type": "Point", "feature_id": "FAC_000265" }, "geometry": { "type": "Point", "coordinates": [ 73.7604501, 20.0118417 ] } },
{ "type": "Feature", "properties": { "osm_id": "7655439015", "name": "Gawale Maternity Hospital", "feature_group": "facility", "feature_type": "hospital", "geometry_source": "point", "original_geometry_type": "Point", "feature_id": "FAC_000266" }, "geometry": { "type": "Point", "coordinates": [ 73.7630317, 20.0119992 ] } },
{ "type": "Feature", "properties": { "osm_id": "7649608361", "name": "Aaditya Women's Hospital", "feature_group": "facility", "feature_type": "hospital", "geometry_source": "point", "original_geometry_type": "Point", "feature_id": "FAC_000267" }, "geometry": { "type": "Point", "coordinates": [ 73.7395671, 20.0121645 ] } },
{ "type": "Feature", "properties": { "osm_id": "7649608357", "name": "Bhosale Multi - Speciality Hospital", "feature_group": "facility", "feature_type": "hospital", "geometry_source": "point", "original_geometry_type": "Point", "feature_id": "FAC_000268" }, "geometry": { "type": "Point", "coordinates": [ 73.7480373, 20.0124785 ] } },
{ "type": "Feature", "properties": { "osm_id": "7043015177", "name": "Nerlikar Hospital and Research Centre", "feature_group": "facility", "feature_type": "hospital", "geometry_source": "point", "original_geometry_type": "Point", "feature_id": "FAC_000269" }, "geometry": { "type": "Point", "coordinates": [ 73.7562639, 20.0125455 ] } },
{ "type": "Feature", "properties": { "osm_id": "7649608370", "name": "Niramay Hospital", "feature_group": "facility", "feature_type": "hospital", "geometry_source": "point", "original_geometry_type": "Point", "feature_id": "FAC_000270" }, "geometry": { "type": "Point", "coordinates": [ 73.748066, 20.0126765 ] } },
{ "type": "Feature", "properties": { "osm_id": "7655439068", "name": "Dr. Joshi Hospital", "feature_group": "facility", "feature_type": "hospital", "geometry_source": "point", "original_geometry_type": "Point", "feature_id": "FAC_000271" }, "geometry": { "type": "Point", "coordinates": [ 73.7630754, 20.0128514 ] } },
{ "type": "Feature", "properties": { "osm_id": "7048425359", "name": "Sukhamte Maternity Home", "feature_group": "facility", "feature_type": "hospital", "geometry_source": "point", "original_geometry_type": "Point", "feature_id": "FAC_000272" }, "geometry": { "type": "Point", "coordinates": [ 73.7711117, 20.0130312 ] } },
{ "type": "Feature", "properties": { "osm_id": "7649608358", "name": "Shree Sai Hospital", "feature_group": "facility", "feature_type": "hospital", "geometry_source": "point", "original_geometry_type": "Point", "feature_id": "FAC_000273" }, "geometry": { "type": "Point", "coordinates": [ 73.7064476, 19.996016 ] } },
{ "type": "Feature", "properties": { "osm_id": "7649608329", "name": "Sankalp Hospital", "feature_group": "facility", "feature_type": "hospital", "geometry_source": "point", "original_geometry_type": "Point", "feature_id": "FAC_000274" }, "geometry": { "type": "Point", "coordinates": [ 73.71115180000001, 20.0023416 ] } },
{ "type": "Feature", "properties": { "osm_id": "7081965723", "name": "Dr Gajare Hospital", "feature_group": "facility", "feature_type": "hospital", "geometry_source": "point", "original_geometry_type": "Point", "feature_id": "FAC_000275" }, "geometry": { "type": "Point", "coordinates": [ 73.711556200000018, 20.0066108 ] } },
{ "type": "Feature", "properties": { "osm_id": "7649608307", "name": "Sanjivani Hospital", "feature_group": "facility", "feature_type": "hospital", "geometry_source": "point", "original_geometry_type": "Point", "feature_id": "FAC_000276" }, "geometry": { "type": "Point", "coordinates": [ 73.7088611, 20.0085141 ] } },
{ "type": "Feature", "properties": { "osm_id": "7649608336", "name": "Aai Nursing & Maternity Home", "feature_group": "facility", "feature_type": "hospital", "geometry_source": "point", "original_geometry_type": "Point", "feature_id": "FAC_000277" }, "geometry": { "type": "Point", "coordinates": [ 73.7111851, 20.0089338 ] } },
{ "type": "Feature", "properties": { "osm_id": "7649608324", "name": "Dr. Pawar Children's Hospital", "feature_group": "facility", "feature_type": "hospital", "geometry_source": "point", "original_geometry_type": "Point", "feature_id": "FAC_000278" }, "geometry": { "type": "Point", "coordinates": [ 73.7180576, 20.0121678 ] } },
{ "type": "Feature", "properties": { "osm_id": "7649608309", "name": "Sai Hospital", "feature_group": "facility", "feature_type": "hospital", "geometry_source": "point", "original_geometry_type": "Point", "feature_id": "FAC_000279" }, "geometry": { "type": "Point", "coordinates": [ 73.7174141, 20.0323588 ] } },
{ "type": "Feature", "properties": { "osm_id": null, "name": null, "feature_group": "facility", "feature_type": "hospital", "geometry_source": "polygon", "original_geometry_type": "MultiPolygon", "feature_id": "FAC_000280" }, "geometry": { "type": "Point", "coordinates": [ 73.847436607938874, 19.94732245 ] } },
{ "type": "Feature", "properties": { "osm_id": null, "name": "NSKMC JDC Bytco Hospital-(D)", "feature_group": "facility", "feature_type": "hospital", "geometry_source": "polygon", "original_geometry_type": "MultiPolygon", "feature_id": "FAC_000281" }, "geometry": { "type": "Point", "coordinates": [ 73.83803772395359, 19.9487179 ] } },
{ "type": "Feature", "properties": { "osm_id": null, "name": "Matoshree Hospital", "feature_group": "facility", "feature_type": "hospital", "geometry_source": "polygon", "original_geometry_type": "MultiPolygon", "feature_id": "FAC_000282" }, "geometry": { "type": "Point", "coordinates": [ 73.838199024215086, 19.95045865 ] } },
{ "type": "Feature", "properties": { "osm_id": null, "name": "Sujata Birla Hospital and Medical Research Centre", "feature_group": "facility", "feature_type": "hospital", "geometry_source": "polygon", "original_geometry_type": "MultiPolygon", "feature_id": "FAC_000283" }, "geometry": { "type": "Point", "coordinates": [ 73.831007187905414, 19.95991695 ] } },
{ "type": "Feature", "properties": { "osm_id": null, "name": "Indian Security Press Hospital", "feature_group": "facility", "feature_type": "hospital", "geometry_source": "polygon", "original_geometry_type": "MultiPolygon", "feature_id": "FAC_000284" }, "geometry": { "type": "Point", "coordinates": [ 73.825678415444997, 19.96400765 ] } },
{ "type": "Feature", "properties": { "osm_id": null, "name": "Tulasi Eye Hospital", "feature_group": "facility", "feature_type": "hospital", "geometry_source": "polygon", "original_geometry_type": "MultiPolygon", "feature_id": "FAC_000285" }, "geometry": { "type": "Point", "coordinates": [ 73.798458626383393, 19.98625015 ] } },
{ "type": "Feature", "properties": { "osm_id": null, "name": "Tanmayee Hospital", "feature_group": "facility", "feature_type": "hospital", "geometry_source": "polygon", "original_geometry_type": "MultiPolygon", "feature_id": "FAC_000286" }, "geometry": { "type": "Point", "coordinates": [ 73.805557355821563, 20.0328244 ] } },
{ "type": "Feature", "properties": { "osm_id": null, "name": "Namco Hospital", "feature_group": "facility", "feature_type": "hospital", "geometry_source": "polygon", "original_geometry_type": "MultiPolygon", "feature_id": "FAC_000287" }, "geometry": { "type": "Point", "coordinates": [ 73.793643755200264, 20.03365685 ] } },
{ "type": "Feature", "properties": { "osm_id": null, "name": "Divya Cinemas", "feature_group": "facility", "feature_type": "hospital", "geometry_source": "polygon", "original_geometry_type": "MultiPolygon", "feature_id": "FAC_000288" }, "geometry": { "type": "Point", "coordinates": [ 73.756104395004343, 19.98138765 ] } },
{ "type": "Feature", "properties": { "osm_id": null, "name": "Shatabdi Super Speciality Hospital", "feature_group": "facility", "feature_type": "hospital", "geometry_source": "polygon", "original_geometry_type": "MultiPolygon", "feature_id": "FAC_000289" }, "geometry": { "type": "Point", "coordinates": [ 73.784043881333702, 19.98814695 ] } },
{ "type": "Feature", "properties": { "osm_id": null, "name": "Sudarshan Hospital", "feature_group": "facility", "feature_type": "hospital", "geometry_source": "polygon", "original_geometry_type": "MultiPolygon", "feature_id": "FAC_000290" }, "geometry": { "type": "Point", "coordinates": [ 73.782273698589762, 19.9920728 ] } },
{ "type": "Feature", "properties": { "osm_id": null, "name": "Civil Hospital, Nashik", "feature_group": "facility", "feature_type": "hospital", "geometry_source": "polygon", "original_geometry_type": "MultiPolygon", "feature_id": "FAC_000291" }, "geometry": { "type": "Point", "coordinates": [ 73.778343864730346, 19.99745915 ] } },
{ "type": "Feature", "properties": { "osm_id": null, "name": "ESI Hospital Satpur Nashik", "feature_group": "facility", "feature_type": "hospital", "geometry_source": "polygon", "original_geometry_type": "MultiPolygon", "feature_id": "FAC_000292" }, "geometry": { "type": "Point", "coordinates": [ 73.733921517333812, 19.9924715 ] } },
{ "type": "Feature", "properties": { "osm_id": null, "name": "Sahyadri Speciality Hospital", "feature_group": "facility", "feature_type": "hospital", "geometry_source": "polygon", "original_geometry_type": "MultiPolygon", "feature_id": "FAC_000293" }, "geometry": { "type": "Point", "coordinates": [ 73.793484816454381, 19.989267349999988 ] } },
{ "type": "Feature", "properties": { "osm_id": null, "name": "Metro Hospital", "feature_group": "facility", "feature_type": "hospital", "geometry_source": "polygon", "original_geometry_type": "MultiPolygon", "feature_id": "FAC_000294" }, "geometry": { "type": "Point", "coordinates": [ 73.793789650429915, 19.9910494 ] } },
{ "type": "Feature", "properties": { "osm_id": null, "name": "Wockhardt Hospitals", "feature_group": "facility", "feature_type": "hospital", "geometry_source": "polygon", "original_geometry_type": "MultiPolygon", "feature_id": "FAC_000295" }, "geometry": { "type": "Point", "coordinates": [ 73.790385772141917, 19.99154975 ] } },
{ "type": "Feature", "properties": { "osm_id": null, "name": "Suryodaya Hospital", "feature_group": "facility", "feature_type": "hospital", "geometry_source": "polygon", "original_geometry_type": "MultiPolygon", "feature_id": "FAC_000296" }, "geometry": { "type": "Point", "coordinates": [ 73.793622808391106, 19.9937313 ] } },
{ "type": "Feature", "properties": { "osm_id": null, "name": "Dr Zakir Hussain Hospital", "feature_group": "facility", "feature_type": "hospital", "geometry_source": "polygon", "original_geometry_type": "MultiPolygon", "feature_id": "FAC_000297" }, "geometry": { "type": "Point", "coordinates": [ 73.799103535339498, 19.9958666 ] } },
{ "type": "Feature", "properties": { "osm_id": null, "name": "Soham Hospital and Medical Foundation Pvt. Ltd.", "feature_group": "facility", "feature_type": "hospital", "geometry_source": "polygon", "original_geometry_type": "MultiPolygon", "feature_id": "FAC_000298" }, "geometry": { "type": "Point", "coordinates": [ 73.776389906657926, 20.00058955 ] } },
{ "type": "Feature", "properties": { "osm_id": null, "name": "Rajebahadur Hospital and Research Centre Pvt. Ltd.", "feature_group": "facility", "feature_type": "hospital", "geometry_source": "polygon", "original_geometry_type": "MultiPolygon", "feature_id": "FAC_000299" }, "geometry": { "type": "Point", "coordinates": [ 73.787043971084586, 20.00280405 ] } },
{ "type": "Feature", "properties": { "osm_id": null, "name": "Shree Guruji Hospital", "feature_group": "facility", "feature_type": "hospital", "geometry_source": "polygon", "original_geometry_type": "MultiPolygon", "feature_id": "FAC_000300" }, "geometry": { "type": "Point", "coordinates": [ 73.748706249029013, 20.0115398 ] } },
{ "type": "Feature", "properties": { "osm_id": null, "name": "Sadguru Hospital", "feature_group": "facility", "feature_type": "hospital", "geometry_source": "polygon", "original_geometry_type": "MultiPolygon", "feature_id": "FAC_000301" }, "geometry": { "type": "Point", "coordinates": [ 73.802842076107339, 20.009421 ] } },
{ "type": "Feature", "properties": { "osm_id": null, "name": "NSKMC Indira Gandhi Hospital", "feature_group": "facility", "feature_type": "hospital", "geometry_source": "polygon", "original_geometry_type": "MultiPolygon", "feature_id": "FAC_000302" }, "geometry": { "type": "Point", "coordinates": [ 73.795484637869748, 20.0098834 ] } },
{ "type": "Feature", "properties": { "osm_id": null, "name": "Apollo Hospitals", "feature_group": "facility", "feature_type": "hospital", "geometry_source": "polygon", "original_geometry_type": "MultiPolygon", "feature_id": "FAC_000303" }, "geometry": { "type": "Point", "coordinates": [ 73.816126386622528, 20.01201935 ] } },
{ "type": "Feature", "properties": { "osm_id": null, "name": "Kasliwal Superspeciality Hospital", "feature_group": "facility", "feature_type": "hospital", "geometry_source": "polygon", "original_geometry_type": "MultiPolygon", "feature_id": "FAC_000304" }, "geometry": { "type": "Point", "coordinates": [ 73.761255983651978, 20.0106937 ] } },
{ "type": "Feature", "properties": { "osm_id": "13159231520", "name": null, "feature_group": "facility", "feature_type": "parking", "geometry_source": "point", "original_geometry_type": "Point", "feature_id": "FAC_000305" }, "geometry": { "type": "Point", "coordinates": [ 73.7044831, 19.9926427 ] } },
{ "type": "Feature", "properties": { "osm_id": "2388108042", "name": null, "feature_group": "facility", "feature_type": "parking", "geometry_source": "point", "original_geometry_type": "Point", "feature_id": "FAC_000306" }, "geometry": { "type": "Point", "coordinates": [ 73.8015843, 19.996927 ] } },
{ "type": "Feature", "properties": { "osm_id": "2388107936", "name": null, "feature_group": "facility", "feature_type": "parking", "geometry_source": "point", "original_geometry_type": "Point", "feature_id": "FAC_000307" }, "geometry": { "type": "Point", "coordinates": [ 73.8006509, 19.9971437 ] } },
{ "type": "Feature", "properties": { "osm_id": "3657491857", "name": null, "feature_group": "facility", "feature_type": "parking", "geometry_source": "point", "original_geometry_type": "Point", "feature_id": "FAC_000308" }, "geometry": { "type": "Point", "coordinates": [ 73.7827239, 20.0022219 ] } },
{ "type": "Feature", "properties": { "osm_id": "13646913719", "name": null, "feature_group": "facility", "feature_type": "parking", "geometry_source": "point", "original_geometry_type": "Point", "feature_id": "FAC_000309" }, "geometry": { "type": "Point", "coordinates": [ 73.7875249, 20.0148779 ] } },
{ "type": "Feature", "properties": { "osm_id": "13159231551", "name": null, "feature_group": "facility", "feature_type": "parking", "geometry_source": "point", "original_geometry_type": "Point", "feature_id": "FAC_000310" }, "geometry": { "type": "Point", "coordinates": [ 73.704625900000011, 19.9932025 ] } },
{ "type": "Feature", "properties": { "osm_id": "3375086708", "name": null, "feature_group": "facility", "feature_type": "parking", "geometry_source": "point", "original_geometry_type": "Point", "feature_id": "FAC_000311" }, "geometry": { "type": "Point", "coordinates": [ 73.7259975, 20.0041056 ] } },
{ "type": "Feature", "properties": { "osm_id": null, "name": null, "feature_group": "facility", "feature_type": "parking", "geometry_source": "polygon", "original_geometry_type": "MultiPolygon", "feature_id": "FAC_000312" }, "geometry": { "type": "Point", "coordinates": [ 73.84131922035283, 19.94646655 ] } },
{ "type": "Feature", "properties": { "osm_id": null, "name": null, "feature_group": "facility", "feature_type": "parking", "geometry_source": "polygon", "original_geometry_type": "MultiPolygon", "feature_id": "FAC_000313" }, "geometry": { "type": "Point", "coordinates": [ 73.84118577484189, 19.94790165 ] } },
{ "type": "Feature", "properties": { "osm_id": null, "name": null, "feature_group": "facility", "feature_type": "parking", "geometry_source": "polygon", "original_geometry_type": "MultiPolygon", "feature_id": "FAC_000314" }, "geometry": { "type": "Point", "coordinates": [ 73.751938510787625, 19.9483703 ] } },
{ "type": "Feature", "properties": { "osm_id": null, "name": null, "feature_group": "facility", "feature_type": "parking", "geometry_source": "polygon", "original_geometry_type": "MultiPolygon", "feature_id": "FAC_000315" }, "geometry": { "type": "Point", "coordinates": [ 73.735400350334118, 19.9594356 ] } },
{ "type": "Feature", "properties": { "osm_id": null, "name": null, "feature_group": "facility", "feature_type": "parking", "geometry_source": "polygon", "original_geometry_type": "MultiPolygon", "feature_id": "FAC_000316" }, "geometry": { "type": "Point", "coordinates": [ 73.735828778333342, 19.96018645 ] } },
{ "type": "Feature", "properties": { "osm_id": null, "name": null, "feature_group": "facility", "feature_type": "parking", "geometry_source": "polygon", "original_geometry_type": "MultiPolygon", "feature_id": "FAC_000317" }, "geometry": { "type": "Point", "coordinates": [ 73.79376416224234, 20.00477475 ] } },
{ "type": "Feature", "properties": { "osm_id": null, "name": null, "feature_group": "facility", "feature_type": "parking", "geometry_source": "polygon", "original_geometry_type": "MultiPolygon", "feature_id": "FAC_000318" }, "geometry": { "type": "Point", "coordinates": [ 73.792495476821188, 20.00497635 ] } },
{ "type": "Feature", "properties": { "osm_id": null, "name": "Kalidas Kala Mandir Parking", "feature_group": "facility", "feature_type": "parking", "geometry_source": "polygon", "original_geometry_type": "MultiPolygon", "feature_id": "FAC_000319" }, "geometry": { "type": "Point", "coordinates": [ 73.784664806613137, 19.9992461 ] } },
{ "type": "Feature", "properties": { "osm_id": null, "name": null, "feature_group": "facility", "feature_type": "parking", "geometry_source": "polygon", "original_geometry_type": "MultiPolygon", "feature_id": "FAC_000320" }, "geometry": { "type": "Point", "coordinates": [ 73.76468215, 20.00124885 ] } },
{ "type": "Feature", "properties": { "osm_id": null, "name": null, "feature_group": "facility", "feature_type": "parking", "geometry_source": "polygon", "original_geometry_type": "MultiPolygon", "feature_id": "FAC_000321" }, "geometry": { "type": "Point", "coordinates": [ 73.726420369428496, 20.00509495 ] } },
{ "type": "Feature", "properties": { "osm_id": null, "name": null, "feature_group": "facility", "feature_type": "parking", "geometry_source": "polygon", "original_geometry_type": "MultiPolygon", "feature_id": "FAC_000322" }, "geometry": { "type": "Point", "coordinates": [ 73.68622072500915, 20.0050217 ] } },
{ "type": "Feature", "properties": { "osm_id": null, "name": null, "feature_group": "facility", "feature_type": "parking", "geometry_source": "polygon", "original_geometry_type": "MultiPolygon", "feature_id": "FAC_000323" }, "geometry": { "type": "Point", "coordinates": [ 73.685797223392314, 20.0051162 ] } },
{ "type": "Feature", "properties": { "osm_id": null, "name": null, "feature_group": "facility", "feature_type": "parking", "geometry_source": "polygon", "original_geometry_type": "MultiPolygon", "feature_id": "FAC_000324" }, "geometry": { "type": "Point", "coordinates": [ 73.792291707331586, 20.0061685 ] } },
{ "type": "Feature", "properties": { "osm_id": null, "name": null, "feature_group": "facility", "feature_type": "parking", "geometry_source": "polygon", "original_geometry_type": "MultiPolygon", "feature_id": "FAC_000325" }, "geometry": { "type": "Point", "coordinates": [ 73.791930971557093, 20.0067456 ] } },
{ "type": "Feature", "properties": { "osm_id": null, "name": null, "feature_group": "facility", "feature_type": "parking", "geometry_source": "polygon", "original_geometry_type": "MultiPolygon", "feature_id": "FAC_000326" }, "geometry": { "type": "Point", "coordinates": [ 73.791291955190303, 20.0085105 ] } },
{ "type": "Feature", "properties": { "osm_id": null, "name": null, "feature_group": "facility", "feature_type": "parking", "geometry_source": "polygon", "original_geometry_type": "MultiPolygon", "feature_id": "FAC_000327" }, "geometry": { "type": "Point", "coordinates": [ 73.789752933054231, 20.0086989 ] } },
{ "type": "Feature", "properties": { "osm_id": "13704744203", "name": "Sony International School", "feature_group": "facility", "feature_type": "school", "geometry_source": "point", "original_geometry_type": "Point", "feature_id": "FAC_000328" }, "geometry": { "type": "Point", "coordinates": [ 73.7517519, 19.9686651 ] } },
{ "type": "Feature", "properties": { "osm_id": "13704746101", "name": "Dr. Vasamtrao Pawar Medical School, Clinic and Research Center", "feature_group": "facility", "feature_type": "school", "geometry_source": "point", "original_geometry_type": "Point", "feature_id": "FAC_000329" }, "geometry": { "type": "Point", "coordinates": [ 73.755158300000019, 19.9694625 ] } },
{ "type": "Feature", "properties": { "osm_id": "4361162327", "name": "SM Joshi Adhyapak Vidyalaya", "feature_group": "facility", "feature_type": "school", "geometry_source": "point", "original_geometry_type": "Point", "feature_id": "FAC_000330" }, "geometry": { "type": "Point", "coordinates": [ 73.8262516, 19.9586876 ] } },
{ "type": "Feature", "properties": { "osm_id": "4361162326", "name": "K. J. Mehta Higschool", "feature_group": "facility", "feature_type": "school", "geometry_source": "point", "original_geometry_type": "Point", "feature_id": "FAC_000331" }, "geometry": { "type": "Point", "coordinates": [ 73.8271368, 19.9587329 ] } },
{ "type": "Feature", "properties": { "osm_id": "4352237384", "name": "Guru  Gobind Singh Public School", "feature_group": "facility", "feature_type": "school", "geometry_source": "point", "original_geometry_type": "Point", "feature_id": "FAC_000332" }, "geometry": { "type": "Point", "coordinates": [ 73.7776974, 19.9587256 ] } },
{ "type": "Feature", "properties": { "osm_id": "4352219552", "name": "Nashik Cambridge School", "feature_group": "facility", "feature_type": "school", "geometry_source": "point", "original_geometry_type": "Point", "feature_id": "FAC_000333" }, "geometry": { "type": "Point", "coordinates": [ 73.7817983, 19.9664723 ] } },
{ "type": "Feature", "properties": { "osm_id": "4846713530", "name": null, "feature_group": "facility", "feature_type": "school", "geometry_source": "point", "original_geometry_type": "Point", "feature_id": "FAC_000334" }, "geometry": { "type": "Point", "coordinates": [ 73.7871224, 20.0043221 ] } },
{ "type": "Feature", "properties": { "osm_id": "13586356561", "name": "rp vidyalaya", "feature_group": "facility", "feature_type": "school", "geometry_source": "point", "original_geometry_type": "Point", "feature_id": "FAC_000335" }, "geometry": { "type": "Point", "coordinates": [ 73.797892, 20.0118897 ] } },
{ "type": "Feature", "properties": { "osm_id": "3054678735", "name": "Maratha Vidya Prasarak", "feature_group": "facility", "feature_type": "school", "geometry_source": "point", "original_geometry_type": "Point", "feature_id": "FAC_000336" }, "geometry": { "type": "Point", "coordinates": [ 73.7797156, 20.0073868 ] } },
{ "type": "Feature", "properties": { "osm_id": "4344316461", "name": "Pethe High School, Nashik", "feature_group": "facility", "feature_type": "school", "geometry_source": "point", "original_geometry_type": "Point", "feature_id": "FAC_000337" }, "geometry": { "type": "Point", "coordinates": [ 73.7576515, 19.9845944 ] } },
{ "type": "Feature", "properties": { "osm_id": "10166350017", "name": null, "feature_group": "facility", "feature_type": "school", "geometry_source": "point", "original_geometry_type": "Point", "feature_id": "FAC_000338" }, "geometry": { "type": "Point", "coordinates": [ 73.7625719, 20.0072349 ] } },
{ "type": "Feature", "properties": { "osm_id": "3640271054", "name": "Vidya Prabodhini Prashala", "feature_group": "facility", "feature_type": "school", "geometry_source": "point", "original_geometry_type": "Point", "feature_id": "FAC_000339" }, "geometry": { "type": "Point", "coordinates": [ 73.7543842, 20.0085717 ] } },
{ "type": "Feature", "properties": { "osm_id": "3571657793", "name": "Bhosala Military School", "feature_group": "facility", "feature_type": "school", "geometry_source": "point", "original_geometry_type": "Point", "feature_id": "FAC_000340" }, "geometry": { "type": "Point", "coordinates": [ 73.7526651, 20.009566 ] } },
{ "type": "Feature", "properties": { "osm_id": null, "name": "Birla Open Mind School", "feature_group": "facility", "feature_type": "school", "geometry_source": "polygon", "original_geometry_type": "MultiPolygon", "feature_id": "FAC_000341" }, "geometry": { "type": "Point", "coordinates": [ 73.829838379392527, 19.9612922 ] } },
{ "type": "Feature", "properties": { "osm_id": null, "name": "St. Xavier's High School", "feature_group": "facility", "feature_type": "school", "geometry_source": "polygon", "original_geometry_type": "MultiPolygon", "feature_id": "FAC_000342" }, "geometry": { "type": "Point", "coordinates": [ 73.821096724214982, 19.96474095 ] } },
{ "type": "Feature", "properties": { "osm_id": null, "name": "K.V. School Ground", "feature_group": "facility", "feature_type": "school", "geometry_source": "polygon", "original_geometry_type": "MultiPolygon", "feature_id": "FAC_000343" }, "geometry": { "type": "Point", "coordinates": [ 73.823233997276617, 19.96604535 ] } },
{ "type": "Feature", "properties": { "osm_id": null, "name": "Rasbiharibos International School", "feature_group": "facility", "feature_type": "school", "geometry_source": "polygon", "original_geometry_type": "MultiPolygon", "feature_id": "FAC_000344" }, "geometry": { "type": "Point", "coordinates": [ 73.830637508913682, 20.0199947 ] } },
{ "type": "Feature", "properties": { "osm_id": null, "name": "Abhinav Adarsh Marathi School", "feature_group": "facility", "feature_type": "school", "geometry_source": "polygon", "original_geometry_type": "MultiPolygon", "feature_id": "FAC_000345" }, "geometry": { "type": "Point", "coordinates": [ 73.834200533605014, 19.97493595 ] } },
{ "type": "Feature", "properties": { "osm_id": null, "name": null, "feature_group": "facility", "feature_type": "school", "geometry_source": "polygon", "original_geometry_type": "MultiPolygon", "feature_id": "FAC_000346" }, "geometry": { "type": "Point", "coordinates": [ 73.756125017732103, 19.9696254 ] } },
{ "type": "Feature", "properties": { "osm_id": null, "name": "Loknete Vyankatrav Hiray VIdyalaya", "feature_group": "facility", "feature_type": "school", "geometry_source": "polygon", "original_geometry_type": "MultiPolygon", "feature_id": "FAC_000347" }, "geometry": { "type": "Point", "coordinates": [ 73.75881393350025, 19.97767035 ] } },
{ "type": "Feature", "properties": { "osm_id": null, "name": "Madhyamik Vidyalaya, Untawadi", "feature_group": "facility", "feature_type": "school", "geometry_source": "polygon", "original_geometry_type": "MultiPolygon", "feature_id": "FAC_000348" }, "geometry": { "type": "Point", "coordinates": [ 73.757604977287428, 19.98460915 ] } },
{ "type": "Feature", "properties": { "osm_id": null, "name": "Fravashi Academy", "feature_group": "facility", "feature_type": "school", "geometry_source": "polygon", "original_geometry_type": "MultiPolygon", "feature_id": "FAC_000349" }, "geometry": { "type": "Point", "coordinates": [ 73.761129564705641, 19.9937641 ] } },
{ "type": "Feature", "properties": { "osm_id": null, "name": "Ravindranath Tagore English Medium School", "feature_group": "facility", "feature_type": "school", "geometry_source": "polygon", "original_geometry_type": "MultiPolygon", "feature_id": "FAC_000350" }, "geometry": { "type": "Point", "coordinates": [ 73.802041172017098, 19.992614 ] } },
{ "type": "Feature", "properties": { "osm_id": null, "name": null, "feature_group": "facility", "feature_type": "school", "geometry_source": "polygon", "original_geometry_type": "MultiPolygon", "feature_id": "FAC_000351" }, "geometry": { "type": "Point", "coordinates": [ 73.764405260445841, 20.00020775 ] } },
{ "type": "Feature", "properties": { "osm_id": null, "name": null, "feature_group": "facility", "feature_type": "school", "geometry_source": "polygon", "original_geometry_type": "MultiPolygon", "feature_id": "FAC_000352" }, "geometry": { "type": "Point", "coordinates": [ 73.786339275477133, 20.0038241 ] } },
{ "type": "Feature", "properties": { "osm_id": null, "name": "Hindi Vidyalaya Shramik Nagar", "feature_group": "facility", "feature_type": "school", "geometry_source": "polygon", "original_geometry_type": "MultiPolygon", "feature_id": "FAC_000353" }, "geometry": { "type": "Point", "coordinates": [ 73.704040884095349, 19.9950807 ] } },
{ "type": "Feature", "properties": { "osm_id": null, "name": "Bhonsala Military School", "feature_group": "facility", "feature_type": "school", "geometry_source": "polygon", "original_geometry_type": "MultiPolygon", "feature_id": "FAC_000354" }, "geometry": { "type": "Point", "coordinates": [ 73.751833535138502, 20.0060892 ] } },
{ "type": "Feature", "properties": { "osm_id": null, "name": null, "feature_group": "facility", "feature_type": "school", "geometry_source": "polygon", "original_geometry_type": "MultiPolygon", "feature_id": "FAC_000355" }, "geometry": { "type": "Point", "coordinates": [ 73.795960862069705, 20.00970635 ] } },
{ "type": "Feature", "properties": { "osm_id": null, "name": "K.T.H.M. College", "feature_group": "facility", "feature_type": "school", "geometry_source": "polygon", "original_geometry_type": "MultiPolygon", "feature_id": "FAC_000356" }, "geometry": { "type": "Point", "coordinates": [ 73.778971455895686, 20.00745605 ] } },
{ "type": "Feature", "properties": { "osm_id": null, "name": "Don Bosco", "feature_group": "facility", "feature_type": "school", "geometry_source": "polygon", "original_geometry_type": "MultiPolygon", "feature_id": "FAC_000357" }, "geometry": { "type": "Point", "coordinates": [ 73.759111294613547, 20.00781985 ] } },
{ "type": "Feature", "properties": { "osm_id": null, "name": "JS Rungta High School", "feature_group": "facility", "feature_type": "school", "geometry_source": "polygon", "original_geometry_type": "MultiPolygon", "feature_id": "FAC_000358" }, "geometry": { "type": "Point", "coordinates": [ 73.785904939185414, 20.00770735 ] } },
{ "type": "Feature", "properties": { "osm_id": null, "name": "Vidya Prabodhini Prashala", "feature_group": "facility", "feature_type": "school", "geometry_source": "polygon", "original_geometry_type": "MultiPolygon", "feature_id": "FAC_000359" }, "geometry": { "type": "Point", "coordinates": [ 73.754013615300167, 20.0082682 ] } },
{ "type": "Feature", "properties": { "osm_id": null, "name": "Kilbil St. Joseph's Public School", "feature_group": "facility", "feature_type": "school", "geometry_source": "polygon", "original_geometry_type": "MultiPolygon", "feature_id": "FAC_000360" }, "geometry": { "type": "Point", "coordinates": [ 73.759350836421433, 20.00883125 ] } },
{ "type": "Feature", "properties": { "osm_id": null, "name": null, "feature_group": "facility", "feature_type": "school", "geometry_source": "polygon", "original_geometry_type": "MultiPolygon", "feature_id": "FAC_000361" }, "geometry": { "type": "Point", "coordinates": [ 73.759678652209743, 20.01017955 ] } },
{ "type": "Feature", "properties": { "osm_id": null, "name": "New Maratha High School", "feature_group": "facility", "feature_type": "school", "geometry_source": "polygon", "original_geometry_type": "MultiPolygon", "feature_id": "FAC_000362" }, "geometry": { "type": "Point", "coordinates": [ 73.765372356745331, 20.01405345 ] } },
{ "type": "Feature", "properties": { "osm_id": null, "name": null, "feature_group": "facility", "feature_type": "school", "geometry_source": "polygon", "original_geometry_type": "MultiPolygon", "feature_id": "FAC_000363" }, "geometry": { "type": "Point", "coordinates": [ 73.765675834845695, 20.01610465 ] } },
{ "type": "Feature", "properties": { "osm_id": null, "name": null, "feature_group": "facility", "feature_type": "school", "geometry_source": "polygon", "original_geometry_type": "MultiPolygon", "feature_id": "FAC_000364" }, "geometry": { "type": "Point", "coordinates": [ 73.761991052721385, 20.01599375 ] } },
{ "type": "Feature", "properties": { "osm_id": "13483798851", "name": null, "feature_group": "facility", "feature_type": "toilets", "geometry_source": "point", "original_geometry_type": "Point", "feature_id": "FAC_000365" }, "geometry": { "type": "Point", "coordinates": [ 73.7487724, 19.9412019 ] } },
{ "type": "Feature", "properties": { "osm_id": "11373727719", "name": null, "feature_group": "facility", "feature_type": "toilets", "geometry_source": "point", "original_geometry_type": "Point", "feature_id": "FAC_000366" }, "geometry": { "type": "Point", "coordinates": [ 73.7788745, 19.9945075 ] } },
{ "type": "Feature", "properties": { "osm_id": "660326541", "name": null, "feature_group": "facility", "feature_type": "toilets", "geometry_source": "point", "original_geometry_type": "Point", "feature_id": "FAC_000367" }, "geometry": { "type": "Point", "coordinates": [ 73.7943339, 20.0042949 ] } },
{ "type": "Feature", "properties": { "osm_id": "13484505836", "name": null, "feature_group": "facility", "feature_type": "toilets", "geometry_source": "point", "original_geometry_type": "Point", "feature_id": "FAC_000368" }, "geometry": { "type": "Point", "coordinates": [ 73.790333600000011, 20.0080232 ] } },
{ "type": "Feature", "properties": { "osm_id": "13475353247", "name": null, "feature_group": "facility", "feature_type": "toilets", "geometry_source": "point", "original_geometry_type": "Point", "feature_id": "FAC_000369" }, "geometry": { "type": "Point", "coordinates": [ 73.79652320000001, 20.0115018 ] } },
{ "type": "Feature", "properties": { "osm_id": null, "name": null, "feature_group": "facility", "feature_type": "toilets", "geometry_source": "polygon", "original_geometry_type": "MultiPolygon", "feature_id": "FAC_000370" }, "geometry": { "type": "Point", "coordinates": [ 73.8419313, 19.9448498 ] } },
{ "type": "Feature", "properties": { "osm_id": null, "name": null, "feature_group": "facility", "feature_type": "toilets", "geometry_source": "polygon", "original_geometry_type": "MultiPolygon", "feature_id": "FAC_000371" }, "geometry": { "type": "Point", "coordinates": [ 73.8426306, 19.94915715 ] } },
{ "type": "Feature", "properties": { "osm_id": null, "name": null, "feature_group": "facility", "feature_type": "toilets", "geometry_source": "polygon", "original_geometry_type": "MultiPolygon", "feature_id": "FAC_000372" }, "geometry": { "type": "Point", "coordinates": [ 73.792086274697823, 20.0089015 ] } },
{ "type": "Feature", "properties": { "osm_id": null, "name": "Yashwant Rao Chavan Maharashtra Open University", "feature_group": "facility", "feature_type": "university", "geometry_source": "polygon", "original_geometry_type": "MultiPolygon", "feature_id": "FAC_000373" }, "geometry": { "type": "Point", "coordinates": [ 73.691515049259564, 20.02012595 ] } }
]
}
