{
"type": "FeatureCollection",
"name": "landuse_clean",
"crs": { "type": "name", "properties": { "name": "urn:ogc:def:crs:OGC:1.3:CRS84" } },
"features": [
{ "type": "Feature", "properties": { "osm_id": null, "name": null, "feature_group": "landuse", "feature_type": "residential", "geometry_source": "polygon", "landuse": "residential", "leisure": null }, "geometry": { "type": "MultiPolygon", "coordinates": [ [ [ [ 73.7817049, 19.9252273 ], [ 73.7824883, 19.9253221 ], [ 73.7826396, 19.9250439 ], [ 73.7834163, 19.9251577 ], [ 73.7836887, 19.9243074 ], [ 73.7834264, 19.9238459 ], [ 73.7819974, 19.9239123 ], [ 73.7816948, 19.9242884 ], [ 73.7817049, 19.9252273 ] ] ] ] } },
{ "type": "Feature", "properties": { "osm_id": null, "name": null, "feature_group": "landuse", "feature_type": "residential", "geometry_source": "polygon", "landuse": "residential", "leisure": null }, "geometry": { "type": "MultiPolygon", "coordinates": [ [ [ [ 73.7727108, 19.9455629 ], [ 73.7730035, 19.9455553 ], [ 73.7731287, 19.9453489 ], [ 73.7731141, 19.9453107 ], [ 73.7730571, 19.9452756 ], [ 73.7727742, 19.9452404 ], [ 73.7727108, 19.9455629 ] ] ] ] } },
{ "type": "Feature", "properties": { "osm_id": null, "name": null, "feature_group": "landuse", "feature_type": "commercial", "geometry_source": "polygon", "landuse": "commercial", "leisure": null }, "geometry": { "type": "MultiPolygon", "coordinates": [ [ [ [ 73.7550455, 19.9464386 ], [ 73.7562633, 19.9465748 ], [ 73.7563437, 19.9460857 ], [ 73.7551528, 19.945531 ], [ 73.7550455, 19.9464386 ] ] ] ] } },
{ "type": "Feature", "properties": { "osm_id": null, "name": null, "feature_group": "landuse", "feature_type": "industrial", "geometry_source": "polygon", "landuse": "industrial", "leisure": null }, "geometry": { "type": "MultiPolygon", "coordinates": [ [ [ [ 73.7498528, 19.9510979 ], [ 73.7523472, 19.9535032 ], [ 73.7535086, 19.9524239 ], [ 73.7533467, 19.9522948 ], [ 73.7512066, 19.9505171 ], [ 73.749564, 19.9492323 ], [ 73.7498528, 19.9510979 ] ] ] ] } },
{ "type": "Feature", "properties": { "osm_id": null, "name": null, "feature_group": "landuse", "feature_type": "commercial", "geometry_source": "polygon", "landuse": "commercial", "leisure": null }, "geometry": { "type": "MultiPolygon", "coordinates": [ [ [ [ 73.7539203, 19.9519962 ], [ 73.7539923, 19.9520558 ], [ 73.754722, 19.9510983 ], [ 73.7543412, 19.9508768 ], [ 73.7536594, 19.9517804 ], [ 73.7539203, 19.9519962 ] ] ] ] } },
{ "type": "Feature", "properties": { "osm_id": null, "name": "Botanical Garden", "feature_group": "landuse", "feature_type": "garden", "geometry_source": "polygon", "landuse": null, "leisure": "garden" }, "geometry": { "type": "MultiPolygon", "coordinates": [ [ [ [ 73.744306, 19.9413001 ], [ 73.744068272930974, 19.940619160068685 ], [ 73.742226220365097, 19.942060872625493 ], [ 73.7422487, 19.9420763 ], [ 73.7432075, 19.9426458 ], [ 73.744306, 19.9413001 ] ] ] ] } },
{ "type": "Feature", "properties": { "osm_id": null, "name": null, "feature_group": "landuse", "feature_type": "industrial", "geometry_source": "polygon", "landuse": "industrial", "leisure": null }, "geometry": { "type": "MultiPolygon", "coordinates": [ [ [ [ 73.7429393, 19.9436043 ], [ 73.7431776, 19.9433531 ], [ 73.742593, 19.9429109 ], [ 73.742075, 19.9429633 ], [ 73.7429393, 19.9436043 ] ] ] ] } },
{ "type": "Feature", "properties": { "osm_id": null, "name": "Phalke Smarak", "feature_group": "landuse", "feature_type": "park", "geometry_source": "polygon", "landuse": null, "leisure": "park" }, "geometry": { "type": "MultiPolygon", "coordinates": [ [ [ [ 73.7477382, 19.9448874 ], [ 73.7478411, 19.9451124 ], [ 73.7497455, 19.9446082 ], [ 73.7508291, 19.9442249 ], [ 73.7523794, 19.9437559 ], [ 73.7523251, 19.9415816 ], [ 73.7512618, 19.9421879 ], [ 73.7505931, 19.942344 ], [ 73.7506451, 19.9426059 ], [ 73.7506682, 19.9427222 ], [ 73.7499064, 19.9428634 ], [ 73.7494612, 19.9430802 ], [ 73.7491018, 19.9437156 ], [ 73.7489623, 19.943766 ], [ 73.7487692, 19.9438316 ], [ 73.7488899, 19.9446989 ], [ 73.74823, 19.9449006 ], [ 73.7481254, 19.9449082 ], [ 73.7478304, 19.9447468 ], [ 73.7477069, 19.9448343 ], [ 73.7477382, 19.9448874 ] ] ] ] } },
{ "type": "Feature", "properties": { "osm_id": null, "name": null, "feature_group": "landuse", "feature_type": "industrial", "geometry_source": "polygon", "landuse": "industrial", "leisure": null }, "geometry": { "type": "MultiPolygon", "coordinates": [ [ [ [ 73.7402719, 19.9443207 ], [ 73.7407869, 19.94483 ], [ 73.7416506, 19.9440535 ], [ 73.7411141, 19.9435593 ], [ 73.7402719, 19.9443207 ] ] ] ] } },
{ "type": "Feature", "properties": { "osm_id": null, "name": null, "feature_group": "landuse", "feature_type": "industrial", "geometry_source": "polygon", "landuse": "industrial", "leisure": null }, "geometry": { "type": "MultiPolygon", "coordinates": [ [ [ [ 73.7428254, 19.9440282 ], [ 73.7423265, 19.9445779 ], [ 73.7426913, 19.944946 ], [ 73.7432298, 19.9443528 ], [ 73.7428254, 19.9440282 ] ] ] ] } },
{ "type": "Feature", "properties": { "osm_id": null, "name": null, "feature_group": "landuse", "feature_type": "industrial", "geometry_source": "polygon", "landuse": "industrial", "leisure": null }, "geometry": { "type": "MultiPolygon", "coordinates": [ [ [ [ 73.7415487, 19.9460201 ], [ 73.7425089, 19.945062 ], [ 73.7416184, 19.9442552 ], [ 73.7406474, 19.9452234 ], [ 73.7415487, 19.9460201 ] ] ] ] } },
{ "type": "Feature", "properties": { "osm_id": null, "name": null, "feature_group": "landuse", "feature_type": "industrial", "geometry_source": "polygon", "landuse": "industrial", "leisure": null }, "geometry": { "type": "MultiPolygon", "coordinates": [ [ [ [ 73.7388611, 19.9454503 ], [ 73.7395263, 19.9460857 ], [ 73.7403041, 19.9452385 ], [ 73.7397247, 19.9446788 ], [ 73.7388611, 19.9454503 ] ] ] ] } },
{ "type": "Feature", "properties": { "osm_id": null, "name": null, "feature_group": "landuse", "feature_type": "industrial", "geometry_source": "polygon", "landuse": "industrial", "leisure": null }, "geometry": { "type": "MultiPolygon", "coordinates": [ [ [ [ 73.7404758, 19.94719 ], [ 73.7414414, 19.9462369 ], [ 73.7404597, 19.9453847 ], [ 73.7395424, 19.9463025 ], [ 73.7404758, 19.94719 ] ] ] ] } },
{ "type": "Feature", "properties": { "osm_id": null, "name": null, "feature_group": "landuse", "feature_type": "industrial", "geometry_source": "polygon", "landuse": "industrial", "leisure": null }, "geometry": { "type": "MultiPolygon", "coordinates": [ [ [ [ 73.7377828, 19.9464437 ], [ 73.7381476, 19.9467916 ], [ 73.7379277, 19.9470589 ], [ 73.7382442, 19.9473261 ], [ 73.7395263, 19.9460857 ], [ 73.7388611, 19.9454503 ], [ 73.7377828, 19.9464437 ] ] ] ] } },
{ "type": "Feature", "properties": { "osm_id": null, "name": null, "feature_group": "landuse", "feature_type": "industrial", "geometry_source": "polygon", "landuse": "industrial", "leisure": null }, "geometry": { "type": "MultiPolygon", "coordinates": [ [ [ [ 73.7384963, 19.9473413 ], [ 73.7394404, 19.9482187 ], [ 73.7403631, 19.9473463 ], [ 73.7393546, 19.9464538 ], [ 73.7384963, 19.9473413 ] ] ] ] } },
{ "type": "Feature", "properties": { "osm_id": null, "name": null, "feature_group": "landuse", "feature_type": "industrial", "geometry_source": "polygon", "landuse": "industrial", "leisure": null }, "geometry": { "type": "MultiPolygon", "coordinates": [ [ [ [ 73.7415754, 19.9488516 ], [ 73.7425679, 19.9478506 ], [ 73.7433361, 19.9485499 ], [ 73.745293, 19.9503315 ], [ 73.7457544, 19.949913 ], [ 73.748796, 19.9527872 ], [ 73.7500781, 19.951577 ], [ 73.7495953, 19.9510374 ], [ 73.7493306, 19.9490497 ], [ 73.748468, 19.948375 ], [ 73.7464555, 19.9465164 ], [ 73.7451928, 19.9452901 ], [ 73.7439935, 19.9440799 ], [ 73.7403546, 19.9477696 ], [ 73.7415754, 19.9488516 ] ] ] ] } },
{ "type": "Feature", "properties": { "osm_id": null, "name": null, "feature_group": "landuse", "feature_type": "industrial", "geometry_source": "polygon", "landuse": "industrial", "leisure": null }, "geometry": { "type": "MultiPolygon", "coordinates": [ [ [ [ 73.7344998, 19.9503617 ], [ 73.7366939, 19.9477346 ], [ 73.735879217097306, 19.94702845850161 ], [ 73.733008807389751, 19.949275031588208 ], [ 73.7344998, 19.9503617 ] ] ] ] } },
{ "type": "Feature", "properties": { "osm_id": null, "name": null, "feature_group": "landuse", "feature_type": "industrial", "geometry_source": "polygon", "landuse": "industrial", "leisure": null }, "geometry": { "type": "MultiPolygon", "coordinates": [ [ [ [ 73.7371069, 19.9480018 ], [ 73.7368011, 19.9477699 ], [ 73.7362754, 19.94838 ], [ 73.7365544, 19.9486473 ], [ 73.7364417, 19.9488036 ], [ 73.7365919, 19.9491011 ], [ 73.7364954, 19.9492221 ], [ 73.7366348, 19.9493684 ], [ 73.7365222, 19.9496709 ], [ 73.7372678, 19.9502912 ], [ 73.7378043, 19.9497163 ], [ 73.7367797, 19.9488944 ], [ 73.7379116, 19.9477396 ], [ 73.7389147, 19.9485767 ], [ 73.7391776, 19.9483498 ], [ 73.7378472, 19.9471648 ], [ 73.7371069, 19.9480018 ] ] ] ] } },
{ "type": "Feature", "properties": { "osm_id": null, "name": null, "feature_group": "landuse", "feature_type": "industrial", "geometry_source": "polygon", "landuse": "industrial", "leisure": null }, "geometry": { "type": "MultiPolygon", "coordinates": [ [ [ [ 73.7356853, 19.9507097 ], [ 73.7364256, 19.9498121 ], [ 73.7364954, 19.9496407 ], [ 73.7357819, 19.9490457 ], [ 73.7346178, 19.9504727 ], [ 73.7355897, 19.9511783 ], [ 73.7358652, 19.9508437 ], [ 73.7356853, 19.9507097 ] ] ] ] } },
{ "type": "Feature", "properties": { "osm_id": null, "name": "GlaxoSmithKline Pharmaceuticals Limited", "feature_group": "landuse", "feature_type": "industrial", "geometry_source": "polygon", "landuse": "industrial", "leisure": null }, "geometry": { "type": "MultiPolygon", "coordinates": [ [ [ [ 73.7403546, 19.9477696 ], [ 73.7386733, 19.9494743 ], [ 73.7425893, 19.9529132 ], [ 73.7445152, 19.9510627 ], [ 73.7439895, 19.9505937 ], [ 73.7436408, 19.9509517 ], [ 73.7425679, 19.9499987 ], [ 73.7431151, 19.9494541 ], [ 73.7440377, 19.950276 ], [ 73.744542, 19.9497718 ], [ 73.7433886, 19.9486725 ], [ 73.7424606, 19.9496558 ], [ 73.7423662, 19.9495729 ], [ 73.7415754, 19.9488516 ], [ 73.7403546, 19.9477696 ] ] ] ] } },
{ "type": "Feature", "properties": { "osm_id": null, "name": null, "feature_group": "landuse", "feature_type": "industrial", "geometry_source": "polygon", "landuse": "industrial", "leisure": null }, "geometry": { "type": "MultiPolygon", "coordinates": [ [ [ [ 73.7370138, 19.9506623 ], [ 73.7364961, 19.9502891 ], [ 73.7363237, 19.9505004 ], [ 73.7368414, 19.9508736 ], [ 73.7370138, 19.9506623 ] ] ] ] } },
{ "type": "Feature", "properties": { "osm_id": null, "name": null, "feature_group": "landuse", "feature_type": "industrial", "geometry_source": "polygon", "landuse": "industrial", "leisure": null }, "geometry": { "type": "MultiPolygon", "coordinates": [ [ [ [ 73.7294251, 19.9523686 ], [ 73.7300634, 19.9516123 ], [ 73.730041981516877, 19.951597066362911 ], [ 73.729233402192165, 19.952229914191047 ], [ 73.7294251, 19.9523686 ] ] ] ] } },
{ "type": "Feature", "properties": { "osm_id": null, "name": null, "feature_group": "landuse", "feature_type": "industrial", "geometry_source": "polygon", "landuse": "industrial", "leisure": null }, "geometry": { "type": "MultiPolygon", "coordinates": [ [ [ [ 73.7361735, 19.9516022 ], [ 73.7364364, 19.9512694 ], [ 73.7358652, 19.9508437 ], [ 73.7355897, 19.9511783 ], [ 73.7361735, 19.9516022 ] ] ] ] } },
{ "type": "Feature", "properties": { "osm_id": null, "name": null, "feature_group": "landuse", "feature_type": "industrial", "geometry_source": "polygon", "landuse": "industrial", "leisure": null }, "geometry": { "type": "MultiPolygon", "coordinates": [ [ [ [ 73.729041568364281, 19.952380056072773 ], [ 73.726832552182373, 19.954108978703246 ], [ 73.7279418, 19.9548445 ], [ 73.7291273, 19.9554647 ], [ 73.7296692, 19.9559487 ], [ 73.7307394, 19.9565841 ], [ 73.7313938, 19.9557748 ], [ 73.7311953, 19.9556285 ], [ 73.7320833, 19.954595 ], [ 73.729041568364281, 19.952380056072773 ] ] ] ] } },
{ "type": "Feature", "properties": { "osm_id": null, "name": null, "feature_group": "landuse", "feature_type": "industrial", "geometry_source": "polygon", "landuse": "industrial", "leisure": null }, "geometry": { "type": "MultiPolygon", "coordinates": [ [ [ [ 73.7324184, 19.951219 ], [ 73.731463935197567, 19.950484151066885 ], [ 73.730735170537116, 19.951054530643127 ], [ 73.7296343, 19.9524443 ], [ 73.7307447, 19.9532813 ], [ 73.7324184, 19.951219 ] ] ] ] } },
{ "type": "Feature", "properties": { "osm_id": null, "name": null, "feature_group": "landuse", "feature_type": "industrial", "geometry_source": "polygon", "landuse": "industrial", "leisure": null }, "geometry": { "type": "MultiPolygon", "coordinates": [ [ [ [ 73.7358273, 19.9540203 ], [ 73.7363926, 19.9542033 ], [ 73.7367272, 19.9543492 ], [ 73.7390069, 19.9543127 ], [ 73.739258, 19.9539066 ], [ 73.7391883, 19.9530292 ], [ 73.7389898, 19.9524191 ], [ 73.7390917, 19.9516123 ], [ 73.7387001, 19.9506794 ], [ 73.7380296, 19.9501449 ], [ 73.7375361, 19.9506441 ], [ 73.7384212, 19.9512795 ], [ 73.7385392, 19.9514913 ], [ 73.7386143, 19.9540125 ], [ 73.7367207, 19.9540478 ], [ 73.7366885, 19.9531099 ], [ 73.7361537, 19.9531222 ], [ 73.7358273, 19.9540203 ] ] ] ] } },
{ "type": "Feature", "properties": { "osm_id": null, "name": null, "feature_group": "landuse", "feature_type": "industrial", "geometry_source": "polygon", "landuse": "industrial", "leisure": null }, "geometry": { "type": "MultiPolygon", "coordinates": [ [ [ [ 73.7423909, 19.9531401 ], [ 73.7384963, 19.9496936 ], [ 73.7380806, 19.9501172 ], [ 73.7387162, 19.9506517 ], [ 73.7387565, 19.9506214 ], [ 73.7391481, 19.9516072 ], [ 73.7390649, 19.9523787 ], [ 73.7394136, 19.9531981 ], [ 73.7394673, 19.9536318 ], [ 73.7396765, 19.9541965 ], [ 73.7400815, 19.9542873 ], [ 73.7406635, 19.9548041 ], [ 73.7423909, 19.9531401 ] ] ] ] } },
{ "type": "Feature", "properties": { "osm_id": null, "name": null, "feature_group": "landuse", "feature_type": "industrial", "geometry_source": "polygon", "landuse": "industrial", "leisure": null }, "geometry": { "type": "MultiPolygon", "coordinates": [ [ [ [ 73.7363344, 19.95194 ], [ 73.7358011, 19.9528289 ], [ 73.736195, 19.9529384 ], [ 73.7368762, 19.9529284 ], [ 73.7368709, 19.9539167 ], [ 73.7384105, 19.9539015 ], [ 73.7383568, 19.9515013 ], [ 73.7374117, 19.9507782 ], [ 73.7363344, 19.95194 ] ] ] ] } },
{ "type": "Feature", "properties": { "osm_id": null, "name": null, "feature_group": "landuse", "feature_type": "industrial", "geometry_source": "polygon", "landuse": "industrial", "leisure": null }, "geometry": { "type": "MultiPolygon", "coordinates": [ [ [ [ 73.734886, 19.9552277 ], [ 73.7349504, 19.9544108 ], [ 73.7351972, 19.9534023 ], [ 73.7359643, 19.9517888 ], [ 73.7336683, 19.9501147 ], [ 73.7308574, 19.9534427 ], [ 73.7338078, 19.9555907 ], [ 73.7339687, 19.9556008 ], [ 73.7349075, 19.9556008 ], [ 73.734886, 19.9552277 ] ] ] ] } },
{ "type": "Feature", "properties": { "osm_id": null, "name": null, "feature_group": "landuse", "feature_type": "industrial", "geometry_source": "polygon", "landuse": "industrial", "leisure": null }, "geometry": { "type": "MultiPolygon", "coordinates": [ [ [ [ 73.7452072, 19.9534376 ], [ 73.7450945, 19.9529233 ], [ 73.7446393, 19.9529415 ], [ 73.7447721, 19.9535328 ], [ 73.7452072, 19.9534376 ] ] ] ] } },
{ "type": "Feature", "properties": { "osm_id": null, "name": null, "feature_group": "landuse", "feature_type": "industrial", "geometry_source": "polygon", "landuse": "industrial", "leisure": null }, "geometry": { "type": "MultiPolygon", "coordinates": [ [ [ [ 73.7441289, 19.9532964 ], [ 73.743335, 19.9526409 ], [ 73.7430453, 19.9529536 ], [ 73.7428651, 19.9531267 ], [ 73.7425572, 19.9534225 ], [ 73.7430721, 19.9537956 ], [ 73.7431476, 19.9538012 ], [ 73.7440968, 19.9538713 ], [ 73.7441289, 19.9532964 ] ] ] ] } },
{ "type": "Feature", "properties": { "osm_id": null, "name": null, "feature_group": "landuse", "feature_type": "industrial", "geometry_source": "polygon", "landuse": "industrial", "leisure": null }, "geometry": { "type": "MultiPolygon", "coordinates": [ [ [ [ 73.7521863, 19.9536091 ], [ 73.7502283, 19.9517333 ], [ 73.748973, 19.9529435 ], [ 73.7508666, 19.9548898 ], [ 73.7521863, 19.9536091 ] ] ] ] } },
{ "type": "Feature", "properties": { "osm_id": null, "name": null, "feature_group": "landuse", "feature_type": "industrial", "geometry_source": "polygon", "landuse": "industrial", "leisure": null }, "geometry": { "type": "MultiPolygon", "coordinates": [ [ [ [ 73.7467629, 19.9521821 ], [ 73.7471387, 19.9525455 ], [ 73.7472511, 19.952926 ], [ 73.7478438, 19.954716 ], [ 73.7495255, 19.9551672 ], [ 73.7501854, 19.9545621 ], [ 73.7472585, 19.9516665 ], [ 73.7467629, 19.9521821 ] ] ] ] } },
{ "type": "Feature", "properties": { "osm_id": null, "name": null, "feature_group": "landuse", "feature_type": "industrial", "geometry_source": "polygon", "landuse": "industrial", "leisure": null }, "geometry": { "type": "MultiPolygon", "coordinates": [ [ [ [ 73.747251, 19.9532309 ], [ 73.7471665, 19.9529423 ], [ 73.7460145, 19.9531653 ], [ 73.7461969, 19.9533721 ], [ 73.7464383, 19.9535435 ], [ 73.7468594, 19.9543125 ], [ 73.7471867, 19.9542318 ], [ 73.747353, 19.9547942 ], [ 73.7476982, 19.9547392 ], [ 73.747251, 19.9532309 ] ] ] ] } },
{ "type": "Feature", "properties": { "osm_id": null, "name": null, "feature_group": "landuse", "feature_type": "industrial", "geometry_source": "polygon", "landuse": "industrial", "leisure": null }, "geometry": { "type": "MultiPolygon", "coordinates": [ [ [ [ 73.7425325, 19.954358 ], [ 73.7430314, 19.9544034 ], [ 73.7430721, 19.9540074 ], [ 73.7425733, 19.953962 ], [ 73.7425325, 19.954358 ] ] ] ] } },
{ "type": "Feature", "properties": { "osm_id": null, "name": null, "feature_group": "landuse", "feature_type": "industrial", "geometry_source": "polygon", "landuse": "industrial", "leisure": null }, "geometry": { "type": "MultiPolygon", "coordinates": [ [ [ [ 73.7417856, 19.9549163 ], [ 73.7423497, 19.954957 ], [ 73.7423879, 19.9545082 ], [ 73.7418292, 19.9544574 ], [ 73.7417856, 19.9549163 ] ] ] ] } },
{ "type": "Feature", "properties": { "osm_id": null, "name": null, "feature_group": "landuse", "feature_type": "industrial", "geometry_source": "polygon", "landuse": "industrial", "leisure": null }, "geometry": { "type": "MultiPolygon", "coordinates": [ [ [ [ 73.7438661, 19.9569874 ], [ 73.7441128, 19.9540931 ], [ 73.7432867, 19.9540276 ], [ 73.7430239, 19.9569068 ], [ 73.7438661, 19.9569874 ] ] ] ] } },
{ "type": "Feature", "properties": { "osm_id": null, "name": null, "feature_group": "landuse", "feature_type": "industrial", "geometry_source": "polygon", "landuse": "industrial", "leisure": null }, "geometry": { "type": "MultiPolygon", "coordinates": [ [ [ [ 73.7469861, 19.9514228 ], [ 73.7456685, 19.9502407 ], [ 73.7434745, 19.952414 ], [ 73.7441236, 19.9529586 ], [ 73.7443542, 19.9533519 ], [ 73.7440485, 19.9570883 ], [ 73.7442416, 19.9573555 ], [ 73.7442952, 19.9576177 ], [ 73.7446761, 19.9597355 ], [ 73.7445635, 19.9597556 ], [ 73.7446922, 19.9602296 ], [ 73.7452716, 19.9608145 ], [ 73.7453191, 19.9608353 ], [ 73.7453896, 19.9602271 ], [ 73.7454915, 19.9597834 ], [ 73.7454271, 19.9585858 ], [ 73.745285, 19.9575925 ], [ 73.7454888, 19.9575471 ], [ 73.7463552, 19.9573908 ], [ 73.7461728, 19.9562513 ], [ 73.7476212, 19.9559891 ], [ 73.747648, 19.9561 ], [ 73.7482166, 19.9560849 ], [ 73.7479538, 19.955127 ], [ 73.7470418, 19.9551873 ], [ 73.7471384, 19.9553789 ], [ 73.7456953, 19.9554395 ], [ 73.7456953, 19.9557067 ], [ 73.7454218, 19.9556916 ], [ 73.7453842, 19.9559134 ], [ 73.7450087, 19.9559084 ], [ 73.7449926, 19.9557218 ], [ 73.7447941, 19.9557172 ], [ 73.7447566, 19.9554648 ], [ 73.7446746, 19.9554286 ], [ 73.744703, 19.9548194 ], [ 73.7448585, 19.9547992 ], [ 73.7449014, 19.9543303 ], [ 73.7449819, 19.9543505 ], [ 73.7450516, 19.953942 ], [ 73.7448639, 19.9539421 ], [ 73.7447721, 19.9535328 ], [ 73.7446393, 19.9529415 ], [ 73.7444723, 19.9521974 ], [ 73.7448478, 19.9521066 ], [ 73.7455452, 19.9524243 ], [ 73.7456222, 19.952594 ], [ 73.7469861, 19.9514228 ] ] ] ] } },
{ "type": "Feature", "properties": { "osm_id": null, "name": null, "feature_group": "landuse", "feature_type": "industrial", "geometry_source": "polygon", "landuse": "industrial", "leisure": null }, "geometry": { "type": "MultiPolygon", "coordinates": [ [ [ [ 73.7429917, 19.9552327 ], [ 73.7417471, 19.9551268 ], [ 73.7416774, 19.9558832 ], [ 73.7429219, 19.9560042 ], [ 73.7429917, 19.9552327 ] ] ] ] } },
{ "type": "Feature", "properties": { "osm_id": null, "name": "Siemens Ltd.", "feature_group": "landuse", "feature_type": "industrial", "geometry_source": "polygon", "landuse": "industrial", "leisure": null }, "geometry": { "type": "MultiPolygon", "coordinates": [ [ [ [ 73.7389893, 19.95755 ], [ 73.7390122, 19.9554597 ], [ 73.7390069, 19.9543127 ], [ 73.7367272, 19.9543492 ], [ 73.7363926, 19.9542033 ], [ 73.7358273, 19.9540203 ], [ 73.7353643, 19.9538705 ], [ 73.7352624, 19.9543538 ], [ 73.7352634, 19.9575189 ], [ 73.7389893, 19.95755 ] ] ] ] } },
{ "type": "Feature", "properties": { "osm_id": null, "name": null, "feature_group": "landuse", "feature_type": "industrial", "geometry_source": "polygon", "landuse": "industrial", "leisure": null }, "geometry": { "type": "MultiPolygon", "coordinates": [ [ [ [ 73.7485948, 19.9581346 ], [ 73.7487048, 19.9579253 ], [ 73.7493807, 19.9556966 ], [ 73.7484419, 19.9554344 ], [ 73.7483152, 19.9558814 ], [ 73.7484205, 19.9564178 ], [ 73.7483454, 19.9577589 ], [ 73.7481281, 19.9579835 ], [ 73.7485948, 19.9581346 ] ] ] ] } },
{ "type": "Feature", "properties": { "osm_id": null, "name": null, "feature_group": "landuse", "feature_type": "industrial", "geometry_source": "polygon", "landuse": "industrial", "leisure": null }, "geometry": { "type": "MultiPolygon", "coordinates": [ [ [ [ 73.7467307, 19.9575522 ], [ 73.74753, 19.9574513 ], [ 73.7476641, 19.9577942 ], [ 73.7479967, 19.9577589 ], [ 73.7477446, 19.9564731 ], [ 73.7465537, 19.9566093 ], [ 73.7467307, 19.9575522 ] ] ] ] } },
{ "type": "Feature", "properties": { "osm_id": null, "name": null, "feature_group": "landuse", "feature_type": "industrial", "geometry_source": "polygon", "landuse": "industrial", "leisure": null }, "geometry": { "type": "MultiPolygon", "coordinates": [ [ [ [ 73.7403309, 19.9555806 ], [ 73.7395692, 19.9555958 ], [ 73.7395745, 19.9554647 ], [ 73.7390122, 19.9554597 ], [ 73.7389893, 19.95755 ], [ 73.7352634, 19.9575189 ], [ 73.7352991, 19.9588783 ], [ 73.7402934, 19.9589388 ], [ 73.7403309, 19.9555806 ] ] ] ] } },
{ "type": "Feature", "properties": { "osm_id": null, "name": null, "feature_group": "landuse", "feature_type": "industrial", "geometry_source": "polygon", "landuse": "industrial", "leisure": null }, "geometry": { "type": "MultiPolygon", "coordinates": [ [ [ [ 73.7512636, 19.9569219 ], [ 73.7513387, 19.9565891 ], [ 73.7494826, 19.9561252 ], [ 73.7489462, 19.9580312 ], [ 73.7507571, 19.9585125 ], [ 73.7512636, 19.9569219 ] ] ] ] } },
{ "type": "Feature", "properties": { "osm_id": null, "name": null, "feature_group": "landuse", "feature_type": "industrial", "geometry_source": "polygon", "landuse": "industrial", "leisure": null }, "geometry": { "type": "MultiPolygon", "coordinates": [ [ [ [ 73.7524572, 19.9543453 ], [ 73.7529319, 19.9539015 ], [ 73.7531117, 19.9540604 ], [ 73.7535247, 19.9536771 ], [ 73.7534577, 19.953604 ], [ 73.7539997, 19.9530381 ], [ 73.753604, 19.9526276 ], [ 73.7534791, 19.9527216 ], [ 73.7521118, 19.9540185 ], [ 73.7524572, 19.9543453 ] ] ] ] } },
{ "type": "Feature", "properties": { "osm_id": null, "name": null, "feature_group": "landuse", "feature_type": "industrial", "geometry_source": "polygon", "landuse": "industrial", "leisure": null }, "geometry": { "type": "MultiPolygon", "coordinates": [ [ [ [ 73.7538278, 19.9535738 ], [ 73.7543642, 19.9541184 ], [ 73.7536722, 19.9546982 ], [ 73.7538922, 19.9549907 ], [ 73.7550175, 19.9540942 ], [ 73.7541935, 19.9532392 ], [ 73.7538278, 19.9535738 ] ] ] ] } },
{ "type": "Feature", "properties": { "osm_id": null, "name": null, "feature_group": "landuse", "feature_type": "industrial", "geometry_source": "polygon", "landuse": "industrial", "leisure": null }, "geometry": { "type": "MultiPolygon", "coordinates": [ [ [ [ 73.7531251, 19.9556008 ], [ 73.7518238, 19.9543545 ], [ 73.751092, 19.9550764 ], [ 73.7522869, 19.9562828 ], [ 73.7531251, 19.9556008 ] ] ] ] } },
{ "type": "Feature", "properties": { "osm_id": null, "name": "Mahanagar Palika Garden", "feature_group": "landuse", "feature_type": "park", "geometry_source": "polygon", "landuse": null, "leisure": "park" }, "geometry": { "type": "MultiPolygon", "coordinates": [ [ [ [ 73.763173, 19.956696 ], [ 73.7629884, 19.9560347 ], [ 73.7621643, 19.9564239 ], [ 73.7624071, 19.9569638 ], [ 73.763173, 19.956696 ] ] ] ] } },
{ "type": "Feature", "properties": { "osm_id": null, "name": null, "feature_group": "landuse", "feature_type": "industrial", "geometry_source": "polygon", "landuse": "industrial", "leisure": null }, "geometry": { "type": "MultiPolygon", "coordinates": [ [ [ [ 73.7524188, 19.9564159 ], [ 73.75283, 19.9568311 ], [ 73.7526905, 19.957411 ], [ 73.7537205, 19.9576883 ], [ 73.7544984, 19.9590144 ], [ 73.754736, 19.9588832 ], [ 73.7546032, 19.9583619 ], [ 73.7539081, 19.9577194 ], [ 73.7536457, 19.9574366 ], [ 73.7552121, 19.9561861 ], [ 73.7554374, 19.9563374 ], [ 73.7564867, 19.9556186 ], [ 73.7551041, 19.954184 ], [ 73.7524188, 19.9564159 ] ] ] ] } },
{ "type": "Feature", "properties": { "osm_id": null, "name": null, "feature_group": "landuse", "feature_type": "commercial", "geometry_source": "polygon", "landuse": "commercial", "leisure": null }, "geometry": { "type": "MultiPolygon", "coordinates": [ [ [ [ 73.7551099, 19.9583287 ], [ 73.7556302, 19.9581421 ], [ 73.755818, 19.95729 ], [ 73.7559897, 19.9567605 ], [ 73.7568319, 19.9559739 ], [ 73.7567118, 19.9558955 ], [ 73.7565363, 19.9556895 ], [ 73.7564867, 19.9556186 ], [ 73.7554374, 19.9563374 ], [ 73.7552121, 19.9561861 ], [ 73.7536457, 19.9574366 ], [ 73.7539081, 19.9577194 ], [ 73.7546032, 19.9583619 ], [ 73.7551099, 19.9583287 ] ] ] ] } },
{ "type": "Feature", "properties": { "osm_id": null, "name": null, "feature_group": "landuse", "feature_type": "park", "geometry_source": "polygon", "landuse": null, "leisure": "park" }, "geometry": { "type": "MultiPolygon", "coordinates": [ [ [ [ 73.7552628, 19.9575598 ], [ 73.7555176, 19.9574261 ], [ 73.7556515, 19.9572984 ], [ 73.7557402, 19.9570883 ], [ 73.7558365, 19.956822 ], [ 73.755582, 19.9564883 ], [ 73.7552306, 19.9565614 ], [ 73.7547666, 19.9569749 ], [ 73.7547076, 19.9571085 ], [ 73.7549222, 19.9576858 ], [ 73.7552628, 19.9575598 ] ] ] ] } },
{ "type": "Feature", "properties": { "osm_id": null, "name": null, "feature_group": "landuse", "feature_type": "industrial", "geometry_source": "polygon", "landuse": "industrial", "leisure": null }, "geometry": { "type": "MultiPolygon", "coordinates": [ [ [ [ 73.7509471, 19.9585657 ], [ 73.7520575, 19.9588581 ], [ 73.7525725, 19.9572648 ], [ 73.7514446, 19.9569627 ], [ 73.7509471, 19.9585657 ] ] ] ] } },
{ "type": "Feature", "properties": { "osm_id": null, "name": "Ganesh Mandir Park", "feature_group": "landuse", "feature_type": "park", "geometry_source": "polygon", "landuse": null, "leisure": "park" }, "geometry": { "type": "MultiPolygon", "coordinates": [ [ [ [ 73.7588318, 19.9585023 ], [ 73.7590561, 19.9582576 ], [ 73.7587903, 19.958037 ], [ 73.7585522, 19.9582674 ], [ 73.7588318, 19.9585023 ] ] ] ] } },
{ "type": "Feature", "properties": { "osm_id": null, "name": null, "feature_group": "landuse", "feature_type": "industrial", "geometry_source": "polygon", "landuse": "industrial", "leisure": null }, "geometry": { "type": "MultiPolygon", "coordinates": [ [ [ [ 73.7532833, 19.9583816 ], [ 73.7538666, 19.9593955 ], [ 73.7543321, 19.9591153 ], [ 73.7535864, 19.9577992 ], [ 73.752653, 19.9575421 ], [ 73.7524649, 19.9581448 ], [ 73.7532833, 19.9583816 ] ] ] ] } },
{ "type": "Feature", "properties": { "osm_id": null, "name": null, "feature_group": "landuse", "feature_type": "industrial", "geometry_source": "polygon", "landuse": "industrial", "leisure": null }, "geometry": { "type": "MultiPolygon", "coordinates": [ [ [ [ 73.7347734, 19.9558529 ], [ 73.7337971, 19.9558428 ], [ 73.7325302, 19.9549204 ], [ 73.7317747, 19.9558907 ], [ 73.7325767, 19.9564958 ], [ 73.7324774, 19.9565815 ], [ 73.7318954, 19.9561908 ], [ 73.7313536, 19.9568412 ], [ 73.7324157, 19.9568412 ], [ 73.7323111, 19.9578673 ], [ 73.7324908, 19.9580211 ], [ 73.7328958, 19.9582304 ], [ 73.7336066, 19.9588732 ], [ 73.7339124, 19.9592035 ], [ 73.7340492, 19.9594254 ], [ 73.7347198, 19.9600355 ], [ 73.7348404, 19.9601363 ], [ 73.7348914, 19.9600481 ], [ 73.7347734, 19.9558529 ] ] ] ] } },
{ "type": "Feature", "properties": { "osm_id": null, "name": null, "feature_group": "landuse", "feature_type": "industrial", "geometry_source": "polygon", "landuse": "industrial", "leisure": null }, "geometry": { "type": "MultiPolygon", "coordinates": [ [ [ [ 73.7455291, 19.9586413 ], [ 73.745867, 19.9585808 ], [ 73.7459958, 19.9590346 ], [ 73.7469939, 19.9589302 ], [ 73.7469613, 19.9587068 ], [ 73.7480128, 19.9585556 ], [ 73.747986, 19.9579556 ], [ 73.7466341, 19.9580867 ], [ 73.7466341, 19.9579656 ], [ 73.746414, 19.9579915 ], [ 73.7462908, 19.958006 ], [ 73.746205, 19.9575018 ], [ 73.7453735, 19.9576934 ], [ 73.7455076, 19.9585505 ], [ 73.7455291, 19.9586413 ] ] ] ] } },
{ "type": "Feature", "properties": { "osm_id": null, "name": null, "feature_group": "landuse", "feature_type": "industrial", "geometry_source": "polygon", "landuse": "industrial", "leisure": null }, "geometry": { "type": "MultiPolygon", "coordinates": [ [ [ [ 73.7442362, 19.960401 ], [ 73.7442684, 19.9602346 ], [ 73.7440485, 19.9601993 ], [ 73.7441397, 19.9597304 ], [ 73.7435764, 19.95908 ], [ 73.7444025, 19.9589791 ], [ 73.7441933, 19.9575723 ], [ 73.7439358, 19.9571236 ], [ 73.7428522, 19.9570127 ], [ 73.7429058, 19.9562059 ], [ 73.741436, 19.9560849 ], [ 73.7413931, 19.9565185 ], [ 73.740567, 19.9564782 ], [ 73.7405461, 19.9581721 ], [ 73.7418557, 19.9581835 ], [ 73.7416036, 19.9583682 ], [ 73.7421201, 19.9590908 ], [ 73.7425259, 19.9596926 ], [ 73.7425251, 19.9597404 ], [ 73.74282, 19.9600178 ], [ 73.7428495, 19.9602195 ], [ 73.7428656, 19.9616313 ], [ 73.7439305, 19.9616364 ], [ 73.7444749, 19.9615758 ], [ 73.7445393, 19.9615053 ], [ 73.7447539, 19.9610666 ], [ 73.7452555, 19.9610893 ], [ 73.7452796, 19.9609456 ], [ 73.7450999, 19.9609052 ], [ 73.7450355, 19.960759 ], [ 73.7446247, 19.960255 ], [ 73.7442362, 19.960401 ] ] ] ] } },
{ "type": "Feature", "properties": { "osm_id": null, "name": "Nashik Engineering Cluster", "feature_group": "landuse", "feature_type": "commercial", "geometry_source": "polygon", "landuse": "commercial", "leisure": null }, "geometry": { "type": "MultiPolygon", "coordinates": [ [ [ [ 73.7363835, 19.9604286 ], [ 73.7363941, 19.9591734 ], [ 73.7352632, 19.9591932 ], [ 73.7352511, 19.9602293 ], [ 73.7352459, 19.9604382 ], [ 73.7363835, 19.9604286 ] ] ] ] } },
{ "type": "Feature", "properties": { "osm_id": null, "name": null, "feature_group": "landuse", "feature_type": "industrial", "geometry_source": "polygon", "landuse": "industrial", "leisure": null }, "geometry": { "type": "MultiPolygon", "coordinates": [ [ [ [ 73.7526798, 19.9594279 ], [ 73.7525564, 19.9592917 ], [ 73.7521541, 19.9591405 ], [ 73.7489869, 19.9583036 ], [ 73.7487262, 19.9592514 ], [ 73.7483883, 19.9593069 ], [ 73.7487853, 19.9607943 ], [ 73.7488169, 19.961056 ], [ 73.7490964, 19.9610365 ], [ 73.749649, 19.960502 ], [ 73.7500674, 19.9602398 ], [ 73.7505892, 19.9616492 ], [ 73.7514514, 19.9610263 ], [ 73.7513334, 19.9609204 ], [ 73.7529606, 19.9599409 ], [ 73.7526798, 19.9594279 ] ] ] ] } },
{ "type": "Feature", "properties": { "osm_id": null, "name": null, "feature_group": "landuse", "feature_type": "industrial", "geometry_source": "polygon", "landuse": "industrial", "leisure": null }, "geometry": { "type": "MultiPolygon", "coordinates": [ [ [ [ 73.7405294, 19.9616263 ], [ 73.7426001, 19.9616414 ], [ 73.7426215, 19.9601086 ], [ 73.7425089, 19.9599825 ], [ 73.7422138, 19.9599472 ], [ 73.7405187, 19.9599321 ], [ 73.7405294, 19.9616263 ] ] ] ] } },
{ "type": "Feature", "properties": { "osm_id": null, "name": null, "feature_group": "landuse", "feature_type": "residential", "geometry_source": "polygon", "landuse": "residential", "leisure": null }, "geometry": { "type": "MultiPolygon", "coordinates": [ [ [ [ 73.7466475, 19.9605498 ], [ 73.7461245, 19.9606153 ], [ 73.7462052, 19.9611935 ], [ 73.7467495, 19.9612609 ], [ 73.7466475, 19.9605498 ] ] ] ] } },
{ "type": "Feature", "properties": { "osm_id": null, "name": null, "feature_group": "landuse", "feature_type": "industrial", "geometry_source": "polygon", "landuse": "industrial", "leisure": null }, "geometry": { "type": "MultiPolygon", "coordinates": [ [ [ [ 73.7377453, 19.9604414 ], [ 73.7363835, 19.9604286 ], [ 73.7352459, 19.9604382 ], [ 73.7352944, 19.9615708 ], [ 73.7377638, 19.9615884 ], [ 73.7377453, 19.9604414 ] ] ] ] } },
{ "type": "Feature", "properties": { "osm_id": null, "name": null, "feature_group": "landuse", "feature_type": "industrial", "geometry_source": "polygon", "landuse": "industrial", "leisure": null }, "geometry": { "type": "MultiPolygon", "coordinates": [ [ [ [ 73.7391363, 19.9622238 ], [ 73.7391793, 19.959975 ], [ 73.7384266, 19.9599624 ], [ 73.7383836, 19.9622112 ], [ 73.7391363, 19.9622238 ] ] ] ] } },
{ "type": "Feature", "properties": { "osm_id": null, "name": null, "feature_group": "landuse", "feature_type": "industrial", "geometry_source": "polygon", "landuse": "industrial", "leisure": null }, "geometry": { "type": "MultiPolygon", "coordinates": [ [ [ [ 73.7377667, 19.9591354 ], [ 73.7377453, 19.9604414 ], [ 73.7377638, 19.9615884 ], [ 73.7377647, 19.9616411 ], [ 73.7377882, 19.9630986 ], [ 73.7381208, 19.9630834 ], [ 73.738153, 19.9597254 ], [ 73.7402236, 19.9597455 ], [ 73.740288, 19.9591758 ], [ 73.7377667, 19.9591354 ] ] ] ] } },
{ "type": "Feature", "properties": { "osm_id": null, "name": null, "feature_group": "landuse", "feature_type": "industrial", "geometry_source": "polygon", "landuse": "industrial", "leisure": null }, "geometry": { "type": "MultiPolygon", "coordinates": [ [ [ [ 73.7525994, 19.9590447 ], [ 73.7528086, 19.9584043 ], [ 73.7524168, 19.9582987 ], [ 73.7522225, 19.9589215 ], [ 73.7525994, 19.9590447 ] ] ] ] } },
{ "type": "Feature", "properties": { "osm_id": null, "name": null, "feature_group": "landuse", "feature_type": "industrial", "geometry_source": "polygon", "landuse": "industrial", "leisure": null }, "geometry": { "type": "MultiPolygon", "coordinates": [ [ [ [ 73.7533799, 19.9588682 ], [ 73.7527925, 19.9591682 ], [ 73.7532161, 19.959787 ], [ 73.7537356, 19.9594743 ], [ 73.7533799, 19.9588682 ] ] ] ] } },
{ "type": "Feature", "properties": { "osm_id": null, "name": "Nayantara", "feature_group": "landuse", "feature_type": "residential", "geometry_source": "polygon", "landuse": "residential", "leisure": null }, "geometry": { "type": "MultiPolygon", "coordinates": [ [ [ [ 73.7634301, 19.960759 ], [ 73.7668794, 19.9607565 ], [ 73.7668156, 19.9606951 ], [ 73.7667974, 19.9606743 ], [ 73.7667131, 19.9605775 ], [ 73.7664932, 19.9595237 ], [ 73.7647659, 19.9596548 ], [ 73.7648088, 19.9606229 ], [ 73.7633014, 19.9606078 ], [ 73.7634301, 19.960759 ] ] ] ] } },
{ "type": "Feature", "properties": { "osm_id": null, "name": "Dr.Babasaheb Ambedkar Udyan", "feature_group": "landuse", "feature_type": "park", "geometry_source": "polygon", "landuse": null, "leisure": "park" }, "geometry": { "type": "MultiPolygon", "coordinates": [ [ [ [ 73.7616101, 19.9608268 ], [ 73.7618173, 19.9606104 ], [ 73.7615935, 19.9604211 ], [ 73.7613863, 19.9606376 ], [ 73.7616101, 19.9608268 ] ] ] ] } },
{ "type": "Feature", "properties": { "osm_id": null, "name": "Meenatai Thakare Udyan", "feature_group": "landuse", "feature_type": "park", "geometry_source": "polygon", "landuse": null, "leisure": "park" }, "geometry": { "type": "MultiPolygon", "coordinates": [ [ [ [ 73.759298, 19.9605968 ], [ 73.759353, 19.9606623 ], [ 73.7591254, 19.9609323 ], [ 73.7595094, 19.9612522 ], [ 73.7594671, 19.9613394 ], [ 73.7596602, 19.9614549 ], [ 73.7600837, 19.9609975 ], [ 73.7594895, 19.9605037 ], [ 73.7594242, 19.9605854 ], [ 73.7593659, 19.9605327 ], [ 73.7593255, 19.9605399 ], [ 73.759298, 19.9605968 ] ] ] ] } },
{ "type": "Feature", "properties": { "osm_id": null, "name": "Sawarkar Udyan", "feature_group": "landuse", "feature_type": "park", "geometry_source": "polygon", "landuse": null, "leisure": "park" }, "geometry": { "type": "MultiPolygon", "coordinates": [ [ [ [ 73.757963, 19.9625021 ], [ 73.7582428, 19.9622115 ], [ 73.7580589, 19.9620625 ], [ 73.7577732, 19.962377 ], [ 73.757963, 19.9625021 ] ] ] ] } },
{ "type": "Feature", "properties": { "osm_id": null, "name": null, "feature_group": "landuse", "feature_type": "park", "geometry_source": "polygon", "landuse": null, "leisure": "park" }, "geometry": { "type": "MultiPolygon", "coordinates": [ [ [ [ 73.7606214, 19.9626693 ], [ 73.7609465, 19.9622878 ], [ 73.7605817, 19.9619587 ], [ 73.7602071, 19.9623674 ], [ 73.7606214, 19.9626693 ] ] ] ] } },
{ "type": "Feature", "properties": { "osm_id": null, "name": null, "feature_group": "landuse", "feature_type": "park", "geometry_source": "polygon", "landuse": null, "leisure": "park" }, "geometry": { "type": "MultiPolygon", "coordinates": [ [ [ [ 73.7510383, 19.9630574 ], [ 73.7510508, 19.9628557 ], [ 73.750906, 19.9628036 ], [ 73.7508827, 19.9627498 ], [ 73.7506449, 19.9627868 ], [ 73.7506288, 19.9628473 ], [ 73.7506825, 19.9628305 ], [ 73.7506753, 19.9629028 ], [ 73.7506467, 19.9629431 ], [ 73.7506413, 19.9630372 ], [ 73.7510383, 19.9630574 ] ] ] ] } },
{ "type": "Feature", "properties": { "osm_id": null, "name": "Bhagwan Shrikrishna park", "feature_group": "landuse", "feature_type": "park", "geometry_source": "polygon", "landuse": null, "leisure": "park" }, "geometry": { "type": "MultiPolygon", "coordinates": [ [ [ [ 73.7615017, 19.9631326 ], [ 73.7617652, 19.9634826 ], [ 73.7620799, 19.963312 ], [ 73.7617522, 19.9629526 ], [ 73.7615017, 19.9631326 ] ] ] ] } },
{ "type": "Feature", "properties": { "osm_id": null, "name": null, "feature_group": "landuse", "feature_type": "commercial", "geometry_source": "polygon", "landuse": "commercial", "leisure": null }, "geometry": { "type": "MultiPolygon", "coordinates": [ [ [ [ 73.7655893, 19.9651734 ], [ 73.7661687, 19.9647877 ], [ 73.7657207, 19.964286 ], [ 73.7651414, 19.9646792 ], [ 73.7655893, 19.9651734 ] ] ] ] } },
{ "type": "Feature", "properties": { "osm_id": null, "name": null, "feature_group": "landuse", "feature_type": "industrial", "geometry_source": "polygon", "landuse": "industrial", "leisure": null }, "geometry": { "type": "MultiPolygon", "coordinates": [ [ [ [ 73.7393385, 19.9624128 ], [ 73.7400144, 19.9624229 ], [ 73.7400144, 19.962549 ], [ 73.7401915, 19.962549 ], [ 73.7402129, 19.9599775 ], [ 73.7393439, 19.9599579 ], [ 73.7393385, 19.9624128 ] ] ] ] } },
{ "type": "Feature", "properties": { "osm_id": null, "name": null, "feature_group": "landuse", "feature_type": "industrial", "geometry_source": "polygon", "landuse": "industrial", "leisure": null }, "geometry": { "type": "MultiPolygon", "coordinates": [ [ [ [ 73.7474103, 19.9611232 ], [ 73.7473959, 19.9609205 ], [ 73.7471089, 19.9609381 ], [ 73.7471385, 19.9612684 ], [ 73.7469829, 19.9612654 ], [ 73.7469828, 19.9613691 ], [ 73.7473878, 19.9614397 ], [ 73.7478197, 19.9616464 ], [ 73.7485492, 19.9619086 ], [ 73.7486726, 19.9615708 ], [ 73.7486619, 19.9610667 ], [ 73.7474103, 19.9611232 ] ] ] ] } },
{ "type": "Feature", "properties": { "osm_id": null, "name": null, "feature_group": "landuse", "feature_type": "industrial", "geometry_source": "polygon", "landuse": "industrial", "leisure": null }, "geometry": { "type": "MultiPolygon", "coordinates": [ [ [ [ 73.7352884, 19.9630885 ], [ 73.7369433, 19.9630952 ], [ 73.7377882, 19.9630986 ], [ 73.7377647, 19.9616411 ], [ 73.7377638, 19.9615884 ], [ 73.7352944, 19.9615708 ], [ 73.7352884, 19.9630885 ] ] ] ] } },
{ "type": "Feature", "properties": { "osm_id": null, "name": null, "feature_group": "landuse", "feature_type": "industrial", "geometry_source": "polygon", "landuse": "industrial", "leisure": null }, "geometry": { "type": "MultiPolygon", "coordinates": [ [ [ [ 73.7349935, 19.9616799 ], [ 73.7333967, 19.9619417 ], [ 73.733289, 19.9616404 ], [ 73.7331357, 19.9616678 ], [ 73.7331582, 19.9617905 ], [ 73.732833, 19.9618485 ], [ 73.7328686, 19.9621273 ], [ 73.7330305, 19.9620905 ], [ 73.7333499, 19.9634083 ], [ 73.7343889, 19.9633305 ], [ 73.7349481, 19.9631662 ], [ 73.7349935, 19.9616799 ] ] ] ] } },
{ "type": "Feature", "properties": { "osm_id": null, "name": null, "feature_group": "landuse", "feature_type": "industrial", "geometry_source": "polygon", "landuse": "industrial", "leisure": null }, "geometry": { "type": "MultiPolygon", "coordinates": [ [ [ [ 73.7383676, 19.9630834 ], [ 73.7392259, 19.9630935 ], [ 73.7392259, 19.9629675 ], [ 73.7387055, 19.9629271 ], [ 73.7387001, 19.9623675 ], [ 73.7383729, 19.9623523 ], [ 73.7383676, 19.9630834 ] ] ] ] } },
{ "type": "Feature", "properties": { "osm_id": null, "name": null, "feature_group": "landuse", "feature_type": "industrial", "geometry_source": "polygon", "landuse": "industrial", "leisure": null }, "geometry": { "type": "MultiPolygon", "coordinates": [ [ [ [ 73.7404758, 19.9617977 ], [ 73.7404275, 19.9640515 ], [ 73.7418008, 19.9640767 ], [ 73.7417954, 19.9618027 ], [ 73.7404758, 19.9617977 ] ] ] ] } },
{ "type": "Feature", "properties": { "osm_id": null, "name": null, "feature_group": "landuse", "feature_type": "industrial", "geometry_source": "polygon", "landuse": "industrial", "leisure": null }, "geometry": { "type": "MultiPolygon", "coordinates": [ [ [ [ 73.7419832, 19.9640919 ], [ 73.7434262, 19.9640969 ], [ 73.7434691, 19.961833 ], [ 73.7420046, 19.9618078 ], [ 73.7419832, 19.9640919 ] ] ] ] } },
{ "type": "Feature", "properties": { "osm_id": null, "name": "Pearl Park", "feature_group": "landuse", "feature_type": "residential", "geometry_source": "polygon", "landuse": "residential", "leisure": null }, "geometry": { "type": "MultiPolygon", "coordinates": [ [ [ [ 73.7318591, 19.9637287 ], [ 73.7330857, 19.9634477 ], [ 73.7328512, 19.962543 ], [ 73.7316245, 19.9628238 ], [ 73.7318591, 19.9637287 ] ] ] ] } },
{ "type": "Feature", "properties": { "osm_id": null, "name": null, "feature_group": "landuse", "feature_type": "industrial", "geometry_source": "polygon", "landuse": "industrial", "leisure": null }, "geometry": { "type": "MultiPolygon", "coordinates": [ [ [ [ 73.7394619, 19.9650297 ], [ 73.7395155, 19.965186 ], [ 73.7424713, 19.9650045 ], [ 73.7449336, 19.9650751 ], [ 73.7448907, 19.9640717 ], [ 73.7446976, 19.9634717 ], [ 73.7445956, 19.9632347 ], [ 73.7445259, 19.9634162 ], [ 73.7444079, 19.9633809 ], [ 73.7442738, 19.9636381 ], [ 73.7436622, 19.9636229 ], [ 73.7436676, 19.9641171 ], [ 73.743512, 19.9642532 ], [ 73.7402236, 19.9642129 ], [ 73.7402236, 19.9633154 ], [ 73.7394673, 19.9633204 ], [ 73.7394619, 19.9650297 ] ] ] ] } },
{ "type": "Feature", "properties": { "osm_id": null, "name": null, "feature_group": "landuse", "feature_type": "industrial", "geometry_source": "polygon", "landuse": "industrial", "leisure": null }, "geometry": { "type": "MultiPolygon", "coordinates": [ [ [ [ 73.7374288, 19.9668045 ], [ 73.7377399, 19.9668347 ], [ 73.7378311, 19.9659272 ], [ 73.739773, 19.9659322 ], [ 73.7394887, 19.9655087 ], [ 73.7392688, 19.9650801 ], [ 73.7392688, 19.9633355 ], [ 73.7375146, 19.9632977 ], [ 73.7374288, 19.9668045 ] ] ] ] } },
{ "type": "Feature", "properties": { "osm_id": null, "name": "Shri Saibaba Mandir Udyan", "feature_group": "landuse", "feature_type": "park", "geometry_source": "polygon", "landuse": null, "leisure": "park" }, "geometry": { "type": "MultiPolygon", "coordinates": [ [ [ [ 73.7663202, 19.9659137 ], [ 73.7664456, 19.9658308 ], [ 73.7662738, 19.965601 ], [ 73.7661483, 19.9656839 ], [ 73.7663202, 19.9659137 ] ] ] ] } },
{ "type": "Feature", "properties": { "osm_id": null, "name": "Kishor Nagar Garden 1", "feature_group": "landuse", "feature_type": "park", "geometry_source": "polygon", "landuse": null, "leisure": "park" }, "geometry": { "type": "MultiPolygon", "coordinates": [ [ [ [ 73.7752096, 19.9658537 ], [ 73.7751956, 19.9655919 ], [ 73.7731849, 19.9658166 ], [ 73.7732272, 19.9659592 ], [ 73.7752096, 19.9658537 ] ] ] ] } },
{ "type": "Feature", "properties": { "osm_id": null, "name": "DayCare School openspace", "feature_group": "landuse", "feature_type": "park", "geometry_source": "polygon", "landuse": null, "leisure": "park" }, "geometry": { "type": "MultiPolygon", "coordinates": [ [ [ [ 73.7777088, 19.9659102 ], [ 73.7770431, 19.9660006 ], [ 73.7778335, 19.966576 ], [ 73.7777088, 19.9659102 ] ] ] ] } },
{ "type": "Feature", "properties": { "osm_id": null, "name": "Prabodhankar Thakare Sabhagruh Udyan", "feature_group": "landuse", "feature_type": "park", "geometry_source": "polygon", "landuse": null, "leisure": "park" }, "geometry": { "type": "MultiPolygon", "coordinates": [ [ [ [ 73.7647363, 19.9665625 ], [ 73.7652593, 19.9664213 ], [ 73.7649536, 19.9660154 ], [ 73.7645504, 19.9662885 ], [ 73.7647363, 19.9665625 ] ] ] ] } },
{ "type": "Feature", "properties": { "osm_id": null, "name": null, "feature_group": "landuse", "feature_type": "park", "geometry_source": "polygon", "landuse": null, "leisure": "park" }, "geometry": { "type": "MultiPolygon", "coordinates": [ [ [ [ 73.7652593, 19.9664213 ], [ 73.7649536, 19.9660154 ], [ 73.7645504, 19.9662885 ], [ 73.7647363, 19.9665625 ], [ 73.7652593, 19.9664213 ] ] ] ] } },
{ "type": "Feature", "properties": { "osm_id": null, "name": "Kishor Nagar Garden 2", "feature_group": "landuse", "feature_type": "park", "geometry_source": "polygon", "landuse": null, "leisure": "park" }, "geometry": { "type": "MultiPolygon", "coordinates": [ [ [ [ 73.7756561, 19.9662059 ], [ 73.7741639, 19.9662354 ], [ 73.7757065, 19.9667436 ], [ 73.7756561, 19.9662059 ] ] ] ] } },
{ "type": "Feature", "properties": { "osm_id": null, "name": "Traingle garden", "feature_group": "landuse", "feature_type": "park", "geometry_source": "polygon", "landuse": null, "leisure": "park" }, "geometry": { "type": "MultiPolygon", "coordinates": [ [ [ [ 73.7726468, 19.9672279 ], [ 73.7729563, 19.9671857 ], [ 73.7726786, 19.9665406 ], [ 73.7726468, 19.9672279 ] ] ] ] } },
{ "type": "Feature", "properties": { "osm_id": null, "name": "LIC Colony", "feature_group": "landuse", "feature_type": "residential", "geometry_source": "polygon", "landuse": "residential", "leisure": null }, "geometry": { "type": "MultiPolygon", "coordinates": [ [ [ [ 73.7720011, 19.9671989 ], [ 73.7720045, 19.9669454 ], [ 73.7713312, 19.9669277 ], [ 73.7713214, 19.9671531 ], [ 73.7720011, 19.9671989 ] ] ] ] } },
{ "type": "Feature", "properties": { "osm_id": null, "name": "Pushpanjali Colony Garden", "feature_group": "landuse", "feature_type": "park", "geometry_source": "polygon", "landuse": null, "leisure": "park" }, "geometry": { "type": "MultiPolygon", "coordinates": [ [ [ [ 73.774393, 19.9674219 ], [ 73.7734035, 19.9669947 ], [ 73.7736557, 19.9676472 ], [ 73.774393, 19.9674219 ] ] ] ] } },
{ "type": "Feature", "properties": { "osm_id": null, "name": null, "feature_group": "landuse", "feature_type": "park", "geometry_source": "polygon", "landuse": null, "leisure": "park" }, "geometry": { "type": "MultiPolygon", "coordinates": [ [ [ [ 73.7786312, 19.9679109 ], [ 73.7785097, 19.9672367 ], [ 73.7784224, 19.9668209 ], [ 73.7783929, 19.9667987 ], [ 73.7783528, 19.9667987 ], [ 73.7782667, 19.9668176 ], [ 73.7782442, 19.9668287 ], [ 73.7782254, 19.9668497 ], [ 73.7782478, 19.9669673 ], [ 73.7783268, 19.9672789 ], [ 73.7783952, 19.9677213 ], [ 73.77842, 19.9679353 ], [ 73.7786312, 19.9679109 ] ] ] ] } },
{ "type": "Feature", "properties": { "osm_id": null, "name": null, "feature_group": "landuse", "feature_type": "park", "geometry_source": "polygon", "landuse": null, "leisure": "park" }, "geometry": { "type": "MultiPolygon", "coordinates": [ [ [ [ 73.7754866, 19.9675069 ], [ 73.775434, 19.9674718 ], [ 73.7748682, 19.9672722 ], [ 73.7749999, 19.9676466 ], [ 73.7754866, 19.9675069 ] ] ] ] } },
{ "type": "Feature", "properties": { "osm_id": null, "name": "Kanifnath Nagar Park", "feature_group": "landuse", "feature_type": "park", "geometry_source": "polygon", "landuse": null, "leisure": "park" }, "geometry": { "type": "MultiPolygon", "coordinates": [ [ [ [ 73.7780179, 19.9677263 ], [ 73.777939, 19.9672184 ], [ 73.7770879, 19.9673351 ], [ 73.7771023, 19.9674363 ], [ 73.7780179, 19.9677263 ] ] ] ] } },
{ "type": "Feature", "properties": { "osm_id": null, "name": "Mayureshwar Ganpati Park", "feature_group": "landuse", "feature_type": "park", "geometry_source": "polygon", "landuse": null, "leisure": "park" }, "geometry": { "type": "MultiPolygon", "coordinates": [ [ [ [ 73.7726103, 19.9677723 ], [ 73.7727263, 19.9677387 ], [ 73.7725902, 19.9672356 ], [ 73.772253, 19.9672159 ], [ 73.7726103, 19.9677723 ] ] ] ] } },
{ "type": "Feature", "properties": { "osm_id": null, "name": "LIC Colony", "feature_group": "landuse", "feature_type": "residential", "geometry_source": "polygon", "landuse": "residential", "leisure": null }, "geometry": { "type": "MultiPolygon", "coordinates": [ [ [ [ 73.7722625, 19.967873 ], [ 73.7724023, 19.9678325 ], [ 73.7720084, 19.9671829 ], [ 73.7717456, 19.9671817 ], [ 73.7721591, 19.9679029 ], [ 73.7722625, 19.967873 ] ] ] ] } },
{ "type": "Feature", "properties": { "osm_id": null, "name": "Saksharkari Datta Mandir Park", "feature_group": "landuse", "feature_type": "park", "geometry_source": "polygon", "landuse": null, "leisure": "park" }, "geometry": { "type": "MultiPolygon", "coordinates": [ [ [ [ 73.7719835, 19.9679538 ], [ 73.7721295, 19.9679115 ], [ 73.7721591, 19.9679029 ], [ 73.7717456, 19.9671817 ], [ 73.7715035, 19.9671654 ], [ 73.7718348, 19.9679968 ], [ 73.7719835, 19.9679538 ] ] ] ] } },
{ "type": "Feature", "properties": { "osm_id": null, "name": "LIC Colony", "feature_group": "landuse", "feature_type": "residential", "geometry_source": "polygon", "landuse": "residential", "leisure": null }, "geometry": { "type": "MultiPolygon", "coordinates": [ [ [ [ 73.7718348, 19.9679968 ], [ 73.7715035, 19.9671654 ], [ 73.7713214, 19.9671531 ], [ 73.7716531, 19.9680495 ], [ 73.7718348, 19.9679968 ] ] ] ] } },
{ "type": "Feature", "properties": { "osm_id": null, "name": null, "feature_group": "landuse", "feature_type": "residential", "geometry_source": "polygon", "landuse": "residential", "leisure": null }, "geometry": { "type": "MultiPolygon", "coordinates": [ [ [ [ 73.7714646, 19.968104 ], [ 73.7710804, 19.9671066 ], [ 73.770822, 19.9670518 ], [ 73.7712005, 19.9681805 ], [ 73.7714646, 19.968104 ] ] ] ] } },
{ "type": "Feature", "properties": { "osm_id": null, "name": "LIC Colony", "feature_group": "landuse", "feature_type": "residential", "geometry_source": "polygon", "landuse": "residential", "leisure": null }, "geometry": { "type": "MultiPolygon", "coordinates": [ [ [ [ 73.7719051, 19.9681718 ], [ 73.7720368, 19.968135 ], [ 73.7721819, 19.9680944 ], [ 73.7725051, 19.9680041 ], [ 73.7724023, 19.9678325 ], [ 73.7719835, 19.9679538 ], [ 73.7718348, 19.9679968 ], [ 73.7719051, 19.9681718 ] ] ] ] } },
{ "type": "Feature", "properties": { "osm_id": null, "name": null, "feature_group": "landuse", "feature_type": "park", "geometry_source": "polygon", "landuse": null, "leisure": "park" }, "geometry": { "type": "MultiPolygon", "coordinates": [ [ [ [ 73.7625184, 19.9697306 ], [ 73.7643632, 19.9682367 ], [ 73.7632587, 19.966897 ], [ 73.7630865, 19.9668955 ], [ 73.7627217, 19.9667644 ], [ 73.7623033, 19.9665829 ], [ 73.7613704, 19.9673206 ], [ 73.7607482, 19.9676332 ], [ 73.760533, 19.9678232 ], [ 73.7625184, 19.9697306 ] ] ] ] } },
{ "type": "Feature", "properties": { "osm_id": null, "name": "Neelmani Colony Park", "feature_group": "landuse", "feature_type": "park", "geometry_source": "polygon", "landuse": null, "leisure": "park" }, "geometry": { "type": "MultiPolygon", "coordinates": [ [ [ [ 73.7749594, 19.968646 ], [ 73.7748109, 19.9681592 ], [ 73.7743755, 19.9682651 ], [ 73.7745262, 19.9687446 ], [ 73.7749594, 19.968646 ] ] ] ] } },
{ "type": "Feature", "properties": { "osm_id": null, "name": "Swami Samrth Mandir Park", "feature_group": "landuse", "feature_type": "park", "geometry_source": "polygon", "landuse": null, "leisure": "park" }, "geometry": { "type": "MultiPolygon", "coordinates": [ [ [ [ 73.7731181, 19.9691381 ], [ 73.7734512, 19.9690267 ], [ 73.7730375, 19.9681013 ], [ 73.7727459, 19.968189 ], [ 73.7731181, 19.9691381 ] ] ] ] } },
{ "type": "Feature", "properties": { "osm_id": null, "name": "Rajiv Township Garden", "feature_group": "landuse", "feature_type": "park", "geometry_source": "polygon", "landuse": null, "leisure": "park" }, "geometry": { "type": "MultiPolygon", "coordinates": [ [ [ [ 73.7780571, 19.969338 ], [ 73.7779447, 19.9689396 ], [ 73.7775023, 19.9690586 ], [ 73.7776079, 19.9694385 ], [ 73.7780571, 19.969338 ] ] ] ] } },
{ "type": "Feature", "properties": { "osm_id": null, "name": "Union Bank Colony- Openspace", "feature_group": "landuse", "feature_type": "park", "geometry_source": "polygon", "landuse": null, "leisure": "park" }, "geometry": { "type": "MultiPolygon", "coordinates": [ [ [ [ 73.7793114, 19.969333 ], [ 73.7792846, 19.9692017 ], [ 73.7787041, 19.9690489 ], [ 73.7788239, 19.9694046 ], [ 73.7793114, 19.969333 ] ] ] ] } },
{ "type": "Feature", "properties": { "osm_id": null, "name": "Cidco Children's Park", "feature_group": "landuse", "feature_type": "park", "geometry_source": "polygon", "landuse": null, "leisure": "park" }, "geometry": { "type": "MultiPolygon", "coordinates": [ [ [ [ 73.7685865, 19.9692888 ], [ 73.7683741, 19.9697813 ], [ 73.7673984, 19.9699156 ], [ 73.7674181, 19.9699866 ], [ 73.7669356, 19.970073 ], [ 73.7670439, 19.9701624 ], [ 73.7671982, 19.9701043 ], [ 73.7681526, 19.971043 ], [ 73.7683627, 19.9708481 ], [ 73.7679255, 19.9703943 ], [ 73.7688082, 19.9696284 ], [ 73.7685865, 19.9692888 ] ] ] ] } },
{ "type": "Feature", "properties": { "osm_id": null, "name": "Rajratna Nagar Garden", "feature_group": "landuse", "feature_type": "park", "geometry_source": "polygon", "landuse": null, "leisure": "park" }, "geometry": { "type": "MultiPolygon", "coordinates": [ [ [ [ 73.7576526, 19.9709615 ], [ 73.7575104, 19.9703338 ], [ 73.7570188, 19.9704204 ], [ 73.7571349, 19.9710699 ], [ 73.7576526, 19.9709615 ] ] ] ] } },
{ "type": "Feature", "properties": { "osm_id": null, "name": null, "feature_group": "landuse", "feature_type": "park", "geometry_source": "polygon", "landuse": null, "leisure": "park" }, "geometry": { "type": "MultiPolygon", "coordinates": [ [ [ [ 73.7575104, 19.9703338 ], [ 73.7570188, 19.9704204 ], [ 73.7571349, 19.9710699 ], [ 73.7576526, 19.9709615 ], [ 73.7575104, 19.9703338 ] ] ] ] } },
{ "type": "Feature", "properties": { "osm_id": null, "name": null, "feature_group": "landuse", "feature_type": "park", "geometry_source": "polygon", "landuse": null, "leisure": "park" }, "geometry": { "type": "MultiPolygon", "coordinates": [ [ [ [ 73.7562525, 19.9708581 ], [ 73.7563351, 19.9712169 ], [ 73.756732, 19.9711363 ], [ 73.7566495, 19.9707775 ], [ 73.7562525, 19.9708581 ] ] ] ] } },
{ "type": "Feature", "properties": { "osm_id": null, "name": null, "feature_group": "landuse", "feature_type": "residential", "geometry_source": "polygon", "landuse": "residential", "leisure": null }, "geometry": { "type": "MultiPolygon", "coordinates": [ [ [ [ 73.7749368, 19.9717281 ], [ 73.7746903, 19.9710645 ], [ 73.7744616, 19.9711395 ], [ 73.774708, 19.9718032 ], [ 73.7749368, 19.9717281 ] ] ] ] } },
{ "type": "Feature", "properties": { "osm_id": null, "name": null, "feature_group": "landuse", "feature_type": "park", "geometry_source": "polygon", "landuse": null, "leisure": "park" }, "geometry": { "type": "MultiPolygon", "coordinates": [ [ [ [ 73.758995, 19.9723334 ], [ 73.7596805, 19.9722718 ], [ 73.7597535, 19.9722653 ], [ 73.7596267, 19.9716245 ], [ 73.7588963, 19.9717089 ], [ 73.7585136, 19.9717531 ], [ 73.7585502, 19.9723733 ], [ 73.758995, 19.9723334 ] ] ] ] } },
{ "type": "Feature", "properties": { "osm_id": null, "name": "Maha Kali Chowk Playground", "feature_group": "landuse", "feature_type": "park", "geometry_source": "polygon", "landuse": null, "leisure": "park" }, "geometry": { "type": "MultiPolygon", "coordinates": [ [ [ [ 73.7596805, 19.9722718 ], [ 73.7595688, 19.9717042 ], [ 73.7588963, 19.9717089 ], [ 73.758995, 19.9723334 ], [ 73.7596805, 19.9722718 ] ] ] ] } },
{ "type": "Feature", "properties": { "osm_id": null, "name": "PPRSM Shop 8", "feature_group": "landuse", "feature_type": "commercial", "geometry_source": "polygon", "landuse": "commercial", "leisure": null }, "geometry": { "type": "MultiPolygon", "coordinates": [ [ [ [ 73.7950472, 19.9695375 ], [ 73.7952131, 19.9695328 ], [ 73.7952118, 19.9694945 ], [ 73.795046, 19.9694992 ], [ 73.7950472, 19.9695375 ] ] ] ] } },
{ "type": "Feature", "properties": { "osm_id": null, "name": "PPRSM Shop 9", "feature_group": "landuse", "feature_type": "commercial", "geometry_source": "polygon", "landuse": "commercial", "leisure": null }, "geometry": { "type": "MultiPolygon", "coordinates": [ [ [ [ 73.7952188, 19.9695825 ], [ 73.7952172, 19.9695455 ], [ 73.7950491, 19.9695515 ], [ 73.7950506, 19.9695885 ], [ 73.7952188, 19.9695825 ] ] ] ] } },
{ "type": "Feature", "properties": { "osm_id": null, "name": "PPRSM Shop 10", "feature_group": "landuse", "feature_type": "commercial", "geometry_source": "polygon", "landuse": "commercial", "leisure": null }, "geometry": { "type": "MultiPolygon", "coordinates": [ [ [ [ 73.7952418, 19.9696721 ], [ 73.7953134, 19.9696669 ], [ 73.7953083, 19.9696043 ], [ 73.7952367, 19.9696095 ], [ 73.7952418, 19.9696721 ] ] ] ] } },
{ "type": "Feature", "properties": { "osm_id": null, "name": null, "feature_group": "landuse", "feature_type": "park", "geometry_source": "polygon", "landuse": null, "leisure": "park" }, "geometry": { "type": "MultiPolygon", "coordinates": [ [ [ [ 73.8370031, 19.9718136 ], [ 73.8370165, 19.9714783 ], [ 73.8367134, 19.971269 ], [ 73.836608, 19.9712834 ], [ 73.8365605, 19.9717783 ], [ 73.8370031, 19.9718136 ] ] ] ] } },
{ "type": "Feature", "properties": { "osm_id": null, "name": "Government of India Press", "feature_group": "landuse", "feature_type": "industrial", "geometry_source": "polygon", "landuse": "industrial", "leisure": null }, "geometry": { "type": "MultiPolygon", "coordinates": [ [ [ [ 73.8155498, 19.9732334 ], [ 73.8160926, 19.9734886 ], [ 73.8178485, 19.9735466 ], [ 73.8182455, 19.971061 ], [ 73.816781, 19.9705215 ], [ 73.8144063, 19.9724943 ], [ 73.8155498, 19.9732334 ] ] ] ] } },
{ "type": "Feature", "properties": { "osm_id": null, "name": null, "feature_group": "landuse", "feature_type": "commercial", "geometry_source": "polygon", "landuse": "commercial", "leisure": null }, "geometry": { "type": "MultiPolygon", "coordinates": [ [ [ [ 73.7908316, 19.9746042 ], [ 73.7927359, 19.9744731 ], [ 73.7919903, 19.9728749 ], [ 73.7912929, 19.9732227 ], [ 73.7907511, 19.9736412 ], [ 73.7906858, 19.9738536 ], [ 73.7908316, 19.9746042 ] ] ] ] } },
{ "type": "Feature", "properties": { "osm_id": null, "name": "Swami Veer Sawarkar Udyan", "feature_group": "landuse", "feature_type": "park", "geometry_source": "polygon", "landuse": null, "leisure": "park" }, "geometry": { "type": "MultiPolygon", "coordinates": [ [ [ [ 73.7889079, 19.9744588 ], [ 73.7888469, 19.9740576 ], [ 73.7883794, 19.9741149 ], [ 73.7883631, 19.9745238 ], [ 73.7889079, 19.9744588 ] ] ] ] } },
{ "type": "Feature", "properties": { "osm_id": null, "name": null, "feature_group": "landuse", "feature_type": "retail", "geometry_source": "polygon", "landuse": "retail", "leisure": null }, "geometry": { "type": "MultiPolygon", "coordinates": [ [ [ [ 73.7901825, 19.9749521 ], [ 73.789984, 19.975426 ], [ 73.7911642, 19.9752394 ], [ 73.7909442, 19.974826 ], [ 73.7901825, 19.9749521 ] ] ] ] } },
{ "type": "Feature", "properties": { "osm_id": null, "name": null, "feature_group": "landuse", "feature_type": "industrial", "geometry_source": "polygon", "landuse": "industrial", "leisure": null }, "geometry": { "type": "MultiPolygon", "coordinates": [ [ [ [ 73.7915987, 19.9756832 ], [ 73.7929505, 19.9757739 ], [ 73.7932434, 19.9749582 ], [ 73.791073, 19.9749168 ], [ 73.7914431, 19.9757084 ], [ 73.7915987, 19.9756832 ] ] ] ] } },
{ "type": "Feature", "properties": { "osm_id": null, "name": null, "feature_group": "landuse", "feature_type": "park", "geometry_source": "polygon", "landuse": null, "leisure": "park" }, "geometry": { "type": "MultiPolygon", "coordinates": [ [ [ [ 73.8496041, 19.9776897 ], [ 73.8498294, 19.977725 ], [ 73.8498402, 19.9779367 ], [ 73.8503069, 19.9779065 ], [ 73.8503069, 19.9781686 ], [ 73.8508916, 19.9781283 ], [ 73.8508648, 19.9779014 ], [ 73.8513529, 19.977851 ], [ 73.8512939, 19.9770091 ], [ 73.8509935, 19.9770091 ], [ 73.8510096, 19.9769082 ], [ 73.8504034, 19.9768881 ], [ 73.8504142, 19.9763486 ], [ 73.8496202, 19.9763637 ], [ 73.8496041, 19.9776897 ] ] ] ] } },
{ "type": "Feature", "properties": { "osm_id": null, "name": "Nayanthara Apartments", "feature_group": "landuse", "feature_type": "residential", "geometry_source": "polygon", "landuse": "residential", "leisure": null }, "geometry": { "type": "MultiPolygon", "coordinates": [ [ [ [ 73.7748402, 19.9724514 ], [ 73.7750709, 19.9733589 ], [ 73.776809, 19.9729455 ], [ 73.7766802, 19.972164 ], [ 73.7748402, 19.9724514 ] ] ] ] } },
{ "type": "Feature", "properties": { "osm_id": null, "name": "Maharana Pratap Udyan", "feature_group": "landuse", "feature_type": "park", "geometry_source": "polygon", "landuse": null, "leisure": "park" }, "geometry": { "type": "MultiPolygon", "coordinates": [ [ [ [ 73.7654592, 19.9738366 ], [ 73.7655726, 19.9736776 ], [ 73.7654382, 19.9735423 ], [ 73.7651981, 19.9735693 ], [ 73.7652269, 19.9738401 ], [ 73.7654592, 19.9738366 ] ] ] ] } },
{ "type": "Feature", "properties": { "osm_id": null, "name": null, "feature_group": "landuse", "feature_type": "park", "geometry_source": "polygon", "landuse": null, "leisure": "park" }, "geometry": { "type": "MultiPolygon", "coordinates": [ [ [ [ 73.7801535, 19.9744795 ], [ 73.77962, 19.9739488 ], [ 73.7792284, 19.9741555 ], [ 73.7794151, 19.9745507 ], [ 73.7801535, 19.9744795 ] ] ] ] } },
{ "type": "Feature", "properties": { "osm_id": null, "name": "Children's Playground in Laxmi Nagar", "feature_group": "landuse", "feature_type": "park", "geometry_source": "polygon", "landuse": null, "leisure": "park" }, "geometry": { "type": "MultiPolygon", "coordinates": [ [ [ [ 73.7611691, 19.9749752 ], [ 73.7611155, 19.9744105 ], [ 73.7606112, 19.9744609 ], [ 73.7607614, 19.9750256 ], [ 73.7611691, 19.9749752 ] ] ] ] } },
{ "type": "Feature", "properties": { "osm_id": null, "name": "Aaryavart Sector 4", "feature_group": "landuse", "feature_type": "residential", "geometry_source": "polygon", "landuse": "residential", "leisure": null }, "geometry": { "type": "MultiPolygon", "coordinates": [ [ [ [ 73.7628555, 19.9760945 ], [ 73.7642047, 19.9758978 ], [ 73.7638692, 19.9745653 ], [ 73.7622927, 19.9748061 ], [ 73.7621159, 19.9753079 ], [ 73.7628555, 19.9760945 ] ] ] ] } },
{ "type": "Feature", "properties": { "osm_id": null, "name": "Uday Colony Bal Udyan", "feature_group": "landuse", "feature_type": "park", "geometry_source": "polygon", "landuse": null, "leisure": "park" }, "geometry": { "type": "MultiPolygon", "coordinates": [ [ [ [ 73.7606846, 19.9770888 ], [ 73.7605881, 19.9766552 ], [ 73.7601375, 19.9766855 ], [ 73.7602984, 19.9770585 ], [ 73.7606846, 19.9770888 ] ] ] ] } },
{ "type": "Feature", "properties": { "osm_id": null, "name": "City Garden", "feature_group": "landuse", "feature_type": "park", "geometry_source": "polygon", "landuse": null, "leisure": "park" }, "geometry": { "type": "MultiPolygon", "coordinates": [ [ [ [ 73.7852416, 19.976258 ], [ 73.7845818, 19.976389 ], [ 73.7845764, 19.9764294 ], [ 73.7845255, 19.9764448 ], [ 73.7847722, 19.9776598 ], [ 73.7855742, 19.9774377 ], [ 73.7852416, 19.976258 ] ] ] ] } },
{ "type": "Feature", "properties": { "osm_id": null, "name": "Children's Park", "feature_group": "landuse", "feature_type": "park", "geometry_source": "polygon", "landuse": null, "leisure": "park" }, "geometry": { "type": "MultiPolygon", "coordinates": [ [ [ [ 73.7543387, 19.9772549 ], [ 73.7543038, 19.9770533 ], [ 73.7540705, 19.977081 ], [ 73.7540893, 19.9772827 ], [ 73.7543387, 19.9772549 ] ] ] ] } },
{ "type": "Feature", "properties": { "osm_id": null, "name": "Kalbhairav Chowk", "feature_group": "landuse", "feature_type": "residential", "geometry_source": "polygon", "landuse": "residential", "leisure": null }, "geometry": { "type": "MultiPolygon", "coordinates": [ [ [ [ 73.7595532, 19.9774646 ], [ 73.7597303, 19.9770346 ], [ 73.7596895, 19.9770288 ], [ 73.7593467, 19.9770737 ], [ 73.7594291, 19.9775131 ], [ 73.7595532, 19.9774646 ] ] ] ] } },
{ "type": "Feature", "properties": { "osm_id": null, "name": null, "feature_group": "landuse", "feature_type": "commercial", "geometry_source": "polygon", "landuse": "commercial", "leisure": null }, "geometry": { "type": "MultiPolygon", "coordinates": [ [ [ [ 73.7791184, 19.978272 ], [ 73.7795326, 19.97869 ], [ 73.780532, 19.9787188 ], [ 73.7804669, 19.9780792 ], [ 73.7790889, 19.9780981 ], [ 73.7791184, 19.978272 ] ] ] ] } },
{ "type": "Feature", "properties": { "osm_id": null, "name": null, "feature_group": "landuse", "feature_type": "industrial", "geometry_source": "polygon", "landuse": "industrial", "leisure": null }, "geometry": { "type": "MultiPolygon", "coordinates": [ [ [ [ 73.7379491, 19.9660582 ], [ 73.7378418, 19.9669507 ], [ 73.7372625, 19.9668952 ], [ 73.7372947, 19.9658162 ], [ 73.7366188, 19.9657809 ], [ 73.7363559, 19.9653019 ], [ 73.7363398, 19.9642885 ], [ 73.7372893, 19.9642935 ], [ 73.7373215, 19.963299 ], [ 73.7355137, 19.9633103 ], [ 73.7356099, 19.9639306 ], [ 73.7357068, 19.9645557 ], [ 73.7360501, 19.9656246 ], [ 73.7364685, 19.9662045 ], [ 73.7359214, 19.9663658 ], [ 73.7365007, 19.9676112 ], [ 73.7365919, 19.9680801 ], [ 73.7352401, 19.9682817 ], [ 73.7353581, 19.968438 ], [ 73.7354976, 19.9693053 ], [ 73.736431, 19.9693758 ], [ 73.7364095, 19.9687456 ], [ 73.7370372, 19.9687002 ], [ 73.7370318, 19.9685691 ], [ 73.7381476, 19.9684431 ], [ 73.7380028, 19.9681759 ], [ 73.7384158, 19.9681204 ], [ 73.7390942, 19.9680745 ], [ 73.7392017, 19.968075 ], [ 73.739148, 19.9674624 ], [ 73.7392956, 19.9674952 ], [ 73.739934, 19.9675204 ], [ 73.7398428, 19.9660179 ], [ 73.7379491, 19.9660582 ] ] ] ] } },
{ "type": "Feature", "properties": { "osm_id": null, "name": null, "feature_group": "landuse", "feature_type": "commercial", "geometry_source": "polygon", "landuse": "commercial", "leisure": null }, "geometry": { "type": "MultiPolygon", "coordinates": [ [ [ [ 73.7191039, 19.9834169 ], [ 73.7194365, 19.9834975 ], [ 73.7205952, 19.9832908 ], [ 73.72096, 19.9831446 ], [ 73.7209493, 19.9829833 ], [ 73.7199086, 19.9812894 ], [ 73.718766, 19.9827363 ], [ 73.7191039, 19.9834169 ] ] ] ] } },
{ "type": "Feature", "properties": { "osm_id": null, "name": null, "feature_group": "landuse", "feature_type": "residential", "geometry_source": "polygon", "landuse": "residential", "leisure": null }, "geometry": { "type": "MultiPolygon", "coordinates": [ [ [ [ 73.7271265, 19.9869726 ], [ 73.7273379, 19.9847529 ], [ 73.7261577, 19.9844 ], [ 73.7260933, 19.9854587 ], [ 73.7240259, 19.9849157 ], [ 73.7238188, 19.9856402 ], [ 73.7265332, 19.9874248 ], [ 73.7271265, 19.9869726 ] ] ] ] } },
{ "type": "Feature", "properties": { "osm_id": null, "name": null, "feature_group": "landuse", "feature_type": "park", "geometry_source": "polygon", "landuse": null, "leisure": "park" }, "geometry": { "type": "MultiPolygon", "coordinates": [ [ [ [ 73.722166, 19.9910498 ], [ 73.7221713, 19.9906843 ], [ 73.7221418, 19.9901928 ], [ 73.7221123, 19.9899483 ], [ 73.721997, 19.9899332 ], [ 73.7219345, 19.9899456 ], [ 73.7219094, 19.9900063 ], [ 73.721851, 19.9902606 ], [ 73.7217905, 19.9904978 ], [ 73.7217475, 19.990644 ], [ 73.7217046, 19.9908935 ], [ 73.7216671, 19.9910902 ], [ 73.722166, 19.9910498 ] ] ] ] } },
{ "type": "Feature", "properties": { "osm_id": null, "name": null, "feature_group": "landuse", "feature_type": "industrial", "geometry_source": "polygon", "landuse": "industrial", "leisure": null }, "geometry": { "type": "MultiPolygon", "coordinates": [ [ [ [ 73.7323165, 19.9914174 ], [ 73.730695, 19.9910378 ], [ 73.7304389, 19.9916392 ], [ 73.7304819, 19.99296 ], [ 73.7331939, 19.9933038 ], [ 73.7333894, 19.9916392 ], [ 73.7323165, 19.9914174 ] ] ] ] } },
{ "type": "Feature", "properties": { "osm_id": null, "name": null, "feature_group": "landuse", "feature_type": "industrial", "geometry_source": "polygon", "landuse": "industrial", "leisure": null }, "geometry": { "type": "MultiPolygon", "coordinates": [ [ [ [ 73.7350953, 19.9935448 ], [ 73.735857, 19.9915485 ], [ 73.7356639, 19.9912863 ], [ 73.7348233, 19.9911973 ], [ 73.7343427, 19.9934494 ], [ 73.7350953, 19.9935448 ] ] ] ] } },
{ "type": "Feature", "properties": { "osm_id": null, "name": null, "feature_group": "landuse", "feature_type": "industrial", "geometry_source": "polygon", "landuse": "industrial", "leisure": null }, "geometry": { "type": "MultiPolygon", "coordinates": [ [ [ [ 73.738786, 19.9916896 ], [ 73.7363183, 19.9914325 ], [ 73.7361681, 19.9915182 ], [ 73.735342, 19.9936456 ], [ 73.7384641, 19.9942102 ], [ 73.738786, 19.9916896 ] ] ] ] } },
{ "type": "Feature", "properties": { "osm_id": null, "name": null, "feature_group": "landuse", "feature_type": "industrial", "geometry_source": "polygon", "landuse": "industrial", "leisure": null }, "geometry": { "type": "MultiPolygon", "coordinates": [ [ [ [ 73.7415755, 19.9947546 ], [ 73.7418115, 19.9922341 ], [ 73.7417364, 19.9920829 ], [ 73.7390274, 19.9917199 ], [ 73.738625, 19.9942405 ], [ 73.7415755, 19.9947546 ] ] ] ] } },
{ "type": "Feature", "properties": { "osm_id": null, "name": null, "feature_group": "landuse", "feature_type": "industrial", "geometry_source": "polygon", "landuse": "industrial", "leisure": null }, "geometry": { "type": "MultiPolygon", "coordinates": [ [ [ [ 73.7497508, 19.9940186 ], [ 73.7497508, 19.9934641 ], [ 73.7495255, 19.9932322 ], [ 73.7457919, 19.9926777 ], [ 73.7456739, 19.9928491 ], [ 73.7456095, 19.9933331 ], [ 73.7497508, 19.9940186 ] ] ] ] } },
{ "type": "Feature", "properties": { "osm_id": null, "name": null, "feature_group": "landuse", "feature_type": "industrial", "geometry_source": "polygon", "landuse": "industrial", "leisure": null }, "geometry": { "type": "MultiPolygon", "coordinates": [ [ [ [ 73.7450194, 19.9953495 ], [ 73.7454808, 19.992708 ], [ 73.7452769, 19.9924861 ], [ 73.7423694, 19.9920123 ], [ 73.7421119, 19.9923652 ], [ 73.7417793, 19.9947345 ], [ 73.7450194, 19.9953495 ] ] ] ] } },
{ "type": "Feature", "properties": { "osm_id": null, "name": "Subhash Chandra Bose Garden", "feature_group": "landuse", "feature_type": "park", "geometry_source": "polygon", "landuse": null, "leisure": "park" }, "geometry": { "type": "MultiPolygon", "coordinates": [ [ [ [ 73.7580441, 19.9807759 ], [ 73.7587646, 19.9806788 ], [ 73.7591502, 19.9806268 ], [ 73.7590729, 19.9801535 ], [ 73.7578658, 19.9803166 ], [ 73.7579459, 19.9807892 ], [ 73.7580441, 19.9807759 ] ] ] ] } },
{ "type": "Feature", "properties": { "osm_id": null, "name": null, "feature_group": "landuse", "feature_type": "commercial", "geometry_source": "polygon", "landuse": "commercial", "leisure": null }, "geometry": { "type": "MultiPolygon", "coordinates": [ [ [ [ 73.7786431, 19.9811452 ], [ 73.7805694, 19.9809112 ], [ 73.7797272, 19.9798828 ], [ 73.7784988, 19.9803617 ], [ 73.7785149, 19.9805281 ], [ 73.7786431, 19.9811452 ] ] ] ] } },
{ "type": "Feature", "properties": { "osm_id": null, "name": null, "feature_group": "landuse", "feature_type": "park", "geometry_source": "polygon", "landuse": null, "leisure": "park" }, "geometry": { "type": "MultiPolygon", "coordinates": [ [ [ [ 73.7562283, 19.9808331 ], [ 73.7561658, 19.9803903 ], [ 73.7557474, 19.9804458 ], [ 73.755775, 19.9806415 ], [ 73.7558689, 19.9808709 ], [ 73.7562283, 19.9808331 ] ] ] ] } },
{ "type": "Feature", "properties": { "osm_id": null, "name": "Shree Vighnaharta Garden", "feature_group": "landuse", "feature_type": "park", "geometry_source": "polygon", "landuse": null, "leisure": "park" }, "geometry": { "type": "MultiPolygon", "coordinates": [ [ [ [ 73.7771972, 19.9826777 ], [ 73.7771684, 19.9823714 ], [ 73.7769853, 19.9822907 ], [ 73.7767433, 19.9827457 ], [ 73.7771972, 19.9826777 ] ] ] ] } },
{ "type": "Feature", "properties": { "osm_id": null, "name": "Nehru Udyan", "feature_group": "landuse", "feature_type": "park", "geometry_source": "polygon", "landuse": null, "leisure": "park" }, "geometry": { "type": "MultiPolygon", "coordinates": [ [ [ [ 73.7579814, 19.9834092 ], [ 73.7579387, 19.9830615 ], [ 73.7576541, 19.983094 ], [ 73.7576948, 19.9834398 ], [ 73.7579814, 19.9834092 ] ] ] ] } },
{ "type": "Feature", "properties": { "osm_id": null, "name": "Sai Udyan", "feature_group": "landuse", "feature_type": "park", "geometry_source": "polygon", "landuse": null, "leisure": "park" }, "geometry": { "type": "MultiPolygon", "coordinates": [ [ [ [ 73.7565908, 19.9855578 ], [ 73.756332, 19.9850145 ], [ 73.7557217, 19.9852664 ], [ 73.7559923, 19.9858191 ], [ 73.7565908, 19.9855578 ] ] ] ] } },
{ "type": "Feature", "properties": { "osm_id": null, "name": "Mahamatg Bus Depot", "feature_group": "landuse", "feature_type": "industrial", "geometry_source": "polygon", "landuse": "industrial", "leisure": null }, "geometry": { "type": "MultiPolygon", "coordinates": [ [ [ [ 73.7827367, 19.9873239 ], [ 73.7835199, 19.9873189 ], [ 73.7832946, 19.9868702 ], [ 73.7830156, 19.986482 ], [ 73.7826133, 19.9861115 ], [ 73.7826213, 19.985993 ], [ 73.7821841, 19.9856804 ], [ 73.781999, 19.9855847 ], [ 73.7822136, 19.9864593 ], [ 73.7823477, 19.9873995 ], [ 73.7823543, 19.9875915 ], [ 73.7827367, 19.9873239 ] ] ] ] } },
{ "type": "Feature", "properties": { "osm_id": null, "name": null, "feature_group": "landuse", "feature_type": "garden", "geometry_source": "polygon", "landuse": null, "leisure": "garden" }, "geometry": { "type": "MultiPolygon", "coordinates": [ [ [ [ 73.7838873, 19.9871537 ], [ 73.7839262, 19.9871903 ], [ 73.7839665, 19.9872168 ], [ 73.7840174, 19.9872281 ], [ 73.7840738, 19.9872306 ], [ 73.7841287, 19.9872306 ], [ 73.7842025, 19.9872218 ], [ 73.784342, 19.9871739 ], [ 73.7844466, 19.9871021 ], [ 73.7844828, 19.9870655 ], [ 73.7845378, 19.9869912 ], [ 73.7845646, 19.9869118 ], [ 73.784519, 19.9868336 ], [ 73.7844506, 19.9867429 ], [ 73.7844023, 19.9866975 ], [ 73.7841851, 19.9866988 ], [ 73.784067, 19.9867403 ], [ 73.7839624, 19.9868021 ], [ 73.7839021, 19.9868563 ], [ 73.7838766, 19.9868954 ], [ 73.7838565, 19.9869508 ], [ 73.7838444, 19.9870063 ], [ 73.7838458, 19.9870756 ], [ 73.7838873, 19.9871537 ] ] ] ] } },
{ "type": "Feature", "properties": { "osm_id": null, "name": null, "feature_group": "landuse", "feature_type": "park", "geometry_source": "polygon", "landuse": null, "leisure": "park" }, "geometry": { "type": "MultiPolygon", "coordinates": [ [ [ [ 73.7761009, 19.9875357 ], [ 73.7761009, 19.9877323 ], [ 73.7775385, 19.9876314 ], [ 73.7775814, 19.9874449 ], [ 73.7761009, 19.9875357 ] ] ] ] } },
{ "type": "Feature", "properties": { "osm_id": null, "name": null, "feature_group": "landuse", "feature_type": "commercial", "geometry_source": "polygon", "landuse": "commercial", "leisure": null }, "geometry": { "type": "MultiPolygon", "coordinates": [ [ [ [ 73.7842439, 19.9875964 ], [ 73.7843459, 19.9877526 ], [ 73.7845926, 19.9882164 ], [ 73.784834, 19.9884433 ], [ 73.7850379, 19.9885794 ], [ 73.7852254, 19.9886737 ], [ 73.7857192, 19.9889323 ], [ 73.7859924, 19.9884742 ], [ 73.7852578, 19.9879365 ], [ 73.7846972, 19.9874374 ], [ 73.7845417, 19.9873013 ], [ 73.7844207, 19.9873352 ], [ 73.7842439, 19.9874702 ], [ 73.7842439, 19.9875964 ] ] ] ] } },
{ "type": "Feature", "properties": { "osm_id": null, "name": "210 MLD SPS, Agar Takali", "feature_group": "landuse", "feature_type": "industrial", "geometry_source": "polygon", "landuse": "industrial", "leisure": null }, "geometry": { "type": "MultiPolygon", "coordinates": [ [ [ [ 73.826675, 19.9861981 ], [ 73.8265664, 19.9862268 ], [ 73.8266057, 19.986358 ], [ 73.8267143, 19.9863292 ], [ 73.826675, 19.9861981 ] ] ] ] } },
{ "type": "Feature", "properties": { "osm_id": null, "name": "Karmaveer Dadasaheb Gaikwad Sabhagruha", "feature_group": "landuse", "feature_type": "commercial", "geometry_source": "polygon", "landuse": "commercial", "leisure": null }, "geometry": { "type": "MultiPolygon", "coordinates": [ [ [ [ 73.7903622, 19.9868198 ], [ 73.790874, 19.9866361 ], [ 73.7913334, 19.9864303 ], [ 73.7913653, 19.9864278 ], [ 73.7911883, 19.9857649 ], [ 73.7911394, 19.9857661 ], [ 73.790452, 19.9858817 ], [ 73.7903675, 19.9859023 ], [ 73.7903622, 19.9868198 ] ] ] ] } },
{ "type": "Feature", "properties": { "osm_id": null, "name": null, "feature_group": "landuse", "feature_type": "park", "geometry_source": "polygon", "landuse": null, "leisure": "park" }, "geometry": { "type": "MultiPolygon", "coordinates": [ [ [ [ 73.7886536, 19.9861242 ], [ 73.7884472, 19.9861091 ], [ 73.7881708, 19.9860889 ], [ 73.7881708, 19.9864267 ], [ 73.7881923, 19.9864822 ], [ 73.7884269, 19.9865306 ], [ 73.7886322, 19.9865729 ], [ 73.7886536, 19.9861242 ] ] ] ] } },
{ "type": "Feature", "properties": { "osm_id": null, "name": "sewage treatment plant", "feature_group": "landuse", "feature_type": "industrial", "geometry_source": "polygon", "landuse": "industrial", "leisure": null }, "geometry": { "type": "MultiPolygon", "coordinates": [ [ [ [ 73.8268295, 19.9881335 ], [ 73.8292576, 19.9872629 ], [ 73.8286761, 19.9848543 ], [ 73.8260527, 19.9856276 ], [ 73.8268295, 19.9881335 ] ] ] ] } },
{ "type": "Feature", "properties": { "osm_id": null, "name": null, "feature_group": "landuse", "feature_type": "residential", "geometry_source": "polygon", "landuse": "residential", "leisure": null }, "geometry": { "type": "MultiPolygon", "coordinates": [ [ [ [ 73.81816, 19.9869253 ], [ 73.8181453, 19.9868493 ], [ 73.8181419, 19.986717 ], [ 73.8179808, 19.9857284 ], [ 73.8175999, 19.9857562 ], [ 73.8175704, 19.9867644 ], [ 73.8175946, 19.9874526 ], [ 73.8176911, 19.9874601 ], [ 73.8178172, 19.9874072 ], [ 73.8180318, 19.9874097 ], [ 73.8183897, 19.9873637 ], [ 73.8187345, 19.987319 ], [ 73.8189556, 19.9872881 ], [ 73.8191502, 19.987256 ], [ 73.8193714, 19.9872326 ], [ 73.8196303, 19.9872207 ], [ 73.819794, 19.987266 ], [ 73.8199442, 19.9873366 ], [ 73.8200917, 19.9874803 ], [ 73.8203236, 19.9876057 ], [ 73.8204457, 19.9876769 ], [ 73.820553, 19.9877248 ], [ 73.8206562, 19.9877796 ], [ 73.8207193, 19.9878256 ], [ 73.8208105, 19.9879466 ], [ 73.820899, 19.9881407 ], [ 73.8208878, 19.988269 ], [ 73.820991, 19.988286 ], [ 73.8209727, 19.9884184 ], [ 73.8211028, 19.9884616 ], [ 73.8211947, 19.9881901 ], [ 73.8211464, 19.9881783 ], [ 73.8210613, 19.9881571 ], [ 73.8210544, 19.988101 ], [ 73.8208976, 19.9877771 ], [ 73.8208588, 19.9876693 ], [ 73.8208605, 19.987613 ], [ 73.8208955, 19.9875665 ], [ 73.820955, 19.9875364 ], [ 73.8210362, 19.9875088 ], [ 73.8214789, 19.9874058 ], [ 73.8214543, 19.9869182 ], [ 73.821304, 19.9869459 ], [ 73.8210948, 19.9869762 ], [ 73.8207515, 19.9870089 ], [ 73.820376, 19.9869913 ], [ 73.8200649, 19.9870014 ], [ 73.8197001, 19.9870064 ], [ 73.8195928, 19.9869358 ], [ 73.8195472, 19.9868451 ], [ 73.8194748, 19.98683 ], [ 73.8191315, 19.9868602 ], [ 73.8182075, 19.986968 ], [ 73.81816, 19.9869253 ] ] ] ] } },
{ "type": "Feature", "properties": { "osm_id": null, "name": null, "feature_group": "landuse", "feature_type": "park", "geometry_source": "polygon", "landuse": null, "leisure": "park" }, "geometry": { "type": "MultiPolygon", "coordinates": [ [ [ [ 73.8010025, 19.9875079 ], [ 73.80126, 19.9872382 ], [ 73.8013378, 19.9870996 ], [ 73.8013592, 19.9869357 ], [ 73.8013566, 19.9867971 ], [ 73.8012466, 19.9867946 ], [ 73.8010025, 19.9875079 ] ] ] ] } },
{ "type": "Feature", "properties": { "osm_id": null, "name": null, "feature_group": "landuse", "feature_type": "commercial", "geometry_source": "polygon", "landuse": "commercial", "leisure": null }, "geometry": { "type": "MultiPolygon", "coordinates": [ [ [ [ 73.7901235, 19.9881431 ], [ 73.7909264, 19.9883361 ], [ 73.7909854, 19.9883501 ], [ 73.7910113, 19.9883952 ], [ 73.79103, 19.9881028 ], [ 73.7902173, 19.9878482 ], [ 73.7901235, 19.9881431 ] ] ] ] } },
{ "type": "Feature", "properties": { "osm_id": null, "name": null, "feature_group": "landuse", "feature_type": "commercial", "geometry_source": "polygon", "landuse": "commercial", "leisure": null }, "geometry": { "type": "MultiPolygon", "coordinates": [ [ [ [ 73.7949944, 19.9905554 ], [ 73.7955871, 19.9904974 ], [ 73.7955013, 19.9901445 ], [ 73.7949622, 19.9901848 ], [ 73.7949944, 19.9905554 ] ] ] ] } },
{ "type": "Feature", "properties": { "osm_id": null, "name": null, "feature_group": "landuse", "feature_type": "garden", "geometry_source": "polygon", "landuse": null, "leisure": "garden" }, "geometry": { "type": "MultiPolygon", "coordinates": [ [ [ [ 73.7967898, 19.9903619 ], [ 73.7964652, 19.9904626 ], [ 73.7966013, 19.9906079 ], [ 73.7968749, 19.9908714 ], [ 73.7967898, 19.9903619 ] ] ] ] } },
{ "type": "Feature", "properties": { "osm_id": null, "name": null, "feature_group": "landuse", "feature_type": "garden", "geometry_source": "polygon", "landuse": null, "leisure": "garden" }, "geometry": { "type": "MultiPolygon", "coordinates": [ [ [ [ 73.7968749, 19.9908714 ], [ 73.7966013, 19.9906079 ], [ 73.7964714, 19.9904829 ], [ 73.7966101, 19.9909336 ], [ 73.7968749, 19.9908714 ] ] ] ] } },
{ "type": "Feature", "properties": { "osm_id": null, "name": null, "feature_group": "landuse", "feature_type": "residential", "geometry_source": "polygon", "landuse": "residential", "leisure": null }, "geometry": { "type": "MultiPolygon", "coordinates": [ [ [ [ 73.7708169, 19.9876314 ], [ 73.7709135, 19.9891489 ], [ 73.7710744, 19.9895522 ], [ 73.7715894, 19.9894665 ], [ 73.7714714, 19.9885641 ], [ 73.7716913, 19.9885288 ], [ 73.7716216, 19.9876415 ], [ 73.7708169, 19.9876314 ] ] ] ] } },
{ "type": "Feature", "properties": { "osm_id": null, "name": null, "feature_group": "landuse", "feature_type": "commercial", "geometry_source": "polygon", "landuse": "commercial", "leisure": null }, "geometry": { "type": "MultiPolygon", "coordinates": [ [ [ [ 73.7818675, 19.9891239 ], [ 73.781535, 19.9882162 ], [ 73.7811059, 19.9881633 ], [ 73.7811193, 19.9883473 ], [ 73.7810415, 19.9884582 ], [ 73.7811407, 19.9890052 ], [ 73.7812871, 19.9891939 ], [ 73.7818675, 19.9891239 ] ] ] ] } },
{ "type": "Feature", "properties": { "osm_id": null, "name": null, "feature_group": "landuse", "feature_type": "commercial", "geometry_source": "polygon", "landuse": "commercial", "leisure": null }, "geometry": { "type": "MultiPolygon", "coordinates": [ [ [ [ 73.7795153, 19.9886599 ], [ 73.77951, 19.9887178 ], [ 73.7784371, 19.9888287 ], [ 73.7784907, 19.989164 ], [ 73.780379, 19.9892119 ], [ 73.7801295, 19.9885792 ], [ 73.7795153, 19.9886599 ] ] ] ] } },
{ "type": "Feature", "properties": { "osm_id": null, "name": null, "feature_group": "landuse", "feature_type": "residential", "geometry_source": "polygon", "landuse": "residential", "leisure": null }, "geometry": { "type": "MultiPolygon", "coordinates": [ [ [ [ 73.7716913, 19.9885288 ], [ 73.7714714, 19.9885641 ], [ 73.7715894, 19.9894665 ], [ 73.7710744, 19.9895522 ], [ 73.7711109, 19.9896428 ], [ 73.7714954, 19.9904599 ], [ 73.7715411, 19.9905402 ], [ 73.7721902, 19.9904243 ], [ 73.7720346, 19.9893959 ], [ 73.7722851, 19.9893411 ], [ 73.7731236, 19.9892094 ], [ 73.7731826, 19.9885187 ], [ 73.7727964, 19.9884885 ], [ 73.772791, 19.9876566 ], [ 73.7723404, 19.9876566 ], [ 73.7716216, 19.9876415 ], [ 73.7716913, 19.9885288 ] ] ] ] } },
{ "type": "Feature", "properties": { "osm_id": null, "name": null, "feature_group": "landuse", "feature_type": "industrial", "geometry_source": "polygon", "landuse": "industrial", "leisure": null }, "geometry": { "type": "MultiPolygon", "coordinates": [ [ [ [ 73.7860357, 19.9891944 ], [ 73.7866469, 19.9897424 ], [ 73.7868508, 19.9899164 ], [ 73.7870898, 19.9895902 ], [ 73.7875001, 19.9892196 ], [ 73.7859924, 19.9884742 ], [ 73.7857192, 19.9889323 ], [ 73.7860357, 19.9891944 ] ] ] ] } },
{ "type": "Feature", "properties": { "osm_id": null, "name": null, "feature_group": "landuse", "feature_type": "commercial", "geometry_source": "polygon", "landuse": "commercial", "leisure": null }, "geometry": { "type": "MultiPolygon", "coordinates": [ [ [ [ 73.7870898, 19.9895902 ], [ 73.7868508, 19.9899164 ], [ 73.7869744, 19.9900742 ], [ 73.7873392, 19.9902934 ], [ 73.7881546, 19.9906362 ], [ 73.7886535, 19.9909488 ], [ 73.7886908, 19.9898634 ], [ 73.7875001, 19.9892196 ], [ 73.7870898, 19.9895902 ] ] ] ] } },
{ "type": "Feature", "properties": { "osm_id": null, "name": "Nashik City Center Mall", "feature_group": "landuse", "feature_type": "retail", "geometry_source": "polygon", "landuse": "retail", "leisure": null }, "geometry": { "type": "MultiPolygon", "coordinates": [ [ [ [ 73.7623143, 19.9902983 ], [ 73.7618798, 19.9903487 ], [ 73.7613434, 19.9902731 ], [ 73.7605065, 19.9899605 ], [ 73.7601095, 19.9899454 ], [ 73.7601632, 19.9908982 ], [ 73.7629741, 19.9910141 ], [ 73.7630975, 19.9909536 ], [ 73.7631351, 19.9908578 ], [ 73.7630492, 19.9907721 ], [ 73.7623143, 19.9902983 ] ] ] ] } },
{ "type": "Feature", "properties": { "osm_id": null, "name": null, "feature_group": "landuse", "feature_type": "commercial", "geometry_source": "polygon", "landuse": "commercial", "leisure": null }, "geometry": { "type": "MultiPolygon", "coordinates": [ [ [ [ 73.7795609, 19.9911603 ], [ 73.7808645, 19.9903588 ], [ 73.7811434, 19.990268 ], [ 73.7824953, 19.9900311 ], [ 73.782565, 19.9899353 ], [ 73.7819266, 19.9893455 ], [ 73.7807357, 19.9894463 ], [ 73.7787831, 19.9893858 ], [ 73.7788421, 19.9907268 ], [ 73.7780213, 19.9907772 ], [ 73.7780589, 19.9912107 ], [ 73.7784183, 19.9918005 ], [ 73.7795609, 19.9911603 ] ] ] ] } },
{ "type": "Feature", "properties": { "osm_id": null, "name": null, "feature_group": "landuse", "feature_type": "commercial", "geometry_source": "polygon", "landuse": "commercial", "leisure": null }, "geometry": { "type": "MultiPolygon", "coordinates": [ [ [ [ 73.7828171, 19.990263 ], [ 73.7827259, 19.9901974 ], [ 73.782227, 19.9902428 ], [ 73.7822646, 19.9905352 ], [ 73.7820554, 19.9905755 ], [ 73.7821095, 19.991251 ], [ 73.7828305, 19.9911855 ], [ 73.7828171, 19.990263 ] ] ] ] } },
{ "type": "Feature", "properties": { "osm_id": null, "name": null, "feature_group": "landuse", "feature_type": "residential", "geometry_source": "polygon", "landuse": "residential", "leisure": null }, "geometry": { "type": "MultiPolygon", "coordinates": [ [ [ [ 73.7858296, 19.9912442 ], [ 73.786009, 19.9908277 ], [ 73.7850082, 19.9903483 ], [ 73.7848341, 19.9903499 ], [ 73.7843836, 19.9903539 ], [ 73.784445, 19.9907315 ], [ 73.7842977, 19.9907471 ], [ 73.7842036, 19.9905348 ], [ 73.783989, 19.99055 ], [ 73.7839662, 19.9903895 ], [ 73.7839353, 19.9901718 ], [ 73.7838686, 19.9897943 ], [ 73.7842923, 19.989764 ], [ 73.7842358, 19.9895821 ], [ 73.7837154, 19.9895871 ], [ 73.7837315, 19.9906861 ], [ 73.7853921, 19.9922594 ], [ 73.7858296, 19.9912442 ] ] ] ] } },
{ "type": "Feature", "properties": { "osm_id": null, "name": null, "feature_group": "landuse", "feature_type": "commercial", "geometry_source": "polygon", "landuse": "commercial", "leisure": null }, "geometry": { "type": "MultiPolygon", "coordinates": [ [ [ [ 73.7844479, 19.9915686 ], [ 73.7832624, 19.9904344 ], [ 73.7831712, 19.990384 ], [ 73.7830532, 19.9904092 ], [ 73.7830692, 19.9917098 ], [ 73.7844479, 19.9915686 ] ] ] ] } },
{ "type": "Feature", "properties": { "osm_id": null, "name": null, "feature_group": "landuse", "feature_type": "commercial", "geometry_source": "polygon", "landuse": "commercial", "leisure": null }, "geometry": { "type": "MultiPolygon", "coordinates": [ [ [ [ 73.7819561, 19.9915283 ], [ 73.7819426, 19.9917821 ], [ 73.7828171, 19.9917905 ], [ 73.7828171, 19.9915384 ], [ 73.7819561, 19.9915283 ] ] ] ] } },
{ "type": "Feature", "properties": { "osm_id": null, "name": null, "feature_group": "landuse", "feature_type": "commercial", "geometry_source": "polygon", "landuse": "commercial", "leisure": null }, "geometry": { "type": "MultiPolygon", "coordinates": [ [ [ [ 73.7776726, 19.992219 ], [ 73.778016, 19.9920677 ], [ 73.7777317, 19.9913216 ], [ 73.7773508, 19.9914325 ], [ 73.7776726, 19.992219 ] ] ] ] } },
{ "type": "Feature", "properties": { "osm_id": null, "name": null, "feature_group": "landuse", "feature_type": "park", "geometry_source": "polygon", "landuse": null, "leisure": "park" }, "geometry": { "type": "MultiPolygon", "coordinates": [ [ [ [ 73.7748161, 19.9922341 ], [ 73.7747946, 19.9920828 ], [ 73.7748268, 19.991924 ], [ 73.7747249, 19.9919038 ], [ 73.7746257, 19.9919291 ], [ 73.774395, 19.9919795 ], [ 73.7743279, 19.9920551 ], [ 73.7743896, 19.9922542 ], [ 73.7748161, 19.9922341 ] ] ] ] } },
{ "type": "Feature", "properties": { "osm_id": null, "name": null, "feature_group": "landuse", "feature_type": "residential", "geometry_source": "polygon", "landuse": "residential", "leisure": null }, "geometry": { "type": "MultiPolygon", "coordinates": [ [ [ [ 73.7727427, 19.9928189 ], [ 73.7757683, 19.9933129 ], [ 73.7760821, 19.9932603 ], [ 73.776369, 19.9932123 ], [ 73.7761142, 19.9931237 ], [ 73.7760682, 19.9929844 ], [ 73.7756502, 19.9914075 ], [ 73.7743386, 19.9914857 ], [ 73.7731075, 19.9920125 ], [ 73.7726032, 19.9924863 ], [ 73.772571, 19.9926275 ], [ 73.7724852, 19.9928493 ], [ 73.7727427, 19.9928189 ] ] ] ] } },
{ "type": "Feature", "properties": { "osm_id": null, "name": null, "feature_group": "landuse", "feature_type": "commercial", "geometry_source": "polygon", "landuse": "commercial", "leisure": null }, "geometry": { "type": "MultiPolygon", "coordinates": [ [ [ [ 73.7818193, 19.9923551 ], [ 73.7818301, 19.9925113 ], [ 73.7826455, 19.9925315 ], [ 73.7826884, 19.9923702 ], [ 73.7818193, 19.9923551 ] ] ] ] } },
{ "type": "Feature", "properties": { "osm_id": null, "name": null, "feature_group": "landuse", "feature_type": "residential", "geometry_source": "polygon", "landuse": "residential", "leisure": null }, "geometry": { "type": "MultiPolygon", "coordinates": [ [ [ [ 73.7854374, 19.9924656 ], [ 73.7855741, 19.9925928 ], [ 73.7865231, 19.9931638 ], [ 73.7871812, 19.993416 ], [ 73.7873608, 19.9923653 ], [ 73.787154, 19.9923598 ], [ 73.7872642, 19.9920477 ], [ 73.7870306, 19.9919665 ], [ 73.7870336, 19.9917956 ], [ 73.7866473, 19.9918057 ], [ 73.7862504, 19.9916999 ], [ 73.7858212, 19.9915738 ], [ 73.7854374, 19.9924656 ] ] ] ] } },
{ "type": "Feature", "properties": { "osm_id": null, "name": null, "feature_group": "landuse", "feature_type": "commercial", "geometry_source": "polygon", "landuse": "commercial", "leisure": null }, "geometry": { "type": "MultiPolygon", "coordinates": [ [ [ [ 73.7828171, 19.9932826 ], [ 73.7830639, 19.993333 ], [ 73.7840187, 19.9933078 ], [ 73.7839758, 19.9919921 ], [ 73.7829673, 19.9919921 ], [ 73.7827796, 19.9931566 ], [ 73.7828171, 19.9932826 ] ] ] ] } },
{ "type": "Feature", "properties": { "osm_id": null, "name": null, "feature_group": "landuse", "feature_type": "commercial", "geometry_source": "polygon", "landuse": "commercial", "leisure": null }, "geometry": { "type": "MultiPolygon", "coordinates": [ [ [ [ 73.7808269, 19.9933381 ], [ 73.7809723, 19.9933525 ], [ 73.7824577, 19.9934994 ], [ 73.7825864, 19.9926777 ], [ 73.7824899, 19.9926222 ], [ 73.7808162, 19.9926222 ], [ 73.7808269, 19.9933381 ] ] ] ] } },
{ "type": "Feature", "properties": { "osm_id": null, "name": null, "feature_group": "landuse", "feature_type": "residential", "geometry_source": "polygon", "landuse": "residential", "leisure": null }, "geometry": { "type": "MultiPolygon", "coordinates": [ [ [ [ 73.7763369, 19.9939985 ], [ 73.7773883, 19.9938372 ], [ 73.7781984, 19.9940287 ], [ 73.7796736, 19.9940237 ], [ 73.7796872, 19.9935439 ], [ 73.7792975, 19.9933224 ], [ 73.7785067, 19.9931293 ], [ 73.7783816, 19.9930802 ], [ 73.7781864, 19.9930613 ], [ 73.776369, 19.9932123 ], [ 73.7763369, 19.9939985 ] ] ] ] } },
{ "type": "Feature", "properties": { "osm_id": null, "name": null, "feature_group": "landuse", "feature_type": "commercial", "geometry_source": "polygon", "landuse": "commercial", "leisure": null }, "geometry": { "type": "MultiPolygon", "coordinates": [ [ [ [ 73.7987226, 19.9912737 ], [ 73.7975854, 19.9916543 ], [ 73.7968612, 19.9918988 ], [ 73.7968773, 19.992098 ], [ 73.7969524, 19.9929247 ], [ 73.7975129, 19.9930734 ], [ 73.7987226, 19.9912737 ] ] ] ] } },
{ "type": "Feature", "properties": { "osm_id": null, "name": null, "feature_group": "landuse", "feature_type": "commercial", "geometry_source": "polygon", "landuse": "commercial", "leisure": null }, "geometry": { "type": "MultiPolygon", "coordinates": [ [ [ [ 73.7962121, 19.9924307 ], [ 73.7960887, 19.9917955 ], [ 73.7949568, 19.9917905 ], [ 73.7948602, 19.9914376 ], [ 73.7936854, 19.9915686 ], [ 73.7937605, 19.9919921 ], [ 73.7963033, 19.9932927 ], [ 73.7962121, 19.9924307 ] ] ] ] } },
{ "type": "Feature", "properties": { "osm_id": null, "name": null, "feature_group": "landuse", "feature_type": "commercial", "geometry_source": "polygon", "landuse": "commercial", "leisure": null }, "geometry": { "type": "MultiPolygon", "coordinates": [ [ [ [ 73.7925214, 19.9939531 ], [ 73.7933086, 19.9939468 ], [ 73.7932442, 19.9935397 ], [ 73.7923604, 19.9935599 ], [ 73.7920251, 19.9925895 ], [ 73.791647, 19.9925996 ], [ 73.791765, 19.9934313 ], [ 73.7908986, 19.9934339 ], [ 73.7907296, 19.9923576 ], [ 73.7906804, 19.9923727 ], [ 73.7899169, 19.9926071 ], [ 73.7904561, 19.993323 ], [ 73.790735, 19.9939581 ], [ 73.7908289, 19.9940993 ], [ 73.7909388, 19.9941648 ], [ 73.7925214, 19.9939531 ] ] ] ] } },
{ "type": "Feature", "properties": { "osm_id": null, "name": null, "feature_group": "landuse", "feature_type": "commercial", "geometry_source": "polygon", "landuse": "commercial", "leisure": null }, "geometry": { "type": "MultiPolygon", "coordinates": [ [ [ [ 73.7975398, 19.9940212 ], [ 73.7987851, 19.9946855 ], [ 73.7989879, 19.9943689 ], [ 73.7988085, 19.9942656 ], [ 73.7986824, 19.9937111 ], [ 73.7984115, 19.9937263 ], [ 73.7983122, 19.9930507 ], [ 73.798449, 19.9930281 ], [ 73.7983713, 19.9927004 ], [ 73.7982023, 19.9925819 ], [ 73.7977179, 19.9933836 ], [ 73.7974191, 19.9937993 ], [ 73.7975398, 19.9940212 ] ] ] ] } },
{ "type": "Feature", "properties": { "osm_id": null, "name": null, "feature_group": "landuse", "feature_type": "commercial", "geometry_source": "polygon", "landuse": "commercial", "leisure": null }, "geometry": { "type": "MultiPolygon", "coordinates": [ [ [ [ 73.7952894, 19.9940237 ], [ 73.7965071, 19.9941547 ], [ 73.7965125, 19.994064 ], [ 73.7952036, 19.993454 ], [ 73.7952894, 19.9940237 ] ] ] ] } },
{ "type": "Feature", "properties": { "osm_id": null, "name": null, "feature_group": "landuse", "feature_type": "park", "geometry_source": "polygon", "landuse": null, "leisure": "park" }, "geometry": { "type": "MultiPolygon", "coordinates": [ [ [ [ 73.7996983, 19.9942501 ], [ 73.7997137, 19.9941842 ], [ 73.7997118, 19.9941168 ], [ 73.7996929, 19.9940518 ], [ 73.7996446, 19.9939769 ], [ 73.7995742, 19.9939197 ], [ 73.7994884, 19.9938857 ], [ 73.7993957, 19.9938782 ], [ 73.799305, 19.993898 ], [ 73.7992252, 19.9939431 ], [ 73.7991641, 19.9940092 ], [ 73.7991277, 19.9940897 ], [ 73.7991201, 19.9941839 ], [ 73.7991463, 19.9942752 ], [ 73.7992032, 19.9943531 ], [ 73.7992845, 19.9944087 ], [ 73.7993809, 19.9944358 ], [ 73.7994813, 19.9944312 ], [ 73.7995744, 19.9943955 ], [ 73.7996496, 19.9943327 ], [ 73.7996983, 19.9942501 ] ] ] ] } },
{ "type": "Feature", "properties": { "osm_id": null, "name": null, "feature_group": "landuse", "feature_type": "commercial", "geometry_source": "polygon", "landuse": "commercial", "leisure": null }, "geometry": { "type": "MultiPolygon", "coordinates": [ [ [ [ 73.7898284, 19.9944068 ], [ 73.789705, 19.99419 ], [ 73.7887716, 19.9940438 ], [ 73.7883961, 19.9939934 ], [ 73.7883961, 19.9944572 ], [ 73.7885249, 19.9946941 ], [ 73.7889057, 19.9950016 ], [ 73.7898284, 19.9944068 ] ] ] ] } },
{ "type": "Feature", "properties": { "osm_id": null, "name": null, "feature_group": "landuse", "feature_type": "residential", "geometry_source": "polygon", "landuse": "residential", "leisure": null }, "geometry": { "type": "MultiPolygon", "coordinates": [ [ [ [ 73.8054759, 19.9948225 ], [ 73.8055461, 19.9946967 ], [ 73.8055005, 19.9943136 ], [ 73.8048139, 19.9943842 ], [ 73.8048675, 19.9948983 ], [ 73.8054759, 19.9948225 ] ] ] ] } },
{ "type": "Feature", "properties": { "osm_id": null, "name": null, "feature_group": "landuse", "feature_type": "industrial", "geometry_source": "polygon", "landuse": "industrial", "leisure": null }, "geometry": { "type": "MultiPolygon", "coordinates": [ [ [ [ 73.7920278, 19.9954856 ], [ 73.7923443, 19.9947143 ], [ 73.792575, 19.9944421 ], [ 73.7924945, 19.9941749 ], [ 73.7911266, 19.9943967 ], [ 73.7920278, 19.9954856 ] ] ] ] } },
{ "type": "Feature", "properties": { "osm_id": null, "name": null, "feature_group": "landuse", "feature_type": "commercial", "geometry_source": "polygon", "landuse": "commercial", "leisure": null }, "geometry": { "type": "MultiPolygon", "coordinates": [ [ [ [ 73.7970972, 19.9943942 ], [ 73.7967485, 19.9947748 ], [ 73.7977007, 19.9953344 ], [ 73.7973574, 19.9958032 ], [ 73.797589, 19.995771 ], [ 73.7984698, 19.9956528 ], [ 73.7991357, 19.9955562 ], [ 73.7970972, 19.9943942 ] ] ] ] } },
{ "type": "Feature", "properties": { "osm_id": null, "name": "State Employee Society's Garden", "feature_group": "landuse", "feature_type": "garden", "geometry_source": "polygon", "landuse": null, "leisure": "garden" }, "geometry": { "type": "MultiPolygon", "coordinates": [ [ [ [ 73.7138865, 19.9908332 ], [ 73.7143506, 19.990871 ], [ 73.7143827, 19.9905685 ], [ 73.7144069, 19.9902232 ], [ 73.714431, 19.9899233 ], [ 73.7142835, 19.989888 ], [ 73.7140743, 19.9898804 ], [ 73.7139858, 19.9899938 ], [ 73.7138946, 19.9901199 ], [ 73.7138409, 19.9902157 ], [ 73.7138302, 19.9902988 ], [ 73.7137417, 19.990445 ], [ 73.7136773, 19.9905534 ], [ 73.7136129, 19.9906845 ], [ 73.7135835, 19.9907255 ], [ 73.7136157, 19.9907658 ], [ 73.7138865, 19.9908332 ] ] ] ] } },
{ "type": "Feature", "properties": { "osm_id": null, "name": "Jagadguru Narendracharyaji Udyan", "feature_group": "landuse", "feature_type": "park", "geometry_source": "polygon", "landuse": null, "leisure": "park" }, "geometry": { "type": "MultiPolygon", "coordinates": [ [ [ [ 73.7044318, 19.9955888 ], [ 73.704441, 19.9952935 ], [ 73.7035752, 19.9952038 ], [ 73.7035044, 19.9956699 ], [ 73.7044318, 19.9955888 ] ] ] ] } },
{ "type": "Feature", "properties": { "osm_id": null, "name": null, "feature_group": "landuse", "feature_type": "industrial", "geometry_source": "polygon", "landuse": "industrial", "leisure": null }, "geometry": { "type": "MultiPolygon", "coordinates": [ [ [ [ 73.7169125, 19.9979907 ], [ 73.7167301, 19.9965456 ], [ 73.71198, 19.997013 ], [ 73.7117218, 19.9971089 ], [ 73.711679, 19.9984694 ], [ 73.713026, 19.998369 ], [ 73.7169125, 19.9979907 ] ] ] ] } },
{ "type": "Feature", "properties": { "osm_id": null, "name": null, "feature_group": "landuse", "feature_type": "industrial", "geometry_source": "polygon", "landuse": "industrial", "leisure": null }, "geometry": { "type": "MultiPolygon", "coordinates": [ [ [ [ 73.713026, 19.998369 ], [ 73.7132943, 20.0003048 ], [ 73.7171353, 19.9999223 ], [ 73.7170869, 19.9995637 ], [ 73.7136269, 19.9998712 ], [ 73.7135088, 19.9987673 ], [ 73.7169582, 19.998369 ], [ 73.7169125, 19.9979907 ], [ 73.713026, 19.998369 ] ] ] ] } },
{ "type": "Feature", "properties": { "osm_id": null, "name": null, "feature_group": "landuse", "feature_type": "industrial", "geometry_source": "polygon", "landuse": "industrial", "leisure": null }, "geometry": { "type": "MultiPolygon", "coordinates": [ [ [ [ 73.7137234, 19.9988731 ], [ 73.7138212, 19.9997273 ], [ 73.7155164, 19.9995559 ], [ 73.7154186, 19.9987017 ], [ 73.7137234, 19.9988731 ] ] ] ] } },
{ "type": "Feature", "properties": { "osm_id": null, "name": null, "feature_group": "landuse", "feature_type": "industrial", "geometry_source": "polygon", "landuse": "industrial", "leisure": null }, "geometry": { "type": "MultiPolygon", "coordinates": [ [ [ [ 73.7132943, 20.0003048 ], [ 73.713026, 19.998369 ], [ 73.711679, 19.9984694 ], [ 73.7115562, 20.0023715 ], [ 73.7174034, 20.0019078 ], [ 73.7171353, 19.9999223 ], [ 73.7132943, 20.0003048 ] ] ] ] } },
{ "type": "Feature", "properties": { "osm_id": null, "name": null, "feature_group": "landuse", "feature_type": "industrial", "geometry_source": "polygon", "landuse": "industrial", "leisure": null }, "geometry": { "type": "MultiPolygon", "coordinates": [ [ [ [ 73.7136912, 20.0028453 ], [ 73.7139863, 20.0028302 ], [ 73.7140238, 20.0033545 ], [ 73.7143671, 20.0033545 ], [ 73.7144422, 20.0040249 ], [ 73.7149519, 20.0039947 ], [ 73.7148607, 20.0023614 ], [ 73.7136, 20.0024471 ], [ 73.7136912, 20.0028453 ] ] ] ] } },
{ "type": "Feature", "properties": { "osm_id": null, "name": null, "feature_group": "landuse", "feature_type": "industrial", "geometry_source": "polygon", "landuse": "industrial", "leisure": null }, "geometry": { "type": "MultiPolygon", "coordinates": [ [ [ [ 73.7116313, 20.0051792 ], [ 73.7144315, 20.0057337 ], [ 73.7146246, 20.005149 ], [ 73.7146783, 20.0048768 ], [ 73.7141526, 20.0039997 ], [ 73.7135088, 20.0027899 ], [ 73.7131977, 20.0024875 ], [ 73.7115562, 20.0026286 ], [ 73.7116313, 20.0051792 ] ] ] ] } },
{ "type": "Feature", "properties": { "osm_id": null, "name": null, "feature_group": "landuse", "feature_type": "industrial", "geometry_source": "polygon", "landuse": "industrial", "leisure": null }, "geometry": { "type": "MultiPolygon", "coordinates": [ [ [ [ 73.7203968, 19.9925718 ], [ 73.7204719, 19.9946488 ], [ 73.7205656, 19.9958723 ], [ 73.7213516, 19.9957981 ], [ 73.721711, 19.9958284 ], [ 73.723138, 19.9962569 ], [ 73.7231755, 19.99603 ], [ 73.7218827, 19.9956872 ], [ 73.7233257, 19.9955511 ], [ 73.7234008, 19.9963627 ], [ 73.7302887, 19.9957578 ], [ 73.7298971, 19.9921131 ], [ 73.7300688, 19.9912309 ], [ 73.7275529, 19.9915107 ], [ 73.725045, 19.9916065 ], [ 73.7237522, 19.9916317 ], [ 73.7236476, 19.9915586 ], [ 73.7205845, 19.9915838 ], [ 73.7203968, 19.9925718 ] ] ] ] } },
{ "type": "Feature", "properties": { "osm_id": null, "name": "Mahindra & Mahindra", "feature_group": "landuse", "feature_type": "industrial", "geometry_source": "polygon", "landuse": "industrial", "leisure": null }, "geometry": { "type": "MultiPolygon", "coordinates": [ [ [ [ 73.71198, 19.997013 ], [ 73.7167301, 19.9965456 ], [ 73.7167007, 19.9962367 ], [ 73.7203871, 19.9958891 ], [ 73.7201822, 19.9929197 ], [ 73.7202358, 19.9921938 ], [ 73.7204606, 19.9915669 ], [ 73.7195277, 19.9914401 ], [ 73.7195733, 19.9912183 ], [ 73.718648, 19.9911275 ], [ 73.7171647, 19.991067 ], [ 73.7170467, 19.9917678 ], [ 73.716875, 19.9917854 ], [ 73.7168911, 19.9923904 ], [ 73.7172639, 19.9923752 ], [ 73.717272, 19.9926525 ], [ 73.7165961, 19.9927735 ], [ 73.7158987, 19.9927735 ], [ 73.7157512, 19.99327 ], [ 73.7144825, 19.9931138 ], [ 73.7125862, 19.99296 ], [ 73.7126479, 19.9923173 ], [ 73.7121436, 19.9922492 ], [ 73.7119988, 19.9922366 ], [ 73.7118244, 19.9926172 ], [ 73.7115991, 19.9934036 ], [ 73.7117493, 19.9962367 ], [ 73.7117218, 19.9971089 ], [ 73.71198, 19.997013 ] ] ] ] } },
{ "type": "Feature", "properties": { "osm_id": null, "name": null, "feature_group": "landuse", "feature_type": "industrial", "geometry_source": "polygon", "landuse": "industrial", "leisure": null }, "geometry": { "type": "MultiPolygon", "coordinates": [ [ [ [ 73.7497294, 19.9949059 ], [ 73.7497294, 19.99419 ], [ 73.7455666, 19.9935549 ], [ 73.7454378, 19.9942405 ], [ 73.7497294, 19.9949059 ] ] ] ] } },
{ "type": "Feature", "properties": { "osm_id": null, "name": null, "feature_group": "landuse", "feature_type": "industrial", "geometry_source": "polygon", "landuse": "industrial", "leisure": null }, "geometry": { "type": "MultiPolygon", "coordinates": [ [ [ [ 73.7329012, 19.9961611 ], [ 73.7339204, 19.9961208 ], [ 73.734355, 19.9952335 ], [ 73.733958, 19.9952184 ], [ 73.7323916, 19.9952587 ], [ 73.732295, 19.9937867 ], [ 73.732354, 19.993449 ], [ 73.7305516, 19.9932322 ], [ 73.7308252, 19.9963174 ], [ 73.7329012, 19.9961611 ] ] ] ] } },
{ "type": "Feature", "properties": { "osm_id": null, "name": null, "feature_group": "landuse", "feature_type": "industrial", "geometry_source": "polygon", "landuse": "industrial", "leisure": null }, "geometry": { "type": "MultiPolygon", "coordinates": [ [ [ [ 73.7513494, 19.9963577 ], [ 73.7508559, 19.9936053 ], [ 73.7499976, 19.9935045 ], [ 73.7499332, 19.9961258 ], [ 73.7513494, 19.9963577 ] ] ] ] } },
{ "type": "Feature", "properties": { "osm_id": null, "name": null, "feature_group": "landuse", "feature_type": "industrial", "geometry_source": "polygon", "landuse": "industrial", "leisure": null }, "geometry": { "type": "MultiPolygon", "coordinates": [ [ [ [ 73.7496865, 19.9960653 ], [ 73.7497187, 19.9950874 ], [ 73.745352, 19.9944118 ], [ 73.745234, 19.9953999 ], [ 73.7496865, 19.9960653 ] ] ] ] } },
{ "type": "Feature", "properties": { "osm_id": null, "name": null, "feature_group": "landuse", "feature_type": "industrial", "geometry_source": "polygon", "landuse": "industrial", "leisure": null }, "geometry": { "type": "MultiPolygon", "coordinates": [ [ [ [ 73.7347197, 19.9951781 ], [ 73.7341189, 19.9962115 ], [ 73.7376863, 19.9972197 ], [ 73.7382495, 19.9943514 ], [ 73.7352562, 19.993812 ], [ 73.7347197, 19.9951781 ] ] ] ] } },
{ "type": "Feature", "properties": { "osm_id": null, "name": null, "feature_group": "landuse", "feature_type": "industrial", "geometry_source": "polygon", "landuse": "industrial", "leisure": null }, "geometry": { "type": "MultiPolygon", "coordinates": [ [ [ [ 73.7390005, 19.9974365 ], [ 73.7416828, 19.9977188 ], [ 73.7415218, 19.994926 ], [ 73.7384534, 19.9943715 ], [ 73.7379384, 19.9972147 ], [ 73.7390005, 19.9974365 ] ] ] ] } },
{ "type": "Feature", "properties": { "osm_id": null, "name": null, "feature_group": "landuse", "feature_type": "industrial", "geometry_source": "polygon", "landuse": "industrial", "leisure": null }, "geometry": { "type": "MultiPolygon", "coordinates": [ [ [ [ 73.7418437, 19.9972147 ], [ 73.7446117, 19.9976986 ], [ 73.744998, 19.9955713 ], [ 73.7417686, 19.9949865 ], [ 73.7418437, 19.9972147 ] ] ] ] } },
{ "type": "Feature", "properties": { "osm_id": null, "name": null, "feature_group": "landuse", "feature_type": "industrial", "geometry_source": "polygon", "landuse": "industrial", "leisure": null }, "geometry": { "type": "MultiPolygon", "coordinates": [ [ [ [ 73.7496328, 19.9972852 ], [ 73.7496543, 19.9962972 ], [ 73.7452018, 19.9956015 ], [ 73.7450087, 19.9965896 ], [ 73.7496328, 19.9972852 ] ] ] ] } },
{ "type": "Feature", "properties": { "osm_id": null, "name": null, "feature_group": "landuse", "feature_type": "residential", "geometry_source": "polygon", "landuse": "residential", "leisure": null }, "geometry": { "type": "MultiPolygon", "coordinates": [ [ [ [ 73.7761438, 19.99419 ], [ 73.7760821, 19.9932603 ], [ 73.7757683, 19.9933129 ], [ 73.7727427, 19.9928189 ], [ 73.7724852, 19.9928493 ], [ 73.7722813, 19.9930711 ], [ 73.7721633, 19.9932526 ], [ 73.7720668, 19.9935248 ], [ 73.7720453, 19.9937164 ], [ 73.7720453, 19.9939281 ], [ 73.7720882, 19.9941398 ], [ 73.7722062, 19.9942911 ], [ 73.7756923, 19.9953719 ], [ 73.7761438, 19.99419 ] ] ] ] } },
{ "type": "Feature", "properties": { "osm_id": null, "name": null, "feature_group": "landuse", "feature_type": "industrial", "geometry_source": "polygon", "landuse": "industrial", "leisure": null }, "geometry": { "type": "MultiPolygon", "coordinates": [ [ [ [ 73.7850873, 19.9947963 ], [ 73.7862602, 19.9948193 ], [ 73.7862814, 19.9938655 ], [ 73.7851022, 19.9938424 ], [ 73.7846892, 19.9940438 ], [ 73.7845013, 19.9940402 ], [ 73.7844911, 19.994503 ], [ 73.7850935, 19.9945147 ], [ 73.7850873, 19.9947963 ] ] ] ] } },
{ "type": "Feature", "properties": { "osm_id": null, "name": null, "feature_group": "landuse", "feature_type": "commercial", "geometry_source": "polygon", "landuse": "commercial", "leisure": null }, "geometry": { "type": "MultiPolygon", "coordinates": [ [ [ [ 73.7811595, 19.9959292 ], [ 73.7811327, 19.9960653 ], [ 73.7816778, 19.9962437 ], [ 73.7820003, 19.9955652 ], [ 73.7821814, 19.9949539 ], [ 73.7824281, 19.9936836 ], [ 73.7799197, 19.9935558 ], [ 73.779846, 19.9941513 ], [ 73.7807, 19.994361 ], [ 73.7805147, 19.9957362 ], [ 73.7811595, 19.9959292 ] ] ] ] } },
{ "type": "Feature", "properties": { "osm_id": null, "name": null, "feature_group": "landuse", "feature_type": "residential", "geometry_source": "polygon", "landuse": "residential", "leisure": null }, "geometry": { "type": "MultiPolygon", "coordinates": [ [ [ [ 73.7877898, 19.9961258 ], [ 73.7880849, 19.9958435 ], [ 73.7879186, 19.9958283 ], [ 73.7876879, 19.9958384 ], [ 73.7874948, 19.9958636 ], [ 73.7873553, 19.995909 ], [ 73.7872531, 19.9959632 ], [ 73.7872105, 19.9961005 ], [ 73.7871783, 19.9962971 ], [ 73.7871995, 19.9964622 ], [ 73.7872317, 19.9965379 ], [ 73.7873068, 19.9966135 ], [ 73.7874411, 19.9966551 ], [ 73.7877898, 19.9961258 ] ] ] ] } },
{ "type": "Feature", "properties": { "osm_id": null, "name": null, "feature_group": "landuse", "feature_type": "commercial", "geometry_source": "polygon", "landuse": "commercial", "leisure": null }, "geometry": { "type": "MultiPolygon", "coordinates": [ [ [ [ 73.7811327, 19.9960653 ], [ 73.7811595, 19.9959292 ], [ 73.7805147, 19.9957362 ], [ 73.7804295, 19.9963686 ], [ 73.7789295, 19.9960534 ], [ 73.7788634, 19.9963702 ], [ 73.7810147, 19.9970029 ], [ 73.7813151, 19.9969273 ], [ 73.7814438, 19.9967358 ], [ 73.7816778, 19.9962437 ], [ 73.7811327, 19.9960653 ] ] ] ] } },
{ "type": "Feature", "properties": { "osm_id": null, "name": null, "feature_group": "landuse", "feature_type": "commercial", "geometry_source": "polygon", "landuse": "commercial", "leisure": null }, "geometry": { "type": "MultiPolygon", "coordinates": [ [ [ [ 73.7832355, 19.9976255 ], [ 73.7833551, 19.9972028 ], [ 73.7825478, 19.9970011 ], [ 73.7824282, 19.9974239 ], [ 73.7832355, 19.9976255 ] ] ] ] } },
{ "type": "Feature", "properties": { "osm_id": null, "name": null, "feature_group": "landuse", "feature_type": "commercial", "geometry_source": "polygon", "landuse": "commercial", "leisure": null }, "geometry": { "type": "MultiPolygon", "coordinates": [ [ [ [ 73.7692666, 19.9978297 ], [ 73.769905, 19.9979154 ], [ 73.7700337, 19.997255 ], [ 73.7694114, 19.997134 ], [ 73.7692666, 19.9978297 ] ] ] ] } },
{ "type": "Feature", "properties": { "osm_id": null, "name": null, "feature_group": "landuse", "feature_type": "commercial", "geometry_source": "polygon", "landuse": "commercial", "leisure": null }, "geometry": { "type": "MultiPolygon", "coordinates": [ [ [ [ 73.7817898, 19.9985203 ], [ 73.7824443, 19.9982884 ], [ 73.782168, 19.9976205 ], [ 73.7816825, 19.9975096 ], [ 73.7815887, 19.9975146 ], [ 73.7814787, 19.9976205 ], [ 73.7817898, 19.9985203 ] ] ] ] } },
{ "type": "Feature", "properties": { "osm_id": null, "name": null, "feature_group": "landuse", "feature_type": "commercial", "geometry_source": "polygon", "landuse": "commercial", "leisure": null }, "geometry": { "type": "MultiPolygon", "coordinates": [ [ [ [ 73.7828064, 19.9987698 ], [ 73.7840992, 19.9986589 ], [ 73.7839866, 19.9982052 ], [ 73.7837639, 19.9979607 ], [ 73.7824067, 19.9976683 ], [ 73.7828064, 19.9987698 ] ] ] ] } },
{ "type": "Feature", "properties": { "osm_id": null, "name": null, "feature_group": "landuse", "feature_type": "commercial", "geometry_source": "polygon", "landuse": "commercial", "leisure": null }, "geometry": { "type": "MultiPolygon", "coordinates": [ [ [ [ 73.7819239, 19.998858 ], [ 73.7824658, 20.0003073 ], [ 73.7834743, 20.000393 ], [ 73.7834501, 19.9990748 ], [ 73.7841958, 19.9990042 ], [ 73.7840992, 19.9986589 ], [ 73.7828064, 19.9987698 ], [ 73.7819239, 19.998858 ] ] ] ] } },
{ "type": "Feature", "properties": { "osm_id": null, "name": null, "feature_group": "landuse", "feature_type": "park", "geometry_source": "polygon", "landuse": null, "leisure": "park" }, "geometry": { "type": "MultiPolygon", "coordinates": [ [ [ [ 73.7890667, 19.9962822 ], [ 73.789233, 19.9963175 ], [ 73.7892837, 19.9962616 ], [ 73.7892783, 19.9960549 ], [ 73.7892075, 19.9959669 ], [ 73.7891203, 19.9958588 ], [ 73.7888384, 19.9960851 ], [ 73.7889421, 19.9961935 ], [ 73.7889594, 19.9962116 ], [ 73.7890667, 19.9962822 ] ] ] ] } },
{ "type": "Feature", "properties": { "osm_id": null, "name": "Baba Ambedkar Municipal Gardens", "feature_group": "landuse", "feature_type": "park", "geometry_source": "polygon", "landuse": null, "leisure": "park" }, "geometry": { "type": "MultiPolygon", "coordinates": [ [ [ [ 73.7985295, 19.996398 ], [ 73.7984698, 19.9956528 ], [ 73.797589, 19.995771 ], [ 73.7976041, 19.9959293 ], [ 73.7976212, 19.9962676 ], [ 73.7976658, 19.9965442 ], [ 73.7985295, 19.996398 ] ] ] ] } },
{ "type": "Feature", "properties": { "osm_id": null, "name": null, "feature_group": "landuse", "feature_type": "commercial", "geometry_source": "polygon", "landuse": "commercial", "leisure": null }, "geometry": { "type": "MultiPolygon", "coordinates": [ [ [ [ 73.7895656, 19.9958485 ], [ 73.7896015, 19.9964814 ], [ 73.7896085, 19.9966047 ], [ 73.7892973, 19.9966047 ], [ 73.7892437, 19.9972046 ], [ 73.7892812, 19.9976482 ], [ 73.78941, 19.9978549 ], [ 73.7900966, 19.997991 ], [ 73.7904775, 19.9966854 ], [ 73.7905204, 19.9961913 ], [ 73.7901771, 19.9946236 ], [ 73.7898606, 19.9946841 ], [ 73.7891954, 19.9951025 ], [ 73.7895656, 19.9958485 ] ] ] ] } },
{ "type": "Feature", "properties": { "osm_id": null, "name": null, "feature_group": "landuse", "feature_type": "commercial", "geometry_source": "polygon", "landuse": "commercial", "leisure": null }, "geometry": { "type": "MultiPolygon", "coordinates": [ [ [ [ 73.7987441, 19.9970685 ], [ 73.7994683, 19.9968467 ], [ 73.8001013, 19.9963829 ], [ 73.7999833, 19.9962165 ], [ 73.79861, 19.9965039 ], [ 73.7987441, 19.9970685 ] ] ] ] } },
{ "type": "Feature", "properties": { "osm_id": null, "name": null, "feature_group": "landuse", "feature_type": "industrial", "geometry_source": "polygon", "landuse": "industrial", "leisure": null }, "geometry": { "type": "MultiPolygon", "coordinates": [ [ [ [ 73.8020939, 19.997542 ], [ 73.8020079, 19.9974255 ], [ 73.801358, 19.9967074 ], [ 73.8004175, 19.9961411 ], [ 73.8002631, 19.9963325 ], [ 73.8007128, 19.9970433 ], [ 73.8009435, 19.9969576 ], [ 73.8014233, 19.9975924 ], [ 73.8020939, 19.997542 ] ] ] ] } },
{ "type": "Feature", "properties": { "osm_id": null, "name": null, "feature_group": "landuse", "feature_type": "industrial", "geometry_source": "polygon", "landuse": "industrial", "leisure": null }, "geometry": { "type": "MultiPolygon", "coordinates": [ [ [ [ 73.7984434, 19.9972854 ], [ 73.7985565, 19.9975937 ], [ 73.7988567, 19.9975499 ], [ 73.798846, 19.997497 ], [ 73.7992644, 19.9973457 ], [ 73.7991179, 19.997038 ], [ 73.7984434, 19.9972854 ] ] ] ] } },
{ "type": "Feature", "properties": { "osm_id": null, "name": null, "feature_group": "landuse", "feature_type": "commercial", "geometry_source": "polygon", "landuse": "commercial", "leisure": null }, "geometry": { "type": "MultiPolygon", "coordinates": [ [ [ [ 73.8021505, 19.9975978 ], [ 73.801555, 19.9976885 ], [ 73.8016623, 19.9987925 ], [ 73.8024752, 19.9984624 ], [ 73.8021505, 19.9975978 ] ] ] ] } },
{ "type": "Feature", "properties": { "osm_id": null, "name": null, "feature_group": "landuse", "feature_type": "industrial", "geometry_source": "polygon", "landuse": "industrial", "leisure": null }, "geometry": { "type": "MultiPolygon", "coordinates": [ [ [ [ 73.8034218, 19.9975574 ], [ 73.8035345, 19.9982682 ], [ 73.8037491, 19.9989437 ], [ 73.8044411, 19.9989185 ], [ 73.8044411, 19.999105 ], [ 73.8051063, 19.998979 ], [ 73.8049722, 19.9974869 ], [ 73.8034218, 19.9975574 ] ] ] ] } },
{ "type": "Feature", "properties": { "osm_id": null, "name": null, "feature_group": "landuse", "feature_type": "industrial", "geometry_source": "polygon", "landuse": "industrial", "leisure": null }, "geometry": { "type": "MultiPolygon", "coordinates": [ [ [ [ 73.8061684, 19.9989185 ], [ 73.8059997, 19.9989626 ], [ 73.8053477, 19.9990034 ], [ 73.8054335, 19.9994428 ], [ 73.8073432, 19.9991706 ], [ 73.8073111, 19.9989639 ], [ 73.8071662, 19.9988278 ], [ 73.8069946, 19.9974516 ], [ 73.8059914, 19.9974415 ], [ 73.8061684, 19.9989185 ] ] ] ] } },
{ "type": "Feature", "properties": { "osm_id": null, "name": "Starline Complex", "feature_group": "landuse", "feature_type": "commercial", "geometry_source": "polygon", "landuse": "commercial", "leisure": null }, "geometry": { "type": "MultiPolygon", "coordinates": [ [ [ [ 73.8027996, 19.9993369 ], [ 73.802704, 19.9989373 ], [ 73.8025457, 19.99865 ], [ 73.8018403, 19.9989323 ], [ 73.8020968, 19.999594 ], [ 73.8027996, 19.9993369 ] ] ] ] } },
{ "type": "Feature", "properties": { "osm_id": null, "name": null, "feature_group": "landuse", "feature_type": "industrial", "geometry_source": "polygon", "landuse": "industrial", "leisure": null }, "geometry": { "type": "MultiPolygon", "coordinates": [ [ [ [ 73.7498903, 19.9973457 ], [ 73.7515211, 19.9975978 ], [ 73.7514567, 19.9966097 ], [ 73.7499225, 19.9963577 ], [ 73.7498903, 19.9973457 ] ] ] ] } },
{ "type": "Feature", "properties": { "osm_id": null, "name": null, "feature_group": "landuse", "feature_type": "industrial", "geometry_source": "polygon", "landuse": "industrial", "leisure": null }, "geometry": { "type": "MultiPolygon", "coordinates": [ [ [ [ 73.7197628, 19.9980993 ], [ 73.7195815, 19.996222 ], [ 73.7170913, 19.9964761 ], [ 73.7172587, 19.9983338 ], [ 73.7197628, 19.9980993 ] ] ] ] } },
{ "type": "Feature", "properties": { "osm_id": null, "name": null, "feature_group": "landuse", "feature_type": "industrial", "geometry_source": "polygon", "landuse": "industrial", "leisure": null }, "geometry": { "type": "MultiPolygon", "coordinates": [ [ [ [ 73.7496865, 19.9984749 ], [ 73.7497187, 19.9974869 ], [ 73.7449658, 19.9967711 ], [ 73.7447941, 19.9977087 ], [ 73.7496865, 19.9984749 ] ] ] ] } },
{ "type": "Feature", "properties": { "osm_id": null, "name": null, "feature_group": "landuse", "feature_type": "residential", "geometry_source": "polygon", "landuse": "residential", "leisure": null }, "geometry": { "type": "MultiPolygon", "coordinates": [ [ [ [ 73.7197847, 19.998145 ], [ 73.7196068, 19.9984315 ], [ 73.7194627, 19.9987093 ], [ 73.7193751, 19.9988018 ], [ 73.7192867, 19.9991369 ], [ 73.7192876, 19.9994663 ], [ 73.7197147, 19.9993177 ], [ 73.720111, 19.9992531 ], [ 73.720885, 19.9990957 ], [ 73.7216038, 19.9988732 ], [ 73.7216188, 19.9985541 ], [ 73.7216038, 19.9980666 ], [ 73.7216403, 19.9977122 ], [ 73.7213034, 19.9970282 ], [ 73.721173, 19.996822 ], [ 73.7209321, 19.9966241 ], [ 73.7203421, 19.9960235 ], [ 73.7196726, 19.9960452 ], [ 73.7197847, 19.998145 ] ] ] ] } },
{ "type": "Feature", "properties": { "osm_id": null, "name": null, "feature_group": "landuse", "feature_type": "industrial", "geometry_source": "polygon", "landuse": "industrial", "leisure": null }, "geometry": { "type": "MultiPolygon", "coordinates": [ [ [ [ 73.7338239, 19.9968063 ], [ 73.7337649, 19.9975524 ], [ 73.7338668, 19.9991101 ], [ 73.7375307, 19.998732 ], [ 73.7374824, 19.9982632 ], [ 73.7376112, 19.9974264 ], [ 73.7339848, 19.996393 ], [ 73.7338239, 19.9968063 ] ] ] ] } },
{ "type": "Feature", "properties": { "osm_id": null, "name": null, "feature_group": "landuse", "feature_type": "industrial", "geometry_source": "polygon", "landuse": "industrial", "leisure": null }, "geometry": { "type": "MultiPolygon", "coordinates": [ [ [ [ 73.7228966, 19.9978196 ], [ 73.7229449, 19.9985657 ], [ 73.7235296, 19.9985253 ], [ 73.7236637, 19.9996948 ], [ 73.7246937, 19.9996192 ], [ 73.7247624, 19.9995774 ], [ 73.7247316, 19.9992995 ], [ 73.7244244, 19.9965226 ], [ 73.7236101, 19.9966501 ], [ 73.7234706, 19.9965241 ], [ 73.7232936, 19.9965392 ], [ 73.7228966, 19.9978196 ] ] ] ] } },
{ "type": "Feature", "properties": { "osm_id": null, "name": null, "feature_group": "landuse", "feature_type": "industrial", "geometry_source": "polygon", "landuse": "industrial", "leisure": null }, "geometry": { "type": "MultiPolygon", "coordinates": [ [ [ [ 73.7498903, 19.9985354 ], [ 73.7516606, 19.9988177 ], [ 73.7515855, 19.9977793 ], [ 73.7498796, 19.9975171 ], [ 73.7498903, 19.9985354 ] ] ] ] } },
{ "type": "Feature", "properties": { "osm_id": null, "name": null, "feature_group": "landuse", "feature_type": "industrial", "geometry_source": "polygon", "landuse": "industrial", "leisure": null }, "geometry": { "type": "MultiPolygon", "coordinates": [ [ [ [ 73.737874, 19.9974466 ], [ 73.7377667, 19.9982834 ], [ 73.7378568, 19.9989785 ], [ 73.7379169, 19.9994428 ], [ 73.7384312, 19.9993952 ], [ 73.7385714, 19.9993823 ], [ 73.7385607, 19.9983338 ], [ 73.7400949, 19.9985052 ], [ 73.7402022, 19.9977692 ], [ 73.737874, 19.9974466 ] ] ] ] } },
{ "type": "Feature", "properties": { "osm_id": null, "name": null, "feature_group": "landuse", "feature_type": "industrial", "geometry_source": "polygon", "landuse": "industrial", "leisure": null }, "geometry": { "type": "MultiPolygon", "coordinates": [ [ [ [ 73.7337327, 20.0003098 ], [ 73.7334966, 19.9969626 ], [ 73.7337327, 19.996398 ], [ 73.7308144, 19.9965795 ], [ 73.731308, 20.0005316 ], [ 73.7337327, 20.0003098 ] ] ] ] } },
{ "type": "Feature", "properties": { "osm_id": null, "name": null, "feature_group": "landuse", "feature_type": "industrial", "geometry_source": "polygon", "landuse": "industrial", "leisure": null }, "geometry": { "type": "MultiPolygon", "coordinates": [ [ [ [ 73.7262493, 20.0011163 ], [ 73.7307662, 20.0006778 ], [ 73.7302562, 19.9959096 ], [ 73.7277514, 19.9961762 ], [ 73.7257754, 19.9963819 ], [ 73.7262493, 20.0011163 ] ] ] ] } },
{ "type": "Feature", "properties": { "osm_id": null, "name": null, "feature_group": "landuse", "feature_type": "industrial", "geometry_source": "polygon", "landuse": "industrial", "leisure": null }, "geometry": { "type": "MultiPolygon", "coordinates": [ [ [ [ 73.7436783, 19.9997956 ], [ 73.743689, 19.9977389 ], [ 73.7428737, 19.997628 ], [ 73.7428844, 19.9997956 ], [ 73.7436783, 19.9997956 ] ] ] ] } },
{ "type": "Feature", "properties": { "osm_id": null, "name": null, "feature_group": "landuse", "feature_type": "industrial", "geometry_source": "polygon", "landuse": "industrial", "leisure": null }, "geometry": { "type": "MultiPolygon", "coordinates": [ [ [ [ 73.7255952, 19.9964007 ], [ 73.7244244, 19.9965226 ], [ 73.7247316, 19.9992995 ], [ 73.7247624, 19.9995774 ], [ 73.7246937, 19.9996192 ], [ 73.7236637, 19.9996948 ], [ 73.7235296, 19.9985253 ], [ 73.7229449, 19.9985657 ], [ 73.7232135, 20.001373 ], [ 73.7261088, 20.0011065 ], [ 73.7255952, 19.9964007 ] ] ] ] } },
{ "type": "Feature", "properties": { "osm_id": null, "name": null, "feature_group": "landuse", "feature_type": "industrial", "geometry_source": "polygon", "landuse": "industrial", "leisure": null }, "geometry": { "type": "MultiPolygon", "coordinates": [ [ [ [ 73.7462897, 19.999151 ], [ 73.7495899, 19.9996545 ], [ 73.7495792, 19.9986765 ], [ 73.7461889, 19.998122 ], [ 73.7462897, 19.999151 ] ] ] ] } },
{ "type": "Feature", "properties": { "osm_id": null, "name": null, "feature_group": "landuse", "feature_type": "industrial", "geometry_source": "polygon", "landuse": "industrial", "leisure": null }, "geometry": { "type": "MultiPolygon", "coordinates": [ [ [ [ 73.7437883, 20.0003073 ], [ 73.7445098, 20.0003879 ], [ 73.744365, 19.9990445 ], [ 73.7446439, 19.9990496 ], [ 73.7447297, 19.9979103 ], [ 73.7438714, 19.9977994 ], [ 73.7437883, 20.0003073 ] ] ] ] } },
{ "type": "Feature", "properties": { "osm_id": null, "name": null, "feature_group": "landuse", "feature_type": "industrial", "geometry_source": "polygon", "landuse": "industrial", "leisure": null }, "geometry": { "type": "MultiPolygon", "coordinates": [ [ [ [ 73.7518108, 19.9999469 ], [ 73.751682, 19.998979 ], [ 73.7498796, 19.9986866 ], [ 73.7498474, 19.9996545 ], [ 73.7518108, 19.9999469 ] ] ] ] } },
{ "type": "Feature", "properties": { "osm_id": null, "name": null, "feature_group": "landuse", "feature_type": "industrial", "geometry_source": "polygon", "landuse": "industrial", "leisure": null }, "geometry": { "type": "MultiPolygon", "coordinates": [ [ [ [ 73.7419402, 20.0018523 ], [ 73.7427235, 20.0018624 ], [ 73.7427556, 19.9976381 ], [ 73.7419402, 19.9974869 ], [ 73.7419402, 20.0018523 ] ] ] ] } },
{ "type": "Feature", "properties": { "osm_id": null, "name": null, "feature_group": "landuse", "feature_type": "industrial", "geometry_source": "polygon", "landuse": "industrial", "leisure": null }, "geometry": { "type": "MultiPolygon", "coordinates": [ [ [ [ 73.7403095, 19.9987774 ], [ 73.7403309, 19.9995839 ], [ 73.7405991, 20.0018422 ], [ 73.7416828, 20.0018523 ], [ 73.7416935, 19.9979305 ], [ 73.740406, 19.9978095 ], [ 73.7403095, 19.9987774 ] ] ] ] } },
{ "type": "Feature", "properties": { "osm_id": null, "name": null, "feature_group": "landuse", "feature_type": "industrial", "geometry_source": "polygon", "landuse": "industrial", "leisure": null }, "geometry": { "type": "MultiPolygon", "coordinates": [ [ [ [ 73.7351918, 20.0007383 ], [ 73.7359589, 20.0006526 ], [ 73.7358141, 19.9994881 ], [ 73.7362316, 19.9994408 ], [ 73.7372357, 19.9993268 ], [ 73.7371928, 19.9990373 ], [ 73.7371767, 19.9989286 ], [ 73.7350094, 19.9991756 ], [ 73.7351918, 20.0007383 ] ] ] ] } },
{ "type": "Feature", "properties": { "osm_id": null, "name": null, "feature_group": "landuse", "feature_type": "industrial", "geometry_source": "polygon", "landuse": "industrial", "leisure": null }, "geometry": { "type": "MultiPolygon", "coordinates": [ [ [ [ 73.734076, 20.0008542 ], [ 73.7349905, 20.0007706 ], [ 73.7348349, 19.9992684 ], [ 73.7339204, 19.999352 ], [ 73.734076, 20.0008542 ] ] ] ] } },
{ "type": "Feature", "properties": { "osm_id": null, "name": null, "feature_group": "landuse", "feature_type": "industrial", "geometry_source": "polygon", "landuse": "industrial", "leisure": null }, "geometry": { "type": "MultiPolygon", "coordinates": [ [ [ [ 73.746406, 20.0003389 ], [ 73.7496221, 20.0008139 ], [ 73.7496328, 19.9998561 ], [ 73.7463075, 19.9993327 ], [ 73.746406, 20.0003389 ] ] ] ] } },
{ "type": "Feature", "properties": { "osm_id": null, "name": null, "feature_group": "landuse", "feature_type": "residential", "geometry_source": "polygon", "landuse": "residential", "leisure": null }, "geometry": { "type": "MultiPolygon", "coordinates": [ [ [ [ 73.7108631, 19.9815124 ], [ 73.7108737, 19.9812417 ], [ 73.7108794, 19.9811203 ], [ 73.7107445, 19.9811212 ], [ 73.7106966, 19.9811995 ], [ 73.7106785, 19.9812489 ], [ 73.7106765, 19.9815196 ], [ 73.7108631, 19.9815124 ] ] ] ] } },
{ "type": "Feature", "properties": { "osm_id": null, "name": null, "feature_group": "landuse", "feature_type": "park", "geometry_source": "polygon", "landuse": null, "leisure": "park" }, "geometry": { "type": "MultiPolygon", "coordinates": [ [ [ [ 73.774104, 19.9998899 ], [ 73.7739722, 19.9996287 ], [ 73.7737946, 19.9995453 ], [ 73.7733018, 19.9996207 ], [ 73.7734336, 20.000073 ], [ 73.774104, 19.9998899 ] ] ] ] } },
{ "type": "Feature", "properties": { "osm_id": null, "name": "Rajiv Gandhi Bhawan", "feature_group": "landuse", "feature_type": "commercial", "geometry_source": "polygon", "landuse": "commercial", "leisure": null }, "geometry": { "type": "MultiPolygon", "coordinates": [ [ [ [ 73.7754357, 20.001507 ], [ 73.7760231, 20.0012242 ], [ 73.7763637, 20.001071 ], [ 73.7760392, 20.0002896 ], [ 73.7764281, 20.000151 ], [ 73.7761842, 19.9994026 ], [ 73.7755539, 19.9995937 ], [ 73.7745908, 19.9999443 ], [ 73.7754357, 20.001507 ] ] ] ] } },
{ "type": "Feature", "properties": { "osm_id": null, "name": null, "feature_group": "landuse", "feature_type": "industrial", "geometry_source": "polygon", "landuse": "industrial", "leisure": null }, "geometry": { "type": "MultiPolygon", "coordinates": [ [ [ [ 73.7498903, 20.0008542 ], [ 73.7519181, 20.0011567 ], [ 73.7517893, 20.0002191 ], [ 73.7498474, 19.9999166 ], [ 73.7498903, 20.0008542 ] ] ] ] } },
{ "type": "Feature", "properties": { "osm_id": null, "name": "Chatrapati Shivaji Maharaj Garden", "feature_group": "landuse", "feature_type": "park", "geometry_source": "polygon", "landuse": null, "leisure": "park" }, "geometry": { "type": "MultiPolygon", "coordinates": [ [ [ [ 73.7844694, 20.0010023 ], [ 73.7850782, 20.0009021 ], [ 73.7857025, 20.0007597 ], [ 73.7858199, 20.0007087 ], [ 73.786149, 20.000465 ], [ 73.7860847, 20.0004314 ], [ 73.7858923, 20.0004434 ], [ 73.7858849, 20.00034 ], [ 73.785778, 20.0003278 ], [ 73.7857709, 20.0002046 ], [ 73.7851916, 20.0002018 ], [ 73.785069, 20.0003739 ], [ 73.7846294, 20.0004571 ], [ 73.7841521, 20.0005276 ], [ 73.7826399, 20.0004378 ], [ 73.782605, 20.0004761 ], [ 73.7826178, 20.0005177 ], [ 73.7826625, 20.0005535 ], [ 73.7828699, 20.0006223 ], [ 73.7834799, 20.0008266 ], [ 73.78409, 20.001001 ], [ 73.7844694, 20.0010023 ] ] ] ] } },
{ "type": "Feature", "properties": { "osm_id": null, "name": null, "feature_group": "landuse", "feature_type": "park", "geometry_source": "polygon", "landuse": null, "leisure": "park" }, "geometry": { "type": "MultiPolygon", "coordinates": [ [ [ [ 73.7863241, 20.0006639 ], [ 73.7863228, 20.0007168 ], [ 73.7863456, 20.0007408 ], [ 73.7866393, 20.0007269 ], [ 73.7866513, 20.0006992 ], [ 73.7866071, 20.0005354 ], [ 73.7865561, 20.0005001 ], [ 73.7864783, 20.0005127 ], [ 73.7863241, 20.0006639 ] ] ] ] } },
{ "type": "Feature", "properties": { "osm_id": null, "name": "G. H. Deshpande park", "feature_group": "landuse", "feature_type": "park", "geometry_source": "polygon", "landuse": null, "leisure": "park" }, "geometry": { "type": "MultiPolygon", "coordinates": [ [ [ [ 73.7534985, 20.0007987 ], [ 73.7534288, 20.0002644 ], [ 73.7527931, 20.0003349 ], [ 73.752887, 20.0009978 ], [ 73.7534985, 20.0007987 ] ] ] ] } },
{ "type": "Feature", "properties": { "osm_id": null, "name": null, "feature_group": "landuse", "feature_type": "commercial", "geometry_source": "polygon", "landuse": "commercial", "leisure": null }, "geometry": { "type": "MultiPolygon", "coordinates": [ [ [ [ 73.7692237, 20.0008441 ], [ 73.7695295, 20.0011264 ], [ 73.7697172, 20.0010559 ], [ 73.7694973, 20.0001435 ], [ 73.7690574, 20.0002544 ], [ 73.7692237, 20.0008441 ] ] ] ] } },
{ "type": "Feature", "properties": { "osm_id": null, "name": null, "feature_group": "landuse", "feature_type": "commercial", "geometry_source": "polygon", "landuse": "commercial", "leisure": null }, "geometry": { "type": "MultiPolygon", "coordinates": [ [ [ [ 73.7858254, 20.0007214 ], [ 73.7856907, 20.0007806 ], [ 73.7850776, 20.000918 ], [ 73.7850919, 20.0009987 ], [ 73.7857051, 20.0008587 ], [ 73.7859486, 20.0007403 ], [ 73.7860862, 20.0006164 ], [ 73.7862323, 20.0004979 ], [ 73.7861864, 20.0004549 ], [ 73.7858254, 20.0007214 ] ] ] ] } },
{ "type": "Feature", "properties": { "osm_id": null, "name": null, "feature_group": "landuse", "feature_type": "commercial", "geometry_source": "polygon", "landuse": "commercial", "leisure": null }, "geometry": { "type": "MultiPolygon", "coordinates": [ [ [ [ 73.784214, 20.0010636 ], [ 73.7844478, 20.0010699 ], [ 73.7846879, 20.0010522 ], [ 73.7850117, 20.0009906 ], [ 73.7850002, 20.0009368 ], [ 73.7846249, 20.0010014 ], [ 73.7844617, 20.0010125 ], [ 73.7842159, 20.0010277 ], [ 73.784214, 20.0010636 ] ] ] ] } },
{ "type": "Feature", "properties": { "osm_id": null, "name": null, "feature_group": "landuse", "feature_type": "commercial", "geometry_source": "polygon", "landuse": "commercial", "leisure": null }, "geometry": { "type": "MultiPolygon", "coordinates": [ [ [ [ 73.7841502, 20.0012676 ], [ 73.7841341, 20.0011995 ], [ 73.7828842, 20.0008945 ], [ 73.7827796, 20.0008945 ], [ 73.782734, 20.0009878 ], [ 73.7829003, 20.0015196 ], [ 73.7841502, 20.0012676 ] ] ] ] } },
{ "type": "Feature", "properties": { "osm_id": null, "name": null, "feature_group": "landuse", "feature_type": "industrial", "geometry_source": "polygon", "landuse": "industrial", "leisure": null }, "geometry": { "type": "MultiPolygon", "coordinates": [ [ [ [ 73.72296, 20.0013961 ], [ 73.7227679, 19.9987471 ], [ 73.7217594, 19.9988983 ], [ 73.7219955, 20.0014994 ], [ 73.72296, 20.0013961 ] ] ] ] } },
{ "type": "Feature", "properties": { "osm_id": null, "name": null, "feature_group": "landuse", "feature_type": "industrial", "geometry_source": "polygon", "landuse": "industrial", "leisure": null }, "geometry": { "type": "MultiPolygon", "coordinates": [ [ [ [ 73.7215662, 19.998853 ], [ 73.7209117, 19.9989941 ], [ 73.7210351, 20.0004005 ], [ 73.7204879, 20.0004308 ], [ 73.7204772, 20.0002695 ], [ 73.7190624, 20.0003606 ], [ 73.7192015, 20.001723 ], [ 73.7218082, 20.0014956 ], [ 73.7215662, 19.998853 ] ] ] ] } },
{ "type": "Feature", "properties": { "osm_id": null, "name": null, "feature_group": "landuse", "feature_type": "industrial", "geometry_source": "polygon", "landuse": "industrial", "leisure": null }, "geometry": { "type": "MultiPolygon", "coordinates": [ [ [ [ 73.734237, 20.0021548 ], [ 73.7361467, 20.0019783 ], [ 73.7360179, 20.0010609 ], [ 73.7359589, 20.0007484 ], [ 73.735224, 20.000824 ], [ 73.735047, 20.0008895 ], [ 73.7341136, 20.0009954 ], [ 73.734237, 20.0021548 ] ] ] ] } },
{ "type": "Feature", "properties": { "osm_id": null, "name": null, "feature_group": "landuse", "feature_type": "industrial", "geometry_source": "polygon", "landuse": "industrial", "leisure": null }, "geometry": { "type": "MultiPolygon", "coordinates": [ [ [ [ 73.7405884, 20.0029109 ], [ 73.7433135, 20.0028302 ], [ 73.7434101, 20.0004409 ], [ 73.7436139, 20.0004409 ], [ 73.7436247, 19.9999973 ], [ 73.7428844, 19.9999973 ], [ 73.7429273, 20.0019632 ], [ 73.7405777, 20.0020035 ], [ 73.7405884, 20.0029109 ] ] ] ] } },
{ "type": "Feature", "properties": { "osm_id": null, "name": null, "feature_group": "landuse", "feature_type": "industrial", "geometry_source": "polygon", "landuse": "industrial", "leisure": null }, "geometry": { "type": "MultiPolygon", "coordinates": [ [ [ [ 73.7496328, 20.0010256 ], [ 73.7466073, 20.000582 ], [ 73.7468004, 20.0014591 ], [ 73.7475407, 20.0015902 ], [ 73.7474763, 20.0026387 ], [ 73.7496436, 20.0024774 ], [ 73.7496436, 20.0019834 ], [ 73.7476909, 20.0016809 ], [ 73.7476909, 20.0015196 ], [ 73.7495792, 20.0018221 ], [ 73.7496328, 20.0010256 ] ] ] ] } },
{ "type": "Feature", "properties": { "osm_id": null, "name": null, "feature_group": "landuse", "feature_type": "industrial", "geometry_source": "polygon", "landuse": "industrial", "leisure": null }, "geometry": { "type": "MultiPolygon", "coordinates": [ [ [ [ 73.7308144, 20.0035561 ], [ 73.7306964, 20.0020539 ], [ 73.7311041, 20.0019935 ], [ 73.7313509, 20.0025681 ], [ 73.7327778, 20.0025076 ], [ 73.7328637, 20.003415 ], [ 73.7335181, 20.0034452 ], [ 73.7336898, 20.0040904 ], [ 73.7341511, 20.0040602 ], [ 73.7338024, 20.0006425 ], [ 73.7290496, 20.0011365 ], [ 73.7292963, 20.0036569 ], [ 73.7308144, 20.0035561 ] ] ] ] } },
{ "type": "Feature", "properties": { "osm_id": null, "name": null, "feature_group": "landuse", "feature_type": "industrial", "geometry_source": "polygon", "landuse": "industrial", "leisure": null }, "geometry": { "type": "MultiPolygon", "coordinates": [ [ [ [ 73.7255654, 20.0042971 ], [ 73.7260733, 20.0043653 ], [ 73.7260884, 20.0042618 ], [ 73.7262601, 20.0042417 ], [ 73.727097, 20.0042971 ], [ 73.7271854, 20.0035813 ], [ 73.7285239, 20.0036368 ], [ 73.7286043, 20.0036166 ], [ 73.7290871, 20.0035864 ], [ 73.7289047, 20.0011567 ], [ 73.7244201, 20.0015196 ], [ 73.7253293, 20.0039266 ], [ 73.7255654, 20.0042971 ] ] ] ] } },
{ "type": "Feature", "properties": { "osm_id": null, "name": null, "feature_group": "landuse", "feature_type": "industrial", "geometry_source": "polygon", "landuse": "industrial", "leisure": null }, "geometry": { "type": "MultiPolygon", "coordinates": [ [ [ [ 73.7388986, 20.0026286 ], [ 73.7402129, 20.0040904 ], [ 73.7404972, 20.00404 ], [ 73.7403363, 20.0024824 ], [ 73.7388986, 20.0026286 ] ] ] ] } },
{ "type": "Feature", "properties": { "osm_id": null, "name": null, "feature_group": "landuse", "feature_type": "industrial", "geometry_source": "polygon", "landuse": "industrial", "leisure": null }, "geometry": { "type": "MultiPolygon", "coordinates": [ [ [ [ 73.7345695, 20.0047608 ], [ 73.7392688, 20.0041912 ], [ 73.7390864, 20.0031831 ], [ 73.7384657, 20.0032469 ], [ 73.7372732, 20.0033696 ], [ 73.7371346, 20.0022281 ], [ 73.7371123, 20.0020439 ], [ 73.736726, 20.0020917 ], [ 73.736136, 20.0021648 ], [ 73.7358463, 20.0021497 ], [ 73.734253, 20.0022909 ], [ 73.7345695, 20.0047608 ] ] ] ] } },
{ "type": "Feature", "properties": { "osm_id": null, "name": null, "feature_group": "landuse", "feature_type": "industrial", "geometry_source": "polygon", "landuse": "industrial", "leisure": null }, "geometry": { "type": "MultiPolygon", "coordinates": [ [ [ [ 73.7232614, 20.0053254 ], [ 73.7239158, 20.0053002 ], [ 73.7258846, 20.0056579 ], [ 73.726049, 20.004532 ], [ 73.7252676, 20.0044231 ], [ 73.7241948, 20.00157 ], [ 73.7212443, 20.0018523 ], [ 73.7216091, 20.0052296 ], [ 73.7222314, 20.0055825 ], [ 73.7232024, 20.006056 ], [ 73.7232614, 20.0053254 ] ] ] ] } },
{ "type": "Feature", "properties": { "osm_id": null, "name": null, "feature_group": "landuse", "feature_type": "commercial", "geometry_source": "polygon", "landuse": "commercial", "leisure": null }, "geometry": { "type": "MultiPolygon", "coordinates": [ [ [ [ 73.7857093, 20.0010059 ], [ 73.7853782, 20.0010637 ], [ 73.7850789, 20.0011634 ], [ 73.7847988, 20.0012242 ], [ 73.7844293, 20.001279 ], [ 73.7843504, 20.0012869 ], [ 73.7843767, 20.0014267 ], [ 73.7850366, 20.0012695 ], [ 73.7855835, 20.0011249 ], [ 73.7856002, 20.0012115 ], [ 73.7857476, 20.0012261 ], [ 73.7857093, 20.0010059 ] ] ] ] } },
{ "type": "Feature", "properties": { "osm_id": null, "name": null, "feature_group": "landuse", "feature_type": "commercial", "geometry_source": "polygon", "landuse": "commercial", "leisure": null }, "geometry": { "type": "MultiPolygon", "coordinates": [ [ [ [ 73.7858051, 20.0010584 ], [ 73.7858561, 20.001754 ], [ 73.7859097, 20.0019254 ], [ 73.7872428, 20.0018825 ], [ 73.7872642, 20.0018422 ], [ 73.7870631, 20.0011516 ], [ 73.7868994, 20.0009903 ], [ 73.7866098, 20.0008744 ], [ 73.7859043, 20.0009323 ], [ 73.7858051, 20.0010584 ] ] ] ] } },
{ "type": "Feature", "properties": { "osm_id": null, "name": null, "feature_group": "landuse", "feature_type": "industrial", "geometry_source": "polygon", "landuse": "industrial", "leisure": null }, "geometry": { "type": "MultiPolygon", "coordinates": [ [ [ [ 73.7498367, 20.0024975 ], [ 73.7521434, 20.0022657 ], [ 73.7519932, 20.0014087 ], [ 73.7498474, 20.0010861 ], [ 73.7498367, 20.0024975 ] ] ] ] } },
{ "type": "Feature", "properties": { "osm_id": null, "name": null, "feature_group": "landuse", "feature_type": "commercial", "geometry_source": "polygon", "landuse": "commercial", "leisure": null }, "geometry": { "type": "MultiPolygon", "coordinates": [ [ [ [ 73.7623224, 20.0004968 ], [ 73.7617145, 20.0006766 ], [ 73.7623574, 20.0032717 ], [ 73.7631442, 20.0033677 ], [ 73.7623224, 20.0004968 ] ] ] ] } },
{ "type": "Feature", "properties": { "osm_id": null, "name": "Krushinagar Joggers Park", "feature_group": "landuse", "feature_type": "park", "geometry_source": "polygon", "landuse": null, "leisure": "park" }, "geometry": { "type": "MultiPolygon", "coordinates": [ [ [ [ 73.7578554, 20.0035675 ], [ 73.757954, 20.0035818 ], [ 73.7580223, 20.0035105 ], [ 73.7582926, 20.0030901 ], [ 73.758676, 20.0025984 ], [ 73.7593391, 20.0021406 ], [ 73.7607014, 20.0009749 ], [ 73.7610623, 20.0006612 ], [ 73.7608277, 20.0004366 ], [ 73.7605525, 20.0006485 ], [ 73.7603631, 20.0007121 ], [ 73.7600473, 20.0009537 ], [ 73.7598804, 20.0012123 ], [ 73.7589557, 20.0019795 ], [ 73.7583647, 20.0024585 ], [ 73.7577492, 20.0033608 ], [ 73.7578554, 20.0035675 ] ] ] ] } },
{ "type": "Feature", "properties": { "osm_id": null, "name": null, "feature_group": "landuse", "feature_type": "commercial", "geometry_source": "polygon", "landuse": "commercial", "leisure": null }, "geometry": { "type": "MultiPolygon", "coordinates": [ [ [ [ 73.7702751, 20.0029714 ], [ 73.7712729, 20.0027345 ], [ 73.7711656, 20.002432 ], [ 73.7705058, 20.0026135 ], [ 73.7702697, 20.0017868 ], [ 73.7700015, 20.0010508 ], [ 73.7698191, 20.0011315 ], [ 73.769685, 20.0012071 ], [ 73.7702751, 20.0029714 ] ] ] ] } },
{ "type": "Feature", "properties": { "osm_id": null, "name": null, "feature_group": "landuse", "feature_type": "commercial", "geometry_source": "polygon", "landuse": "commercial", "leisure": null }, "geometry": { "type": "MultiPolygon", "coordinates": [ [ [ [ 73.7693578, 20.0032184 ], [ 73.7700766, 20.0030167 ], [ 73.7697172, 20.0018977 ], [ 73.7694007, 20.0013129 ], [ 73.7691915, 20.0014188 ], [ 73.7693524, 20.0017263 ], [ 73.7697494, 20.0028655 ], [ 73.7692934, 20.0029966 ], [ 73.7693578, 20.0032184 ] ] ] ] } },
{ "type": "Feature", "properties": { "osm_id": null, "name": null, "feature_group": "landuse", "feature_type": "residential", "geometry_source": "polygon", "landuse": "residential", "leisure": null }, "geometry": { "type": "MultiPolygon", "coordinates": [ [ [ [ 73.7634739, 20.0031159 ], [ 73.7634302, 20.0029416 ], [ 73.7631595, 20.0030016 ], [ 73.7632032, 20.0031758 ], [ 73.7634739, 20.0031159 ] ] ] ] } },
{ "type": "Feature", "properties": { "osm_id": null, "name": "Jaai Bungalow", "feature_group": "landuse", "feature_type": "residential", "geometry_source": "polygon", "landuse": "residential", "leisure": null }, "geometry": { "type": "MultiPolygon", "coordinates": [ [ [ [ 73.766707, 20.0032683 ], [ 73.7666938, 20.0032192 ], [ 73.7665487, 20.0032425 ], [ 73.7665522, 20.0032932 ], [ 73.766707, 20.0032683 ] ] ] ] } },
{ "type": "Feature", "properties": { "osm_id": null, "name": null, "feature_group": "landuse", "feature_type": "residential", "geometry_source": "polygon", "landuse": "residential", "leisure": null }, "geometry": { "type": "MultiPolygon", "coordinates": [ [ [ [ 73.780929, 20.0021851 ], [ 73.7798323, 20.0021589 ], [ 73.7797578, 20.0026073 ], [ 73.7776123, 20.0025999 ], [ 73.7773379, 20.001398 ], [ 73.7772066, 20.0010075 ], [ 73.7768809, 20.0010351 ], [ 73.7767686, 20.0010857 ], [ 73.7754349, 20.0017322 ], [ 73.7752576, 20.0018022 ], [ 73.7761069, 20.0047932 ], [ 73.7760045, 20.0048113 ], [ 73.7744005, 20.0051138 ], [ 73.7746478, 20.0062802 ], [ 73.7750442, 20.0061471 ], [ 73.776341, 20.0058867 ], [ 73.7771477, 20.0057587 ], [ 73.7777761, 20.0057235 ], [ 73.7802455, 20.0058512 ], [ 73.7811516, 20.0058423 ], [ 73.7810041, 20.0019885 ], [ 73.780929, 20.0021851 ] ] ] ] } },
{ "type": "Feature", "properties": { "osm_id": null, "name": null, "feature_group": "landuse", "feature_type": "commercial", "geometry_source": "polygon", "landuse": "commercial", "leisure": null }, "geometry": { "type": "MultiPolygon", "coordinates": [ [ [ [ 73.8029417, 19.9980867 ], [ 73.803218, 19.9989135 ], [ 73.8033897, 19.9999292 ], [ 73.8034031, 20.0006979 ], [ 73.8041273, 20.0006576 ], [ 73.8040119, 20.000214 ], [ 73.8034889, 19.998606 ], [ 73.8033038, 19.9976431 ], [ 73.8031831, 19.9975776 ], [ 73.8027942, 19.9976104 ], [ 73.8029417, 19.9980867 ] ] ] ] } },
{ "type": "Feature", "properties": { "osm_id": null, "name": null, "feature_group": "landuse", "feature_type": "residential", "geometry_source": "polygon", "landuse": "residential", "leisure": null }, "geometry": { "type": "MultiPolygon", "coordinates": [ [ [ [ 73.7958473, 20.0011364 ], [ 73.796078, 20.0011313 ], [ 73.7960887, 20.0013027 ], [ 73.7969685, 20.0012575 ], [ 73.7979554, 20.0012071 ], [ 73.7980412, 20.0011667 ], [ 73.7981002, 20.0011188 ], [ 73.7981297, 20.0010962 ], [ 73.798151, 20.0010381 ], [ 73.7981619, 20.0009575 ], [ 73.798143, 20.0008994 ], [ 73.7980868, 20.0008517 ], [ 73.7980089, 20.0008213 ], [ 73.7977864, 20.00064 ], [ 73.7973358, 20.0002871 ], [ 73.7970326, 20.0001156 ], [ 73.7963435, 19.9999594 ], [ 73.7962091, 19.9998761 ], [ 73.7960216, 19.9998637 ], [ 73.7959841, 19.9998763 ], [ 73.7952894, 20.0001661 ], [ 73.7953109, 20.0002316 ], [ 73.7954477, 20.0004736 ], [ 73.7955174, 20.0007483 ], [ 73.795563, 20.0008466 ], [ 73.7956864, 20.0011592 ], [ 73.7957346, 20.0012725 ], [ 73.7958473, 20.0011364 ] ] ] ] } },
{ "type": "Feature", "properties": { "osm_id": null, "name": "Tapovan", "feature_group": "landuse", "feature_type": "park", "geometry_source": "polygon", "landuse": null, "leisure": "park" }, "geometry": { "type": "MultiPolygon", "coordinates": [ [ [ [ 73.8109278, 20.0004429 ], [ 73.810956, 20.000552 ], [ 73.8115434, 20.0014089 ], [ 73.8116882, 20.0014644 ], [ 73.8118813, 20.0014745 ], [ 73.8120369, 20.0014946 ], [ 73.8122568, 20.0015198 ], [ 73.8124862, 20.0015216 ], [ 73.8125733, 20.0014845 ], [ 73.8126109, 20.0014341 ], [ 73.8126162, 20.001172 ], [ 73.8127664, 20.0009754 ], [ 73.8129006, 20.0010208 ], [ 73.8130937, 20.0010258 ], [ 73.8133445, 20.0010629 ], [ 73.8135657, 20.001046 ], [ 73.8137468, 20.0009923 ], [ 73.8138447, 20.00093 ], [ 73.8139842, 20.0008242 ], [ 73.8141277, 20.0007352 ], [ 73.8142886, 20.0006243 ], [ 73.8144133, 20.0005621 ], [ 73.8145313, 20.0005721 ], [ 73.8147861, 20.0005369 ], [ 73.8147607, 20.0003547 ], [ 73.8143181, 20.0001933 ], [ 73.8139506, 20.000095 ], [ 73.8137173, 20.0000421 ], [ 73.8135349, 20.0000068 ], [ 73.8132935, 19.9999942 ], [ 73.8130386, 19.9999866 ], [ 73.8127759, 19.9999741 ], [ 73.8125479, 19.999964 ], [ 73.8123145, 19.999969 ], [ 73.8121616, 19.9999816 ], [ 73.8120006, 20.000032 ], [ 73.8118692, 20.0000724 ], [ 73.811719, 20.0001202 ], [ 73.8115823, 20.0001656 ], [ 73.8113838, 20.0002185 ], [ 73.8112416, 20.0002462 ], [ 73.8110511, 20.0002764 ], [ 73.8109707, 20.0003421 ], [ 73.8109278, 20.0004429 ] ] ] ] } },
{ "type": "Feature", "properties": { "osm_id": null, "name": null, "feature_group": "landuse", "feature_type": "retail", "geometry_source": "polygon", "landuse": "retail", "leisure": null }, "geometry": { "type": "MultiPolygon", "coordinates": [ [ [ [ 73.7887126, 20.0025731 ], [ 73.7889808, 20.0025631 ], [ 73.7889755, 20.002185 ], [ 73.789815, 20.0021825 ], [ 73.7902495, 20.0021749 ], [ 73.7902522, 20.0018876 ], [ 73.7899893, 20.0018876 ], [ 73.7900189, 20.0003879 ], [ 73.7900698, 19.9996948 ], [ 73.7900698, 19.9993747 ], [ 73.7898687, 19.9993974 ], [ 73.7896836, 20.0012172 ], [ 73.7896702, 20.001817 ], [ 73.789005, 20.0017792 ], [ 73.7889943, 20.0015045 ], [ 73.7880555, 20.001502 ], [ 73.7876934, 20.0016381 ], [ 73.7873796, 20.0017666 ], [ 73.7873769, 20.0019531 ], [ 73.7876344, 20.0018699 ], [ 73.7877336, 20.0021548 ], [ 73.7878382, 20.0021321 ], [ 73.7877765, 20.0018876 ], [ 73.7881789, 20.0017792 ], [ 73.7886348, 20.0017742 ], [ 73.7887126, 20.0025731 ] ] ] ] } },
{ "type": "Feature", "properties": { "osm_id": null, "name": null, "feature_group": "landuse", "feature_type": "industrial", "geometry_source": "polygon", "landuse": "industrial", "leisure": null }, "geometry": { "type": "MultiPolygon", "coordinates": [ [ [ [ 73.8205558, 20.0039241 ], [ 73.8217038, 20.0040803 ], [ 73.8215536, 20.0019582 ], [ 73.8205987, 20.001938 ], [ 73.8205558, 20.0039241 ] ] ] ] } },
{ "type": "Feature", "properties": { "osm_id": null, "name": null, "feature_group": "landuse", "feature_type": "park", "geometry_source": "polygon", "landuse": null, "leisure": "park" }, "geometry": { "type": "MultiPolygon", "coordinates": [ [ [ [ 73.8085582, 20.0034604 ], [ 73.8083973, 20.0032689 ], [ 73.8080844, 20.003454 ], [ 73.8081907, 20.0036141 ], [ 73.8085582, 20.0034604 ] ] ] ] } },
{ "type": "Feature", "properties": { "osm_id": null, "name": null, "feature_group": "landuse", "feature_type": "industrial", "geometry_source": "polygon", "landuse": "industrial", "leisure": null }, "geometry": { "type": "MultiPolygon", "coordinates": [ [ [ [ 73.7984008, 20.0032133 ], [ 73.7984649, 20.0039697 ], [ 73.7988164, 20.0039116 ], [ 73.7988176, 20.0033287 ], [ 73.7988016, 20.0031861 ], [ 73.7984008, 20.0032133 ] ] ] ] } },
{ "type": "Feature", "properties": { "osm_id": null, "name": "Tapovan Bus Depot", "feature_group": "landuse", "feature_type": "industrial", "geometry_source": "polygon", "landuse": "industrial", "leisure": null }, "geometry": { "type": "MultiPolygon", "coordinates": [ [ [ [ 73.8123429, 20.0078054 ], [ 73.8136303, 20.007624 ], [ 73.8138654, 20.0087261 ], [ 73.8147238, 20.0085486 ], [ 73.814821, 20.0083963 ], [ 73.8148589, 20.0082847 ], [ 73.8148589, 20.0081679 ], [ 73.8148372, 20.0080715 ], [ 73.8142633, 20.0068679 ], [ 73.8122463, 20.007266 ], [ 73.8123429, 20.0078054 ] ] ] ] } },
{ "type": "Feature", "properties": { "osm_id": null, "name": "Panchvati Depot", "feature_group": "landuse", "feature_type": "industrial", "geometry_source": "polygon", "landuse": "industrial", "leisure": null }, "geometry": { "type": "MultiPolygon", "coordinates": [ [ [ [ 73.8058066, 20.0091527 ], [ 73.8053469, 20.0087006 ], [ 73.8047607, 20.008124 ], [ 73.8044218, 20.0077625 ], [ 73.8041104, 20.0072634 ], [ 73.8036342, 20.00821 ], [ 73.8032403, 20.0089329 ], [ 73.8036336, 20.0090116 ], [ 73.8057498, 20.0092255 ], [ 73.8058066, 20.0091527 ] ] ] ] } },
{ "type": "Feature", "properties": { "osm_id": null, "name": null, "feature_group": "landuse", "feature_type": "industrial", "geometry_source": "polygon", "landuse": "industrial", "leisure": null }, "geometry": { "type": "MultiPolygon", "coordinates": [ [ [ [ 73.8185763, 20.0096759 ], [ 73.81846, 20.0087134 ], [ 73.8186273, 20.0085489 ], [ 73.818799, 20.0093554 ], [ 73.8193166, 20.0092748 ], [ 73.8192388, 20.0088992 ], [ 73.8199098, 20.008814 ], [ 73.8196926, 20.0075463 ], [ 73.8178735, 20.008229 ], [ 73.8179617, 20.0091419 ], [ 73.8180613, 20.0096961 ], [ 73.8185763, 20.0096759 ] ] ] ] } },
{ "type": "Feature", "properties": { "osm_id": null, "name": "Nashik Collector's Office", "feature_group": "landuse", "feature_type": "commercial", "geometry_source": "polygon", "landuse": "commercial", "leisure": null }, "geometry": { "type": "MultiPolygon", "coordinates": [ [ [ [ 73.7831808, 20.0029896 ], [ 73.7821485, 20.003045 ], [ 73.7821718, 20.0043598 ], [ 73.7831328, 20.0043487 ], [ 73.783161, 20.0040816 ], [ 73.7835074, 20.0040583 ], [ 73.7831808, 20.0029896 ] ] ] ] } },
{ "type": "Feature", "properties": { "osm_id": null, "name": null, "feature_group": "landuse", "feature_type": "commercial", "geometry_source": "polygon", "landuse": "commercial", "leisure": null }, "geometry": { "type": "MultiPolygon", "coordinates": [ [ [ [ 73.7831496, 20.0028656 ], [ 73.7826891, 20.0014461 ], [ 73.781846, 20.0016074 ], [ 73.7815617, 20.0016911 ], [ 73.7814874, 20.0017334 ], [ 73.7810041, 20.0019885 ], [ 73.7811516, 20.0058423 ], [ 73.7812688, 20.0058411 ], [ 73.781827, 20.0058363 ], [ 73.7822043, 20.0059538 ], [ 73.7824276, 20.0060685 ], [ 73.7824094, 20.0053632 ], [ 73.7829351, 20.0053103 ], [ 73.7828547, 20.0048717 ], [ 73.7837708, 20.0046862 ], [ 73.7831496, 20.0028656 ] ] ] ] } },
{ "type": "Feature", "properties": { "osm_id": null, "name": null, "feature_group": "landuse", "feature_type": "commercial", "geometry_source": "polygon", "landuse": "commercial", "leisure": null }, "geometry": { "type": "MultiPolygon", "coordinates": [ [ [ [ 73.7634033, 20.005764 ], [ 73.7640202, 20.0056531 ], [ 73.7637412, 20.004408 ], [ 73.7630761, 20.0045491 ], [ 73.7634033, 20.005764 ] ] ] ] } },
{ "type": "Feature", "properties": { "osm_id": null, "name": null, "feature_group": "landuse", "feature_type": "retail", "geometry_source": "polygon", "landuse": "retail", "leisure": null }, "geometry": { "type": "MultiPolygon", "coordinates": [ [ [ [ 73.7661177, 20.0054842 ], [ 73.7665171, 20.0053911 ], [ 73.7663508, 20.004761 ], [ 73.7659514, 20.0048541 ], [ 73.7661177, 20.0054842 ] ] ] ] } },
{ "type": "Feature", "properties": { "osm_id": null, "name": null, "feature_group": "landuse", "feature_type": "commercial", "geometry_source": "polygon", "landuse": "commercial", "leisure": null }, "geometry": { "type": "MultiPolygon", "coordinates": [ [ [ [ 73.7637522, 20.0056062 ], [ 73.7636979, 20.0054 ], [ 73.7633803, 20.0054652 ], [ 73.7634293, 20.0056715 ], [ 73.7637522, 20.0056062 ] ] ] ] } },
{ "type": "Feature", "properties": { "osm_id": null, "name": null, "feature_group": "landuse", "feature_type": "residential", "geometry_source": "polygon", "landuse": "residential", "leisure": null }, "geometry": { "type": "MultiPolygon", "coordinates": [ [ [ [ 73.7828039, 20.006273 ], [ 73.7835504, 20.0066233 ], [ 73.7838497, 20.0067272 ], [ 73.7841723, 20.0067802 ], [ 73.7844283, 20.0068366 ], [ 73.7845855, 20.0068504 ], [ 73.7846363, 20.0068044 ], [ 73.7839841, 20.0051259 ], [ 73.7839443, 20.0049696 ], [ 73.7837708, 20.0046862 ], [ 73.7828547, 20.0048717 ], [ 73.7829351, 20.0053103 ], [ 73.7824094, 20.0053632 ], [ 73.7824276, 20.0060685 ], [ 73.7828039, 20.006273 ] ] ] ] } },
{ "type": "Feature", "properties": { "osm_id": null, "name": null, "feature_group": "landuse", "feature_type": "residential", "geometry_source": "polygon", "landuse": "residential", "leisure": null }, "geometry": { "type": "MultiPolygon", "coordinates": [ [ [ [ 73.7737872, 20.0065907 ], [ 73.7739016, 20.0065554 ], [ 73.7739665, 20.0065322 ], [ 73.7736017, 20.0051611 ], [ 73.7731867, 20.0052064 ], [ 73.7735904, 20.0066309 ], [ 73.7737872, 20.0065907 ] ] ] ] } },
{ "type": "Feature", "properties": { "osm_id": null, "name": null, "feature_group": "landuse", "feature_type": "retail", "geometry_source": "polygon", "landuse": "retail", "leisure": null }, "geometry": { "type": "MultiPolygon", "coordinates": [ [ [ [ 73.7884825, 20.0072172 ], [ 73.7893892, 20.0070256 ], [ 73.789648, 20.0079947 ], [ 73.7898905, 20.0079076 ], [ 73.7897118, 20.0075289 ], [ 73.7894663, 20.006807 ], [ 73.7887664, 20.0069407 ], [ 73.7886096, 20.006658 ], [ 73.7877397, 20.0068755 ], [ 73.7850996, 20.0069182 ], [ 73.7853847, 20.0072473 ], [ 73.7884825, 20.0072172 ] ] ] ] } },
{ "type": "Feature", "properties": { "osm_id": null, "name": null, "feature_group": "landuse", "feature_type": "residential", "geometry_source": "polygon", "landuse": "residential", "leisure": null }, "geometry": { "type": "MultiPolygon", "coordinates": [ [ [ [ 73.7672376, 20.0090172 ], [ 73.7665523, 20.0070392 ], [ 73.7660486, 20.0057114 ], [ 73.7657047, 20.0058446 ], [ 73.7666917, 20.0086925 ], [ 73.7668527, 20.0091512 ], [ 73.7672376, 20.0090172 ] ] ] ] } },
{ "type": "Feature", "properties": { "osm_id": null, "name": null, "feature_group": "landuse", "feature_type": "commercial", "geometry_source": "polygon", "landuse": "commercial", "leisure": null }, "geometry": { "type": "MultiPolygon", "coordinates": [ [ [ [ 73.7636643, 20.0058938 ], [ 73.7630631, 20.0060144 ], [ 73.7638072, 20.010196 ], [ 73.7643904, 20.0099666 ], [ 73.7636643, 20.0058938 ] ] ] ] } },
{ "type": "Feature", "properties": { "osm_id": null, "name": null, "feature_group": "landuse", "feature_type": "retail", "geometry_source": "polygon", "landuse": "retail", "leisure": null }, "geometry": { "type": "MultiPolygon", "coordinates": [ [ [ [ 73.79274, 20.009182 ], [ 73.7929371, 20.0091277 ], [ 73.7925957, 20.008472 ], [ 73.7924308, 20.0086505 ], [ 73.79274, 20.009182 ] ] ] ] } },
{ "type": "Feature", "properties": { "osm_id": null, "name": null, "feature_group": "landuse", "feature_type": "industrial", "geometry_source": "polygon", "landuse": "industrial", "leisure": null }, "geometry": { "type": "MultiPolygon", "coordinates": [ [ [ [ 73.8169428, 20.0083751 ], [ 73.8163908, 20.0084561 ], [ 73.8167417, 20.0092828 ], [ 73.8170447, 20.009232 ], [ 73.8169428, 20.0083751 ] ] ] ] } },
{ "type": "Feature", "properties": { "osm_id": null, "name": "Dharamveer Chatrapati Sambajo Raje Bhosle Udyan", "feature_group": "landuse", "feature_type": "park", "geometry_source": "polygon", "landuse": null, "leisure": "park" }, "geometry": { "type": "MultiPolygon", "coordinates": [ [ [ [ 73.7897358, 20.0088025 ], [ 73.7897571, 20.0090365 ], [ 73.7898045, 20.0090692 ], [ 73.7899981, 20.0088779 ], [ 73.7901057, 20.0085892 ], [ 73.7897358, 20.0088025 ] ] ] ] } },
{ "type": "Feature", "properties": { "osm_id": null, "name": null, "feature_group": "landuse", "feature_type": "residential", "geometry_source": "polygon", "landuse": "residential", "leisure": null }, "geometry": { "type": "MultiPolygon", "coordinates": [ [ [ [ 73.791553, 20.0092471 ], [ 73.7918534, 20.0094387 ], [ 73.792186, 20.0088514 ], [ 73.7923287, 20.0086836 ], [ 73.7923367, 20.0084996 ], [ 73.7923072, 20.008487 ], [ 73.7919631, 20.008538 ], [ 73.7916044, 20.0085513 ], [ 73.7914215, 20.0086171 ], [ 73.7912526, 20.0088111 ], [ 73.7912526, 20.0089346 ], [ 73.791553, 20.0092471 ] ] ] ] } },
{ "type": "Feature", "properties": { "osm_id": null, "name": null, "feature_group": "landuse", "feature_type": "commercial", "geometry_source": "polygon", "landuse": "commercial", "leisure": null }, "geometry": { "type": "MultiPolygon", "coordinates": [ [ [ [ 73.7956488, 20.0097612 ], [ 73.7954557, 20.0090668 ], [ 73.7952559, 20.009111 ], [ 73.7952451, 20.0090807 ], [ 73.7951781, 20.0090996 ], [ 73.7951647, 20.0090555 ], [ 73.7947489, 20.0090719 ], [ 73.7950855, 20.0098809 ], [ 73.7951499, 20.0100586 ], [ 73.7954224, 20.010012 ], [ 73.7954034, 20.0099288 ], [ 73.7953109, 20.009949 ], [ 73.7952839, 20.009838 ], [ 73.7956488, 20.0097612 ] ] ] ] } },
{ "type": "Feature", "properties": { "osm_id": null, "name": null, "feature_group": "landuse", "feature_type": "residential", "geometry_source": "polygon", "landuse": "residential", "leisure": null }, "geometry": { "type": "MultiPolygon", "coordinates": [ [ [ [ 73.8036846, 20.0098671 ], [ 73.8032635, 20.009198 ], [ 73.8028062, 20.009644 ], [ 73.8032823, 20.0101544 ], [ 73.8036846, 20.0098671 ] ] ] ] } },
{ "type": "Feature", "properties": { "osm_id": null, "name": null, "feature_group": "landuse", "feature_type": "residential", "geometry_source": "polygon", "landuse": "residential", "leisure": null }, "geometry": { "type": "MultiPolygon", "coordinates": [ [ [ [ 73.7961088, 20.0101203 ], [ 73.7964052, 20.010158 ], [ 73.7963891, 20.0099716 ], [ 73.796538, 20.0099578 ], [ 73.7963676, 20.0093945 ], [ 73.7962067, 20.0094121 ], [ 73.7962322, 20.0099313 ], [ 73.7959559, 20.0099502 ], [ 73.7959573, 20.0100183 ], [ 73.795858, 20.0100296 ], [ 73.7958647, 20.0100674 ], [ 73.7961088, 20.0101203 ] ] ] ] } },
{ "type": "Feature", "properties": { "osm_id": "20142523", "name": "Ramwadi Joggers' Park", "feature_group": "landuse", "feature_type": "park", "geometry_source": "polygon", "landuse": null, "leisure": "park" }, "geometry": { "type": "MultiPolygon", "coordinates": [ [ [ [ 73.7884599, 20.0109479 ], [ 73.7885859, 20.0109656 ], [ 73.7887153, 20.0110037 ], [ 73.7895817, 20.0108399 ], [ 73.7895253, 20.0104744 ], [ 73.7899191, 20.01032 ], [ 73.7900956, 20.0101868 ], [ 73.790581, 20.0098284 ], [ 73.7910756, 20.0092269 ], [ 73.7909442, 20.0090757 ], [ 73.7908825, 20.0091941 ], [ 73.7905258, 20.0095495 ], [ 73.7901878, 20.0098318 ], [ 73.7895226, 20.0102224 ], [ 73.7891659, 20.0104013 ], [ 73.7887529, 20.0105702 ], [ 73.7883505, 20.0107139 ], [ 73.7882855, 20.0109504 ], [ 73.7884599, 20.0109479 ] ] ], [ [ [ 73.7874962, 20.0107227 ], [ 73.7870631, 20.0105979 ], [ 73.7863469, 20.0105223 ], [ 73.7858319, 20.010424 ], [ 73.7856442, 20.0104114 ], [ 73.7856388, 20.0106357 ], [ 73.7857836, 20.0107365 ], [ 73.7860519, 20.0108096 ], [ 73.7871333, 20.0110557 ], [ 73.7875301, 20.0110663 ], [ 73.78792, 20.0110089 ], [ 73.7879643, 20.0107441 ], [ 73.7874962, 20.0107227 ] ] ] ] } },
{ "type": "Feature", "properties": { "osm_id": null, "name": null, "feature_group": "landuse", "feature_type": "residential", "geometry_source": "polygon", "landuse": "residential", "leisure": null }, "geometry": { "type": "MultiPolygon", "coordinates": [ [ [ [ 73.7968156, 20.0101014 ], [ 73.7967136, 20.0095016 ], [ 73.7965286, 20.0095104 ], [ 73.7966627, 20.0102514 ], [ 73.7967351, 20.0109545 ], [ 73.7968826, 20.0108777 ], [ 73.7968156, 20.0101014 ] ] ] ] } },
{ "type": "Feature", "properties": { "osm_id": null, "name": null, "feature_group": "landuse", "feature_type": "commercial", "geometry_source": "polygon", "landuse": "commercial", "leisure": null }, "geometry": { "type": "MultiPolygon", "coordinates": [ [ [ [ 73.7953484, 20.01055 ], [ 73.7966131, 20.0104316 ], [ 73.7965849, 20.0101808 ], [ 73.7964052, 20.010158 ], [ 73.7961088, 20.0101203 ], [ 73.7958647, 20.0100674 ], [ 73.7957481, 20.0100069 ], [ 73.795217, 20.010109 ], [ 73.7953484, 20.01055 ] ] ] ] } },
{ "type": "Feature", "properties": { "osm_id": null, "name": "Kane's", "feature_group": "landuse", "feature_type": "residential", "geometry_source": "polygon", "landuse": "residential", "leisure": null }, "geometry": { "type": "MultiPolygon", "coordinates": [ [ [ [ 73.7585858, 20.0093432 ], [ 73.7585696, 20.0092294 ], [ 73.7584571, 20.009241 ], [ 73.7584914, 20.0093835 ], [ 73.7585858, 20.0093432 ] ] ] ] } },
{ "type": "Feature", "properties": { "osm_id": null, "name": "Samnerkar's", "feature_group": "landuse", "feature_type": "residential", "geometry_source": "polygon", "landuse": "residential", "leisure": null }, "geometry": { "type": "MultiPolygon", "coordinates": [ [ [ [ 73.7587434, 20.0094861 ], [ 73.7587741, 20.009483 ], [ 73.7587741, 20.0094588 ], [ 73.7587874, 20.0094549 ], [ 73.7587982, 20.0094814 ], [ 73.7588314, 20.0094643 ], [ 73.7588173, 20.0094385 ], [ 73.7588347, 20.0094268 ], [ 73.7588397, 20.0094011 ], [ 73.7588123, 20.00938 ], [ 73.7587725, 20.0093582 ], [ 73.7587252, 20.0093972 ], [ 73.7587359, 20.009458 ], [ 73.7587434, 20.0094861 ] ] ] ] } },
{ "type": "Feature", "properties": { "osm_id": null, "name": "Shantikunj Apartment", "feature_group": "landuse", "feature_type": "residential", "geometry_source": "polygon", "landuse": "residential", "leisure": null }, "geometry": { "type": "MultiPolygon", "coordinates": [ [ [ [ 73.7585518, 20.0098283 ], [ 73.7585617, 20.0098622 ], [ 73.7585934, 20.0098571 ], [ 73.7585945, 20.0098355 ], [ 73.7586197, 20.0098283 ], [ 73.7586197, 20.0098087 ], [ 73.7586362, 20.0098026 ], [ 73.7586635, 20.0097953 ], [ 73.7586614, 20.0098139 ], [ 73.7587052, 20.0098098 ], [ 73.7586997, 20.0097645 ], [ 73.7586383, 20.0097727 ], [ 73.7586044, 20.0097758 ], [ 73.7586077, 20.0098128 ], [ 73.7585901, 20.0098149 ], [ 73.7585847, 20.0097696 ], [ 73.758554, 20.0097665 ], [ 73.7585485, 20.0097254 ], [ 73.7585693, 20.0097223 ], [ 73.7585628, 20.0097017 ], [ 73.7585354, 20.009712 ], [ 73.7585376, 20.0097542 ], [ 73.7585168, 20.0097562 ], [ 73.7585168, 20.0097006 ], [ 73.7584927, 20.0096934 ], [ 73.7585058, 20.0097624 ], [ 73.7584927, 20.0097676 ], [ 73.7585091, 20.0098355 ], [ 73.7585518, 20.0098283 ] ] ] ] } },
{ "type": "Feature", "properties": { "osm_id": null, "name": null, "feature_group": "landuse", "feature_type": "park", "geometry_source": "polygon", "landuse": null, "leisure": "park" }, "geometry": { "type": "MultiPolygon", "coordinates": [ [ [ [ 73.7564837, 20.0105776 ], [ 73.7563978, 20.0099122 ], [ 73.7560384, 20.0099525 ], [ 73.7561296, 20.0106179 ], [ 73.7564837, 20.0105776 ] ] ] ] } },
{ "type": "Feature", "properties": { "osm_id": null, "name": null, "feature_group": "landuse", "feature_type": "park", "geometry_source": "polygon", "landuse": null, "leisure": "park" }, "geometry": { "type": "MultiPolygon", "coordinates": [ [ [ [ 73.7575381, 20.0109772 ], [ 73.7573037, 20.0098519 ], [ 73.757057, 20.0098821 ], [ 73.7571696, 20.010986 ], [ 73.7575381, 20.0109772 ] ] ] ] } },
{ "type": "Feature", "properties": { "osm_id": null, "name": "National Tennis Aca", "feature_group": "landuse", "feature_type": "park", "geometry_source": "polygon", "landuse": null, "leisure": "park" }, "geometry": { "type": "MultiPolygon", "coordinates": [ [ [ [ 73.7588629, 20.0108327 ], [ 73.7590464, 20.0109916 ], [ 73.7592228, 20.0109481 ], [ 73.759071, 20.0102921 ], [ 73.758594, 20.0103655 ], [ 73.7586706, 20.0108707 ], [ 73.7588629, 20.0108327 ] ] ] ] } },
{ "type": "Feature", "properties": { "osm_id": null, "name": null, "feature_group": "landuse", "feature_type": "residential", "geometry_source": "polygon", "landuse": "residential", "leisure": null }, "geometry": { "type": "MultiPolygon", "coordinates": [ [ [ [ 73.7837173, 20.0113405 ], [ 73.7852138, 20.0113325 ], [ 73.7852739, 20.0109583 ], [ 73.784936, 20.0109432 ], [ 73.7849387, 20.0103635 ], [ 73.7846875, 20.0102816 ], [ 73.7846222, 20.0103887 ], [ 73.7843066, 20.0102665 ], [ 73.7837585, 20.0112935 ], [ 73.7837173, 20.0113405 ] ] ] ] } },
{ "type": "Feature", "properties": { "osm_id": null, "name": "Rasal Open Plot", "feature_group": "landuse", "feature_type": "residential", "geometry_source": "polygon", "landuse": "residential", "leisure": null }, "geometry": { "type": "MultiPolygon", "coordinates": [ [ [ [ 73.786761, 20.0136843 ], [ 73.7867619, 20.0136522 ], [ 73.7866721, 20.0136499 ], [ 73.7866712, 20.013682 ], [ 73.786761, 20.0136843 ] ] ] ] } },
{ "type": "Feature", "properties": { "osm_id": null, "name": "Open Ground", "feature_group": "landuse", "feature_type": "residential", "geometry_source": "polygon", "landuse": "residential", "leisure": null }, "geometry": { "type": "MultiPolygon", "coordinates": [ [ [ [ 73.7866592, 20.0140398 ], [ 73.7866458, 20.0141784 ], [ 73.7867021, 20.0141734 ], [ 73.7867075, 20.0140474 ], [ 73.7867719, 20.0140398 ], [ 73.7868604, 20.0140297 ], [ 73.7868631, 20.0139289 ], [ 73.7868012, 20.0139213 ], [ 73.7865975, 20.0139213 ], [ 73.7865975, 20.0140045 ], [ 73.7866592, 20.0140398 ] ] ] ] } },
{ "type": "Feature", "properties": { "osm_id": null, "name": "Open Plot", "feature_group": "landuse", "feature_type": "residential", "geometry_source": "polygon", "landuse": "residential", "leisure": null }, "geometry": { "type": "MultiPolygon", "coordinates": [ [ [ [ 73.785561, 20.0142672 ], [ 73.7855603, 20.0141336 ], [ 73.7858066, 20.0141325 ], [ 73.7858058, 20.0139865 ], [ 73.7853811, 20.0139884 ], [ 73.7853826, 20.014268 ], [ 73.785561, 20.0142672 ] ] ] ] } },
{ "type": "Feature", "properties": { "osm_id": null, "name": null, "feature_group": "landuse", "feature_type": "commercial", "geometry_source": "polygon", "landuse": "commercial", "leisure": null }, "geometry": { "type": "MultiPolygon", "coordinates": [ [ [ [ 73.7953884, 20.01076 ], [ 73.7954798, 20.0109558 ], [ 73.79569, 20.0111113 ], [ 73.7958151, 20.0111751 ], [ 73.7960335, 20.0112463 ], [ 73.7962625, 20.0112157 ], [ 73.7963408, 20.01117 ], [ 73.7966589, 20.0109757 ], [ 73.7965804, 20.0105142 ], [ 73.7956977, 20.0106024 ], [ 73.795356, 20.0106292 ], [ 73.7953884, 20.01076 ] ] ] ] } },
{ "type": "Feature", "properties": { "osm_id": null, "name": null, "feature_group": "landuse", "feature_type": "residential", "geometry_source": "polygon", "landuse": "residential", "leisure": null }, "geometry": { "type": "MultiPolygon", "coordinates": [ [ [ [ 73.8301836, 20.011364 ], [ 73.8302681, 20.0113603 ], [ 73.8302627, 20.011252 ], [ 73.8301782, 20.0112557 ], [ 73.8301836, 20.011364 ] ] ] ] } },
{ "type": "Feature", "properties": { "osm_id": null, "name": "Nashik Municipal Corporation", "feature_group": "landuse", "feature_type": "commercial", "geometry_source": "polygon", "landuse": "commercial", "leisure": null }, "geometry": { "type": "MultiPolygon", "coordinates": [ [ [ [ 73.789638, 20.011664 ], [ 73.7899384, 20.0111776 ], [ 73.7898928, 20.0111121 ], [ 73.7889969, 20.0112935 ], [ 73.789638, 20.011664 ] ] ] ] } },
{ "type": "Feature", "properties": { "osm_id": null, "name": null, "feature_group": "landuse", "feature_type": "commercial", "geometry_source": "polygon", "landuse": "commercial", "leisure": null }, "geometry": { "type": "MultiPolygon", "coordinates": [ [ [ [ 73.790676, 20.0117673 ], [ 73.7903809, 20.0123722 ], [ 73.7910837, 20.0130728 ], [ 73.7912071, 20.0131283 ], [ 73.7914646, 20.0130577 ], [ 73.7921941, 20.0126948 ], [ 73.7922102, 20.0120496 ], [ 73.791368, 20.0121958 ], [ 73.7913895, 20.011969 ], [ 73.7910944, 20.0118379 ], [ 73.7916362, 20.0109205 ], [ 73.791191, 20.0107945 ], [ 73.790676, 20.0117673 ] ] ] ] } },
{ "type": "Feature", "properties": { "osm_id": null, "name": null, "feature_group": "landuse", "feature_type": "park", "geometry_source": "polygon", "landuse": null, "leisure": "park" }, "geometry": { "type": "MultiPolygon", "coordinates": [ [ [ [ 73.8062038, 20.0129259 ], [ 73.8061618, 20.0129921 ], [ 73.806235, 20.0131131 ], [ 73.8067879, 20.0125948 ], [ 73.8060182, 20.0126891 ], [ 73.8062038, 20.0129259 ] ] ] ] } },
{ "type": "Feature", "properties": { "osm_id": null, "name": null, "feature_group": "landuse", "feature_type": "residential", "geometry_source": "polygon", "landuse": "residential", "leisure": null }, "geometry": { "type": "MultiPolygon", "coordinates": [ [ [ [ 73.7987279, 20.0146052 ], [ 73.7982478, 20.0124151 ], [ 73.7973793, 20.0126102 ], [ 73.797297, 20.0126167 ], [ 73.7972098, 20.0121555 ], [ 73.7966839, 20.0122241 ], [ 73.7964349, 20.0113654 ], [ 73.7958129, 20.0117432 ], [ 73.7958333, 20.0118274 ], [ 73.7966679, 20.0152705 ], [ 73.7987279, 20.0146052 ] ] ] ] } },
{ "type": "Feature", "properties": { "osm_id": null, "name": "Kids Play Garden", "feature_group": "landuse", "feature_type": "park", "geometry_source": "polygon", "landuse": null, "leisure": "park" }, "geometry": { "type": "MultiPolygon", "coordinates": [ [ [ [ 73.8308441, 20.0159621 ], [ 73.8308816, 20.0157555 ], [ 73.830549, 20.0157126 ], [ 73.8305222, 20.0158235 ], [ 73.8305061, 20.0159193 ], [ 73.8308441, 20.0159621 ] ] ] ] } },
{ "type": "Feature", "properties": { "osm_id": null, "name": "Tulsi Udyan", "feature_group": "landuse", "feature_type": "park", "geometry_source": "polygon", "landuse": null, "leisure": "park" }, "geometry": { "type": "MultiPolygon", "coordinates": [ [ [ [ 73.8309628, 20.016208 ], [ 73.8313946, 20.016208 ], [ 73.8314053, 20.0158224 ], [ 73.8310137, 20.0157619 ], [ 73.8309628, 20.016208 ] ] ] ] } },
{ "type": "Feature", "properties": { "osm_id": null, "name": null, "feature_group": "landuse", "feature_type": "residential", "geometry_source": "polygon", "landuse": "residential", "leisure": null }, "geometry": { "type": "MultiPolygon", "coordinates": [ [ [ [ 73.8330147, 20.0160668 ], [ 73.8332748, 20.0170018 ], [ 73.8324997, 20.0171782 ], [ 73.8325506, 20.0177302 ], [ 73.8334572, 20.0177402 ], [ 73.8332668, 20.0187105 ], [ 73.8341546, 20.0190306 ], [ 73.834227, 20.0189172 ], [ 73.8348439, 20.0191843 ], [ 73.8347822, 20.016339 ], [ 73.8341278, 20.0165583 ], [ 73.8340312, 20.0160265 ], [ 73.8343531, 20.0159509 ], [ 73.83405, 20.0146404 ], [ 73.8327572, 20.0147941 ], [ 73.8329986, 20.0159156 ], [ 73.832151, 20.0160542 ], [ 73.8321617, 20.0162559 ], [ 73.8330147, 20.0160668 ] ] ] ] } },
{ "type": "Feature", "properties": { "osm_id": null, "name": "Sainath Nagar Garden", "feature_group": "landuse", "feature_type": "park", "geometry_source": "polygon", "landuse": null, "leisure": "park" }, "geometry": { "type": "MultiPolygon", "coordinates": [ [ [ [ 73.8253027, 20.0220898 ], [ 73.8252673, 20.0218338 ], [ 73.8248001, 20.0219535 ], [ 73.8248461, 20.0221796 ], [ 73.8253027, 20.0220898 ] ] ] ] } },
{ "type": "Feature", "properties": { "osm_id": null, "name": null, "feature_group": "landuse", "feature_type": "industrial", "geometry_source": "polygon", "landuse": "industrial", "leisure": null }, "geometry": { "type": "MultiPolygon", "coordinates": [ [ [ [ 73.7153327, 20.0058749 ], [ 73.7184012, 20.0063184 ], [ 73.7192058, 20.006641 ], [ 73.7193453, 20.0060966 ], [ 73.7182403, 20.0056934 ], [ 73.71809, 20.0052901 ], [ 73.7195921, 20.0056228 ], [ 73.7191307, 20.0019733 ], [ 73.7150538, 20.0023463 ], [ 73.7153649, 20.0053809 ], [ 73.7153327, 20.0058749 ] ] ] ] } },
{ "type": "Feature", "properties": { "osm_id": null, "name": null, "feature_group": "landuse", "feature_type": "industrial", "geometry_source": "polygon", "landuse": "industrial", "leisure": null }, "geometry": { "type": "MultiPolygon", "coordinates": [ [ [ [ 73.72832, 20.0040249 ], [ 73.7279981, 20.0040047 ], [ 73.7279445, 20.0043475 ], [ 73.727451, 20.0043021 ], [ 73.7274134, 20.0046802 ], [ 73.7278533, 20.0047608 ], [ 73.7278372, 20.0048717 ], [ 73.7280518, 20.0049373 ], [ 73.72832, 20.0040249 ] ] ] ] } },
{ "type": "Feature", "properties": { "osm_id": null, "name": null, "feature_group": "landuse", "feature_type": "industrial", "geometry_source": "polygon", "landuse": "industrial", "leisure": null }, "geometry": { "type": "MultiPolygon", "coordinates": [ [ [ [ 73.7346983, 20.0061571 ], [ 73.7362647, 20.0056228 ], [ 73.7376702, 20.0055623 ], [ 73.7376916, 20.0052397 ], [ 73.7403631, 20.0047861 ], [ 73.740052, 20.004282 ], [ 73.7345588, 20.0049776 ], [ 73.7346983, 20.0061571 ] ] ] ] } },
{ "type": "Feature", "properties": { "osm_id": null, "name": null, "feature_group": "landuse", "feature_type": "industrial", "geometry_source": "polygon", "landuse": "industrial", "leisure": null }, "geometry": { "type": "MultiPolygon", "coordinates": [ [ [ [ 73.7220597, 20.0073266 ], [ 73.7221992, 20.0068427 ], [ 73.7230253, 20.007135 ], [ 73.7231755, 20.0064394 ], [ 73.7221777, 20.0060866 ], [ 73.7222099, 20.0058144 ], [ 73.7214267, 20.0053204 ], [ 73.721298, 20.004403 ], [ 73.7207508, 20.0044231 ], [ 73.7206328, 20.0060261 ], [ 73.7214804, 20.006268 ], [ 73.7214589, 20.0066108 ], [ 73.721813, 20.0067318 ], [ 73.7217486, 20.0072258 ], [ 73.7220597, 20.0073266 ] ] ] ] } },
{ "type": "Feature", "properties": { "osm_id": null, "name": "Ganapati Mandir Park", "feature_group": "landuse", "feature_type": "park", "geometry_source": "polygon", "landuse": null, "leisure": "park" }, "geometry": { "type": "MultiPolygon", "coordinates": [ [ [ [ 73.7378867, 20.0064642 ], [ 73.7378459, 20.0061191 ], [ 73.7374757, 20.0061465 ], [ 73.7375136, 20.0064944 ], [ 73.7378867, 20.0064642 ] ] ] ] } },
{ "type": "Feature", "properties": { "osm_id": null, "name": "Palm Spring Garden", "feature_group": "landuse", "feature_type": "park", "geometry_source": "polygon", "landuse": null, "leisure": "park" }, "geometry": { "type": "MultiPolygon", "coordinates": [ [ [ [ 73.7509673, 20.0147273 ], [ 73.7509125, 20.0142966 ], [ 73.7505232, 20.0143515 ], [ 73.7505904, 20.0147838 ], [ 73.7509673, 20.0147273 ] ] ] ] } },
{ "type": "Feature", "properties": { "osm_id": null, "name": "Suvarnakarnagar jogging track", "feature_group": "landuse", "feature_type": "park", "geometry_source": "polygon", "landuse": null, "leisure": "park" }, "geometry": { "type": "MultiPolygon", "coordinates": [ [ [ [ 73.7281355, 20.0182008 ], [ 73.7276407, 20.0176156 ], [ 73.727501, 20.0176525 ], [ 73.72768, 20.0183375 ], [ 73.7281355, 20.0182008 ] ] ] ] } },
{ "type": "Feature", "properties": { "osm_id": null, "name": null, "feature_group": "landuse", "feature_type": "commercial", "geometry_source": "polygon", "landuse": "commercial", "leisure": null }, "geometry": { "type": "MultiPolygon", "coordinates": [ [ [ [ 73.7228537, 20.0210316 ], [ 73.7228966, 20.0221757 ], [ 73.7233525, 20.0221757 ], [ 73.7234491, 20.0226948 ], [ 73.7232023, 20.0229619 ], [ 73.723374, 20.0232392 ], [ 73.7243289, 20.0226495 ], [ 73.7239802, 20.0205275 ], [ 73.7237012, 20.0200991 ], [ 73.7228376, 20.0200588 ], [ 73.7228537, 20.0210316 ] ] ] ] } },
{ "type": "Feature", "properties": { "osm_id": null, "name": null, "feature_group": "landuse", "feature_type": "residential", "geometry_source": "polygon", "landuse": "residential", "leisure": null }, "geometry": { "type": "MultiPolygon", "coordinates": [ [ [ [ 73.7283037, 20.0338385 ], [ 73.7277984, 20.0322076 ], [ 73.7263618, 20.0326491 ], [ 73.7267373, 20.0341711 ], [ 73.7283037, 20.0338385 ] ] ] ] } },
{ "type": "Feature", "properties": { "osm_id": null, "name": null, "feature_group": "landuse", "feature_type": "residential", "geometry_source": "polygon", "landuse": "residential", "leisure": null }, "geometry": { "type": "MultiPolygon", "coordinates": [ [ [ [ 73.7401071, 20.0362558 ], [ 73.7407937, 20.0361349 ], [ 73.7417808, 20.0359333 ], [ 73.7420383, 20.0351693 ], [ 73.7425318, 20.0337319 ], [ 73.7401071, 20.034 ], [ 73.7392488, 20.0362558 ], [ 73.7401071, 20.0362558 ] ] ] ] } },
{ "type": "Feature", "properties": { "osm_id": null, "name": null, "feature_group": "landuse", "feature_type": "park", "geometry_source": "polygon", "landuse": null, "leisure": "park" }, "geometry": { "type": "MultiPolygon", "coordinates": [ [ [ [ 73.7067181, 20.0077574 ], [ 73.7070773, 20.0076643 ], [ 73.7070242, 20.0073134 ], [ 73.7066137, 20.0075129 ], [ 73.7064066, 20.0075778 ], [ 73.7063925, 20.0077025 ], [ 73.7067181, 20.0077574 ] ] ] ] } },
{ "type": "Feature", "properties": { "osm_id": null, "name": null, "feature_group": "landuse", "feature_type": "park", "geometry_source": "polygon", "landuse": null, "leisure": "park" }, "geometry": { "type": "MultiPolygon", "coordinates": [ [ [ [ 73.7080318, 20.0223974 ], [ 73.7109071, 20.0221858 ], [ 73.7107354, 20.021586 ], [ 73.7109876, 20.0215104 ], [ 73.7106925, 20.021208 ], [ 73.7104458, 20.0213188 ], [ 73.7092012, 20.0202856 ], [ 73.7084663, 20.0202352 ], [ 73.7081176, 20.0199933 ], [ 73.7074792, 20.020341 ], [ 73.7075973, 20.02084 ], [ 73.7068355, 20.0210467 ], [ 73.7080318, 20.0223974 ] ] ] ] } },
{ "type": "Feature", "properties": { "osm_id": null, "name": null, "feature_group": "landuse", "feature_type": "industrial", "geometry_source": "polygon", "landuse": "industrial", "leisure": null }, "geometry": { "type": "MultiPolygon", "coordinates": [ [ [ [ 73.7048775, 20.0244639 ], [ 73.7066424, 20.024096 ], [ 73.706401, 20.0228107 ], [ 73.7075221, 20.0222009 ], [ 73.7074149, 20.0219842 ], [ 73.705489, 20.022967 ], [ 73.7051403, 20.0207543 ], [ 73.7040621, 20.0207392 ], [ 73.7048775, 20.0244639 ] ] ] ] } },
{ "type": "Feature", "properties": { "osm_id": null, "name": null, "feature_group": "landuse", "feature_type": "residential", "geometry_source": "polygon", "landuse": "residential", "leisure": null }, "geometry": { "type": "MultiPolygon", "coordinates": [ [ [ [ 73.7191413, 20.0323669 ], [ 73.7194631, 20.0314597 ], [ 73.719623, 20.0309577 ], [ 73.7199567, 20.030492 ], [ 73.7196348, 20.029484 ], [ 73.7190554, 20.0295243 ], [ 73.7178753, 20.0285164 ], [ 73.7172959, 20.0269035 ], [ 73.7163829, 20.0256959 ], [ 73.715825, 20.0254339 ], [ 73.7145922, 20.0261375 ], [ 73.7142371, 20.0271475 ], [ 73.7140869, 20.028599 ], [ 73.7147307, 20.0298691 ], [ 73.7115764, 20.0293248 ], [ 73.7102578, 20.0288188 ], [ 73.7098168, 20.0300707 ], [ 73.7092278, 20.031117 ], [ 73.7088201, 20.0315 ], [ 73.7087225, 20.0323084 ], [ 73.7088416, 20.0329313 ], [ 73.7089703, 20.0332136 ], [ 73.7094424, 20.0333345 ], [ 73.7110303, 20.0327297 ], [ 73.7121246, 20.0328305 ], [ 73.7124894, 20.0330724 ], [ 73.7158679, 20.0331752 ], [ 73.7162541, 20.0338405 ], [ 73.7166736, 20.0346247 ], [ 73.7175588, 20.0355218 ], [ 73.7177253, 20.035582 ], [ 73.7179291, 20.0355669 ], [ 73.7182188, 20.0354409 ], [ 73.7184977, 20.0352292 ], [ 73.7186801, 20.0349974 ], [ 73.7189162, 20.0345337 ], [ 73.7191951, 20.0343196 ], [ 73.7195358, 20.0341432 ], [ 73.7195975, 20.0339592 ], [ 73.7196015, 20.0334978 ], [ 73.7191413, 20.0323669 ] ] ] ] } },
{ "type": "Feature", "properties": { "osm_id": null, "name": null, "feature_group": "landuse", "feature_type": "residential", "geometry_source": "polygon", "landuse": "residential", "leisure": null }, "geometry": { "type": "MultiPolygon", "coordinates": [ [ [ [ 73.70011, 20.0420212 ], [ 73.7008824, 20.0416987 ], [ 73.702127, 20.0417793 ], [ 73.7030711, 20.0418196 ], [ 73.7044015, 20.0418196 ], [ 73.7042513, 20.0410697 ], [ 73.7028136, 20.0408117 ], [ 73.7014833, 20.0406101 ], [ 73.7008395, 20.0401263 ], [ 73.7001529, 20.0391587 ], [ 73.7003675, 20.0383524 ], [ 73.6995091, 20.0381508 ], [ 73.6991015, 20.038691 ], [ 73.6983719, 20.0394167 ], [ 73.6972775, 20.0400054 ], [ 73.6986508, 20.0400457 ], [ 73.6989512, 20.0404085 ], [ 73.6992946, 20.0414164 ], [ 73.699554936753145, 20.041930096408482 ], [ 73.70004303711346, 20.042063131975805 ], [ 73.70011, 20.0420212 ] ] ] ] } },
{ "type": "Feature", "properties": { "osm_id": null, "name": null, "feature_group": "landuse", "feature_type": "industrial", "geometry_source": "polygon", "landuse": "industrial", "leisure": null }, "geometry": { "type": "MultiPolygon", "coordinates": [ [ [ [ 73.8370299, 19.9419254 ], [ 73.839637, 19.9446182 ], [ 73.8403988, 19.9459899 ], [ 73.8415789, 19.9459697 ], [ 73.8414615, 19.945223 ], [ 73.8410672, 19.9444741 ], [ 73.8408027, 19.9441645 ], [ 73.8405924, 19.9439421 ], [ 73.8403028, 19.9436925 ], [ 73.8395339, 19.9408075 ], [ 73.8370299, 19.9419254 ] ] ] ] } },
{ "type": "Feature", "properties": { "osm_id": null, "name": null, "feature_group": "landuse", "feature_type": "residential", "geometry_source": "polygon", "landuse": "residential", "leisure": null }, "geometry": { "type": "MultiPolygon", "coordinates": [ [ [ [ 73.8472604, 19.9446149 ], [ 73.8477516, 19.9445752 ], [ 73.8477672, 19.9441547 ], [ 73.8477674, 19.944124 ], [ 73.8477676, 19.9440944 ], [ 73.8477691, 19.9440687 ], [ 73.8472338, 19.94409 ], [ 73.8472604, 19.9446149 ] ] ] ] } },
{ "type": "Feature", "properties": { "osm_id": null, "name": null, "feature_group": "landuse", "feature_type": "commercial", "geometry_source": "polygon", "landuse": "commercial", "leisure": null }, "geometry": { "type": "MultiPolygon", "coordinates": [ [ [ [ 73.8360107, 19.9503214 ], [ 73.8370728, 19.9502559 ], [ 73.8369977, 19.9492726 ], [ 73.8360536, 19.9493532 ], [ 73.8360107, 19.9503214 ] ] ] ] } },
{ "type": "Feature", "properties": { "osm_id": null, "name": null, "feature_group": "landuse", "feature_type": "commercial", "geometry_source": "polygon", "landuse": "commercial", "leisure": null }, "geometry": { "type": "MultiPolygon", "coordinates": [ [ [ [ 73.8405597, 19.9533317 ], [ 73.840697, 19.9539476 ], [ 73.8422581, 19.95364 ], [ 73.8421208, 19.9530242 ], [ 73.8405597, 19.9533317 ] ] ] ] } },
{ "type": "Feature", "properties": { "osm_id": null, "name": null, "feature_group": "landuse", "feature_type": "commercial", "geometry_source": "polygon", "landuse": "commercial", "leisure": null }, "geometry": { "type": "MultiPolygon", "coordinates": [ [ [ [ 73.840785, 19.9543553 ], [ 73.8411766, 19.9561 ], [ 73.8420245, 19.9559338 ], [ 73.8417131, 19.9541335 ], [ 73.840785, 19.9543553 ] ] ] ] } },
{ "type": "Feature", "properties": { "osm_id": null, "name": null, "feature_group": "landuse", "feature_type": "residential", "geometry_source": "polygon", "landuse": "residential", "leisure": null }, "geometry": { "type": "MultiPolygon", "coordinates": [ [ [ [ 73.8629401, 19.9586363 ], [ 73.8625967, 19.9585758 ], [ 73.8625967, 19.9593422 ], [ 73.8629508, 19.9605725 ], [ 73.86397, 19.9599775 ], [ 73.8638413, 19.9597304 ], [ 73.8643455, 19.959443 ], [ 73.8644153, 19.9586968 ], [ 73.8646299, 19.9583942 ], [ 73.8648766, 19.9586262 ], [ 73.8652736, 19.9584295 ], [ 73.8655955, 19.9584245 ], [ 73.8658959, 19.9585102 ], [ 73.8659388, 19.9583388 ], [ 73.8665503, 19.9584346 ], [ 73.8673389, 19.9573908 ], [ 73.8671672, 19.9573656 ], [ 73.8667434, 19.9570278 ], [ 73.8671136, 19.9560344 ], [ 73.8659495, 19.9556815 ], [ 73.8659656, 19.9552579 ], [ 73.8655686, 19.9551974 ], [ 73.8664859, 19.9529334 ], [ 73.8662124, 19.9529183 ], [ 73.8653433, 19.9552428 ], [ 73.8649303, 19.9567958 ], [ 73.8634282, 19.9566597 ], [ 73.8629401, 19.9586363 ] ] ] ] } },
{ "type": "Feature", "properties": { "osm_id": null, "name": null, "feature_group": "landuse", "feature_type": "industrial", "geometry_source": "polygon", "landuse": "industrial", "leisure": null }, "geometry": { "type": "MultiPolygon", "coordinates": [ [ [ [ 73.8441271, 19.9607842 ], [ 73.8442558, 19.9609103 ], [ 73.8448995, 19.9607943 ], [ 73.8436121, 19.9553285 ], [ 73.8428169, 19.955474 ], [ 73.8426197, 19.95551 ], [ 73.8426948, 19.9558025 ], [ 73.8420245, 19.9559338 ], [ 73.8411766, 19.9561 ], [ 73.8421959, 19.9606481 ], [ 73.8433653, 19.9606985 ], [ 73.8441271, 19.9607842 ] ] ] ] } },
{ "type": "Feature", "properties": { "osm_id": null, "name": null, "feature_group": "landuse", "feature_type": "commercial", "geometry_source": "polygon", "landuse": "commercial", "leisure": null }, "geometry": { "type": "MultiPolygon", "coordinates": [ [ [ [ 73.8413215, 19.9575522 ], [ 73.839857, 19.9578295 ], [ 73.8401842, 19.9591859 ], [ 73.8411498, 19.9591254 ], [ 73.8416219, 19.9590245 ], [ 73.8413215, 19.9575522 ] ] ] ] } },
{ "type": "Feature", "properties": { "osm_id": null, "name": null, "feature_group": "landuse", "feature_type": "park", "geometry_source": "polygon", "landuse": null, "leisure": "park" }, "geometry": { "type": "MultiPolygon", "coordinates": [ [ [ [ 73.8075753, 19.9591445 ], [ 73.8076291, 19.9589558 ], [ 73.8074403, 19.9589115 ], [ 73.807393, 19.9590948 ], [ 73.8075753, 19.9591445 ] ] ] ] } },
{ "type": "Feature", "properties": { "osm_id": null, "name": null, "feature_group": "landuse", "feature_type": "garden", "geometry_source": "polygon", "landuse": null, "leisure": "garden" }, "geometry": { "type": "MultiPolygon", "coordinates": [ [ [ [ 73.832874, 19.9594166 ], [ 73.8328452, 19.9591526 ], [ 73.8323014, 19.9591999 ], [ 73.8323158, 19.9594538 ], [ 73.832874, 19.9594166 ] ] ] ] } },
{ "type": "Feature", "properties": { "osm_id": null, "name": null, "feature_group": "landuse", "feature_type": "commercial", "geometry_source": "polygon", "landuse": "commercial", "leisure": null }, "geometry": { "type": "MultiPolygon", "coordinates": [ [ [ [ 73.8274974, 19.9608699 ], [ 73.8278729, 19.9612935 ], [ 73.8289994, 19.9604565 ], [ 73.8284951, 19.9600279 ], [ 73.8274974, 19.9608699 ] ] ] ] } },
{ "type": "Feature", "properties": { "osm_id": null, "name": "Manohar Gardens", "feature_group": "landuse", "feature_type": "residential", "geometry_source": "polygon", "landuse": "residential", "leisure": null }, "geometry": { "type": "MultiPolygon", "coordinates": [ [ [ [ 73.8216275, 19.9622613 ], [ 73.8223604, 19.9609214 ], [ 73.8214315, 19.9608248 ], [ 73.8211846, 19.9606719 ], [ 73.8208306, 19.9607939 ], [ 73.8207144, 19.9606905 ], [ 73.8205752, 19.9604643 ], [ 73.8204533, 19.9604368 ], [ 73.8203206, 19.9604395 ], [ 73.8200338, 19.9607022 ], [ 73.8199037, 19.960878 ], [ 73.8196354, 19.9634 ], [ 73.8209038, 19.9635146 ], [ 73.8216275, 19.9622613 ] ] ] ] } },
{ "type": "Feature", "properties": { "osm_id": null, "name": null, "feature_group": "landuse", "feature_type": "industrial", "geometry_source": "polygon", "landuse": "industrial", "leisure": null }, "geometry": { "type": "MultiPolygon", "coordinates": [ [ [ [ 73.8624251, 19.9611775 ], [ 73.8588631, 19.9633557 ], [ 73.8580155, 19.9645255 ], [ 73.8585305, 19.9652213 ], [ 73.860333, 19.9645053 ], [ 73.8611162, 19.9655742 ], [ 73.8640773, 19.9638196 ], [ 73.8624251, 19.9611775 ] ] ] ] } },
{ "type": "Feature", "properties": { "osm_id": null, "name": null, "feature_group": "landuse", "feature_type": "industrial", "geometry_source": "polygon", "landuse": "industrial", "leisure": null }, "geometry": { "type": "MultiPolygon", "coordinates": [ [ [ [ 73.8357102, 19.9661997 ], [ 73.8393929, 19.9662496 ], [ 73.8390683, 19.9640821 ], [ 73.8360026, 19.9643538 ], [ 73.8342833, 19.9642938 ], [ 73.8342189, 19.9648081 ], [ 73.8331675, 19.9648384 ], [ 73.8334357, 19.9664921 ], [ 73.8357102, 19.9661997 ] ] ] ] } },
{ "type": "Feature", "properties": { "osm_id": null, "name": "PPRSM Shop3", "feature_group": "landuse", "feature_type": "commercial", "geometry_source": "polygon", "landuse": "commercial", "leisure": null }, "geometry": { "type": "MultiPolygon", "coordinates": [ [ [ [ 73.7950791, 19.9682674 ], [ 73.7950899, 19.9682025 ], [ 73.7950294, 19.9681937 ], [ 73.7950193, 19.9682572 ], [ 73.7950791, 19.9682674 ] ] ] ] } },
{ "type": "Feature", "properties": { "osm_id": null, "name": "Aqsa Fish Market", "feature_group": "landuse", "feature_type": "commercial", "geometry_source": "polygon", "landuse": "commercial", "leisure": null }, "geometry": { "type": "MultiPolygon", "coordinates": [ [ [ [ 73.7959003, 19.9685092 ], [ 73.7959094, 19.9683623 ], [ 73.7958484, 19.968359 ], [ 73.7958392, 19.9685059 ], [ 73.7959003, 19.9685092 ] ] ] ] } },
{ "type": "Feature", "properties": { "osm_id": null, "name": "Aysha Traders", "feature_group": "landuse", "feature_type": "commercial", "geometry_source": "polygon", "landuse": "commercial", "leisure": null }, "geometry": { "type": "MultiPolygon", "coordinates": [ [ [ [ 73.7960058, 19.9685504 ], [ 73.7961049, 19.9685461 ], [ 73.7960983, 19.9684114 ], [ 73.7959992, 19.9684157 ], [ 73.7960058, 19.9685504 ] ] ] ] } },
{ "type": "Feature", "properties": { "osm_id": null, "name": "Shree Cement", "feature_group": "landuse", "feature_type": "commercial", "geometry_source": "polygon", "landuse": "commercial", "leisure": null }, "geometry": { "type": "MultiPolygon", "coordinates": [ [ [ [ 73.7955074, 19.9685611 ], [ 73.7954917, 19.9684278 ], [ 73.7955784, 19.9684191 ], [ 73.7955823, 19.9683537 ], [ 73.7953498, 19.9683043 ], [ 73.7954102, 19.9686796 ], [ 73.7957386, 19.9686401 ], [ 73.7957242, 19.9685352 ], [ 73.7955074, 19.9685611 ] ] ] ] } },
{ "type": "Feature", "properties": { "osm_id": null, "name": "PPRSM Shop2", "feature_group": "landuse", "feature_type": "commercial", "geometry_source": "polygon", "landuse": "commercial", "leisure": null }, "geometry": { "type": "MultiPolygon", "coordinates": [ [ [ [ 73.7957434, 19.9686391 ], [ 73.7958881, 19.9686208 ], [ 73.7958993, 19.968512 ], [ 73.7958386, 19.9685089 ], [ 73.795837, 19.9685217 ], [ 73.7957289, 19.9685351 ], [ 73.7957434, 19.9686391 ] ] ] ] } },
{ "type": "Feature", "properties": { "osm_id": null, "name": "PPRSM Shop1", "feature_group": "landuse", "feature_type": "commercial", "geometry_source": "polygon", "landuse": "commercial", "leisure": null }, "geometry": { "type": "MultiPolygon", "coordinates": [ [ [ [ 73.7951876, 19.9688498 ], [ 73.7951815, 19.9687861 ], [ 73.7950747, 19.9687951 ], [ 73.7950807, 19.9688588 ], [ 73.7951876, 19.9688498 ] ] ] ] } },
{ "type": "Feature", "properties": { "osm_id": null, "name": null, "feature_group": "landuse", "feature_type": "industrial", "geometry_source": "polygon", "landuse": "industrial", "leisure": null }, "geometry": { "type": "MultiPolygon", "coordinates": [ [ [ [ 73.8606709, 19.9703489 ], [ 73.8621542, 19.9705317 ], [ 73.8626343, 19.9705909 ], [ 73.8630795, 19.9678532 ], [ 73.8599306, 19.967465 ], [ 73.8606709, 19.9703489 ] ] ] ] } },
{ "type": "Feature", "properties": { "osm_id": null, "name": "PPRSM Shop 5", "feature_group": "landuse", "feature_type": "commercial", "geometry_source": "polygon", "landuse": "commercial", "leisure": null }, "geometry": { "type": "MultiPolygon", "coordinates": [ [ [ [ 73.7969192, 19.9692696 ], [ 73.7969631, 19.9692673 ], [ 73.7969592, 19.969201 ], [ 73.7969153, 19.9692033 ], [ 73.7969192, 19.9692696 ] ] ] ] } },
{ "type": "Feature", "properties": { "osm_id": null, "name": "PPRSM Shop4", "feature_group": "landuse", "feature_type": "commercial", "geometry_source": "polygon", "landuse": "commercial", "leisure": null }, "geometry": { "type": "MultiPolygon", "coordinates": [ [ [ [ 73.7974152, 19.9694257 ], [ 73.7974095, 19.9693072 ], [ 73.7973514, 19.9693097 ], [ 73.7973571, 19.9694281 ], [ 73.7974152, 19.9694257 ] ] ] ] } },
{ "type": "Feature", "properties": { "osm_id": null, "name": "PPRSM Shop 6", "feature_group": "landuse", "feature_type": "commercial", "geometry_source": "polygon", "landuse": "commercial", "leisure": null }, "geometry": { "type": "MultiPolygon", "coordinates": [ [ [ [ 73.7953222, 19.9694803 ], [ 73.7953152, 19.9693107 ], [ 73.7951875, 19.9693154 ], [ 73.7951892, 19.9693577 ], [ 73.795162, 19.9693593 ], [ 73.7951718, 19.9694859 ], [ 73.7953222, 19.9694803 ] ] ] ] } },
{ "type": "Feature", "properties": { "osm_id": null, "name": "PPRSM Shop 7", "feature_group": "landuse", "feature_type": "commercial", "geometry_source": "polygon", "landuse": "commercial", "leisure": null }, "geometry": { "type": "MultiPolygon", "coordinates": [ [ [ [ 73.7951668, 19.9694871 ], [ 73.7951613, 19.9694163 ], [ 73.7950955, 19.9694209 ], [ 73.7950919, 19.9693759 ], [ 73.7950319, 19.9693801 ], [ 73.7950411, 19.9694959 ], [ 73.7951668, 19.9694871 ] ] ] ] } },
{ "type": "Feature", "properties": { "osm_id": null, "name": null, "feature_group": "landuse", "feature_type": "park", "geometry_source": "polygon", "landuse": null, "leisure": "park" }, "geometry": { "type": "MultiPolygon", "coordinates": [ [ [ [ 73.7999096, 19.9787216 ], [ 73.7998935, 19.9782981 ], [ 73.7993892, 19.9783208 ], [ 73.7993973, 19.9787418 ], [ 73.7999096, 19.9787216 ] ] ] ] } },
{ "type": "Feature", "properties": { "osm_id": null, "name": null, "feature_group": "landuse", "feature_type": "park", "geometry_source": "polygon", "landuse": null, "leisure": "park" }, "geometry": { "type": "MultiPolygon", "coordinates": [ [ [ [ 73.8711187, 19.979432 ], [ 73.8721985, 19.979966 ], [ 73.8724668, 19.9800756 ], [ 73.8727595, 19.9803252 ], [ 73.873971, 19.9795254 ], [ 73.8742176, 19.9793165 ], [ 73.8742231, 19.9792605 ], [ 73.8741933, 19.9791739 ], [ 73.8740794, 19.9790796 ], [ 73.8734208, 19.9790898 ], [ 73.8732121, 19.9790363 ], [ 73.8730332, 19.9789574 ], [ 73.8729167, 19.9788631 ], [ 73.8728083, 19.9786797 ], [ 73.8728056, 19.9783588 ], [ 73.8712666, 19.9784282 ], [ 73.8711187, 19.979432 ] ] ] ] } },
{ "type": "Feature", "properties": { "osm_id": null, "name": null, "feature_group": "landuse", "feature_type": "park", "geometry_source": "polygon", "landuse": null, "leisure": "park" }, "geometry": { "type": "MultiPolygon", "coordinates": [ [ [ [ 73.8448269, 19.9807643 ], [ 73.8448568, 19.9801313 ], [ 73.8440637, 19.9799449 ], [ 73.8444141, 19.9805141 ], [ 73.8444087, 19.9807617 ], [ 73.8444548, 19.9807592 ], [ 73.8448269, 19.9807643 ] ] ] ] } },
{ "type": "Feature", "properties": { "osm_id": null, "name": "NMC Garden", "feature_group": "landuse", "feature_type": "park", "geometry_source": "polygon", "landuse": null, "leisure": "park" }, "geometry": { "type": "MultiPolygon", "coordinates": [ [ [ [ 73.8039503, 19.9813191 ], [ 73.8036885, 19.9813597 ], [ 73.8037069, 19.9816232 ], [ 73.803898, 19.9816087 ], [ 73.8039719, 19.9815942 ], [ 73.8039503, 19.9813191 ] ] ] ] } },
{ "type": "Feature", "properties": { "osm_id": null, "name": null, "feature_group": "landuse", "feature_type": "residential", "geometry_source": "polygon", "landuse": "residential", "leisure": null }, "geometry": { "type": "MultiPolygon", "coordinates": [ [ [ [ 73.8709867, 19.9793585 ], [ 73.8712978, 19.978209 ], [ 73.8744092, 19.9781787 ], [ 73.8750636, 19.9784409 ], [ 73.8754392, 19.978814 ], [ 73.8730037, 19.9805079 ], [ 73.8740873, 19.9815162 ], [ 73.8758898, 19.9842991 ], [ 73.876276, 19.9863762 ], [ 73.8792372, 19.98684 ], [ 73.8830566, 19.9871223 ], [ 73.8856959, 19.9862552 ], [ 73.886919, 19.985993 ], [ 73.888192985558732, 19.983398454551818 ], [ 73.888183416810065, 19.983350627731873 ], [ 73.8872203, 19.9828824 ], [ 73.8862606, 19.9823592 ], [ 73.8842804, 19.9828506 ], [ 73.8841791, 19.9835309 ], [ 73.8832245, 19.9838423 ], [ 73.8813098, 19.9829691 ], [ 73.8826557, 19.9802702 ], [ 73.8765657, 19.9773822 ], [ 73.8747632, 19.9766864 ], [ 73.8734436, 19.9764444 ], [ 73.8687873, 19.9762427 ], [ 73.8685191, 19.978451 ], [ 73.8709867, 19.9793585 ] ] ] ] } },
{ "type": "Feature", "properties": { "osm_id": null, "name": "Shree Saptashrungi Udyan", "feature_group": "landuse", "feature_type": "park", "geometry_source": "polygon", "landuse": null, "leisure": "park" }, "geometry": { "type": "MultiPolygon", "coordinates": [ [ [ [ 73.791013, 19.9820929 ], [ 73.7909736, 19.9816862 ], [ 73.7904895, 19.9817184 ], [ 73.7905083, 19.9819204 ], [ 73.7905311, 19.9821345 ], [ 73.791013, 19.9820929 ] ] ] ] } },
{ "type": "Feature", "properties": { "osm_id": null, "name": "nagar hosuing", "feature_group": "landuse", "feature_type": "residential", "geometry_source": "polygon", "landuse": "residential", "leisure": null }, "geometry": { "type": "MultiPolygon", "coordinates": [ [ [ [ 73.8039719, 19.9819476 ], [ 73.8039553, 19.9818052 ], [ 73.8031808, 19.9818298 ], [ 73.8032049, 19.9820666 ], [ 73.8036689, 19.9820485 ], [ 73.803724, 19.9826541 ], [ 73.8040132, 19.9826567 ], [ 73.8039719, 19.9819476 ] ] ] ] } },
{ "type": "Feature", "properties": { "osm_id": null, "name": null, "feature_group": "landuse", "feature_type": "park", "geometry_source": "polygon", "landuse": null, "leisure": "park" }, "geometry": { "type": "MultiPolygon", "coordinates": [ [ [ [ 73.8009456, 19.9824934 ], [ 73.8013425, 19.9827013 ], [ 73.8012969, 19.9825123 ], [ 73.8012862, 19.9824984 ], [ 73.8012661, 19.9824896 ], [ 73.8012433, 19.9824871 ], [ 73.8010046, 19.9824921 ], [ 73.8009456, 19.9824934 ] ] ] ] } },
{ "type": "Feature", "properties": { "osm_id": null, "name": null, "feature_group": "landuse", "feature_type": "retail", "geometry_source": "polygon", "landuse": "retail", "leisure": null }, "geometry": { "type": "MultiPolygon", "coordinates": [ [ [ [ 73.8099825, 19.9824136 ], [ 73.8095909, 19.9823985 ], [ 73.8095909, 19.9822523 ], [ 73.8089365, 19.9822825 ], [ 73.8089472, 19.9831547 ], [ 73.8093817, 19.9832858 ], [ 73.8095802, 19.9835379 ], [ 73.8097465, 19.9835782 ], [ 73.8099825, 19.9824136 ] ] ] ] } },
{ "type": "Feature", "properties": { "osm_id": null, "name": "podar school ground", "feature_group": "landuse", "feature_type": "commercial", "geometry_source": "polygon", "landuse": "commercial", "leisure": null }, "geometry": { "type": "MultiPolygon", "coordinates": [ [ [ [ 73.8109115, 19.9853173 ], [ 73.8109107, 19.9852193 ], [ 73.8109699, 19.9852188 ], [ 73.8109684, 19.9850191 ], [ 73.8101627, 19.9850246 ], [ 73.8101651, 19.9853226 ], [ 73.8109115, 19.9853173 ] ] ] ] } },
{ "type": "Feature", "properties": { "osm_id": null, "name": "Nashik Thermal Power Station", "feature_group": "landuse", "feature_type": "industrial", "geometry_source": "polygon", "landuse": "industrial", "leisure": null }, "geometry": { "type": "MultiPolygon", "coordinates": [ [ [ [ 73.8863604, 19.9774667 ], [ 73.885581, 19.9779322 ], [ 73.8840416, 19.9788595 ], [ 73.8838112, 19.9789172 ], [ 73.8832968, 19.9789497 ], [ 73.8833198, 19.9792672 ], [ 73.8828476, 19.9798589 ], [ 73.8826557, 19.9802702 ], [ 73.8813098, 19.9829691 ], [ 73.8832245, 19.9838423 ], [ 73.8841791, 19.9835309 ], [ 73.8842804, 19.9828506 ], [ 73.8862606, 19.9823592 ], [ 73.8872203, 19.9828824 ], [ 73.888183416810065, 19.983350627731873 ], [ 73.886963738506481, 19.977254393347653 ], [ 73.8863604, 19.9774667 ] ] ] ] } },
{ "type": "Feature", "properties": { "osm_id": null, "name": "Swa. Pramod Mahajan Udyan", "feature_group": "landuse", "feature_type": "park", "geometry_source": "polygon", "landuse": null, "leisure": "park" }, "geometry": { "type": "MultiPolygon", "coordinates": [ [ [ [ 73.8308276, 20.0239718 ], [ 73.8308651, 20.0238357 ], [ 73.8308705, 20.023372 ], [ 73.830849, 20.0229385 ], [ 73.8308115, 20.0227117 ], [ 73.8306237, 20.0225404 ], [ 73.8301409, 20.023629 ], [ 73.8308276, 20.0239718 ] ] ] ] } },
{ "type": "Feature", "properties": { "osm_id": null, "name": "Akshata Lawns", "feature_group": "landuse", "feature_type": "park", "geometry_source": "polygon", "landuse": null, "leisure": "park" }, "geometry": { "type": "MultiPolygon", "coordinates": [ [ [ [ 73.8160163, 20.0317269 ], [ 73.8159814, 20.0312507 ], [ 73.8155362, 20.0313137 ], [ 73.8155362, 20.0316766 ], [ 73.8160163, 20.0317269 ] ] ] ] } },
{ "type": "Feature", "properties": { "osm_id": null, "name": "Pokar Colony Park", "feature_group": "landuse", "feature_type": "park", "geometry_source": "polygon", "landuse": null, "leisure": "park" }, "geometry": { "type": "MultiPolygon", "coordinates": [ [ [ [ 73.8062819, 20.0332766 ], [ 73.8062599, 20.0330756 ], [ 73.8058887, 20.0331436 ], [ 73.805917, 20.0333239 ], [ 73.8062819, 20.0332766 ] ] ] ] } },
{ "type": "Feature", "properties": { "osm_id": null, "name": null, "feature_group": "landuse", "feature_type": "park", "geometry_source": "polygon", "landuse": null, "leisure": "park" }, "geometry": { "type": "MultiPolygon", "coordinates": [ [ [ [ 73.805087, 20.0372558 ], [ 73.8050512, 20.0369048 ], [ 73.8050006, 20.0364836 ], [ 73.8049586, 20.036205 ], [ 73.8049384, 20.0361926 ], [ 73.8049065, 20.0361962 ], [ 73.8046628, 20.0362284 ], [ 73.8046442, 20.036235 ], [ 73.8046395, 20.0362555 ], [ 73.8047492, 20.0367052 ], [ 73.8048498, 20.0371358 ], [ 73.8048713, 20.0372562 ], [ 73.8048831, 20.037266 ], [ 73.805087, 20.0372558 ] ] ] ] } },
{ "type": "Feature", "properties": { "osm_id": null, "name": null, "feature_group": "landuse", "feature_type": "park", "geometry_source": "polygon", "landuse": null, "leisure": "park" }, "geometry": { "type": "MultiPolygon", "coordinates": [ [ [ [ 73.8037679, 20.0394815 ], [ 73.8037115, 20.0391388 ], [ 73.8031483, 20.0392396 ], [ 73.8032421, 20.0395924 ], [ 73.8037679, 20.0394815 ] ] ] ] } },
{ "type": "Feature", "properties": { "osm_id": null, "name": "Mittal", "feature_group": "landuse", "feature_type": "residential", "geometry_source": "polygon", "landuse": "residential", "leisure": null }, "geometry": { "type": "MultiPolygon", "coordinates": [ [ [ [ 73.8018242, 20.0396052 ], [ 73.8017856, 20.0394983 ], [ 73.801674, 20.0395306 ], [ 73.8016933, 20.0396475 ], [ 73.8018242, 20.0396052 ] ] ] ] } },
{ "type": "Feature", "properties": { "osm_id": null, "name": "Jagannath Lawns", "feature_group": "landuse", "feature_type": "park", "geometry_source": "polygon", "landuse": null, "leisure": "park" }, "geometry": { "type": "MultiPolygon", "coordinates": [ [ [ [ 73.8164891, 20.0440751 ], [ 73.816988, 20.0439188 ], [ 73.8167359, 20.0433494 ], [ 73.8158561, 20.0436769 ], [ 73.8160922, 20.0442212 ], [ 73.8164891, 20.0440751 ] ] ] ] } },
{ "type": "Feature", "properties": { "osm_id": null, "name": null, "feature_group": "landuse", "feature_type": "park", "geometry_source": "polygon", "landuse": null, "leisure": "park" }, "geometry": { "type": "MultiPolygon", "coordinates": [ [ [ [ 73.7666889, 20.0145119 ], [ 73.7674373, 20.0143985 ], [ 73.7671794, 20.0138775 ], [ 73.766587, 20.0141515 ], [ 73.7666889, 20.0145119 ] ] ] ] } },
{ "type": "Feature", "properties": { "osm_id": null, "name": "Samartha jogging track", "feature_group": "landuse", "feature_type": "park", "geometry_source": "polygon", "landuse": null, "leisure": "park" }, "geometry": { "type": "MultiPolygon", "coordinates": [ [ [ [ 73.7607102, 20.0148197 ], [ 73.7605064, 20.0140737 ], [ 73.7589507, 20.0142753 ], [ 73.7590258, 20.0150919 ], [ 73.7607102, 20.0148197 ] ] ] ] } },
{ "type": "Feature", "properties": { "osm_id": null, "name": "Nana Nani Udyan", "feature_group": "landuse", "feature_type": "park", "geometry_source": "polygon", "landuse": null, "leisure": "park" }, "geometry": { "type": "MultiPolygon", "coordinates": [ [ [ [ 73.7510895, 20.0179697 ], [ 73.7512571, 20.0179937 ], [ 73.7512115, 20.0177026 ], [ 73.7511659, 20.017414 ], [ 73.7506697, 20.0174569 ], [ 73.7508735, 20.0179584 ], [ 73.7510895, 20.0179697 ] ] ] ] } },
{ "type": "Feature", "properties": { "osm_id": null, "name": "Dream Castle", "feature_group": "landuse", "feature_type": "residential", "geometry_source": "polygon", "landuse": "residential", "leisure": null }, "geometry": { "type": "MultiPolygon", "coordinates": [ [ [ [ 73.7884668, 20.0187342 ], [ 73.7885067, 20.0183787 ], [ 73.7874214, 20.0183007 ], [ 73.787361, 20.0183194 ], [ 73.7872878, 20.0186014 ], [ 73.7884668, 20.0187342 ] ] ] ] } },
{ "type": "Feature", "properties": { "osm_id": null, "name": "Shanti Niketan Udyan", "feature_group": "landuse", "feature_type": "park", "geometry_source": "polygon", "landuse": null, "leisure": "park" }, "geometry": { "type": "MultiPolygon", "coordinates": [ [ [ [ 73.7613519, 20.0187565 ], [ 73.761347, 20.018284 ], [ 73.7610594, 20.0182867 ], [ 73.7610644, 20.0187592 ], [ 73.7613519, 20.0187565 ] ] ] ] } },
{ "type": "Feature", "properties": { "osm_id": null, "name": null, "feature_group": "landuse", "feature_type": "park", "geometry_source": "polygon", "landuse": null, "leisure": "park" }, "geometry": { "type": "MultiPolygon", "coordinates": [ [ [ [ 73.7565154, 20.0229518 ], [ 73.758291, 20.0234659 ], [ 73.7596804, 20.0238137 ], [ 73.7599647, 20.0238742 ], [ 73.7602598, 20.0238641 ], [ 73.760984, 20.0238389 ], [ 73.7623197, 20.0238137 ], [ 73.7626738, 20.0237784 ], [ 73.7630225, 20.0236877 ], [ 73.7634999, 20.0236121 ], [ 73.7641222, 20.0235718 ], [ 73.7653453, 20.023476 ], [ 73.766386, 20.0234155 ], [ 73.7661553, 20.0225436 ], [ 73.7663377, 20.0223168 ], [ 73.7663484, 20.02209 ], [ 73.7663162, 20.0220144 ], [ 73.7650019, 20.0225033 ], [ 73.7641114, 20.0228561 ], [ 73.7627795, 20.0232411 ], [ 73.7617001, 20.0233626 ], [ 73.7613783, 20.0233903 ], [ 73.7606766, 20.0234049 ], [ 73.7596562, 20.0233147 ], [ 73.7588581, 20.0231705 ], [ 73.7573094, 20.0227754 ], [ 73.7560525, 20.0223187 ], [ 73.7556662, 20.0222256 ], [ 73.7555391, 20.0225083 ], [ 73.7565154, 20.0229518 ] ] ] ] } },
{ "type": "Feature", "properties": { "osm_id": null, "name": null, "feature_group": "landuse", "feature_type": "residential", "geometry_source": "polygon", "landuse": "residential", "leisure": null }, "geometry": { "type": "MultiPolygon", "coordinates": [ [ [ [ 73.7715846, 20.0484127 ], [ 73.7721425, 20.0484127 ], [ 73.772915, 20.0487554 ], [ 73.7743097, 20.0487151 ], [ 73.7753805, 20.0479612 ], [ 73.7758761, 20.0460543 ], [ 73.7763911, 20.0452681 ], [ 73.7769061, 20.044099 ], [ 73.7750393, 20.0432926 ], [ 73.7731725, 20.0433733 ], [ 73.7730437, 20.0442602 ], [ 73.7723356, 20.0444215 ], [ 73.7712198, 20.0448045 ], [ 73.7710482, 20.0451068 ], [ 73.7713271, 20.0456713 ], [ 73.7714773, 20.0461551 ], [ 73.7714988, 20.0474855 ], [ 73.7715846, 20.0484127 ] ] ] ] } },
{ "type": "Feature", "properties": { "osm_id": null, "name": null, "feature_group": "landuse", "feature_type": "residential", "geometry_source": "polygon", "landuse": "residential", "leisure": null }, "geometry": { "type": "MultiPolygon", "coordinates": [ [ [ [ 73.7848529, 20.0554148 ], [ 73.7845364, 20.0549638 ], [ 73.7840348, 20.0550141 ], [ 73.7840563, 20.0551326 ], [ 73.7832087, 20.0552459 ], [ 73.7829861, 20.0552132 ], [ 73.7832221, 20.0547672 ], [ 73.7832007, 20.0545631 ], [ 73.7827152, 20.0545959 ], [ 73.7827662, 20.0549134 ], [ 73.7825248, 20.0549537 ], [ 73.7827045, 20.0558884 ], [ 73.7846732, 20.0557499 ], [ 73.7846156, 20.0568626 ], [ 73.7846196, 20.0571054 ], [ 73.7849173, 20.0572213 ], [ 73.7850487, 20.0569996 ], [ 73.7849039, 20.056929 ], [ 73.786017, 20.0550872 ], [ 73.7857085, 20.0548302 ], [ 73.7857944, 20.0543792 ], [ 73.7854323, 20.0543742 ], [ 73.7848529, 20.0554148 ] ] ] ] } },
{ "type": "Feature", "properties": { "osm_id": null, "name": "Dhakne Mala", "feature_group": "landuse", "feature_type": "residential", "geometry_source": "polygon", "landuse": "residential", "leisure": null }, "geometry": { "type": "MultiPolygon", "coordinates": [ [ [ [ 73.7867141, 20.05822 ], [ 73.7868209, 20.0577739 ], [ 73.7865828, 20.0570976 ], [ 73.786214, 20.0564212 ], [ 73.7851443, 20.0582203 ], [ 73.7867141, 20.05822 ] ] ] ] } },
{ "type": "Feature", "properties": { "osm_id": null, "name": null, "feature_group": "landuse", "feature_type": "residential", "geometry_source": "polygon", "landuse": "residential", "leisure": null }, "geometry": { "type": "MultiPolygon", "coordinates": [ [ [ [ 73.7183529, 20.0367815 ], [ 73.7185716, 20.0371668 ], [ 73.7189482, 20.0374268 ], [ 73.7198065, 20.0375679 ], [ 73.7202614, 20.037449 ], [ 73.7205843, 20.0370034 ], [ 73.7212924, 20.0360863 ], [ 73.7215126, 20.0358139 ], [ 73.7215016, 20.0355319 ], [ 73.7210392, 20.0350097 ], [ 73.720653, 20.034788 ], [ 73.7204974, 20.034783 ], [ 73.7197155, 20.0355921 ], [ 73.7195438, 20.035708 ], [ 73.7188142, 20.0360406 ], [ 73.7184763, 20.0363027 ], [ 73.7183259, 20.0364793 ], [ 73.7183529, 20.0367815 ] ] ] ] } }
]
}
