zone_id,division,zone_type,official_capacity,geometry_usable_for_reference_model,geometry_status,geometry_method,geometry_source_evidence,source_confidence,official_boundary_verified,feature_reference_crs,feature_status,geometry_review_status,reference_geometry_area_sqm,reference_geometry_perimeter_m,reference_point_easting,reference_point_northing,context_method,distance_to_primary_road_m,distance_to_secondary_road_m,distance_to_major_road_m,distance_to_bus_access_m,distance_to_bus_station_m,distance_to_railway_station_m,commercial_poi_count_250m,market_poi_count_250m,food_poi_count_250m,retail_poi_count_250m,service_poi_count_250m,bus_count_250m,bus_station_count_250m,rail_count_250m,ambiguous_count_250m,healthcare_count_250m,education_count_250m,toilet_count_250m,parking_count_250m,road_length_250m,road_density_250m_per_km2,major_road_length_250m,major_road_density_250m_per_km2,pedestrian_road_length_250m,pedestrian_road_density_250m_per_km2,local_road_length_250m,local_road_density_250m_per_km2,commercial_poi_count_500m,market_poi_count_500m,food_poi_count_500m,retail_poi_count_500m,service_poi_count_500m,bus_count_500m,bus_station_count_500m,rail_count_500m,ambiguous_count_500m,healthcare_count_500m,education_count_500m,toilet_count_500m,parking_count_500m,road_length_500m,road_density_500m_per_km2,major_road_length_500m,major_road_density_500m_per_km2,pedestrian_road_length_500m,pedestrian_road_density_500m_per_km2,local_road_length_500m,local_road_density_500m_per_km2,residential_land_ratio_500m,commercial_land_ratio_500m,industrial_land_ratio_500m,park_land_ratio_500m,mapped_landuse_coverage_ratio_500m,classified_landuse_coverage_ratio_500m,landuse_category_overlap_ratio_500m,landuse_missing_coverage_ratio_500m,landuse_composition_reliable,residential_mapped_share_500m,commercial_mapped_share_500m,industrial_mapped_share_500m,park_mapped_share_500m,cluster,distance_to_centroid
NE_F_001,Nashik East,FREE,118.0,True,REFERENCE_LIKELY,VENDOR_REFERENCE_UNION,Phule Market,LIKELY,False,EPSG:32643,REFERENCE_READY,NOT_INDEPENDENTLY_VERIFIED,76473.20539784787,1141.161929427763,373956.4104492276,2213556.4975519115,REPRESENTATIVE_POINT_FIXED_BUFFER,136.71186991136983,668.6662083435091,136.71186991136983,363.2401452477212,373.02584275071774,8865.028910346206,1.0,1.0,0.0,0.0,0.0,0.0,0.0,0.0,0.0,3.0,0.0,0.0,0.0,3846.834996954413,19623.277031043992,828.4811526464828,4226.205487433656,0.0,0.0,3018.3538443079306,15397.071543610333,3.0,1.0,0.0,2.0,0.0,2.0,1.0,0.0,0.0,7.0,1.0,1.0,0.0,11783.046511416076,15026.76785891493,2895.991979153554,3693.2213710484775,264.0949706856486,336.7969237289597,8736.796148632648,11141.923901341454,0.0943247632851499,0.0321660699956947,0.0,0.0,0.1264908332808446,0.1264908332808446,0.0,0.8735091667191553,True,0.745704339505163,0.254295660494837,0.0,0.0,0.0,1.3209200990219976
NE_F_002,Nashik East,FREE,10.0,True,REFERENCE_HIGH,VENDOR_REFERENCE_UNION,"Shivneri Chowk, Kathada Road",HIGH,False,EPSG:32643,REFERENCE_READY,NOT_INDEPENDENTLY_VERIFIED,68543.51969292255,3538.3759447231814,374970.4190236541,2214737.029180942,REPRESENTATIVE_POINT_FIXED_BUFFER,9.3323019444523,809.6946474657449,9.3323019444523,1710.520739667532,1713.652557400588,9413.370463120857,0.0,0.0,0.0,0.0,0.0,0.0,0.0,0.0,0.0,0.0,0.0,0.0,0.0,3167.3763721647,16157.25760574065,1026.9089031963415,5238.414933060918,0.0,0.0,2140.4674689683584,10918.842672679732,0.0,0.0,0.0,0.0,0.0,0.0,0.0,0.0,0.0,0.0,1.0,0.0,0.0,12808.18689480997,16334.116221592978,3245.030512507549,4138.345729120479,0.0,0.0,9563.156382302424,12195.7704924725,0.0,0.0,0.0,0.0,0.0,0.0,0.0,1.0,False,,,,,1.0,0.9642664730012468
NE_F_003,Nashik East,FREE,,True,REFERENCE_LIKELY,VENDOR_REFERENCE_UNION,"100 Feet Road, Tigraniya Road",LIKELY,False,EPSG:32643,REFERENCE_READY,NOT_INDEPENDENTLY_VERIFIED,23113.121345145475,1218.4087911695756,369209.8699883084,2212107.6908700746,REPRESENTATIVE_POINT_FIXED_BUFFER,1204.2048036555088,486.5368875944565,486.5368875944565,1010.11758651422,2169.7263227171256,11314.756732209507,0.0,0.0,0.0,0.0,0.0,0.0,0.0,0.0,0.0,0.0,0.0,0.0,0.0,2436.114143048056,12426.980295781796,0.0,0.0,0.0,0.0,2436.1141430480566,12426.9802957818,0.0,0.0,0.0,0.0,0.0,0.0,0.0,0.0,0.0,0.0,0.0,0.0,0.0,11707.317482730114,14930.191601395913,293.3641382717168,374.1235171794227,0.0,0.0,11413.953344458398,14556.068084216491,0.0,0.0,0.3333481814577346,0.0056756934879676,0.3390238749457022,0.3390238749457022,0.0,0.6609761250542978,True,0.0,0.0,0.9832587203810452,0.0167412796189549,1.0,0.8598926699311294
NE_F_004,Nashik East,FREE,155.0,True,REFERENCE_LIKELY,VENDOR_REFERENCE_UNION,"Trikoni Garden, Tapovan Road",LIKELY,False,EPSG:32643,REFERENCE_READY,NOT_INDEPENDENTLY_VERIFIED,48702.09459281511,2560.851084027521,371430.31936346577,2213729.8916088445,REPRESENTATIVE_POINT_FIXED_BUFFER,714.2809978090195,320.75657788248463,320.75657788248463,1442.9822226093718,2089.6277120377245,10591.955127258623,0.0,0.0,0.0,0.0,0.0,0.0,0.0,0.0,0.0,0.0,0.0,0.0,0.0,1604.8654679368326,8186.657264949936,0.0,0.0,656.1071297041148,3346.8999784030843,948.758338232718,4839.757286546853,0.0,0.0,0.0,0.0,0.0,0.0,0.0,0.0,0.0,1.0,0.0,0.0,0.0,7663.466228658709,9773.120041673264,1494.7680123261475,1906.2584453345503,1398.661866602955,1783.6955122087008,4770.036349729608,6083.166084130015,0.0,0.0,0.0,0.0048774213725144,0.0048774213725144,0.0048774213725144,0.0,0.9951225786274857,False,,,,,1.0,1.5277387949038554
NE_F_005,Nashik East,FREE,33.0,True,REFERENCE_LIKELY,VENDOR_REFERENCE_UNION,Gumshah Baba Chowk,LIKELY,False,EPSG:32643,REFERENCE_READY,NOT_INDEPENDENTLY_VERIFIED,5778.503672969737,381.2748493721687,370889.0508805183,2214069.1966691297,REPRESENTATIVE_POINT_FIXED_BUFFER,963.1814219776198,10.102193892042193,10.102193892042193,1572.780364517573,2667.460745784673,11213.868675632291,0.0,0.0,0.0,0.0,0.0,0.0,0.0,0.0,0.0,0.0,0.0,0.0,0.0,4204.529549111397,21447.93010169268,961.9035604211626,4906.813018555816,143.2277506824001,730.6260425516618,3099.398238007834,15810.4910405852,2.0,0.0,2.0,0.0,0.0,0.0,0.0,0.0,0.0,0.0,3.0,0.0,0.0,11025.142597554972,14060.222733092018,1976.415318703964,2520.497068240684,831.0938229395524,1059.8832767222884,8217.633455911458,10479.84238812905,0.0,0.0,0.0,0.0375970221208438,0.0375970221208438,0.0375970221208438,0.0,0.9624029778791562,False,,,,,1.0,1.6824322688275173
NE_F_006,Nashik East,FREE,20.0,False,NO_USABLE_REFERENCE,UNRESOLVED,,UNRESOLVED,False,EPSG:32643,NO_USABLE_REFERENCE,NOT_INDEPENDENTLY_VERIFIED,,,,,,,,,,,,,,,,,,,,,,,,,,,,,,,,,,,,,,,,,,,,,,,,,,,,,,,,,,,,,,,,,,,,
NE_F_007,Nashik East,FREE,99.0,True,REFERENCE_HIGH,VENDOR_REFERENCE_UNION,"Ashoka Marg, Pakhal Road",HIGH,False,EPSG:32643,REFERENCE_READY,NOT_INDEPENDENTLY_VERIFIED,94125.56908835605,4830.810629482462,374543.0553870317,2209761.060310185,REPRESENTATIVE_POINT_FIXED_BUFFER,498.2573135010253,970.828968087658,498.2573135010253,947.9046796590508,2096.3593206855267,5604.252818666101,0.0,0.0,0.0,0.0,0.0,0.0,0.0,0.0,0.0,0.0,0.0,0.0,0.0,4497.888850738569,22944.39949796812,0.0,0.0,232.44074914081256,1185.7148064070236,4265.448101597754,21758.68469156108,2.0,0.0,0.0,0.0,2.0,0.0,0.0,0.0,0.0,6.0,0.0,0.0,0.0,17163.05668941274,21887.825730920194,52.82683672739248,67.3693863004134,341.1693970360385,435.08894960734654,16769.060455649305,21385.367395012432,0.0053949195526878,0.0,0.0,0.0047909818512203,0.0101859014039082,0.0101859014039082,1.734723475976807e-18,0.9898140985960916,False,,,,,1.0,1.3736082014702744
NE_F_008,Nashik East,FREE,93.0,True,REFERENCE_HIGH,VENDOR_REFERENCE_UNION,"Indira Nagar Jogging Track, Sainath Nagar",HIGH,False,EPSG:32643,REFERENCE_READY,NOT_INDEPENDENTLY_VERIFIED,1338.508022274007,153.4846044798623,377104.9231557248,2214349.7002225844,REPRESENTATIVE_POINT_FIXED_BUFFER,354.8865792488983,542.828692500329,354.8865792488983,1667.204067164248,1667.204067164248,8377.986333846728,0.0,0.0,0.0,0.0,0.0,0.0,0.0,0.0,0.0,0.0,0.0,0.0,0.0,4724.404769103534,24099.89086204695,0.0,0.0,0.0,0.0,4724.404769103535,24099.890862046952,0.0,0.0,0.0,0.0,0.0,0.0,0.0,0.0,0.0,0.0,0.0,0.0,0.0,17623.168319306395,22474.600182238897,1212.63945160169,1546.4635158764718,148.34282131968826,189.1796945168435,16342.998390074756,20842.01591569207,0.0,0.0,0.0,0.0017069820872318,0.0017069820872318,0.0017069820872318,0.0,0.998293017912768,False,,,,,1.0,0.8790845136323399
NE_F_009,Nashik East,FREE,18.0,False,NO_USABLE_REFERENCE,UNRESOLVED,,UNRESOLVED,False,EPSG:32643,NO_USABLE_REFERENCE,NOT_INDEPENDENTLY_VERIFIED,,,,,,,,,,,,,,,,,,,,,,,,,,,,,,,,,,,,,,,,,,,,,,,,,,,,,,,,,,,,,,,,,,,,
NE_F_010,Nashik East,FREE,191.0,True,REFERENCE_LIKELY,VENDOR_REFERENCE_UNION,Krishnakant Vegetable Market,LIKELY,False,EPSG:32643,REFERENCE_READY,NOT_INDEPENDENTLY_VERIFIED,76473.20539784787,1141.161929427763,373956.4104492276,2213556.4975519115,REPRESENTATIVE_POINT_FIXED_BUFFER,136.71186991136983,668.6662083435091,136.71186991136983,363.2401452477212,373.02584275071774,8865.028910346206,1.0,1.0,0.0,0.0,0.0,0.0,0.0,0.0,0.0,3.0,0.0,0.0,0.0,3846.834996954413,19623.277031043992,828.4811526464828,4226.205487433656,0.0,0.0,3018.3538443079306,15397.071543610333,3.0,1.0,0.0,2.0,0.0,2.0,1.0,0.0,0.0,7.0,1.0,1.0,0.0,11783.046511416076,15026.76785891493,2895.991979153554,3693.2213710484775,264.0949706856486,336.7969237289597,8736.796148632648,11141.923901341454,0.0943247632851499,0.0321660699956947,0.0,0.0,0.1264908332808446,0.1264908332808446,0.0,0.8735091667191553,True,0.745704339505163,0.254295660494837,0.0,0.0,0.0,1.3209200990219976
NE_F_011,Nashik East,FREE,81.0,True,REFERENCE_LIKELY,VENDOR_REFERENCE_UNION,Bharat Nagar Corner,LIKELY,False,EPSG:32643,REFERENCE_READY,NOT_INDEPENDENTLY_VERIFIED,2822.89364152391,188.41986941837197,365342.681179654,2210940.4110198785,REPRESENTATIVE_POINT_FIXED_BUFFER,2.8148246576642872,2181.809504332327,2.8148246576642872,1.472550286058513e-09,1995.4506306581836,14312.239826090588,0.0,0.0,0.0,0.0,0.0,2.0,0.0,0.0,0.0,0.0,0.0,0.0,0.0,5163.770854440126,26341.16256136112,1001.345043384978,5108.009884895784,0.0,0.0,4162.425811055147,21233.15267646533,1.0,0.0,0.0,0.0,0.0,3.0,0.0,0.0,0.0,1.0,0.0,0.0,0.0,16954.99823507735,21622.491456685304,2029.646599155148,2588.382236426836,65.81016025303703,83.92685201762228,14859.541475669164,18950.182368240843,0.0,0.0,0.1296017305436855,0.0084414043866887,0.1380431349303742,0.1380431349303742,0.0,0.8619568650696258,True,0.0,0.0,0.9388495169213136,0.0611504830786866,0.0,3.440173665466415
NE_F_012,Nashik East,FREE,66.0,True,REFERENCE_LIKELY,VENDOR_REFERENCE_UNION,"Reliance Mall, Shivaji Nagar, Datta Mandir Road",LIKELY,False,EPSG:32643,REFERENCE_READY,NOT_INDEPENDENTLY_VERIFIED,104707.41175733514,5360.688798948519,364680.8288222179,2212786.932225626,REPRESENTATIVE_POINT_FIXED_BUFFER,554.3743869710653,4141.430762427159,554.3743869710653,578.313290044417,3194.2018022015327,15627.78483506164,0.0,0.0,0.0,0.0,0.0,0.0,0.0,0.0,0.0,0.0,0.0,0.0,0.0,2464.594140289314,12572.26099436935,0.0,0.0,0.0,0.0,2464.594140289314,12572.26099436935,0.0,0.0,0.0,0.0,0.0,0.0,0.0,0.0,0.0,1.0,0.0,0.0,0.0,10537.97252703306,13438.941000014634,0.0,0.0,0.0,0.0,10537.97252703306,13438.941000014634,0.0,0.0,0.0,0.0025915998647431,0.0025915998647431,0.0025915998647431,0.0,0.9974084001352568,False,,,,,1.0,0.8849928045061735
NE_F_013,Nashik East,FREE,20.0,False,NO_USABLE_REFERENCE,UNRESOLVED,,UNRESOLVED,False,EPSG:32643,NO_USABLE_REFERENCE,NOT_INDEPENDENTLY_VERIFIED,,,,,,,,,,,,,,,,,,,,,,,,,,,,,,,,,,,,,,,,,,,,,,,,,,,,,,,,,,,,,,,,,,,,
NE_F_014,Nashik East,FREE,146.0,True,REFERENCE_LIKELY,VENDOR_REFERENCE_UNION,"Old Sindhi Colony Vegetable Market, Upnagar",LIKELY,False,EPSG:32643,REFERENCE_READY,NOT_INDEPENDENTLY_VERIFIED,76473.20539784787,1141.161929427763,373956.4104492276,2213556.4975519115,REPRESENTATIVE_POINT_FIXED_BUFFER,136.71186991136983,668.6662083435091,136.71186991136983,363.2401452477212,373.02584275071774,8865.028910346206,1.0,1.0,0.0,0.0,0.0,0.0,0.0,0.0,0.0,3.0,0.0,0.0,0.0,3846.834996954413,19623.277031043992,828.4811526464828,4226.205487433656,0.0,0.0,3018.3538443079306,15397.071543610333,3.0,1.0,0.0,2.0,0.0,2.0,1.0,0.0,0.0,7.0,1.0,1.0,0.0,11783.046511416076,15026.76785891493,2895.991979153554,3693.2213710484775,264.0949706856486,336.7969237289597,8736.796148632648,11141.923901341454,0.0943247632851499,0.0321660699956947,0.0,0.0,0.1264908332808446,0.1264908332808446,0.0,0.8735091667191553,True,0.745704339505163,0.254295660494837,0.0,0.0,0.0,1.3209200990219976
NE_F_015,Nashik East,FREE,20.0,True,REFERENCE_HIGH,OSM_NAMED_LINE_BUFFER,Takli Road,HIGH,False,EPSG:32643,REFERENCE_READY,NOT_INDEPENDENTLY_VERIFIED,30644.341890997475,1592.689285291882,376505.5602858151,2208768.10303043,REPRESENTATIVE_POINT_FIXED_BUFFER,1426.6897271036762,2.590300644176045,2.590300644176045,2834.9386085656706,3440.042145712107,3500.066713408772,0.0,0.0,0.0,0.0,0.0,0.0,0.0,0.0,0.0,0.0,0.0,0.0,0.0,3983.344291537332,20319.631230544048,744.2530040532249,3796.5451835823073,0.0,0.0,3239.0912874841065,16523.08604696174,1.0,0.0,1.0,0.0,0.0,0.0,0.0,0.0,0.0,1.0,0.0,0.0,0.0,12841.004615610484,16375.968239375496,1396.539428494901,1780.9887941529123,334.53650468197907,426.63010718989057,11444.465187115584,14594.97944522258,0.0,0.0,0.1057361204146808,0.0,0.1057361204146808,0.1057361204146808,0.0,0.8942638795853192,True,0.0,0.0,1.0,0.0,1.0,1.110458174523191
NE_F_016,Nashik East,FREE,31.0,True,REFERENCE_HIGH,VENDOR_REFERENCE_UNION,"Along the Drain, Amardham Road",HIGH,False,EPSG:32643,REFERENCE_READY,NOT_INDEPENDENTLY_VERIFIED,203730.50745332008,10311.79504649557,374129.7533000866,2211772.079170071,REPRESENTATIVE_POINT_FIXED_BUFFER,490.7149993552318,738.2193272334365,490.7149993552318,518.3522552621694,1462.9776083930342,7327.012451733152,0.0,0.0,0.0,0.0,0.0,0.0,0.0,0.0,0.0,0.0,0.0,0.0,0.0,4039.6953739699866,20607.086476857097,0.0,0.0,0.0,0.0,4039.695373969987,20607.086476857097,3.0,0.0,0.0,2.0,1.0,0.0,0.0,0.0,0.0,1.0,0.0,0.0,1.0,13274.575571297228,16928.89570980178,18.058422338239065,23.02967404160322,34.31132338902843,43.75678997783448,13222.20582556996,16862.109245782343,0.0404262541808341,0.0313930671110284,0.0120958499176221,0.0099930876139881,0.0939082588234729,0.0939082588234729,0.0,0.906091741176527,False,,,,,1.0,1.102219747144247
NE_R_001,Nashik East,RESTRICTED,123.0,True,REFERENCE_HIGH,VENDOR_REFERENCE_UNION,"Tractor House, Old Manur Road",HIGH,False,EPSG:32643,REFERENCE_READY,NOT_INDEPENDENTLY_VERIFIED,126471.03900989189,6449.174038059589,373440.1003353857,2213285.6911429507,REPRESENTATIVE_POINT_FIXED_BUFFER,313.43471904536,93.06992962200675,93.06992962200675,543.7118576397165,707.2589538039565,8941.49108509543,2.0,0.0,0.0,1.0,0.0,0.0,0.0,0.0,0.0,0.0,0.0,0.0,0.0,3537.6235501301053,18045.943486192904,269.7698381825652,1376.136037409332,383.7295929929684,1957.4616832467195,2884.124118954572,14712.345765536851,4.0,0.0,0.0,2.0,0.0,0.0,0.0,0.0,0.0,2.0,0.0,2.0,3.0,15248.046474129287,19445.637802303016,2181.7538952375444,2782.362717252649,1820.6038892010508,2321.792753644493,11475.31251982934,14634.318652388338,0.0097337056852925,0.0365820616050568,0.0,0.0280290553304609,0.0743448226208103,0.0743448226208103,1.3877787807814457e-17,0.9256551773791896,False,,,,,0.0,2.240397989901144
NE_R_002,Nashik East,RESTRICTED,10.0,True,REFERENCE_HIGH,OSM_NAMED_POINT_BUFFER,Ganpati Mandir,HIGH,False,EPSG:32643,REFERENCE_READY,NOT_INDEPENDENTLY_VERIFIED,2822.8936414935024,188.41986941735715,372144.7171421396,2210051.74995239,REPRESENTATIVE_POINT_FIXED_BUFFER,182.49896665386012,653.3324175623499,182.49896665386012,750.0215324014582,768.4510361952514,7739.847544977814,1.0,0.0,1.0,1.0,0.0,0.0,0.0,0.0,0.0,7.0,0.0,0.0,0.0,4395.40523871245,22421.615362042678,687.4656873347637,3506.8646413447937,301.66625783051217,1538.8444144376267,3406.273293547175,17375.906306260254,4.0,0.0,2.0,2.0,0.0,0.0,0.0,0.0,1.0,10.0,0.0,0.0,0.0,16712.555913770164,21313.30787857332,3245.5794621407667,4139.045797536283,749.1801884785365,955.4198709016345,12717.79626315086,16218.8422101354,0.0,0.0239706181450083,0.0,0.0018006451811264,0.0257712633261348,0.0257712633261348,0.0,0.9742287366738652,False,,,,,1.0,1.6590610690056566
NW_F_001,Nashik West,FREE,115.0,True,REFERENCE_LIKELY,VENDOR_REFERENCE_UNION,Sharanpur Vegetable Market,LIKELY,False,EPSG:32643,REFERENCE_READY,NOT_INDEPENDENTLY_VERIFIED,76473.20539784787,1141.161929427763,373956.4104492276,2213556.4975519115,REPRESENTATIVE_POINT_FIXED_BUFFER,136.71186991136983,668.6662083435091,136.71186991136983,363.2401452477212,373.02584275071774,8865.028910346206,1.0,1.0,0.0,0.0,0.0,0.0,0.0,0.0,0.0,3.0,0.0,0.0,0.0,3846.834996954413,19623.277031043992,828.4811526464828,4226.205487433656,0.0,0.0,3018.3538443079306,15397.071543610333,3.0,1.0,0.0,2.0,0.0,2.0,1.0,0.0,0.0,7.0,1.0,1.0,0.0,11783.046511416076,15026.76785891493,2895.991979153554,3693.2213710484775,264.0949706856486,336.7969237289597,8736.796148632648,11141.923901341454,0.0943247632851499,0.0321660699956947,0.0,0.0,0.1264908332808446,0.1264908332808446,0.0,0.8735091667191553,True,0.745704339505163,0.254295660494837,0.0,0.0,0.0,1.3209200990219976
NW_F_002,Nashik West,FREE,50.0,True,REFERENCE_LIKELY,VENDOR_REFERENCE_UNION,"Along MSEB Compound, Sharanpur",LIKELY,False,EPSG:32643,REFERENCE_READY,NOT_INDEPENDENTLY_VERIFIED,4651.179296653002,295.4324535547834,371399.0053977665,2212284.873419374,REPRESENTATIVE_POINT_FIXED_BUFFER,42.65053021234591,2.147602821617493,2.147602821617493,1116.2696642155252,1116.2696642155252,9635.316112707034,3.0,0.0,1.0,3.0,0.0,0.0,0.0,0.0,0.0,6.0,1.0,0.0,0.0,5352.799952587996,27305.42808427043,1738.2669421183386,8867.158010702191,0.0,0.0,3614.5330104696577,18438.27007356824,5.0,0.0,1.0,5.0,0.0,0.0,0.0,0.0,0.0,16.0,1.0,0.0,0.0,17370.015507793076,22151.75765354679,4144.092531498975,5284.907973193968,15.181755103057458,19.361097268309496,13210.741221191043,16847.488583084516,0.0101614950483325,0.027604970366801,0.0,0.0037659159859894,0.0415323814011231,0.0415323814011231,0.0,0.9584676185988767,False,,,,,1.0,2.0734436393799722
NW_F_003,Nashik West,FREE,150.0,True,REFERENCE_HIGH,VENDOR_REFERENCE_UNION,Canal Road Space behind Hotel Green View,HIGH,False,EPSG:32643,REFERENCE_READY,NOT_INDEPENDENTLY_VERIFIED,265929.3559709889,13422.167715447398,377632.4171780363,2208570.422030092,REPRESENTATIVE_POINT_FIXED_BUFFER,992.184278822956,474.27121457463375,474.27121457463375,2656.80613635476,2656.80613635476,2699.341592358529,0.0,0.0,0.0,0.0,0.0,0.0,0.0,0.0,0.0,0.0,0.0,0.0,0.0,4401.631899892507,22453.37848612037,0.0,0.0,495.228893664292,2526.2361868511903,4401.631899892507,22453.37848612037,0.0,0.0,0.0,0.0,0.0,0.0,0.0,0.0,0.0,1.0,0.0,0.0,0.0,16797.30486251128,21421.387124274843,305.63607616327903,389.773761935468,1264.9009454964294,1613.1119277244168,16225.976497933883,20692.77939982937,0.0,0.0,0.0003758711378658,0.0,0.0003758711378658,0.0003758711378658,0.0,0.999624128862134,False,,,,,1.0,1.3338688511098034
NW_F_004,Nashik West,FREE,130.0,True,REFERENCE_LIKELY,VENDOR_REFERENCE_UNION,Gangawadi Grass Market Ground,LIKELY,False,EPSG:32643,REFERENCE_READY,NOT_INDEPENDENTLY_VERIFIED,154.3880173448424,49.460212090526,374859.2408430807,2209907.8278044527,REPRESENTATIVE_POINT_FIXED_BUFFER,405.6554944964841,647.8433036501857,405.6554944964841,901.742530053051,2337.0946101021755,5466.071443437397,0.0,0.0,0.0,0.0,0.0,0.0,0.0,0.0,0.0,3.0,0.0,0.0,0.0,2893.2797802904,14759.05015471331,0.0,0.0,0.0,0.0,2893.2797802904,14759.05015471331,0.0,0.0,0.0,0.0,0.0,0.0,0.0,0.0,3.0,4.0,0.0,0.0,0.0,14194.283651256184,18101.787610221745,940.7642931385252,1199.7446186139075,0.0,0.0,13253.51935811766,16902.042991607836,0.0053949195526878,0.0,0.0,0.0016170770899497,0.0070119966426376,0.0070119966426376,1.734723475976807e-18,0.9929880033573624,False,,,,,1.0,0.8316501234651436
NW_F_005,Nashik West,FREE,100.0,True,REFERENCE_LIKELY,VENDOR_REFERENCE_UNION,From Phani Baba Dargah to Gangawadi Garden,LIKELY,False,EPSG:32643,REFERENCE_READY,NOT_INDEPENDENTLY_VERIFIED,2822.8936415011253,188.4198694176116,373350.3158406607,2212923.919188228,REPRESENTATIVE_POINT_FIXED_BUFFER,127.33604770167508,295.46367123524936,127.33604770167508,378.260645268501,853.8925075219861,8711.769222006671,2.0,0.0,0.0,2.0,0.0,0.0,0.0,0.0,0.0,0.0,0.0,1.0,2.0,4445.028282333363,22674.749882464705,812.7141279082218,4145.775550969219,1103.0493248948828,5626.8185400349375,2626.525912260866,13398.299029284124,20.0,6.0,4.0,8.0,1.0,1.0,0.0,0.0,0.0,4.0,1.0,2.0,4.0,17600.544260229435,22445.748010311505,2340.8732836871727,2985.285629401769,2914.698914867319,3717.078085867522,12989.836444704177,16565.771559225057,0.0105172552051417,0.0572822915443335,0.0,0.0280781103796997,0.095877657129175,0.095877657129175,0.0,0.9041223428708248,False,,,,,0.0,2.3700815456429463
NW_F_006,Nashik West,FREE,50.0,True,REFERENCE_LIKELY,VENDOR_REFERENCE_UNION,Near Hanuman Ghat,LIKELY,False,EPSG:32643,REFERENCE_READY,NOT_INDEPENDENTLY_VERIFIED,92.84829615977856,55.62347732188033,372765.0566284545,2209593.851242249,REPRESENTATIVE_POINT_FIXED_BUFFER,23.70779181756422,579.9010274767171,23.70779181756422,750.8052742977583,1053.2248901809903,6973.773813545535,1.0,0.0,1.0,0.0,0.0,0.0,0.0,0.0,0.0,0.0,0.0,0.0,0.0,4402.533315335291,22457.9767402612,991.0734700148804,5055.613062587134,331.13528388978506,1689.1702960140387,3080.324561430626,15713.193381660029,3.0,0.0,2.0,1.0,0.0,0.0,0.0,0.0,1.0,1.0,0.0,0.0,0.0,17526.59675330897,22351.4437046158,2953.6072008586875,3766.697323202629,656.6565089867728,837.4256109427732,13916.333043463515,17747.3207704704,0.0,0.0216778113337033,0.0,0.0145014486546605,0.0361792599883638,0.0361792599883638,0.0,0.963820740011636,False,,,,,1.0,1.4234137291175928
NW_F_007,Nashik West,FREE,16.0,True,REFERENCE_HIGH,VENDOR_REFERENCE_UNION,"Canal-side Space beside the Tennis Court, D'Souza Colony",HIGH,False,EPSG:32643,REFERENCE_READY,NOT_INDEPENDENTLY_VERIFIED,57596.84258043955,3005.454492667982,369736.47879540926,2211117.324648641,REPRESENTATIVE_POINT_FIXED_BUFFER,904.4045656782693,0.5700665761185353,0.5700665761185353,981.1860662653912,2401.937984814948,10361.067966196912,0.0,0.0,0.0,0.0,0.0,0.0,0.0,0.0,0.0,0.0,0.0,0.0,0.0,1723.7179775401696,8792.941580140889,1144.5575765644064,5838.558300703182,0.0,0.0,579.160400975763,2954.383279437706,1.0,0.0,1.0,0.0,0.0,0.0,0.0,0.0,0.0,0.0,0.0,0.0,0.0,8844.123789351968,11278.797462892084,2195.405817457435,2799.772838296261,0.0,0.0,6648.717971894533,8479.024624595822,0.0,0.0,0.0087889906756481,0.0,0.0087889906756481,0.0087889906756481,0.0,0.9912110093243518,False,,,,,1.0,1.5198112788515474
NW_F_008,Nashik West,FREE,40.0,True,REFERENCE_LIKELY,VENDOR_REFERENCE_UNION,Canal-side Space behind Senior Citizens Association,LIKELY,False,EPSG:32643,REFERENCE_READY,NOT_INDEPENDENTLY_VERIFIED,129366.01195404925,6593.896962495694,367014.1723066743,2213089.9997861264,REPRESENTATIVE_POINT_FIXED_BUFFER,1026.0631294958584,2758.214288549877,1026.0631294958584,1859.5983060594876,2102.400418754343,13702.448342389833,0.0,0.0,0.0,0.0,0.0,0.0,0.0,0.0,0.0,0.0,0.0,0.0,0.0,2240.2970436176056,11428.08816950619,0.0,0.0,0.0,0.0,2240.2970436176056,11428.08816950619,0.0,0.0,0.0,0.0,0.0,0.0,0.0,0.0,0.0,0.0,0.0,0.0,0.0,8713.513092480238,11112.231318908773,0.0,0.0,0.0,0.0,8713.513092480238,11112.231318908773,0.0,0.0,0.0,0.0,0.0,0.0,0.0,1.0,False,,,,,1.0,1.059473397061997
NW_F_009,Nashik West,FREE,80.0,True,REFERENCE_LIKELY,VENDOR_REFERENCE_UNION,Roadside Space behind City Centre Mall,LIKELY,False,EPSG:32643,REFERENCE_READY,NOT_INDEPENDENTLY_VERIFIED,12443.336087215032,685.0490808265903,370592.8058685089,2212429.957361558,REPRESENTATIVE_POINT_FIXED_BUFFER,652.824075791641,177.35277282896956,177.35277282896956,882.9522784954274,1928.6801323463783,10357.20060211156,8.0,0.0,5.0,2.0,0.0,0.0,0.0,0.0,0.0,2.0,2.0,0.0,0.0,3721.309080302084,18982.950674703112,630.7326789060415,3217.461133764465,0.0,0.0,3090.576401396043,15765.489540938648,15.0,0.0,8.0,6.0,0.0,0.0,0.0,0.0,0.0,6.0,4.0,0.0,1.0,15574.190249145067,19861.56476915696,1832.0599464154504,2336.4025162532075,694.5512145057374,885.7522421211975,13047.579088223878,16639.410010782554,0.0103814390719479,0.0698471186289939,0.0,0.0169972357845279,0.0972257934854698,0.0972257934854698,0.0,0.90277420651453,False,,,,,0.0,2.9416385674342322
NW_F_010,Nashik West,FREE,46.0,True,REFERENCE_LIKELY,VENDOR_REFERENCE_UNION,Roadside Open Space behind Sandeep Hotel,LIKELY,False,EPSG:32643,REFERENCE_READY,NOT_INDEPENDENTLY_VERIFIED,2822.8936414961954,188.41986941744707,366281.5285011869,2210397.8272118377,REPRESENTATIVE_POINT_FIXED_BUFFER,181.95412533692627,1532.2167052266134,181.95412533692627,430.6974809652975,1221.2654204800767,13247.421110846886,1.0,0.0,0.0,0.0,0.0,0.0,0.0,0.0,0.0,2.0,0.0,0.0,0.0,3196.6907962367136,16306.794839603306,256.043851727685,1306.1177405648564,0.0,0.0,2940.6469445090283,15000.677099038448,2.0,0.0,0.0,1.0,0.0,3.0,0.0,0.0,0.0,3.0,0.0,0.0,0.0,14763.621819926251,18827.85726339132,1076.9806134096584,1373.4595421124088,0.0,0.0,13686.641206516597,17454.397721278914,0.0592465631758478,0.0399499642216038,0.0,0.0005469590626646,0.0997434864601164,0.0997434864601164,0.0,0.9002565135398836,False,,,,,0.0,1.8485970739079478
NW_F_011,Nashik West,FREE,60.0,True,REFERENCE_HIGH,VENDOR_REFERENCE_UNION,"Space beside Old NMC School Building, Mumbai Naka",HIGH,False,EPSG:32643,REFERENCE_READY,NOT_INDEPENDENTLY_VERIFIED,828.4883651153789,175.2856345685956,379069.1628844807,2211024.330300906,REPRESENTATIVE_POINT_FIXED_BUFFER,41.61869958663234,1513.2816095884418,41.61869958663234,3333.330620335464,3333.330620335464,4878.995240034026,0.0,0.0,0.0,0.0,0.0,0.0,0.0,0.0,0.0,0.0,0.0,0.0,0.0,3134.350289904829,15988.786651839951,584.9682250379967,2984.0098531303665,0.0,0.0,2549.3820648668325,13004.776798709585,0.0,0.0,0.0,0.0,0.0,0.0,0.0,0.0,0.0,0.0,0.0,0.0,0.0,7904.317035467552,10080.273981789036,1450.154690318711,1849.3636488512084,0.0,0.0,6454.162345148842,8230.910332937829,0.0,0.0,0.0,0.0,0.0,0.0,0.0,1.0,False,,,,,1.0,0.7769596138016797
NW_F_012,Nashik West,FREE,30.0,True,REFERENCE_LIKELY,VENDOR_REFERENCE_UNION,"Open Space opposite Hindu Samaj Seva Sangh, near Jhankar Hotel",LIKELY,False,EPSG:32643,REFERENCE_READY,NOT_INDEPENDENTLY_VERIFIED,2822.8936414961954,188.41986941744707,366281.5285011869,2210397.8272118377,REPRESENTATIVE_POINT_FIXED_BUFFER,181.95412533692627,1532.2167052266134,181.95412533692627,430.6974809652975,1221.2654204800767,13247.421110846886,1.0,0.0,0.0,0.0,0.0,0.0,0.0,0.0,0.0,2.0,0.0,0.0,0.0,3196.6907962367136,16306.794839603306,256.043851727685,1306.1177405648564,0.0,0.0,2940.6469445090283,15000.677099038448,2.0,0.0,0.0,1.0,0.0,3.0,0.0,0.0,0.0,3.0,0.0,0.0,0.0,14763.621819926251,18827.85726339132,1076.9806134096584,1373.4595421124088,0.0,0.0,13686.641206516597,17454.397721278914,0.0592465631758478,0.0399499642216038,0.0,0.0005469590626646,0.0997434864601164,0.0997434864601164,0.0,0.9002565135398836,False,,,,,0.0,1.8485970739079478
NW_F_013,Nashik West,FREE,20.0,True,REFERENCE_HIGH,OSM_NAMED_POINT_BUFFER,Ram Mandir,HIGH,False,EPSG:32643,REFERENCE_READY,NOT_INDEPENDENTLY_VERIFIED,2822.893641498528,188.4198694175248,369448.4113497288,2212960.741210323,REPRESENTATIVE_POINT_FIXED_BUFFER,348.2151014385047,354.46245414931224,348.2151014385047,399.39432268381006,2873.047201784368,11592.28839596695,0.0,0.0,0.0,0.0,0.0,0.0,0.0,0.0,0.0,0.0,3.0,0.0,0.0,2329.9046315731543,11885.18979302982,0.0,0.0,0.0,0.0,2329.9046315731543,11885.18979302982,4.0,0.0,2.0,0.0,0.0,1.0,0.0,0.0,0.0,1.0,5.0,0.0,0.0,11890.992760212,15164.430323399429,3166.7537136735464,4038.5203330586096,146.75768077880184,187.1581851467008,8617.67674856234,10990.012460559525,0.0,0.0,0.0,0.0035077956539107,0.0035077956539107,0.0035077956539107,0.0,0.9964922043460892,False,,,,,1.0,2.123823058229307
NW_F_014,Nashik West,FREE,80.0,True,REFERENCE_HIGH,OSM_NAMED_POINT_BUFFER,Parijat Nagar,HIGH,False,EPSG:32643,REFERENCE_READY,NOT_INDEPENDENTLY_VERIFIED,2822.8936414790232,188.4198694168739,369915.464215972,2212572.031358675,REPRESENTATIVE_POINT_FIXED_BUFFER,711.9892918703225,172.6132233035413,172.6132233035413,331.37109703656563,2619.557015578589,10986.048526019747,1.0,0.0,0.0,1.0,0.0,0.0,0.0,0.0,0.0,0.0,0.0,0.0,0.0,4993.9138435483,25474.6967048754,716.9280980850525,3657.156777246919,473.1610458965436,2413.66481569327,3803.824699566703,19403.87511193521,6.0,0.0,4.0,1.0,0.0,1.0,0.0,0.0,0.0,2.0,6.0,0.0,0.0,14797.266954311432,18870.76447108997,3249.298909525757,4143.789161008841,982.7255900447318,1253.2573215517823,10565.242454740946,13473.717988529344,0.000293683863909,0.0,0.0,0.0112658232464574,0.0115595071103664,0.0115595071103664,0.0,0.9884404928896336,False,,,,,0.0,2.1163392767420905
NW_F_015,Nashik West,FREE,20.0,False,NO_USABLE_REFERENCE,UNRESOLVED,,UNRESOLVED,False,EPSG:32643,NO_USABLE_REFERENCE,NOT_INDEPENDENTLY_VERIFIED,,,,,,,,,,,,,,,,,,,,,,,,,,,,,,,,,,,,,,,,,,,,,,,,,,,,,,,,,,,,,,,,,,,,
NW_F_016,Nashik West,FREE,100.0,True,REFERENCE_LIKELY,VENDOR_REFERENCE_UNION,"Bhadrakali Taxi Stand / Matangwada Area toward Main Road | Matangwada Area, Bhadrakali to Main Road",LIKELY,False,EPSG:32643,REFERENCE_READY,NOT_INDEPENDENTLY_VERIFIED,28257.071677861237,1538.5264823049397,373440.1003353857,2213285.6911429507,REPRESENTATIVE_POINT_FIXED_BUFFER,313.43471904536,93.06992962200675,93.06992962200675,543.7118576397165,707.2589538039565,8941.49108509543,2.0,0.0,0.0,1.0,0.0,0.0,0.0,0.0,0.0,0.0,0.0,0.0,0.0,3537.6235501301053,18045.943486192904,269.7698381825652,1376.136037409332,383.7295929929684,1957.4616832467195,2884.124118954572,14712.345765536851,4.0,0.0,0.0,2.0,0.0,0.0,0.0,0.0,0.0,2.0,0.0,2.0,3.0,15248.046474129287,19445.637802303016,2181.7538952375444,2782.362717252649,1820.6038892010508,2321.792753644493,11475.31251982934,14634.318652388338,0.0097337056852925,0.0365820616050568,0.0,0.0280290553304609,0.0743448226208103,0.0743448226208103,1.3877787807814457e-17,0.9256551773791896,False,,,,,0.0,2.240397989901144
NW_F_017,Nashik West,FREE,48.0,True,REFERENCE_LIKELY,VENDOR_REFERENCE_UNION,Bhadrakali Vegetable Market Ground (near Kandaji Chivda),LIKELY,False,EPSG:32643,REFERENCE_READY,NOT_INDEPENDENTLY_VERIFIED,76473.20539784787,1141.161929427763,373956.4104492276,2213556.4975519115,REPRESENTATIVE_POINT_FIXED_BUFFER,136.71186991136983,668.6662083435091,136.71186991136983,363.2401452477212,373.02584275071774,8865.028910346206,1.0,1.0,0.0,0.0,0.0,0.0,0.0,0.0,0.0,3.0,0.0,0.0,0.0,3846.834996954413,19623.277031043992,828.4811526464828,4226.205487433656,0.0,0.0,3018.3538443079306,15397.071543610333,3.0,1.0,0.0,2.0,0.0,2.0,1.0,0.0,0.0,7.0,1.0,1.0,0.0,11783.046511416076,15026.76785891493,2895.991979153554,3693.2213710484775,264.0949706856486,336.7969237289597,8736.796148632648,11141.923901341454,0.0943247632851499,0.0321660699956947,0.0,0.0,0.1264908332808446,0.1264908332808446,0.0,0.8735091667191553,True,0.745704339505163,0.254295660494837,0.0,0.0,0.0,1.3209200990219976
NW_F_018,Nashik West,FREE,100.0,True,REFERENCE_LIKELY,VENDOR_REFERENCE_UNION,"Open Space near Boys Town, Siddharth Nagar",LIKELY,False,EPSG:32643,REFERENCE_READY,NOT_INDEPENDENTLY_VERIFIED,2822.893641484624,188.41986941706085,369575.0172024724,2211646.8433015486,REPRESENTATIVE_POINT_FIXED_BUFFER,1261.9104918229134,86.39696587046022,86.39696587046022,964.851394994388,2326.3426597325306,10763.547417327189,0.0,0.0,0.0,0.0,0.0,0.0,0.0,0.0,0.0,0.0,0.0,0.0,0.0,3905.90869618852,19924.620750292983,927.72821640976,4732.479509658778,0.0,0.0,2978.1804797787595,15192.141240634206,0.0,0.0,0.0,0.0,0.0,0.0,0.0,0.0,0.0,1.0,0.0,0.0,0.0,10403.294674299805,13267.188064405069,2062.096707667024,2629.765442979753,0.0,0.0,8341.197966632777,10637.422621425312,0.0,0.0,0.2016388850885865,0.0056756934879676,0.2073145785765541,0.2073145785765541,0.0,0.7926854214234459,True,0.0,0.0,0.9726227961056207,0.0273772038943792,1.0,0.5219064396994854
NW_F_019,Nashik West,FREE,30.0,True,REFERENCE_HIGH,VENDOR_REFERENCE_UNION,"Near ST Workshop, N. D. Patel Road",HIGH,False,EPSG:32643,REFERENCE_READY,NOT_INDEPENDENTLY_VERIFIED,121855.32303556224,6218.4798921904185,366985.1438001996,2208965.073115661,REPRESENTATIVE_POINT_FIXED_BUFFER,8.630330144621621e-11,64.30751509692502,8.630330144621621e-11,1498.2778738802472,2077.417662075477,12174.354969073647,4.0,0.0,1.0,4.0,0.0,0.0,0.0,0.0,0.0,0.0,0.0,0.0,0.0,3871.977460645273,19751.53247497109,1239.9238471494928,6325.035820167953,0.0,0.0,2632.05361349578,13426.49665480314,25.0,2.0,3.0,22.0,0.0,0.0,0.0,0.0,0.0,1.0,0.0,0.0,0.0,14296.71980076406,18232.42311586323,2497.38997501676,3184.8893553461976,20.93416609808385,26.697073118662235,11793.721044517231,15040.380953860957,0.0,0.0,0.0,0.0,0.0,0.0,0.0,1.0,False,,,,,1.0,2.3568477880043996
NW_F_020,Nashik West,FREE,75.0,True,REFERENCE_LIKELY,VENDOR_REFERENCE_UNION,"Lane beside Hotel Priya, opposite CBS | Lane opposite CBS",LIKELY,False,EPSG:32643,REFERENCE_READY,NOT_INDEPENDENTLY_VERIFIED,50779.38860126195,2712.005285718549,374759.0822412303,2211175.421117003,REPRESENTATIVE_POINT_FIXED_BUFFER,621.9354664374229,473.1407541660563,473.1407541660563,574.2661473840967,2060.123565757114,6466.364987801225,0.0,0.0,0.0,0.0,0.0,0.0,0.0,0.0,0.0,2.0,1.0,0.0,0.0,4200.418368554251,21426.958358672407,0.0,0.0,0.0,0.0,4200.418368554252,21426.95835867241,1.0,0.0,0.0,0.0,1.0,0.0,0.0,0.0,0.0,7.0,1.0,0.0,2.0,17176.26159344025,21904.66577540516,27.54929649966864,35.13326394628539,132.71290181473404,169.2470589436137,17015.999395125848,21700.28545251526,0.0051478716436445,0.0173962054380218,0.0145178529121221,0.0038095307420354,0.0408714607358239,0.0408714607358239,1.3877787807814457e-17,0.959128539264176,False,,,,,1.0,1.64580822854467
NW_F_021,Nashik West,FREE,5.0,True,REFERENCE_LIKELY,VENDOR_REFERENCE_UNION,Dudh Bazar,LIKELY,False,EPSG:32643,REFERENCE_READY,NOT_INDEPENDENTLY_VERIFIED,76473.20539784787,1141.161929427763,373956.4104492276,2213556.4975519115,REPRESENTATIVE_POINT_FIXED_BUFFER,136.71186991136983,668.6662083435091,136.71186991136983,363.2401452477212,373.02584275071774,8865.028910346206,1.0,1.0,0.0,0.0,0.0,0.0,0.0,0.0,0.0,3.0,0.0,0.0,0.0,3846.834996954413,19623.277031043992,828.4811526464828,4226.205487433656,0.0,0.0,3018.3538443079306,15397.071543610333,3.0,1.0,0.0,2.0,0.0,2.0,1.0,0.0,0.0,7.0,1.0,1.0,0.0,11783.046511416076,15026.76785891493,2895.991979153554,3693.2213710484775,264.0949706856486,336.7969237289597,8736.796148632648,11141.923901341454,0.0943247632851499,0.0321660699956947,0.0,0.0,0.1264908332808446,0.1264908332808446,0.0,0.8735091667191553,True,0.745704339505163,0.254295660494837,0.0,0.0,0.0,1.3209200990219976
NW_F_022,Nashik West,FREE,18.0,True,REFERENCE_LIKELY,VENDOR_REFERENCE_UNION,"Opposite Bharat Theatre, Bhadrakali",LIKELY,False,EPSG:32643,REFERENCE_READY,NOT_INDEPENDENTLY_VERIFIED,362.1241615590453,78.77621613238975,373598.13040749857,2212142.3432706604,REPRESENTATIVE_POINT_FIXED_BUFFER,561.974922937437,454.67576361812985,454.67576361812985,529.4193623540898,1173.597182810153,7953.904853777295,3.0,0.0,2.0,3.0,0.0,0.0,0.0,0.0,0.0,0.0,0.0,0.0,0.0,4044.020492494659,20629.1495492449,0.0,0.0,95.91713862935612,489.2875792278779,3948.103353865303,20139.861970017024,15.0,3.0,7.0,8.0,0.0,0.0,0.0,0.0,0.0,2.0,0.0,1.0,3.0,17108.88250507058,21818.738089513787,177.56285328409498,226.4436259401648,718.9071050509143,916.8129964740656,16228.244068000758,20695.67120280797,0.0139359772902445,0.0319459282657519,0.0,0.0,0.0458819055559964,0.0458819055559964,0.0,0.9541180944440036,False,,,,,0.0,2.471514332560533
NW_F_023,Nashik West,FREE,40.0,False,NO_USABLE_REFERENCE,UNRESOLVED,,UNRESOLVED,False,EPSG:32643,NO_USABLE_REFERENCE,NOT_INDEPENDENTLY_VERIFIED,,,,,,,,,,,,,,,,,,,,,,,,,,,,,,,,,,,,,,,,,,,,,,,,,,,,,,,,,,,,,,,,,,,,
NW_F_024,Nashik West,FREE,46.0,True,REFERENCE_LIKELY,OSM_NAMED_POLYGON,Temple,LIKELY,False,EPSG:32643,REFERENCE_READY,NOT_INDEPENDENTLY_VERIFIED,140.59997703785456,49.754420150577104,373565.36320635886,2209774.592333068,REPRESENTATIVE_POINT_FIXED_BUFFER,494.0019078708822,13.87954790117547,13.87954790117547,1266.9410721891363,1266.9410721891363,6390.91107659306,0.0,0.0,0.0,0.0,0.0,0.0,0.0,0.0,0.0,0.0,0.0,0.0,0.0,4632.325624290143,23630.181459671923,892.2363280106754,4551.430112177073,0.0,0.0,3740.089296279468,19078.75134749485,0.0,0.0,0.0,0.0,0.0,0.0,0.0,0.0,0.0,0.0,0.0,0.0,0.0,16690.778019773756,21285.534810103887,1613.026268964848,2057.071680959823,1787.8974334220177,2280.082630714635,15077.751750808908,19228.463129144064,0.0,0.0,0.0,0.0029611972492823,0.0029611972492823,0.0029611972492823,0.0,0.9970388027507175,False,,,,,1.0,0.8869313131392808
NW_F_025,Nashik West,FREE,48.0,True,REFERENCE_HIGH,VENDOR_REFERENCE_UNION,Balaji Temple,HIGH,False,EPSG:32643,REFERENCE_READY,NOT_INDEPENDENTLY_VERIFIED,57.40092686363764,30.92203288497552,373662.7154824864,2212897.2457747557,REPRESENTATIVE_POINT_FIXED_BUFFER,100.95272933835771,439.8497703646158,100.95272933835771,279.73468625862665,589.2169745018008,8497.547640176364,2.0,1.0,0.0,1.0,0.0,0.0,0.0,0.0,0.0,1.0,0.0,2.0,2.0,5061.286727915162,25818.37580090061,1045.2389462856488,5331.919207046472,1477.6305207925318,7537.612890075637,2712.1201463098014,13834.927938070716,19.0,4.0,4.0,11.0,0.0,1.0,0.0,0.0,0.0,5.0,1.0,2.0,6.0,17576.90108628016,22415.59617427831,2887.634772826171,3682.56353317022,3195.199243313364,4074.7965516161184,12022.972054374306,15332.741821927331,0.0141000698339929,0.0710049085885926,0.0,0.0159041959284294,0.1010091743510149,0.1010091743510149,1.3877787807814457e-17,0.898990825648985,True,0.1395919719628046,0.702955043883884,0.0,0.1574529841533115,0.0,2.5572066023463598
NW_F_026,Nashik West,FREE,300.0,True,REFERENCE_LIKELY,OSM_NAMED_POLYGON,Open Plot,LIKELY,False,EPSG:32643,REFERENCE_READY,NOT_INDEPENDENTLY_VERIFIED,994.0117503427535,150.7568119816655,372970.71815580456,2213498.0306168767,REPRESENTATIVE_POINT_FIXED_BUFFER,288.5244180897989,264.82049114569406,264.82049114569406,329.13014991066365,1203.9113203301292,9397.08683238713,1.0,0.0,0.0,1.0,0.0,0.0,0.0,0.0,0.0,0.0,0.0,0.0,1.0,3403.55513745163,17362.04058804808,0.0,0.0,141.44577270392028,721.5359080482027,3403.55513745163,17362.04058804808,2.0,0.0,0.0,1.0,0.0,1.0,0.0,0.0,0.0,0.0,0.0,0.0,1.0,14063.78600836794,17935.365642531353,3034.2510233131798,3869.5413540825143,716.5869569660128,913.8541414244532,10542.571858227391,13444.80646800685,0.0175280554326309,0.0012231527192089,0.0,0.0148639182913964,0.0336151264432363,0.0336151264432363,6.938893903907228e-18,0.9663848735567636,False,,,,,0.0,1.7372398448705355
NW_F_027,Nashik West,FREE,100.0,True,REFERENCE_HIGH,VENDOR_REFERENCE_UNION,"Behind Sandarbha Seva Hospital, Navapura – Shivaji Road to Pimpalpar Road | Navapura behind the Hospital – Shivaji Road to Pimpalpar Road",HIGH,False,EPSG:32643,REFERENCE_READY,NOT_INDEPENDENTLY_VERIFIED,7850.980502578886,455.4218721070014,373220.5729204362,2212133.5676892987,REPRESENTATIVE_POINT_FIXED_BUFFER,301.8336658890867,77.22061833232007,77.22061833232007,188.27303652618068,804.9035989993511,8200.769962808305,3.0,0.0,0.0,2.0,1.0,1.0,0.0,0.0,0.0,1.0,0.0,0.0,0.0,4233.788913880436,21597.18646986802,997.4223509964584,5087.99964803654,95.91713862935612,489.2875792278779,3140.449424254621,16019.8992426036,31.0,2.0,11.0,17.0,4.0,2.0,0.0,0.0,0.0,5.0,2.0,0.0,1.0,15865.642341051633,20233.24987816777,2626.413994210295,3349.4320296679025,177.92298717214447,226.9029000615565,13061.30535966919,16656.914948438305,0.0,0.0579664696943624,0.0,0.0194457946857319,0.0774122643800944,0.0774122643800944,0.0,0.9225877356199056,False,,,,,0.0,1.448209957794406
NW_R_001,Nashik West,RESTRICTED,10.0,True,REFERENCE_HIGH,OSM_NAMED_LINE_BUFFER,D'souza Colony,HIGH,False,EPSG:32643,REFERENCE_READY,NOT_INDEPENDENTLY_VERIFIED,11362.52759608858,630.9855348492649,370104.7560434425,2212989.4194360413,REPRESENTATIVE_POINT_FIXED_BUFFER,283.8279391060786,183.16452398048847,183.16452398048847,278.7465688070537,2582.575140910218,11085.504766857171,8.0,0.0,5.0,1.0,0.0,0.0,0.0,0.0,0.0,2.0,3.0,0.0,0.0,4294.6147785396015,21907.46824535477,703.2010357367404,3587.1329921101496,62.807613916808506,320.3909729749692,3528.606128886053,17999.944280269654,13.0,0.0,10.0,1.0,0.0,1.0,0.0,0.0,0.0,5.0,5.0,0.0,0.0,15703.171785352455,20026.053265472143,4894.694704426898,6242.14128259805,392.5495716593,500.61342630921047,10415.927509266256,13283.29855656488,0.0005481205305531,0.0,0.0,0.0130810683587415,0.0136291888892946,0.0136291888892946,0.0,0.9863708111107052,False,,,,,0.0,2.6009227036386857
NW_R_002,Nashik West,RESTRICTED,5.0,True,REFERENCE_HIGH,OSM_NAMED_LINE_BUFFER,Kalpana Nagar Road,HIGH,False,EPSG:32643,REFERENCE_READY,NOT_INDEPENDENTLY_VERIFIED,11905.43922511328,658.0766251241158,370097.6092369192,2212709.734744623,REPRESENTATIVE_POINT_FIXED_BUFFER,555.2032304660687,74.69163793986125,74.69163793986125,315.5106845172913,2484.9573506344555,10920.91192935085,1.0,0.0,1.0,0.0,0.0,0.0,0.0,0.0,0.0,2.0,1.0,0.0,0.0,4356.247250049629,22221.864642264627,962.2801657138268,4908.73413812428,243.50577855344432,1242.159165911039,3150.461305782358,16070.971338229308,13.0,0.0,9.0,2.0,0.0,1.0,0.0,0.0,0.0,3.0,8.0,0.0,0.0,15628.861850300174,19931.286759835435,3227.8692553071446,4116.4601982547765,838.7027949604002,1069.5869010007364,11562.289800032628,14745.239660579922,0.0005481205305531,0.0,0.0,0.0204313338075435,0.0209794543380966,0.0209794543380966,0.0,0.9790205456619032,False,,,,,0.0,1.9860524978440421
NW_R_003,Nashik West,RESTRICTED,5.0,True,REFERENCE_LIKELY,OSM_NAMED_LINE_BUFFER,Model Colony Circle,LIKELY,False,EPSG:32643,REFERENCE_READY,NOT_INDEPENDENTLY_VERIFIED,2001.1513958589208,158.64453666438283,370027.2600533776,2212816.992500364,REPRESENTATIVE_POINT_FIXED_BUFFER,465.568968815526,4.527961115462601,4.527961115462601,200.74196394046385,2587.439584932933,11041.66149180317,3.0,0.0,2.0,0.0,0.0,1.0,0.0,0.0,0.0,2.0,2.0,0.0,0.0,5025.153376330322,25634.05420437495,1304.2311194092683,6653.076773227655,167.8397466164141,856.1754916136716,3553.082510304641,18124.801939533627,12.0,0.0,8.0,2.0,0.0,1.0,0.0,0.0,0.0,2.0,6.0,0.0,0.0,15993.85363749412,20396.756097604757,4166.479190343421,5313.457391654321,625.714997320518,797.966298568656,11201.659449830186,14285.332407381782,0.0005481205305531,0.0,0.0,0.0145808436316385,0.0151289641621917,0.0151289641621917,0.0,0.9848710358378084,False,,,,,0.0,2.2172316406717654
NW_R_004,Nashik West,RESTRICTED,5.0,False,NO_USABLE_REFERENCE,UNRESOLVED,,UNRESOLVED,False,EPSG:32643,NO_USABLE_REFERENCE,NOT_INDEPENDENTLY_VERIFIED,,,,,,,,,,,,,,,,,,,,,,,,,,,,,,,,,,,,,,,,,,,,,,,,,,,,,,,,,,,,,,,,,,,,
NW_R_005,Nashik West,RESTRICTED,10.0,False,NO_USABLE_REFERENCE,UNRESOLVED,,UNRESOLVED,False,EPSG:32643,NO_USABLE_REFERENCE,NOT_INDEPENDENTLY_VERIFIED,,,,,,,,,,,,,,,,,,,,,,,,,,,,,,,,,,,,,,,,,,,,,,,,,,,,,,,,,,,,,,,,,,,,
NW_R_006,Nashik West,RESTRICTED,5.0,False,NO_USABLE_REFERENCE,UNRESOLVED,,UNRESOLVED,False,EPSG:32643,NO_USABLE_REFERENCE,NOT_INDEPENDENTLY_VERIFIED,,,,,,,,,,,,,,,,,,,,,,,,,,,,,,,,,,,,,,,,,,,,,,,,,,,,,,,,,,,,,,,,,,,,
NW_R_007,Nashik West,RESTRICTED,5.0,True,REFERENCE_HIGH,OSM_NAMED_POINT_BUFFER,Laxmi Nagar,HIGH,False,EPSG:32643,REFERENCE_READY,NOT_INDEPENDENTLY_VERIFIED,2822.893641509896,188.41986941790432,370571.41270512703,2208976.821685225,REPRESENTATIVE_POINT_FIXED_BUFFER,826.6271708000036,169.10142693876224,169.10142693876224,1065.0254435868894,2653.756444201817,8728.45299717683,0.0,0.0,0.0,0.0,0.0,0.0,0.0,0.0,0.0,0.0,0.0,0.0,0.0,4976.002887978064,25383.330258608865,726.5730984940665,3706.357357760629,0.0,0.0,4249.429789483997,21676.972900848235,0.0,0.0,0.0,0.0,0.0,0.0,0.0,0.0,0.0,1.0,0.0,0.0,0.0,19621.65505761924,25023.244648392167,1879.6728264637404,2397.122610575744,868.5066645631591,1107.5953930646624,17741.982231155496,22626.12203781642,0.0335343503051607,0.0,0.0,0.0387150632874436,0.0722494135926044,0.0722494135926044,0.0,0.9277505864073956,False,,,,,1.0,0.7533999345952327
NW_R_008,Nashik West,RESTRICTED,6.0,False,NO_USABLE_REFERENCE,UNRESOLVED,,UNRESOLVED,False,EPSG:32643,NO_USABLE_REFERENCE,NOT_INDEPENDENTLY_VERIFIED,,,,,,,,,,,,,,,,,,,,,,,,,,,,,,,,,,,,,,,,,,,,,,,,,,,,,,,,,,,,,,,,,,,,
NW_R_009,Nashik West,RESTRICTED,10.0,False,NO_USABLE_REFERENCE,UNRESOLVED,,UNRESOLVED,False,EPSG:32643,NO_USABLE_REFERENCE,NOT_INDEPENDENTLY_VERIFIED,,,,,,,,,,,,,,,,,,,,,,,,,,,,,,,,,,,,,,,,,,,,,,,,,,,,,,,,,,,,,,,,,,,,
NW_R_010,Nashik West,RESTRICTED,10.0,False,NO_USABLE_REFERENCE,UNRESOLVED,,UNRESOLVED,False,EPSG:32643,NO_USABLE_REFERENCE,NOT_INDEPENDENTLY_VERIFIED,,,,,,,,,,,,,,,,,,,,,,,,,,,,,,,,,,,,,,,,,,,,,,,,,,,,,,,,,,,,,,,,,,,,
NW_R_011,Nashik West,RESTRICTED,5.0,True,REFERENCE_LIKELY,OSM_NAMED_POLYGON,a,LIKELY,False,EPSG:32643,REFERENCE_READY,NOT_INDEPENDENTLY_VERIFIED,83.81708877688439,38.824239183196845,373373.3945373279,2213165.869957573,REPRESENTATIVE_POINT_FIXED_BUFFER,273.59988972828944,54.26125291919718,54.26125291919718,560.2913894027396,775.2296877709119,8886.97925402907,2.0,0.0,0.0,1.0,0.0,0.0,0.0,0.0,0.0,0.0,0.0,0.0,0.0,3213.9791281389366,16394.98519000579,204.5094770744501,1043.2332364874324,543.0237996617548,2770.0451055605863,2466.4458514027324,12581.706847957776,7.0,1.0,0.0,4.0,0.0,0.0,0.0,0.0,0.0,3.0,0.0,2.0,3.0,15759.459396694916,20097.836133184366,2349.5043873607037,2996.292765047267,2375.0038329807567,3028.8118804977853,11535.22849341639,14710.728723863587,0.0147567356910851,0.049342805884525,0.0,0.0280781103796997,0.0921776519553099,0.0921776519553099,2.775557561562892e-17,0.90782234804469,False,,,,,0.0,2.170236738391006
NW_R_012,Nashik West,RESTRICTED,10.0,False,NO_USABLE_REFERENCE,UNRESOLVED,,UNRESOLVED,False,EPSG:32643,NO_USABLE_REFERENCE,NOT_INDEPENDENTLY_VERIFIED,,,,,,,,,,,,,,,,,,,,,,,,,,,,,,,,,,,,,,,,,,,,,,,,,,,,,,,,,,,,,,,,,,,,
NW_R_013,Nashik West,RESTRICTED,15.0,False,NO_USABLE_REFERENCE,UNRESOLVED,,UNRESOLVED,False,EPSG:32643,NO_USABLE_REFERENCE,NOT_INDEPENDENTLY_VERIFIED,,,,,,,,,,,,,,,,,,,,,,,,,,,,,,,,,,,,,,,,,,,,,,,,,,,,,,,,,,,,,,,,,,,,
NW_R_014,Nashik West,RESTRICTED,4.0,False,NO_USABLE_REFERENCE,UNRESOLVED,,UNRESOLVED,False,EPSG:32643,NO_USABLE_REFERENCE,NOT_INDEPENDENTLY_VERIFIED,,,,,,,,,,,,,,,,,,,,,,,,,,,,,,,,,,,,,,,,,,,,,,,,,,,,,,,,,,,,,,,,,,,,
NW_R_015,Nashik West,RESTRICTED,6.0,True,REFERENCE_LIKELY,VENDOR_REFERENCE_UNION,Raka Colony,LIKELY,False,EPSG:32643,REFERENCE_READY,NOT_INDEPENDENTLY_VERIFIED,12562.9674326082,691.0259381356705,371812.51040498726,2212086.128194739,REPRESENTATIVE_POINT_FIXED_BUFFER,495.6775217563698,62.94827883276181,62.94827883276181,661.4410589682761,661.4410589682761,9190.55741832158,2.0,0.0,0.0,2.0,0.0,0.0,0.0,0.0,0.0,7.0,0.0,0.0,0.0,4343.818891113955,22158.465736247326,728.9865835047317,3718.668903489014,41.78429331868544,213.14789014556771,3573.048014290537,18226.648942612737,4.0,0.0,1.0,3.0,0.0,0.0,0.0,0.0,0.0,22.0,1.0,0.0,0.0,15283.835329484396,19491.278869817805,1476.8333355839093,1883.3865824619745,394.3008837999355,502.8468521859846,13765.2177005818,17554.60531481945,0.1574683856078981,0.0457022705439236,0.0,0.0041048336561438,0.2072754898079654,0.2072754898079654,8.326672684688674e-17,0.7927245101920346,True,0.7597057701023303,0.2204904718173161,0.0,0.0198037580803539,1.0,1.6977264284696145
NW_R_016,Nashik West,RESTRICTED,10.0,False,NO_USABLE_REFERENCE,UNRESOLVED,,UNRESOLVED,False,EPSG:32643,NO_USABLE_REFERENCE,NOT_INDEPENDENTLY_VERIFIED,,,,,,,,,,,,,,,,,,,,,,,,,,,,,,,,,,,,,,,,,,,,,,,,,,,,,,,,,,,,,,,,,,,,
NW_R_017,Nashik West,RESTRICTED,20.0,True,REFERENCE_LIKELY,VENDOR_REFERENCE_UNION,Sambhaji Chowk,LIKELY,False,EPSG:32643,REFERENCE_READY,NOT_INDEPENDENTLY_VERIFIED,65781.71509960767,3351.9680199597765,370824.3117388615,2208997.817724423,REPRESENTATIVE_POINT_FIXED_BUFFER,645.6885433131769,0.0142984260187728,0.0142984260187728,812.9966872745355,2447.628269218432,8496.578248670867,0.0,0.0,0.0,0.0,0.0,0.0,0.0,0.0,0.0,1.0,0.0,0.0,0.0,5862.354747720477,29904.74282360756,999.2872529630122,5097.512790127219,300.5717269845774,1533.2610499247726,4863.067494757464,24807.230033480344,0.0,0.0,0.0,0.0,0.0,0.0,0.0,0.0,0.0,1.0,0.0,0.0,0.0,19939.58152788908,25428.69219205759,1999.4353155881784,2549.854174567718,1086.2529524289405,1385.2844369574657,17940.1462123009,22878.83801748988,0.0335343503051607,0.0,0.0,0.0148724213530175,0.0484067716581782,0.0484067716581782,1.3877787807814457e-17,0.9515932283418216,False,,,,,1.0,1.8142194819932416
NW_R_018,Nashik West,RESTRICTED,10.0,True,REFERENCE_LIKELY,OSM_NAMED_POLYGON,area,LIKELY,False,EPSG:32643,REFERENCE_READY,NOT_INDEPENDENTLY_VERIFIED,46.97693380908618,28.762023925065584,375489.8760340186,2209981.0755013544,REPRESENTATIVE_POINT_FIXED_BUFFER,127.73166932397594,13.325405717029524,13.325405717029524,1279.5052147797255,2896.427279515244,5081.664885036741,1.0,0.0,0.0,1.0,0.0,0.0,0.0,0.0,0.0,0.0,0.0,0.0,0.0,3925.590448315931,20025.020292971138,1566.7599112095404,7992.275156886079,109.51065356311976,558.6301191553941,2329.134675494168,11881.262132641044,2.0,0.0,0.0,2.0,0.0,0.0,0.0,0.0,2.0,0.0,0.0,0.0,0.0,14896.134132312933,18996.848513213976,3074.30873375734,3920.626437657534,190.65958704067768,243.14572226809756,11760.083480936317,14997.483401111744,0.0,0.0179076047519267,0.0,0.0,0.0179076047519267,0.0179076047519267,0.0,0.9820923952480732,False,,,,,1.0,1.1198882462266948
NW_R_019,Nashik West,RESTRICTED,44.0,False,NO_USABLE_REFERENCE,UNRESOLVED,,UNRESOLVED,False,EPSG:32643,NO_USABLE_REFERENCE,NOT_INDEPENDENTLY_VERIFIED,,,,,,,,,,,,,,,,,,,,,,,,,,,,,,,,,,,,,,,,,,,,,,,,,,,,,,,,,,,,,,,,,,,,
PAN_F_001,Panchavati,FREE,40.0,True,REFERENCE_LIKELY,VENDOR_REFERENCE_UNION,"Holi Chowk, Adgaon | Adgaon Chowk",LIKELY,False,EPSG:32643,REFERENCE_READY,NOT_INDEPENDENTLY_VERIFIED,2822.8936414951627,188.4198694174126,370872.9020833988,2209047.876183574,REPRESENTATIVE_POINT_FIXED_BUFFER,641.3818367801846,1.5425712317844648e-10,1.5425712317844648e-10,768.8344367440596,2378.017173677894,8467.804842241027,0.0,0.0,0.0,0.0,0.0,0.0,0.0,0.0,0.0,1.0,0.0,0.0,0.0,6339.7885334849725,32340.20352037626,999.0189794657138,5096.144287147044,529.3363330289693,2700.223304053381,5340.769554019259,27244.059233229214,0.0,0.0,0.0,0.0,0.0,0.0,0.0,0.0,0.0,1.0,0.0,0.0,0.0,19826.849871850183,25284.926959186258,1999.3749662326663,2549.7772118098405,1124.9638352983068,1434.6519286267917,17827.47490561752,22735.14974737642,0.0335343503051607,0.0,0.0,0.0120113929512552,0.045545743256416,0.045545743256416,0.0,0.954454256743584,False,,,,,1.0,1.919816537314907
PAN_F_002,Panchavati,FREE,15.0,True,REFERENCE_LIKELY,OSM_NAMED_POLYGON,Temple,LIKELY,False,EPSG:32643,REFERENCE_READY,NOT_INDEPENDENTLY_VERIFIED,140.59997703785456,49.754420150577104,373565.36320635886,2209774.592333068,REPRESENTATIVE_POINT_FIXED_BUFFER,494.0019078708822,13.87954790117547,13.87954790117547,1266.9410721891363,1266.9410721891363,6390.91107659306,0.0,0.0,0.0,0.0,0.0,0.0,0.0,0.0,0.0,0.0,0.0,0.0,0.0,4632.325624290143,23630.181459671923,892.2363280106754,4551.430112177073,0.0,0.0,3740.089296279468,19078.75134749485,0.0,0.0,0.0,0.0,0.0,0.0,0.0,0.0,0.0,0.0,0.0,0.0,0.0,16690.778019773756,21285.534810103887,1613.026268964848,2057.071680959823,1787.8974334220177,2280.082630714635,15077.751750808908,19228.463129144064,0.0,0.0,0.0,0.0029611972492823,0.0029611972492823,0.0029611972492823,0.0,0.9970388027507175,False,,,,,1.0,0.8869313131392808
PAN_F_003,Panchavati,FREE,40.0,False,NO_USABLE_REFERENCE,UNRESOLVED,,UNRESOLVED,False,EPSG:32643,NO_USABLE_REFERENCE,NOT_INDEPENDENTLY_VERIFIED,,,,,,,,,,,,,,,,,,,,,,,,,,,,,,,,,,,,,,,,,,,,,,,,,,,,,,,,,,,,,,,,,,,,
PAN_F_004,Panchavati,FREE,80.0,True,REFERENCE_LIKELY,VENDOR_REFERENCE_UNION,Mhasrul Vegetable Market,LIKELY,False,EPSG:32643,REFERENCE_READY,NOT_INDEPENDENTLY_VERIFIED,76473.20539784787,1141.161929427763,373956.4104492276,2213556.4975519115,REPRESENTATIVE_POINT_FIXED_BUFFER,136.71186991136983,668.6662083435091,136.71186991136983,363.2401452477212,373.02584275071774,8865.028910346206,1.0,1.0,0.0,0.0,0.0,0.0,0.0,0.0,0.0,3.0,0.0,0.0,0.0,3846.834996954413,19623.277031043992,828.4811526464828,4226.205487433656,0.0,0.0,3018.3538443079306,15397.071543610333,3.0,1.0,0.0,2.0,0.0,2.0,1.0,0.0,0.0,7.0,1.0,1.0,0.0,11783.046511416076,15026.76785891493,2895.991979153554,3693.2213710484775,264.0949706856486,336.7969237289597,8736.796148632648,11141.923901341454,0.0943247632851499,0.0321660699956947,0.0,0.0,0.1264908332808446,0.1264908332808446,0.0,0.8735091667191553,True,0.745704339505163,0.254295660494837,0.0,0.0,0.0,1.3209200990219976
PAN_F_005,Panchavati,FREE,50.0,True,REFERENCE_HIGH,OSM_NAMED_LINE_BUFFER,Ambad Link Road,HIGH,False,EPSG:32643,REFERENCE_READY,NOT_INDEPENDENTLY_VERIFIED,3479.8672166015403,236.8756372970289,370517.9118160884,2210864.149885421,REPRESENTATIVE_POINT_FIXED_BUFFER,134.495734393214,2.677887719606501e-10,2.677887719606501e-10,1783.4966698618184,2124.38037574952,9555.11127018195,2.0,0.0,1.0,1.0,0.0,0.0,0.0,0.0,0.0,0.0,0.0,0.0,0.0,4778.006902587455,24373.323311227312,1997.3380213513865,10188.71808867449,76.07846366017209,388.0875498121765,2704.590417575897,13796.517672740643,4.0,0.0,2.0,2.0,0.0,0.0,0.0,0.0,0.0,0.0,1.0,0.0,0.0,16520.82497478621,21068.79587493383,4017.404422604478,5123.344255271094,321.7955660259455,410.3817517833835,12181.62498615579,15535.069867879356,0.0,0.0297753875024402,0.0,0.0,0.0297753875024402,0.0297753875024402,0.0,0.9702246124975598,False,,,,,1.0,1.9517368902160515
PAN_F_006,Panchavati,FREE,15.0,True,REFERENCE_LIKELY,OSM_NAMED_POLYGON,Temple,LIKELY,False,EPSG:32643,REFERENCE_READY,NOT_INDEPENDENTLY_VERIFIED,140.59997703785456,49.754420150577104,373565.36320635886,2209774.592333068,REPRESENTATIVE_POINT_FIXED_BUFFER,494.0019078708822,13.87954790117547,13.87954790117547,1266.9410721891363,1266.9410721891363,6390.91107659306,0.0,0.0,0.0,0.0,0.0,0.0,0.0,0.0,0.0,0.0,0.0,0.0,0.0,4632.325624290143,23630.181459671923,892.2363280106754,4551.430112177073,0.0,0.0,3740.089296279468,19078.75134749485,0.0,0.0,0.0,0.0,0.0,0.0,0.0,0.0,0.0,0.0,0.0,0.0,0.0,16690.778019773756,21285.534810103887,1613.026268964848,2057.071680959823,1787.8974334220177,2280.082630714635,15077.751750808908,19228.463129144064,0.0,0.0,0.0,0.0029611972492823,0.0029611972492823,0.0029611972492823,0.0,0.9970388027507175,False,,,,,1.0,0.8869313131392808
PAN_F_007,Panchavati,FREE,250.0,True,REFERENCE_HIGH,VENDOR_REFERENCE_UNION,"Near the Canal, Dindori Road",HIGH,False,EPSG:32643,REFERENCE_READY,NOT_INDEPENDENTLY_VERIFIED,116288.40939383591,5877.249560284551,374507.2350908542,2214565.4281272567,REPRESENTATIVE_POINT_FIXED_BUFFER,2.796611140366562e-12,1024.808662479171,2.796611140366562e-12,1373.4697532672285,1378.7454703295664,9459.60417492386,0.0,0.0,0.0,0.0,0.0,0.0,0.0,0.0,0.0,0.0,0.0,0.0,0.0,2182.995583679136,11135.78490629212,1014.2860185565598,5174.023722516806,0.0,0.0,1168.709565122576,5961.761183775315,1.0,0.0,0.0,0.0,0.0,0.0,0.0,0.0,0.0,0.0,0.0,0.0,0.0,10892.272723148366,13890.775489018351,3693.9811929182815,4710.886764929665,0.0,0.0,7198.291530230084,9179.888724088689,0.0,0.0,0.0,0.0,0.0,0.0,0.0,1.0,False,,,,,1.0,1.476596979101706
PAN_F_008,Panchavati,FREE,250.0,True,REFERENCE_HIGH,OSM_NAMED_LINE_BUFFER,Dindori Road,HIGH,False,EPSG:32643,REFERENCE_READY,NOT_INDEPENDENTLY_VERIFIED,116288.4093937759,5877.249560284629,374507.2350908543,2214565.428127257,REPRESENTATIVE_POINT_FIXED_BUFFER,3.702579180449383e-11,1024.8086624787018,3.702579180449383e-11,1373.4697532676923,1378.7454703300311,9459.604174924249,0.0,0.0,0.0,0.0,0.0,0.0,0.0,0.0,0.0,0.0,0.0,0.0,0.0,2182.995583679793,11135.784906295474,1014.2860185563816,5174.023722515896,0.0,0.0,1168.7095651234115,5961.7611837795785,1.0,0.0,0.0,0.0,0.0,0.0,0.0,0.0,0.0,0.0,0.0,0.0,0.0,10892.272723148752,13890.775489018846,3693.981192919644,4710.886764931403,0.0,0.0,7198.291530229108,9179.888724087445,0.0,0.0,0.0,0.0,0.0,0.0,0.0,1.0,False,,,,,1.0,1.47659697910157
PAN_F_009,Panchavati,FREE,350.0,True,REFERENCE_HIGH,VENDOR_REFERENCE_UNION,"Near the Canal, Peth Road",HIGH,False,EPSG:32643,REFERENCE_READY,NOT_INDEPENDENTLY_VERIFIED,129366.01195404925,6593.896962495694,367014.1723066743,2213089.9997861264,REPRESENTATIVE_POINT_FIXED_BUFFER,1026.0631294958584,2758.214288549877,1026.0631294958584,1859.5983060594876,2102.400418754343,13702.448342389833,0.0,0.0,0.0,0.0,0.0,0.0,0.0,0.0,0.0,0.0,0.0,0.0,0.0,2240.2970436176056,11428.08816950619,0.0,0.0,0.0,0.0,2240.2970436176056,11428.08816950619,0.0,0.0,0.0,0.0,0.0,0.0,0.0,0.0,0.0,0.0,0.0,0.0,0.0,8713.513092480238,11112.231318908773,0.0,0.0,0.0,0.0,8713.513092480238,11112.231318908773,0.0,0.0,0.0,0.0,0.0,0.0,0.0,1.0,False,,,,,1.0,1.059473397061997
PAN_F_010,Panchavati,FREE,300.0,True,REFERENCE_LIKELY,VENDOR_REFERENCE_UNION,"Gore Nagar, RTO Corner",LIKELY,False,EPSG:32643,REFERENCE_READY,NOT_INDEPENDENTLY_VERIFIED,136805.4333440907,6965.979154773398,371428.68429459,2212532.579838259,REPRESENTATIVE_POINT_FIXED_BUFFER,3.932073409440697e-10,152.7506049106031,3.932073409440697e-10,1197.5247923702325,1197.5247923702325,9772.367884820043,1.0,0.0,1.0,1.0,0.0,0.0,0.0,0.0,0.0,2.0,1.0,0.0,0.0,4045.801568575621,20638.235083035084,1827.6408700795896,9323.067699868663,0.0,0.0,2218.160698496032,11315.16738316642,8.0,0.0,2.0,6.0,1.0,0.0,0.0,0.0,0.0,18.0,1.0,0.0,0.0,18866.33144814446,24059.990151608283,5817.740492824614,7419.289719716004,602.4531845487085,768.3008075463757,12446.137770771138,15872.399624345904,0.0287302179840227,0.0252996448151139,0.0,0.0,0.0540298627991366,0.0540298627991366,6.938893903907228e-18,0.9459701372008634,False,,,,,1.0,2.0307534426179084
PAN_F_011,Panchavati,FREE,50.0,True,REFERENCE_LIKELY,OSM_NAMED_POINT_BUFFER,Laxmi Temple,LIKELY,False,EPSG:32643,REFERENCE_READY,NOT_INDEPENDENTLY_VERIFIED,2822.893641479832,188.41986941690095,369813.6166729269,2212592.6432627514,REPRESENTATIVE_POINT_FIXED_BUFFER,692.5267673615324,68.75895910485075,68.75895910485075,303.96938825540457,2723.3030401423784,11080.819802842,2.0,0.0,1.0,1.0,0.0,0.0,0.0,0.0,0.0,0.0,0.0,0.0,0.0,4207.385198587298,21462.497194072133,969.1006451360114,4943.526417307564,381.545138143712,1946.3184544098435,2856.7394153075747,14572.652322354726,6.0,0.0,4.0,1.0,0.0,1.0,0.0,0.0,0.0,2.0,4.0,0.0,0.0,14485.394665937823,18473.037747828854,3109.420684724247,3965.404257701114,801.819016986522,1022.5494927348652,10574.154964227057,13485.083997392876,0.0,0.0,0.0,0.0077600163358321,0.0077600163358321,0.0077600163358321,0.0,0.9922399836641678,False,,,,,0.0,1.7612309599430882
PAN_F_012,Panchavati,FREE,40.0,True,REFERENCE_HIGH,OSM_NAMED_LINE_BUFFER,Colony Road,HIGH,False,EPSG:32643,REFERENCE_READY,NOT_INDEPENDENTLY_VERIFIED,3856.371743307463,255.70086418078927,374171.6727308222,2212498.0724311927,REPRESENTATIVE_POINT_FIXED_BUFFER,525.6104956718119,1069.7141094287842,525.6104956718119,581.612786823331,737.3624749008561,7872.821208256296,0.0,0.0,0.0,0.0,0.0,0.0,0.0,0.0,0.0,0.0,0.0,0.0,0.0,2164.876612364001,11043.35734079583,0.0,0.0,21.636531372396878,110.37116212355436,2143.2400809916044,10932.986178672278,4.0,1.0,3.0,1.0,0.0,0.0,0.0,0.0,0.0,0.0,0.0,1.0,2.0,12148.015488569812,15492.208107332968,0.0,0.0,989.937777285066,1262.4549312964718,11324.226388685602,14441.640450091596,0.0216366214564881,0.0013113027731626,0.0042108495039516,0.0,0.0271587737336024,0.0271587737336024,0.0,0.9728412262663976,False,,,,,1.0,2.0014134714408747
PAN_F_013,Panchavati,FREE,150.0,True,REFERENCE_LIKELY,VENDOR_REFERENCE_UNION,"Nilgiri Baug, Aurangabad Road",LIKELY,False,EPSG:32643,REFERENCE_READY,NOT_INDEPENDENTLY_VERIFIED,185384.9641825378,9394.963163788118,369540.2583478245,2211466.8567719674,REPRESENTATIVE_POINT_FIXED_BUFFER,1202.816468914744,107.5391727387481,107.5391727387481,851.031878387046,2249.785648727631,10702.927187602529,0.0,0.0,0.0,0.0,0.0,0.0,0.0,0.0,0.0,0.0,0.0,0.0,0.0,3692.684554005366,18836.93271192394,965.6852956383582,4926.104211935265,0.0,0.0,2726.999258367008,13910.828499988676,0.0,0.0,0.0,0.0,0.0,0.0,0.0,0.0,0.0,0.0,0.0,0.0,0.0,10540.96142394634,13442.75270185478,2017.1516704262424,2572.4476143203174,0.0,0.0,8523.809753520094,10870.30508753446,0.0,0.0,0.1905789271844143,0.0,0.1905789271844143,0.1905789271844143,0.0,0.8094210728155857,True,0.0,0.0,1.0,0.0,1.0,0.6353056359641486
PAN_F_014,Panchavati,FREE,7.0,True,REFERENCE_HIGH,OSM_NAMED_LINE_BUFFER,Dindori Road,HIGH,False,EPSG:32643,REFERENCE_READY,NOT_INDEPENDENTLY_VERIFIED,116288.4093937759,5877.249560284629,374507.2350908543,2214565.428127257,REPRESENTATIVE_POINT_FIXED_BUFFER,3.702579180449383e-11,1024.8086624787018,3.702579180449383e-11,1373.4697532676923,1378.7454703300311,9459.604174924249,0.0,0.0,0.0,0.0,0.0,0.0,0.0,0.0,0.0,0.0,0.0,0.0,0.0,2182.995583679793,11135.784906295474,1014.2860185563816,5174.023722515896,0.0,0.0,1168.7095651234115,5961.7611837795785,1.0,0.0,0.0,0.0,0.0,0.0,0.0,0.0,0.0,0.0,0.0,0.0,0.0,10892.272723148752,13890.775489018846,3693.981192919644,4710.886764931403,0.0,0.0,7198.291530229108,9179.888724087445,0.0,0.0,0.0,0.0,0.0,0.0,0.0,1.0,False,,,,,1.0,1.47659697910157
PAN_F_015,Panchavati,FREE,400.0,True,REFERENCE_HIGH,OSM_NAMED_LINE_BUFFER,College road,HIGH,False,EPSG:32643,REFERENCE_READY,NOT_INDEPENDENTLY_VERIFIED,17609.951903286626,943.3774900164912,371209.6786191339,2212470.8034689026,REPRESENTATIVE_POINT_FIXED_BUFFER,181.9718468418964,0.5882135360076085,0.5882135360076085,1362.0312006941683,1362.0312006941683,9899.712760647368,2.0,0.0,1.0,2.0,0.0,0.0,0.0,0.0,0.0,6.0,0.0,0.0,0.0,5636.601998442374,28753.144498462003,1599.2189295122516,8157.853433265002,0.0,0.0,4037.38306893012,20595.29106519699,10.0,0.0,3.0,7.0,1.0,0.0,0.0,0.0,0.0,15.0,1.0,0.0,0.0,18141.82130082537,23136.031667302523,4936.119039373042,6294.969204845709,258.1082403752424,329.1621234656115,12947.594021077077,16511.900338991192,0.0215741948226325,0.031243358320064,0.0,0.0,0.0528175531426966,0.0528175531426966,1.3877787807814457e-17,0.9471824468573034,False,,,,,1.0,2.0906132849424024
PAN_F_016,Panchavati,FREE,50.0,True,REFERENCE_LIKELY,VENDOR_REFERENCE_UNION,"Datta Nagar Garden, Konark Nagar | Konark Nagar",LIKELY,False,EPSG:32643,REFERENCE_READY,NOT_INDEPENDENTLY_VERIFIED,5645.787282978754,376.839738834439,377551.802437527,2209224.8077183007,REPRESENTATIVE_POINT_FIXED_BUFFER,1192.2620500520293,180.69675965024297,180.69675965024297,3290.776775719217,3290.776775719217,3328.7271568693127,0.0,0.0,0.0,0.0,0.0,0.0,0.0,0.0,0.0,0.0,0.0,0.0,0.0,4542.931346507012,23174.16796303968,333.16721349137566,1699.5354708944687,0.0,0.0,4209.7641330156375,21474.63249214521,0.0,0.0,0.0,0.0,0.0,0.0,0.0,0.0,0.0,0.0,1.0,0.0,0.0,14434.950384386011,18408.70680353916,959.3702635874644,1223.4725737276517,321.5751659085039,410.1006783447219,13154.004954890042,16775.13355146678,0.0,0.0,0.0,0.0,0.0,0.0,0.0,1.0,False,,,,,1.0,1.0248280484356362
PAN_F_017,Panchavati,FREE,10.0,True,REFERENCE_LIKELY,OSM_NAMED_POLYGON,NMC School,LIKELY,False,EPSG:32643,REFERENCE_READY,NOT_INDEPENDENTLY_VERIFIED,828.4883651153789,175.2856345685956,379069.1628844807,2211024.330300906,REPRESENTATIVE_POINT_FIXED_BUFFER,41.61869958663234,1513.2816095884418,41.61869958663234,3333.330620335464,3333.330620335464,4878.995240034026,0.0,0.0,0.0,0.0,0.0,0.0,0.0,0.0,0.0,0.0,0.0,0.0,0.0,3134.350289904829,15988.786651839951,584.9682250379967,2984.0098531303665,0.0,0.0,2549.3820648668325,13004.776798709585,0.0,0.0,0.0,0.0,0.0,0.0,0.0,0.0,0.0,0.0,0.0,0.0,0.0,7904.317035467552,10080.273981789036,1450.154690318711,1849.3636488512084,0.0,0.0,6454.162345148842,8230.910332937829,0.0,0.0,0.0,0.0,0.0,0.0,0.0,1.0,False,,,,,1.0,0.7769596138016797
PAN_F_018,Panchavati,FREE,10.0,True,REFERENCE_LIKELY,VENDOR_REFERENCE_UNION,"Chamunda Chowk, Hirawadi Road | Hirawadi Road",LIKELY,False,EPSG:32643,REFERENCE_READY,NOT_INDEPENDENTLY_VERIFIED,196040.04627084985,9990.590507686684,370824.3117388615,2208997.817724423,REPRESENTATIVE_POINT_FIXED_BUFFER,645.6885433131769,0.0142984260187728,0.0142984260187728,812.9966872745355,2447.628269218432,8496.578248670867,0.0,0.0,0.0,0.0,0.0,0.0,0.0,0.0,0.0,1.0,0.0,0.0,0.0,5862.354747720477,29904.74282360756,999.2872529630122,5097.512790127219,300.5717269845774,1533.2610499247726,4863.067494757464,24807.230033480344,0.0,0.0,0.0,0.0,0.0,0.0,0.0,0.0,0.0,1.0,0.0,0.0,0.0,19939.58152788908,25428.69219205759,1999.4353155881784,2549.854174567718,1086.2529524289405,1385.2844369574657,17940.1462123009,22878.83801748988,0.0335343503051607,0.0,0.0,0.0148724213530175,0.0484067716581782,0.0484067716581782,1.3877787807814457e-17,0.9515932283418216,False,,,,,1.0,1.8142194819932416
PAN_F_019,Panchavati,FREE,10.0,True,REFERENCE_LIKELY,OSM_NAMED_POINT_BUFFER,Shri Datta Garden,LIKELY,False,EPSG:32643,REFERENCE_READY,NOT_INDEPENDENTLY_VERIFIED,2822.893641489763,188.4198694172324,377551.8024375269,2209227.74823251,REPRESENTATIVE_POINT_FIXED_BUFFER,1192.8063721924293,183.62092323929133,183.62092323929133,3293.516505358312,3293.516505358312,3331.4424894856606,0.0,0.0,0.0,0.0,0.0,0.0,0.0,0.0,0.0,0.0,0.0,0.0,0.0,4519.825668630994,23056.302466258523,325.2016304736091,1658.9018480863251,0.0,0.0,4194.624038157386,21397.400618172203,0.0,0.0,0.0,0.0,0.0,0.0,0.0,0.0,0.0,0.0,1.0,0.0,0.0,14395.941654029748,18358.959470795737,957.581598433444,1221.1915120327194,315.87631587607086,402.8330081019564,13122.483739720234,16734.934950661063,0.0,0.0,0.0,0.0,0.0,0.0,0.0,1.0,False,,,,,1.0,1.0231234700542342
PAN_F_020,Panchavati,FREE,10.0,True,REFERENCE_LIKELY,VENDOR_REFERENCE_UNION,"Opposite Akash Petrol Pump, Savarkar Nagar",LIKELY,False,EPSG:32643,REFERENCE_READY,NOT_INDEPENDENTLY_VERIFIED,159509.04554299818,8100.935137363633,369718.5884018669,2213830.537271144,REPRESENTATIVE_POINT_FIXED_BUFFER,522.3162300970299,219.8672068686116,219.8672068686116,943.4496033688288,3340.732141463748,11915.838315475208,1.0,0.0,0.0,0.0,0.0,0.0,0.0,0.0,0.0,0.0,0.0,0.0,0.0,4559.771880247601,23260.07402846849,382.2127348536664,1949.72396444467,0.0,0.0,4177.559145393933,21310.350064023813,4.0,0.0,3.0,0.0,0.0,0.0,0.0,0.0,0.0,0.0,0.0,0.0,0.0,17094.424936554133,21800.30053809697,1471.6181464852714,1876.7357187952944,0.0,0.0,15622.806790068862,19923.56481930168,0.0,0.0,0.0,0.0059878231291655,0.0059878231291655,0.0059878231291655,0.0,0.9940121768708344,False,,,,,1.0,0.8385951442660082
PAN_F_021,Panchavati,FREE,30.0,False,NO_USABLE_REFERENCE,UNRESOLVED,,UNRESOLVED,False,EPSG:32643,NO_USABLE_REFERENCE,NOT_INDEPENDENTLY_VERIFIED,,,,,,,,,,,,,,,,,,,,,,,,,,,,,,,,,,,,,,,,,,,,,,,,,,,,,,,,,,,,,,,,,,,,
PAN_F_022,Panchavati,FREE,5.0,True,REFERENCE_LIKELY,OSM_NAMED_POLYGON,Temple,LIKELY,False,EPSG:32643,REFERENCE_READY,NOT_INDEPENDENTLY_VERIFIED,140.59997703785456,49.754420150577104,373565.36320635886,2209774.592333068,REPRESENTATIVE_POINT_FIXED_BUFFER,494.0019078708822,13.87954790117547,13.87954790117547,1266.9410721891363,1266.9410721891363,6390.91107659306,0.0,0.0,0.0,0.0,0.0,0.0,0.0,0.0,0.0,0.0,0.0,0.0,0.0,4632.325624290143,23630.181459671923,892.2363280106754,4551.430112177073,0.0,0.0,3740.089296279468,19078.75134749485,0.0,0.0,0.0,0.0,0.0,0.0,0.0,0.0,0.0,0.0,0.0,0.0,0.0,16690.778019773756,21285.534810103887,1613.026268964848,2057.071680959823,1787.8974334220177,2280.082630714635,15077.751750808908,19228.463129144064,0.0,0.0,0.0,0.0029611972492823,0.0029611972492823,0.0029611972492823,0.0,0.9970388027507175,False,,,,,1.0,0.8869313131392808
PAN_F_023,Panchavati,FREE,7.0,True,REFERENCE_LIKELY,OSM_NAMED_POLYGON,Temple,LIKELY,False,EPSG:32643,REFERENCE_READY,NOT_INDEPENDENTLY_VERIFIED,140.59997703785456,49.754420150577104,373565.36320635886,2209774.592333068,REPRESENTATIVE_POINT_FIXED_BUFFER,494.0019078708822,13.87954790117547,13.87954790117547,1266.9410721891363,1266.9410721891363,6390.91107659306,0.0,0.0,0.0,0.0,0.0,0.0,0.0,0.0,0.0,0.0,0.0,0.0,0.0,4632.325624290143,23630.181459671923,892.2363280106754,4551.430112177073,0.0,0.0,3740.089296279468,19078.75134749485,0.0,0.0,0.0,0.0,0.0,0.0,0.0,0.0,0.0,0.0,0.0,0.0,0.0,16690.778019773756,21285.534810103887,1613.026268964848,2057.071680959823,1787.8974334220177,2280.082630714635,15077.751750808908,19228.463129144064,0.0,0.0,0.0,0.0029611972492823,0.0029611972492823,0.0029611972492823,0.0,0.9970388027507175,False,,,,,1.0,0.8869313131392808
PAN_F_024,Panchavati,FREE,10.0,True,REFERENCE_HIGH,OSM_NAMED_LINE_BUFFER,Hirawadi Road,HIGH,False,EPSG:32643,REFERENCE_READY,NOT_INDEPENDENTLY_VERIFIED,30315.776452472997,1578.6632861626854,374894.1070235309,2213173.213793839,REPRESENTATIVE_POINT_FIXED_BUFFER,222.49976105417048,1186.937853578583,222.49976105417048,751.1119256936859,751.1119256936859,8049.760733487143,1.0,0.0,1.0,0.0,0.0,0.0,0.0,0.0,0.0,5.0,0.0,0.0,0.0,5000.458133888722,25508.08010250575,370.6931622679072,1890.96091266092,26.937292244995277,137.4111311268179,4602.827679375819,23479.70805871801,1.0,0.0,1.0,0.0,0.0,0.0,0.0,0.0,0.0,8.0,0.0,0.0,0.0,16210.673796756468,20673.264061586025,2011.2729298538231,2564.95053198266,393.5091436304676,501.8371561180241,13805.891723272176,17606.476373485337,0.0061719486434051,0.0,0.032790834339914,0.0024318537322305,0.0413946367155497,0.0413946367155497,0.0,0.9586053632844502,False,,,,,1.0,1.4630288152235396
PAN_F_025,Panchavati,FREE,50.0,False,NO_USABLE_REFERENCE,UNRESOLVED,,UNRESOLVED,False,EPSG:32643,NO_USABLE_REFERENCE,NOT_INDEPENDENTLY_VERIFIED,,,,,,,,,,,,,,,,,,,,,,,,,,,,,,,,,,,,,,,,,,,,,,,,,,,,,,,,,,,,,,,,,,,,
PAN_F_026,Panchavati,FREE,10.0,True,REFERENCE_HIGH,VENDOR_REFERENCE_UNION,"Opposite Aathvan Lawns, Tapovan Road",HIGH,False,EPSG:32643,REFERENCE_READY,NOT_INDEPENDENTLY_VERIFIED,47678.52521640989,2424.3128738265927,378201.0145197848,2211773.0338653238,REPRESENTATIVE_POINT_FIXED_BUFFER,76.20605810541387,2305.948775538041,76.20605810541387,2199.191342206704,2199.191342206704,5656.88648188309,0.0,0.0,0.0,0.0,0.0,0.0,0.0,0.0,0.0,0.0,0.0,0.0,0.0,2203.687745463145,11241.338698794338,929.8963914153552,4743.53969259365,0.0,0.0,1273.7913540477894,6497.799006200687,0.0,0.0,0.0,0.0,0.0,0.0,0.0,0.0,0.0,0.0,0.0,0.0,0.0,8041.726359630123,10255.510327825765,1969.616403023157,2511.826498407251,0.0,0.0,6072.109956606965,7743.683829418511,0.0,0.0,0.0,0.0,0.0,0.0,0.0,1.0,False,,,,,1.0,0.8117166812952048
PAN_F_027,Panchavati,FREE,19.0,True,REFERENCE_HIGH,VENDOR_REFERENCE_UNION,Kalaram Temple,HIGH,False,EPSG:32643,REFERENCE_READY,NOT_INDEPENDENTLY_VERIFIED,234.30087394138667,66.80038114860378,373972.0137516329,2212703.776308032,REPRESENTATIVE_POINT_FIXED_BUFFER,314.5550702343336,797.8412878350196,314.5550702343336,321.08146708122206,558.8195017254176,8156.882678970308,3.0,1.0,2.0,0.0,0.0,0.0,0.0,0.0,0.0,0.0,0.0,0.0,0.0,4030.828129797265,20561.85334649383,0.0,0.0,773.4626770626797,3945.548066706887,3490.0584318348974,17803.306748703457,11.0,2.0,4.0,6.0,0.0,1.0,0.0,0.0,0.0,5.0,1.0,2.0,5.0,15237.276332584444,19431.902779136868,2108.3710414048046,2688.778506386562,2040.7068050087632,2602.487174879983,11381.336494289051,14514.472234169656,0.0157873123593495,0.0278570900596703,0.0008120591141411,0.0,0.044456461533161,0.044456461533161,0.0,0.9555435384668388,False,,,,,0.0,2.1944940922096894
PAN_F_028,Panchavati,FREE,15.0,True,REFERENCE_LIKELY,VENDOR_REFERENCE_UNION,Sita Gufa Road,LIKELY,False,EPSG:32643,REFERENCE_READY,NOT_INDEPENDENTLY_VERIFIED,23113.121345145475,1218.4087911695756,369209.8699883084,2212107.6908700746,REPRESENTATIVE_POINT_FIXED_BUFFER,1204.2048036555088,486.5368875944565,486.5368875944565,1010.11758651422,2169.7263227171256,11314.756732209507,0.0,0.0,0.0,0.0,0.0,0.0,0.0,0.0,0.0,0.0,0.0,0.0,0.0,2436.114143048056,12426.980295781796,0.0,0.0,0.0,0.0,2436.1141430480566,12426.9802957818,0.0,0.0,0.0,0.0,0.0,0.0,0.0,0.0,0.0,0.0,0.0,0.0,0.0,11707.317482730114,14930.191601395913,293.3641382717168,374.1235171794227,0.0,0.0,11413.953344458398,14556.068084216491,0.0,0.0,0.3333481814577346,0.0056756934879676,0.3390238749457022,0.3390238749457022,0.0,0.6609761250542978,True,0.0,0.0,0.9832587203810452,0.0167412796189549,1.0,0.8598926699311294
PAN_F_029,Panchavati,FREE,30.0,True,REFERENCE_LIKELY,VENDOR_REFERENCE_UNION,"Ganeshwadi Vegetable Market, near Waghadi Bridge | Beside Ganeshwadi Vegetable Market",LIKELY,False,EPSG:32643,REFERENCE_READY,NOT_INDEPENDENTLY_VERIFIED,8220.566986191432,473.9106267325461,371149.9544198092,2211731.2306661266,REPRESENTATIVE_POINT_FIXED_BUFFER,76.7611672201086,490.4366106713123,76.7611672201086,1231.040969496633,1301.1177501280133,9493.021786582653,3.0,2.0,0.0,1.0,0.0,0.0,0.0,0.0,0.0,1.0,1.0,0.0,0.0,3317.5805392172583,16923.471385022352,932.8928539198736,4758.825093159531,0.0,0.0,2384.687685297385,12164.646291862822,5.0,2.0,0.0,3.0,0.0,0.0,0.0,0.0,0.0,2.0,2.0,0.0,0.0,13067.664677806948,16665.024905171864,2083.565008808279,2657.143691657832,488.3816492724271,622.8268438947885,10984.099668998668,14007.88121351403,0.0,0.0217078024117677,0.0,0.0,0.0217078024117677,0.0217078024117677,0.0,0.9782921975882322,False,,,,,1.0,1.9736973093912762
PAN_F_030,Panchavati,FREE,20.0,True,REFERENCE_HIGH,VENDOR_REFERENCE_UNION,Road toward Varvandi,HIGH,False,EPSG:32643,REFERENCE_READY,NOT_INDEPENDENTLY_VERIFIED,58247.32978526118,3038.0615025515262,371149.9544198092,2211731.2306661266,REPRESENTATIVE_POINT_FIXED_BUFFER,76.7611672201086,490.4366106713123,76.7611672201086,1231.040969496633,1301.1177501280133,9493.021786582653,3.0,2.0,0.0,1.0,0.0,0.0,0.0,0.0,0.0,1.0,1.0,0.0,0.0,3317.5805392172583,16923.471385022352,932.8928539198736,4758.825093159531,0.0,0.0,2384.687685297385,12164.646291862822,5.0,2.0,0.0,3.0,0.0,0.0,0.0,0.0,0.0,2.0,2.0,0.0,0.0,13067.664677806948,16665.024905171864,2083.565008808279,2657.143691657832,488.3816492724271,622.8268438947885,10984.099668998668,14007.88121351403,0.0,0.0217078024117677,0.0,0.0,0.0217078024117677,0.0217078024117677,0.0,0.9782921975882322,False,,,,,1.0,1.9736973093912762
PAN_F_031,Panchavati,FREE,30.0,True,REFERENCE_LIKELY,VENDOR_REFERENCE_UNION,Pedestrian Road opposite Indrakund,LIKELY,False,EPSG:32643,REFERENCE_READY,NOT_INDEPENDENTLY_VERIFIED,30044.750750312774,1599.6410976488778,373931.7579656696,2213028.4903584016,REPRESENTATIVE_POINT_FIXED_BUFFER,12.51736282589124,599.9151112760767,12.51736282589124,19.61539675968543,297.21465798137893,8443.24162113027,4.0,0.0,0.0,4.0,0.0,1.0,0.0,0.0,0.0,6.0,1.0,0.0,0.0,4970.866190960463,25357.1272037129,1609.943367521242,8212.560385400795,470.6380226619217,2400.7944992050548,3144.11146537838,16038.579858623649,8.0,1.0,2.0,5.0,0.0,3.0,1.0,0.0,0.0,6.0,2.0,2.0,3.0,15584.166741228832,19874.28766136008,3638.8941717287807,4640.634994417535,1929.9612463075505,2461.254786431321,10298.507009162146,13133.553701086912,0.0657517117741599,0.0523066237885613,0.0,0.0043219507619144,0.1223802863246357,0.1223802863246357,2.775557561562892e-17,0.8776197136753643,True,0.537273720701565,0.4274105361202429,0.0,0.0353157431781922,0.0,2.1953397317389767
PAN_F_032,Panchavati,FREE,20.0,True,REFERENCE_HIGH,OSM_NAMED_POINT_BUFFER,Dr Aware Hospital,HIGH,False,EPSG:32643,REFERENCE_READY,NOT_INDEPENDENTLY_VERIFIED,2822.893641483544,188.4198694170249,372094.54300363583,2210024.6216135607,REPRESENTATIVE_POINT_FIXED_BUFFER,126.01740600155942,598.5698676868038,126.01740600155942,719.7080905208736,821.7851944339,7769.665666757467,1.0,0.0,1.0,1.0,0.0,0.0,0.0,0.0,0.0,7.0,0.0,0.0,0.0,4610.702356194697,23519.877955495267,892.9660840187191,4555.152706029487,416.2484543566645,2123.3452279735234,3301.487817819313,16841.380021492256,4.0,0.0,2.0,2.0,0.0,0.0,0.0,0.0,1.0,11.0,0.0,0.0,0.0,16831.013310054994,21464.37507443129,3076.271979940007,3923.130140295749,749.1801884785365,955.4198709016345,13005.561141636454,16585.825063233908,0.0,0.0243221349443542,0.0,0.0018006451811264,0.0261227801254806,0.0261227801254806,0.0,0.9738772198745194,False,,,,,1.0,1.7254618520047964
PAN_F_033,Panchavati,FREE,20.0,True,REFERENCE_LIKELY,VENDOR_REFERENCE_UNION,"Takle Nagar Bypass, near Karmaveer Bridge",LIKELY,False,EPSG:32643,REFERENCE_READY,NOT_INDEPENDENTLY_VERIFIED,7175.766929170539,484.5213555145377,372831.2643717057,2210532.561962025,REPRESENTATIVE_POINT_FIXED_BUFFER,9.008193668188426,51.15865245030589,9.008193668188426,219.4685116226241,219.4685116226241,7428.277235662014,5.0,0.0,3.0,1.0,0.0,1.0,1.0,0.0,1.0,5.0,0.0,0.0,0.0,4788.094095839807,24424.77958315301,1896.07255126236,9672.147875808816,0.0,0.0,2892.021544577447,14752.631707344191,9.0,0.0,3.0,5.0,0.0,2.0,2.0,0.0,2.0,16.0,0.0,0.0,0.0,16075.225787099582,20500.52895474467,4293.719148587552,5475.724875964099,183.227388996012,233.66753557075495,11715.518509774662,14940.650265840944,0.0330375137272317,0.0899131164202853,0.0361890894236458,0.0072104288818182,0.1663501484529811,0.1663501484529811,0.0,0.8336498515470188,True,0.1986022497393187,0.5405051769202313,0.217547683366659,0.043344889973791,0.0,2.123911731586373
PAN_F_034,Panchavati,FREE,10.0,True,REFERENCE_LIKELY,OSM_NAMED_POLYGON,Apartment,LIKELY,False,EPSG:32643,REFERENCE_READY,NOT_INDEPENDENTLY_VERIFIED,77.79450313377953,35.61593041670795,372924.4177313092,2209929.1853148625,REPRESENTATIVE_POINT_FIXED_BUFFER,323.116187415972,552.0761488546857,323.116187415972,765.3460352777854,765.3460352777854,7010.51017829825,0.0,0.0,0.0,0.0,0.0,0.0,0.0,0.0,0.0,0.0,0.0,0.0,0.0,3068.451125498465,15652.625220355576,0.0,0.0,0.0,0.0,3068.451125498465,15652.625220355576,3.0,0.0,2.0,0.0,0.0,0.0,0.0,0.0,1.0,2.0,0.0,0.0,0.0,16349.091864830792,20849.78684577576,2558.5019017403038,3262.824610494006,1248.7343391108277,1592.494862266216,13644.757821352729,17400.98437818524,0.0,0.0,0.0,0.0029339089099152,0.0029339089099152,0.0029339089099152,0.0,0.9970660910900848,False,,,,,1.0,0.6820009181125007
PAN_F_035,Panchavati,FREE,15.0,True,REFERENCE_HIGH,OSM_NAMED_LINE_BUFFER,Hirawadi Road,HIGH,False,EPSG:32643,REFERENCE_READY,NOT_INDEPENDENTLY_VERIFIED,30315.776452472997,1578.6632861626854,374894.1070235309,2213173.213793839,REPRESENTATIVE_POINT_FIXED_BUFFER,222.49976105417048,1186.937853578583,222.49976105417048,751.1119256936859,751.1119256936859,8049.760733487143,1.0,0.0,1.0,0.0,0.0,0.0,0.0,0.0,0.0,5.0,0.0,0.0,0.0,5000.458133888722,25508.08010250575,370.6931622679072,1890.96091266092,26.937292244995277,137.4111311268179,4602.827679375819,23479.70805871801,1.0,0.0,1.0,0.0,0.0,0.0,0.0,0.0,0.0,8.0,0.0,0.0,0.0,16210.673796756468,20673.264061586025,2011.2729298538231,2564.95053198266,393.5091436304676,501.8371561180241,13805.891723272176,17606.476373485337,0.0061719486434051,0.0,0.032790834339914,0.0024318537322305,0.0413946367155497,0.0413946367155497,0.0,0.9586053632844502,False,,,,,1.0,1.4630288152235396
PAN_F_036,Panchavati,FREE,385.0,True,REFERENCE_HIGH,VENDOR_REFERENCE_UNION,"Beside M. Saheb Thackeray Stadium, Hirawadi",HIGH,False,EPSG:32643,REFERENCE_READY,NOT_INDEPENDENTLY_VERIFIED,93620.56370874558,4805.420730189076,374894.107023531,2213173.213793839,REPRESENTATIVE_POINT_FIXED_BUFFER,222.49976105416448,1186.93785357853,222.49976105416448,751.1119256937438,751.1119256937438,8049.760733487114,1.0,0.0,1.0,0.0,0.0,0.0,0.0,0.0,0.0,5.0,0.0,0.0,0.0,5000.458133889794,25508.080102511223,370.69316226802647,1890.9609126615287,26.937292244995277,137.4111311268179,4602.827679376773,23479.70805872288,1.0,0.0,1.0,0.0,0.0,0.0,0.0,0.0,0.0,8.0,0.0,0.0,0.0,16210.673796756671,20673.264061586284,2011.272929853828,2564.950531982666,393.5091436304676,501.8371561180241,13805.891723272374,17606.47637348559,0.0061719486434051,0.0,0.032790834339914,0.0024318537322305,0.0413946367155497,0.0413946367155497,0.0,0.9586053632844502,False,,,,,1.0,1.4630288152236428
PAN_F_037,Panchavati,FREE,100.0,False,NO_USABLE_REFERENCE,UNRESOLVED,,UNRESOLVED,False,EPSG:32643,NO_USABLE_REFERENCE,NOT_INDEPENDENTLY_VERIFIED,,,,,,,,,,,,,,,,,,,,,,,,,,,,,,,,,,,,,,,,,,,,,,,,,,,,,,,,,,,,,,,,,,,,
PAN_F_038,Panchavati,FREE,40.0,True,REFERENCE_LIKELY,VENDOR_REFERENCE_UNION,Near Amrutdham Sanatorium | Amrutdham,LIKELY,False,EPSG:32643,REFERENCE_READY,NOT_INDEPENDENTLY_VERIFIED,6854.935390097377,405.6290459693547,368314.3359593862,2212301.5530704646,REPRESENTATIVE_POINT_FIXED_BUFFER,1107.3892159712934,1384.3094478043176,1107.3892159712934,1225.051491206144,1617.764522982396,12182.068691481623,1.0,0.0,1.0,0.0,0.0,0.0,0.0,0.0,0.0,0.0,0.0,0.0,0.0,3049.2815854501,15554.838547616924,0.0,0.0,0.0,0.0,3049.2815854501,15554.838547616924,2.0,0.0,1.0,1.0,0.0,0.0,0.0,0.0,0.0,0.0,0.0,0.0,0.0,11952.653644862898,15243.065657540448,0.0,0.0,0.0,0.0,11952.6536448629,15243.06565754045,0.0,0.0,0.2829283104102024,3.0577780533895664e-05,0.2829588881907362,0.2829588881907363,0.0,0.7170411118092638,True,0.0,0.0,0.9998919356068672,0.0001080643931329,1.0,1.2176432975933293
PAN_R_001,Panchavati,RESTRICTED,30.0,True,REFERENCE_HIGH,VENDOR_REFERENCE_UNION,"Kishor Suryawanshi Marg, Borgad",HIGH,False,EPSG:32643,REFERENCE_READY,NOT_INDEPENDENTLY_VERIFIED,81652.99378807572,4208.21971297476,374385.6402332602,2216410.459581258,REPRESENTATIVE_POINT_FIXED_BUFFER,602.5944269428646,690.8597945636901,602.5944269428646,3177.747176590978,3184.5522021010866,11180.485498655193,0.0,0.0,0.0,0.0,0.0,0.0,0.0,0.0,0.0,0.0,0.0,0.0,0.0,2006.0285649108976,10233.049842948762,0.0,0.0,0.0,0.0,2006.0285649108976,10233.049842948762,0.0,0.0,0.0,0.0,0.0,0.0,0.0,0.0,0.0,0.0,0.0,0.0,0.0,12769.145280197929,16284.326951980573,0.0,0.0,0.0,0.0,12769.145280197925,16284.326951980567,0.0002162637614443,0.0,0.0,0.0018845381281323,0.0021008018895767,0.0021008018895767,0.0,0.9978991981104232,False,,,,,1.0,1.1272232643377318
PAN_R_002,Panchavati,RESTRICTED,30.0,True,REFERENCE_LIKELY,VENDOR_REFERENCE_UNION,Kishor Suryawanshi Marg,LIKELY,False,EPSG:32643,REFERENCE_READY,NOT_INDEPENDENTLY_VERIFIED,58539.872442930224,2989.810921805185,374385.6402332602,2216410.459581258,REPRESENTATIVE_POINT_FIXED_BUFFER,602.5944269428646,690.8597945636901,602.5944269428646,3177.747176590978,3184.5522021010866,11180.485498655193,0.0,0.0,0.0,0.0,0.0,0.0,0.0,0.0,0.0,0.0,0.0,0.0,0.0,2006.0285649108976,10233.049842948762,0.0,0.0,0.0,0.0,2006.0285649108976,10233.049842948762,0.0,0.0,0.0,0.0,0.0,0.0,0.0,0.0,0.0,0.0,0.0,0.0,0.0,12769.145280197929,16284.326951980573,0.0,0.0,0.0,0.0,12769.145280197925,16284.326951980567,0.0002162637614443,0.0,0.0,0.0018845381281323,0.0021008018895767,0.0021008018895767,0.0,0.9978991981104232,False,,,,,1.0,1.1272232643377318
PAN_R_003,Panchavati,RESTRICTED,50.0,True,REFERENCE_HIGH,VENDOR_REFERENCE_UNION,"Ramwadi, beside Goda Park",HIGH,False,EPSG:32643,REFERENCE_READY,NOT_INDEPENDENTLY_VERIFIED,21096.45787128233,1325.195045206527,373101.6614428072,2213129.588054117,REPRESENTATIVE_POINT_FIXED_BUFFER,412.7021036260629,40.49033942033686,40.49033942033686,333.3367430831475,1049.1828445907038,9028.285790626258,0.0,0.0,0.0,0.0,0.0,0.0,0.0,0.0,0.0,1.0,0.0,0.0,0.0,3261.775176775237,16638.799937485717,253.7543740455856,1294.438774649292,817.028653110152,4167.78458524335,2463.496162721681,12566.660047616864,8.0,1.0,2.0,4.0,0.0,1.0,0.0,0.0,0.0,4.0,1.0,1.0,2.0,14949.123771193072,19064.425519008542,1999.233143633469,2549.596347270842,1734.4304192253055,2211.896834310888,11608.567647137015,14804.257204538037,0.0176326889718061,0.0455852405454151,0.0,0.0280781103796997,0.091296039896921,0.091296039896921,0.0,0.908703960103079,False,,,,,0.0,1.587393710936995
PAN_R_004,Panchavati,RESTRICTED,15.0,True,REFERENCE_LIKELY,VENDOR_REFERENCE_UNION,50 m from Malegaon Stand Signal,LIKELY,False,EPSG:32643,REFERENCE_READY,NOT_INDEPENDENTLY_VERIFIED,3702.085333233892,251.6189265059284,372640.9658428329,2210789.805227575,REPRESENTATIVE_POINT_FIXED_BUFFER,25.75591835511208,57.27591291315381,25.75591835511208,0.1049850634287023,0.1049850634287023,7734.266763894409,5.0,0.0,1.0,4.0,0.0,2.0,2.0,0.0,0.0,8.0,0.0,0.0,0.0,3789.9187710785855,19332.938904036444,1594.591125356129,8134.2463164864275,0.0,0.0,2195.327645722458,11198.692587550018,14.0,0.0,3.0,10.0,0.0,2.0,2.0,0.0,1.0,31.0,0.0,0.0,0.0,14757.157130023556,18819.612927399477,4665.772436595845,5950.1996550146605,14.27162930387758,18.20042552747956,10077.113064123832,12851.212846857332,0.0497846492353946,0.1961553789893438,0.0360695491364431,0.0042880879638553,0.286297665325037,0.286297665325037,1.1102230246251563e-16,0.7137023346749629,True,0.1738912162586921,0.6851448780298169,0.1259861797877151,0.014977725923776,0.0,3.114929483638795
PAN_R_005,Panchavati,RESTRICTED,550.0,True,REFERENCE_LIKELY,VENDOR_REFERENCE_UNION,"Beside Shraddha Lawns, Survey No. 311 | Beside Dada Lawns",LIKELY,False,EPSG:32643,REFERENCE_READY,NOT_INDEPENDENTLY_VERIFIED,486887.4307458126,24468.861235373744,389430.83114053856,2210254.9107256234,REPRESENTATIVE_POINT_FIXED_BUFFER,5626.986047040916,10309.959573540566,5626.986047040916,11441.662677546952,11441.662677546952,11367.548827108709,0.0,0.0,0.0,0.0,0.0,0.0,0.0,0.0,0.0,0.0,0.0,0.0,0.0,0.0,0.0,0.0,0.0,0.0,0.0,0.0,0.0,0.0,0.0,0.0,0.0,0.0,0.0,0.0,0.0,0.0,0.0,0.0,0.0,0.0,0.0,0.0,0.0,0.0,0.0,0.0,0.0,0.0,0.0,0.0,0.0,0.0,0.0,0.0,0.0,1.0,False,,,,,1.0,2.8683492895822833
PAN_R_006,Panchavati,RESTRICTED,120.0,True,REFERENCE_LIKELY,OSM_NAMED_POINT_BUFFER,Panchavati,LIKELY,False,EPSG:32643,REFERENCE_READY,NOT_INDEPENDENTLY_VERIFIED,2822.893641497385,188.41986941748675,373799.4300581355,2212677.124549558,REPRESENTATIVE_POINT_FIXED_BUFFER,352.29236503135246,695.9029223327587,352.29236503135246,361.2345980529277,656.4939336317965,8239.704023691138,4.0,1.0,3.0,1.0,0.0,0.0,0.0,0.0,0.0,0.0,0.0,0.0,4.0,4834.658860084706,24662.313365960523,0.0,0.0,1577.3032762319274,8046.058428806378,3513.8136799555814,17924.48579984093,15.0,4.0,4.0,8.0,0.0,1.0,0.0,0.0,0.0,3.0,1.0,3.0,6.0,16543.62043330494,21097.86663036763,1782.9652351778143,2273.7926616495056,2944.444562867546,3755.012328669615,12345.115619493265,15743.567372483873,0.0137920507748806,0.0231873853220771,0.0,0.0046256952811008,0.0416051313780586,0.0416051313780586,6.938893903907228e-18,0.9583948686219412,False,,,,,0.0,2.9981831219361093
PAN_R_007,Panchavati,RESTRICTED,700.0,True,REFERENCE_LIKELY,VENDOR_REFERENCE_UNION,Gangaghat Weekly Market,LIKELY,False,EPSG:32643,REFERENCE_READY,NOT_INDEPENDENTLY_VERIFIED,19.69602939851412,17.79027391732888,378355.1246001415,2213498.416393409,REPRESENTATIVE_POINT_FIXED_BUFFER,646.1396775246358,782.9424148290494,646.1396775246358,2139.5034429023817,2139.5034429023817,7362.529516389653,0.0,0.0,0.0,0.0,0.0,0.0,0.0,0.0,0.0,0.0,0.0,0.0,0.0,1655.771773761515,8446.337896590147,0.0,0.0,0.0,0.0,1655.7717737615153,8446.337896590148,0.0,0.0,0.0,0.0,0.0,0.0,0.0,0.0,0.0,0.0,0.0,0.0,0.0,7244.734905045027,9239.117363409814,0.0,0.0,0.0,0.0,7244.734905045027,9239.117363409814,0.0656163479336969,0.0,0.0,0.0,0.0656163479336969,0.0656163479336969,0.0,0.934383652066303,False,,,,,1.0,1.2364638708856408
PAN_R_008,Panchavati,RESTRICTED,7.0,True,REFERENCE_LIKELY,VENDOR_REFERENCE_UNION,Cancer Hospital Area,LIKELY,False,EPSG:32643,REFERENCE_READY,NOT_INDEPENDENTLY_VERIFIED,2822.893641502389,188.41986941765376,374859.8578450347,2212409.35459058,REPRESENTATIVE_POINT_FIXED_BUFFER,504.5305665554189,860.2903558852634,504.5305665554189,1091.7398284796216,1091.7398284796216,7411.156840610615,0.0,0.0,0.0,0.0,0.0,0.0,0.0,0.0,0.0,1.0,0.0,0.0,0.0,3978.199808373284,20293.38845735789,0.0,0.0,0.0,0.0,3978.199808373284,20293.38845735789,0.0,0.0,0.0,0.0,0.0,0.0,0.0,0.0,0.0,1.0,0.0,0.0,0.0,13055.905869763836,16650.02904832023,0.0,0.0,366.5718513854723,467.4843733363284,12689.334018378366,16182.5446749839,0.0,0.0077369362273968,0.0222052671686534,0.0008986153365853,0.0308408187326356,0.0308408187326356,3.469446951953614e-18,0.9691591812673644,False,,,,,1.0,0.7374752367569607
PAN_R_009,Panchavati,RESTRICTED,13.0,True,REFERENCE_LIKELY,OSM_NAMED_POLYGON,Temple,LIKELY,False,EPSG:32643,REFERENCE_READY,NOT_INDEPENDENTLY_VERIFIED,140.59997703785456,49.754420150577104,373565.36320635886,2209774.592333068,REPRESENTATIVE_POINT_FIXED_BUFFER,494.0019078708822,13.87954790117547,13.87954790117547,1266.9410721891363,1266.9410721891363,6390.91107659306,0.0,0.0,0.0,0.0,0.0,0.0,0.0,0.0,0.0,0.0,0.0,0.0,0.0,4632.325624290143,23630.181459671923,892.2363280106754,4551.430112177073,0.0,0.0,3740.089296279468,19078.75134749485,0.0,0.0,0.0,0.0,0.0,0.0,0.0,0.0,0.0,0.0,0.0,0.0,0.0,16690.778019773756,21285.534810103887,1613.026268964848,2057.071680959823,1787.8974334220177,2280.082630714635,15077.751750808908,19228.463129144064,0.0,0.0,0.0,0.0029611972492823,0.0029611972492823,0.0029611972492823,0.0,0.9970388027507175,False,,,,,1.0,0.8869313131392808
PAN_R_010,Panchavati,RESTRICTED,6.0,True,REFERENCE_LIKELY,OSM_NAMED_POLYGON,Temple,LIKELY,False,EPSG:32643,REFERENCE_READY,NOT_INDEPENDENTLY_VERIFIED,140.59997703785456,49.754420150577104,373565.36320635886,2209774.592333068,REPRESENTATIVE_POINT_FIXED_BUFFER,494.0019078708822,13.87954790117547,13.87954790117547,1266.9410721891363,1266.9410721891363,6390.91107659306,0.0,0.0,0.0,0.0,0.0,0.0,0.0,0.0,0.0,0.0,0.0,0.0,0.0,4632.325624290143,23630.181459671923,892.2363280106754,4551.430112177073,0.0,0.0,3740.089296279468,19078.75134749485,0.0,0.0,0.0,0.0,0.0,0.0,0.0,0.0,0.0,0.0,0.0,0.0,0.0,16690.778019773756,21285.534810103887,1613.026268964848,2057.071680959823,1787.8974334220177,2280.082630714635,15077.751750808908,19228.463129144064,0.0,0.0,0.0,0.0029611972492823,0.0029611972492823,0.0029611972492823,0.0,0.9970388027507175,False,,,,,1.0,0.8869313131392808
PAN_R_011,Panchavati,RESTRICTED,10.0,True,REFERENCE_LIKELY,VENDOR_REFERENCE_UNION,Near School No. 30 and Waghadi Bridge,LIKELY,False,EPSG:32643,REFERENCE_READY,NOT_INDEPENDENTLY_VERIFIED,3754.6126456280026,250.6129087487592,373799.307907475,2212495.3331458224,REPRESENTATIVE_POINT_FIXED_BUFFER,455.264762044214,698.8452911792202,455.264762044214,536.7425350837302,816.664296058495,8096.560274859361,4.0,1.0,3.0,1.0,0.0,0.0,0.0,0.0,0.0,0.0,0.0,1.0,3.0,3943.462371318455,20116.1876283088,0.0,0.0,578.8755060852898,2952.9299882606965,3364.586865233165,17163.25764004811,15.0,3.0,6.0,9.0,0.0,0.0,0.0,0.0,0.0,0.0,0.0,3.0,5.0,15095.22536096952,19250.74699972764,485.3755236463105,618.9931704984707,2395.424987761149,3054.854716872794,12725.832219578208,16229.090362142702,0.008793478276469,0.0077688820085263,0.0,0.0,0.0165623602849954,0.0165623602849954,0.0,0.9834376397150044,False,,,,,0.0,3.206217904219052
PAN_R_012,Panchavati,RESTRICTED,50.0,True,REFERENCE_LIKELY,OSM_NAMED_POLYGON,a,LIKELY,False,EPSG:32643,REFERENCE_READY,NOT_INDEPENDENTLY_VERIFIED,83.81708877688439,38.824239183196845,373373.3945373279,2213165.869957573,REPRESENTATIVE_POINT_FIXED_BUFFER,273.59988972828944,54.26125291919718,54.26125291919718,560.2913894027396,775.2296877709119,8886.97925402907,2.0,0.0,0.0,1.0,0.0,0.0,0.0,0.0,0.0,0.0,0.0,0.0,0.0,3213.9791281389366,16394.98519000579,204.5094770744501,1043.2332364874324,543.0237996617548,2770.0451055605863,2466.4458514027324,12581.706847957776,7.0,1.0,0.0,4.0,0.0,0.0,0.0,0.0,0.0,3.0,0.0,2.0,3.0,15759.459396694916,20097.836133184366,2349.5043873607037,2996.292765047267,2375.0038329807567,3028.8118804977853,11535.22849341639,14710.728723863587,0.0147567356910851,0.049342805884525,0.0,0.0280781103796997,0.0921776519553099,0.0921776519553099,2.775557561562892e-17,0.90782234804469,False,,,,,0.0,2.170236738391006
NR_F_001,Nashik Road,FREE,150.0,False,NO_USABLE_REFERENCE,UNRESOLVED,,UNRESOLVED,False,EPSG:32643,NO_USABLE_REFERENCE,NOT_INDEPENDENTLY_VERIFIED,,,,,,,,,,,,,,,,,,,,,,,,,,,,,,,,,,,,,,,,,,,,,,,,,,,,,,,,,,,,,,,,,,,,
NR_F_002,Nashik Road,FREE,35.0,True,REFERENCE_LIKELY,OSM_NAMED_POLYGON,Suryamukhi Hanuman Mandir Kadam Mala,LIKELY,False,EPSG:32643,REFERENCE_READY,NOT_INDEPENDENTLY_VERIFIED,147.36248735486743,48.75173168660395,379191.77796396206,2215469.6557160383,REPRESENTATIVE_POINT_FIXED_BUFFER,569.1752822556207,473.0554560740697,473.0554560740697,3873.554476878273,3873.554476878273,9325.474005359503,0.0,0.0,0.0,0.0,0.0,0.0,0.0,0.0,0.0,0.0,0.0,0.0,0.0,964.0811866278444,4917.921413472055,0.0,0.0,0.0,0.0,964.0811866278444,4917.921413472055,0.0,0.0,0.0,0.0,0.0,0.0,0.0,0.0,0.0,0.0,0.0,0.0,0.0,5853.096661310949,7464.3789872250545,335.1136157824186,427.3660895630999,0.0,0.0,5517.98304552853,7037.012897661954,0.0,0.0,0.0,0.0,0.0,0.0,0.0,1.0,False,,,,,1.0,1.8610486932011676
NR_F_003,Nashik Road,FREE,30.0,True,REFERENCE_HIGH,OSM_NAMED_LINE_BUFFER,Old Datta Mandir Road,HIGH,False,EPSG:32643,REFERENCE_READY,NOT_INDEPENDENTLY_VERIFIED,66714.62166556055,3398.167015122464,364680.8288222179,2212786.932225626,REPRESENTATIVE_POINT_FIXED_BUFFER,554.3743869710653,4141.430762427159,554.3743869710653,578.313290044417,3194.2018022015327,15627.78483506164,0.0,0.0,0.0,0.0,0.0,0.0,0.0,0.0,0.0,0.0,0.0,0.0,0.0,2464.594140289314,12572.26099436935,0.0,0.0,0.0,0.0,2464.594140289314,12572.26099436935,0.0,0.0,0.0,0.0,0.0,0.0,0.0,0.0,0.0,1.0,0.0,0.0,0.0,10537.97252703306,13438.941000014634,0.0,0.0,0.0,0.0,10537.97252703306,13438.941000014634,0.0,0.0,0.0,0.0025915998647431,0.0025915998647431,0.0025915998647431,0.0,0.9974084001352568,False,,,,,1.0,0.8849928045061735
NR_F_004,Nashik Road,FREE,5.0,False,NO_USABLE_REFERENCE,UNRESOLVED,,UNRESOLVED,False,EPSG:32643,NO_USABLE_REFERENCE,NOT_INDEPENDENTLY_VERIFIED,,,,,,,,,,,,,,,,,,,,,,,,,,,,,,,,,,,,,,,,,,,,,,,,,,,,,,,,,,,,,,,,,,,,
NR_F_005,Nashik Road,FREE,80.0,True,REFERENCE_HIGH,OSM_NAMED_LINE_BUFFER,Canal Road,HIGH,False,EPSG:32643,REFERENCE_READY,NOT_INDEPENDENTLY_VERIFIED,90881.79674495292,4606.957075958665,377632.417178036,2208570.422030092,REPRESENTATIVE_POINT_FIXED_BUFFER,992.1842788233016,474.2712145746362,474.2712145746362,2656.8061363549064,2656.8061363549064,2699.341592358684,0.0,0.0,0.0,0.0,0.0,0.0,0.0,0.0,0.0,0.0,0.0,0.0,0.0,4401.631899889824,22453.378486106685,0.0,0.0,495.2288936642907,2526.236186851184,4401.631899889824,22453.378486106685,0.0,0.0,0.0,0.0,0.0,0.0,0.0,0.0,0.0,1.0,0.0,0.0,0.0,16797.304862512672,21421.387124276614,305.63607616377806,389.7737619361045,1264.9009454973584,1613.1119277256014,16225.97649793384,20692.779399829316,0.0,0.0,0.000375871137858,0.0,0.000375871137858,0.000375871137858,0.0,0.999624128862142,False,,,,,1.0,1.3338688511095647
NR_F_006,Nashik Road,FREE,20.0,True,REFERENCE_HIGH,OSM_NAMED_LINE_BUFFER,Canal Road,HIGH,False,EPSG:32643,REFERENCE_READY,NOT_INDEPENDENTLY_VERIFIED,90881.79674495292,4606.957075958665,377632.417178036,2208570.422030092,REPRESENTATIVE_POINT_FIXED_BUFFER,992.1842788233016,474.2712145746362,474.2712145746362,2656.8061363549064,2656.8061363549064,2699.341592358684,0.0,0.0,0.0,0.0,0.0,0.0,0.0,0.0,0.0,0.0,0.0,0.0,0.0,4401.631899889824,22453.378486106685,0.0,0.0,495.2288936642907,2526.236186851184,4401.631899889824,22453.378486106685,0.0,0.0,0.0,0.0,0.0,0.0,0.0,0.0,0.0,1.0,0.0,0.0,0.0,16797.304862512672,21421.387124276614,305.63607616377806,389.7737619361045,1264.9009454973584,1613.1119277256014,16225.97649793384,20692.779399829316,0.0,0.0,0.000375871137858,0.0,0.000375871137858,0.000375871137858,0.0,0.999624128862142,False,,,,,1.0,1.3338688511095647
NR_F_007,Nashik Road,FREE,250.0,True,REFERENCE_HIGH,OSM_NAMED_LINE_BUFFER,Canal Road,HIGH,False,EPSG:32643,REFERENCE_READY,NOT_INDEPENDENTLY_VERIFIED,90881.79674495292,4606.957075958665,377632.417178036,2208570.422030092,REPRESENTATIVE_POINT_FIXED_BUFFER,992.1842788233016,474.2712145746362,474.2712145746362,2656.8061363549064,2656.8061363549064,2699.341592358684,0.0,0.0,0.0,0.0,0.0,0.0,0.0,0.0,0.0,0.0,0.0,0.0,0.0,4401.631899889824,22453.378486106685,0.0,0.0,495.2288936642907,2526.236186851184,4401.631899889824,22453.378486106685,0.0,0.0,0.0,0.0,0.0,0.0,0.0,0.0,0.0,1.0,0.0,0.0,0.0,16797.304862512672,21421.387124276614,305.63607616377806,389.7737619361045,1264.9009454973584,1613.1119277256014,16225.97649793384,20692.779399829316,0.0,0.0,0.000375871137858,0.0,0.000375871137858,0.000375871137858,0.0,0.999624128862142,False,,,,,1.0,1.3338688511095647
NR_F_008,Nashik Road,FREE,50.0,True,REFERENCE_HIGH,VENDOR_REFERENCE_UNION,Shivaji Nagar,HIGH,False,EPSG:32643,REFERENCE_READY,NOT_INDEPENDENTLY_VERIFIED,667.0135358542025,116.22747778227374,365292.72404583066,2212938.7122089937,REPRESENTATIVE_POINT_FIXED_BUFFER,81.71849266764863,4146.060049302153,81.71849266764863,357.7963594537354,2808.671427021105,15143.447902160631,0.0,0.0,0.0,0.0,0.0,0.0,0.0,0.0,0.0,2.0,0.0,0.0,0.0,6039.130953793809,30806.504523035877,947.0710073862932,4831.14996113034,0.0,0.0,5092.059946407514,25975.35456190553,0.0,0.0,0.0,0.0,0.0,1.0,0.0,0.0,0.0,3.0,0.0,0.0,0.0,18995.81865806634,24225.123527116008,1981.1055766272077,2526.478493922296,0.0,0.0,17014.713081439124,21698.6450331937,0.0,0.0,0.0645927344905484,0.0,0.0645927344905484,0.0645927344905484,0.0,0.9354072655094516,False,,,,,1.0,1.5731463755158428
NR_F_009,Nashik Road,FREE,50.0,True,REFERENCE_HIGH,VENDOR_REFERENCE_UNION,Gangasagar,HIGH,False,EPSG:32643,REFERENCE_READY,NOT_INDEPENDENTLY_VERIFIED,120159.63510442757,6133.731268421691,377632.4171780363,2208570.422030092,REPRESENTATIVE_POINT_FIXED_BUFFER,992.184278822956,474.27121457463375,474.27121457463375,2656.80613635476,2656.80613635476,2699.341592358529,0.0,0.0,0.0,0.0,0.0,0.0,0.0,0.0,0.0,0.0,0.0,0.0,0.0,4401.631899892507,22453.37848612037,0.0,0.0,495.228893664292,2526.2361868511903,4401.631899892507,22453.37848612037,0.0,0.0,0.0,0.0,0.0,0.0,0.0,0.0,0.0,1.0,0.0,0.0,0.0,16797.30486251128,21421.387124274843,305.63607616327903,389.773761935468,1264.9009454964294,1613.1119277244168,16225.976497933883,20692.77939982937,0.0,0.0,0.0003758711378658,0.0,0.0003758711378658,0.0003758711378658,0.0,0.999624128862134,False,,,,,1.0,1.3338688511098034
NR_F_010,Nashik Road,FREE,250.0,True,REFERENCE_HIGH,OSM_NAMED_POINT_BUFFER,"Pethe High School, Nashik",HIGH,False,EPSG:32643,REFERENCE_READY,NOT_INDEPENDENTLY_VERIFIED,2822.893641494172,188.41986941737943,370023.35532501,2210256.7084185854,REPRESENTATIVE_POINT_FIXED_BUFFER,911.3393228201624,61.00368227010637,61.00368227010637,1543.8308845604918,2644.1708225076136,9716.454918062129,0.0,0.0,0.0,0.0,0.0,0.0,0.0,0.0,0.0,0.0,2.0,0.0,0.0,6916.520983683959,35282.20146206277,948.8315013101804,4840.130502278389,189.47858526837948,966.5584235132098,5956.416148509785,30384.56400831603,0.0,0.0,0.0,0.0,0.0,0.0,0.0,0.0,0.0,4.0,2.0,0.0,0.0,23781.49098445529,30328.22997143044,1800.516870229167,2296.176036373991,1247.3050775945587,1590.6721434138508,21756.191439510963,27745.391477399327,0.0,0.0,0.0,0.018360866256802,0.018360866256802,0.018360866256802,0.0,0.981639133743198,False,,,,,1.0,1.6940008109261375
NR_F_011,Nashik Road,FREE,30.0,True,REFERENCE_LIKELY,VENDOR_REFERENCE_UNION,"Near Water Tank, Pawarwadi",LIKELY,False,EPSG:32643,REFERENCE_READY,NOT_INDEPENDENTLY_VERIFIED,274990.11394470633,13875.169841052544,366985.1438001996,2208965.073115661,REPRESENTATIVE_POINT_FIXED_BUFFER,8.630330144621621e-11,64.30751509692502,8.630330144621621e-11,1498.2778738802472,2077.417662075477,12174.354969073647,4.0,0.0,1.0,4.0,0.0,0.0,0.0,0.0,0.0,0.0,0.0,0.0,0.0,3871.977460645273,19751.53247497109,1239.9238471494928,6325.035820167953,0.0,0.0,2632.05361349578,13426.49665480314,25.0,2.0,3.0,22.0,0.0,0.0,0.0,0.0,0.0,1.0,0.0,0.0,0.0,14296.71980076406,18232.42311586323,2497.38997501676,3184.8893553461976,20.93416609808385,26.697073118662235,11793.721044517231,15040.380953860957,0.0,0.0,0.0,0.0,0.0,0.0,0.0,1.0,False,,,,,1.0,2.3568477880043996
NR_F_012,Nashik Road,FREE,30.0,False,NO_USABLE_REFERENCE,UNRESOLVED,,UNRESOLVED,False,EPSG:32643,NO_USABLE_REFERENCE,NOT_INDEPENDENTLY_VERIFIED,,,,,,,,,,,,,,,,,,,,,,,,,,,,,,,,,,,,,,,,,,,,,,,,,,,,,,,,,,,,,,,,,,,,
NR_F_013,Nashik Road,FREE,50.0,True,REFERENCE_LIKELY,VENDOR_REFERENCE_UNION,Jetwan Nagar,LIKELY,False,EPSG:32643,REFERENCE_READY,NOT_INDEPENDENTLY_VERIFIED,267191.9400773499,13484.539227021984,376974.91484231927,2207076.798526521,REPRESENTATIVE_POINT_FIXED_BUFFER,1418.0055588964292,1192.8304217412294,1192.8304217412294,1996.092066273633,1996.092066273633,2073.042512115315,0.0,0.0,0.0,0.0,0.0,0.0,0.0,0.0,0.0,1.0,0.0,0.0,0.0,4881.331982742412,24900.399901135846,0.0,0.0,0.0,0.0,4881.331982742412,24900.399901135846,0.0,0.0,0.0,0.0,0.0,0.0,0.0,0.0,0.0,1.0,2.0,0.0,0.0,16284.106402070116,20766.91171987664,0.0,0.0,110.11626631965268,140.42985995792475,16250.47354700623,20724.02017183871,0.0,0.0,0.0,0.0,0.0,0.0,0.0,1.0,False,,,,,1.0,1.3945162322716056
NR_F_014,Nashik Road,FREE,35.0,True,REFERENCE_LIKELY,OSM_NAMED_POLYGON,Temple,LIKELY,False,EPSG:32643,REFERENCE_READY,NOT_INDEPENDENTLY_VERIFIED,140.59997703785456,49.754420150577104,373565.36320635886,2209774.592333068,REPRESENTATIVE_POINT_FIXED_BUFFER,494.0019078708822,13.87954790117547,13.87954790117547,1266.9410721891363,1266.9410721891363,6390.91107659306,0.0,0.0,0.0,0.0,0.0,0.0,0.0,0.0,0.0,0.0,0.0,0.0,0.0,4632.325624290143,23630.181459671923,892.2363280106754,4551.430112177073,0.0,0.0,3740.089296279468,19078.75134749485,0.0,0.0,0.0,0.0,0.0,0.0,0.0,0.0,0.0,0.0,0.0,0.0,0.0,16690.778019773756,21285.534810103887,1613.026268964848,2057.071680959823,1787.8974334220177,2280.082630714635,15077.751750808908,19228.463129144064,0.0,0.0,0.0,0.0029611972492823,0.0029611972492823,0.0029611972492823,0.0,0.9970388027507175,False,,,,,1.0,0.8869313131392808
NR_F_015,Nashik Road,FREE,100.0,True,REFERENCE_HIGH,VENDOR_REFERENCE_UNION,"Jay Bhavani Road, Bhalerao Mala",HIGH,False,EPSG:32643,REFERENCE_READY,NOT_INDEPENDENTLY_VERIFIED,115257.50219666192,5887.737378703144,376974.91484231927,2207076.798526521,REPRESENTATIVE_POINT_FIXED_BUFFER,1418.0055588964292,1192.8304217412294,1192.8304217412294,1996.092066273633,1996.092066273633,2073.042512115315,0.0,0.0,0.0,0.0,0.0,0.0,0.0,0.0,0.0,1.0,0.0,0.0,0.0,4881.331982742412,24900.399901135846,0.0,0.0,0.0,0.0,4881.331982742412,24900.399901135846,0.0,0.0,0.0,0.0,0.0,0.0,0.0,0.0,0.0,1.0,2.0,0.0,0.0,16284.106402070116,20766.91171987664,0.0,0.0,110.11626631965268,140.42985995792475,16250.47354700623,20724.02017183871,0.0,0.0,0.0,0.0,0.0,0.0,0.0,1.0,False,,,,,1.0,1.3945162322716056
NR_F_016,Nashik Road,FREE,200.0,True,REFERENCE_HIGH,OSM_NAMED_POINT_BUFFER,"Pethe High School, Nashik",HIGH,False,EPSG:32643,REFERENCE_READY,NOT_INDEPENDENTLY_VERIFIED,2822.893641494172,188.41986941737943,370023.35532501,2210256.7084185854,REPRESENTATIVE_POINT_FIXED_BUFFER,911.3393228201624,61.00368227010637,61.00368227010637,1543.8308845604918,2644.1708225076136,9716.454918062129,0.0,0.0,0.0,0.0,0.0,0.0,0.0,0.0,0.0,0.0,2.0,0.0,0.0,6916.520983683959,35282.20146206277,948.8315013101804,4840.130502278389,189.47858526837948,966.5584235132098,5956.416148509785,30384.56400831603,0.0,0.0,0.0,0.0,0.0,0.0,0.0,0.0,0.0,4.0,2.0,0.0,0.0,23781.49098445529,30328.22997143044,1800.516870229167,2296.176036373991,1247.3050775945587,1590.6721434138508,21756.191439510963,27745.391477399327,0.0,0.0,0.0,0.018360866256802,0.018360866256802,0.018360866256802,0.0,0.981639133743198,False,,,,,1.0,1.6940008109261375
NR_F_017,Nashik Road,FREE,50.0,True,REFERENCE_HIGH,VENDOR_REFERENCE_UNION,"Somani Garden, Muktidham, Nashik Road",HIGH,False,EPSG:32643,REFERENCE_READY,NOT_INDEPENDENTLY_VERIFIED,94081.28481257329,4829.828788195762,380210.6393274344,2205126.996857181,REPRESENTATIVE_POINT_FIXED_BUFFER,2080.633725040173,1686.7495348483924,1686.7495348483924,1790.4721061445823,1790.4721061445823,1719.1815434321622,0.0,0.0,0.0,0.0,0.0,0.0,0.0,0.0,0.0,0.0,0.0,0.0,0.0,2204.5284819767303,11245.627420699297,0.0,0.0,0.0,0.0,2204.5284819767303,11245.627420699297,0.0,0.0,0.0,0.0,0.0,0.0,0.0,0.0,0.0,0.0,0.0,0.0,0.0,7560.276676651267,9641.523731501786,0.0,0.0,0.0,0.0,7560.276676651267,9641.523731501786,0.0,0.0,0.0,0.0,0.0,0.0,0.0,1.0,False,,,,,1.0,1.1674325367334109
NR_F_018,Nashik Road,FREE,300.0,True,REFERENCE_HIGH,VENDOR_REFERENCE_UNION,Durga Garden,HIGH,False,EPSG:32643,REFERENCE_READY,NOT_INDEPENDENTLY_VERIFIED,27357.73487688358,1488.604555475771,371149.9544198092,2211731.2306661266,REPRESENTATIVE_POINT_FIXED_BUFFER,76.7611672201086,490.4366106713123,76.7611672201086,1231.040969496633,1301.1177501280133,9493.021786582653,3.0,2.0,0.0,1.0,0.0,0.0,0.0,0.0,0.0,1.0,1.0,0.0,0.0,3317.5805392172583,16923.471385022352,932.8928539198736,4758.825093159531,0.0,0.0,2384.687685297385,12164.646291862822,5.0,2.0,0.0,3.0,0.0,0.0,0.0,0.0,0.0,2.0,2.0,0.0,0.0,13067.664677806948,16665.024905171864,2083.565008808279,2657.143691657832,488.3816492724271,622.8268438947885,10984.099668998668,14007.88121351403,0.0,0.0217078024117677,0.0,0.0,0.0217078024117677,0.0217078024117677,0.0,0.9782921975882322,False,,,,,1.0,1.9736973093912762
NR_F_019,Nashik Road,FREE,30.0,True,REFERENCE_LIKELY,VENDOR_REFERENCE_UNION,"Vasco Chowk and Kranti Chowk, Nashik Road | Kranti Chowk, Nashik Road",LIKELY,False,EPSG:32643,REFERENCE_READY,NOT_INDEPENDENTLY_VERIFIED,132080.08402600605,6729.768737400996,370824.3117388615,2208997.817724423,REPRESENTATIVE_POINT_FIXED_BUFFER,645.6885433131769,0.0142984260187728,0.0142984260187728,812.9966872745355,2447.628269218432,8496.578248670867,0.0,0.0,0.0,0.0,0.0,0.0,0.0,0.0,0.0,1.0,0.0,0.0,0.0,5862.354747720477,29904.74282360756,999.2872529630122,5097.512790127219,300.5717269845774,1533.2610499247726,4863.067494757464,24807.230033480344,0.0,0.0,0.0,0.0,0.0,0.0,0.0,0.0,0.0,1.0,0.0,0.0,0.0,19939.58152788908,25428.69219205759,1999.4353155881784,2549.854174567718,1086.2529524289405,1385.2844369574657,17940.1462123009,22878.83801748988,0.0335343503051607,0.0,0.0,0.0148724213530175,0.0484067716581782,0.0484067716581782,1.3877787807814457e-17,0.9515932283418216,False,,,,,1.0,1.8142194819932416
NR_F_020,Nashik Road,FREE,100.0,True,REFERENCE_LIKELY,VENDOR_REFERENCE_UNION,Ambedkar Road Service Road,LIKELY,False,EPSG:32643,REFERENCE_READY,NOT_INDEPENDENTLY_VERIFIED,2598.868571386028,192.79416115874167,372831.2643717057,2210532.561962025,REPRESENTATIVE_POINT_FIXED_BUFFER,9.008193668188426,51.15865245030589,9.008193668188426,219.4685116226241,219.4685116226241,7428.277235662014,5.0,0.0,3.0,1.0,0.0,1.0,1.0,0.0,1.0,5.0,0.0,0.0,0.0,4788.094095839807,24424.77958315301,1896.07255126236,9672.147875808816,0.0,0.0,2892.021544577447,14752.631707344191,9.0,0.0,3.0,5.0,0.0,2.0,2.0,0.0,2.0,16.0,0.0,0.0,0.0,16075.225787099582,20500.52895474467,4293.719148587552,5475.724875964099,183.227388996012,233.66753557075495,11715.518509774662,14940.650265840944,0.0330375137272317,0.0899131164202853,0.0361890894236458,0.0072104288818182,0.1663501484529811,0.1663501484529811,0.0,0.8336498515470188,True,0.1986022497393187,0.5405051769202313,0.217547683366659,0.043344889973791,0.0,2.123911731586373
NR_F_021,Nashik Road,FREE,106.0,True,REFERENCE_LIKELY,VENDOR_REFERENCE_UNION,Sinnar Phata,LIKELY,False,EPSG:32643,REFERENCE_READY,NOT_INDEPENDENTLY_VERIFIED,5985.754751406692,324.88298215711137,379533.5014443415,2206430.600533773,REPRESENTATIVE_POINT_FIXED_BUFFER,1199.1099469701066,409.4455142085658,409.4455142085658,831.671898210634,831.671898210634,757.0897083539901,0.0,0.0,0.0,0.0,0.0,0.0,0.0,0.0,0.0,0.0,0.0,0.0,0.0,2045.4737835522683,10434.265765535132,0.0,0.0,0.0,0.0,2045.4737835522683,10434.265765535132,0.0,0.0,0.0,0.0,0.0,0.0,0.0,0.0,0.0,1.0,0.0,0.0,0.0,9240.965396115056,11784.88446643656,95.82209917963152,122.2006922175172,0.0,0.0,9145.143296935425,11662.683774219038,0.0,0.0,0.0,0.0,0.0,0.0,0.0,1.0,False,,,,,1.0,0.9039240170839675
NR_F_022,Nashik Road,FREE,50.0,True,REFERENCE_HIGH,OSM_NAMED_POLYGON,Water Tank,HIGH,False,EPSG:32643,REFERENCE_READY,NOT_INDEPENDENTLY_VERIFIED,530.8328469138017,82.05312459933221,378336.7207815301,2214519.950861221,REPRESENTATIVE_POINT_FIXED_BUFFER,90.85475091090366,652.8181298548507,90.85475091090366,2606.7233846204863,2606.7233846204863,8383.259491690427,0.0,0.0,0.0,0.0,0.0,0.0,0.0,0.0,0.0,0.0,0.0,0.0,0.0,4949.336158107844,25247.299306366403,911.7907988812632,4651.180374247794,0.0,0.0,4037.545359226583,20596.118932118618,0.0,0.0,0.0,0.0,0.0,0.0,0.0,0.0,0.0,0.0,1.0,0.0,0.0,16420.049242758338,20940.277878375982,1955.953072039168,2494.401827913333,12.064128032341443,15.3852275119668,14464.096170719167,18445.87605046265,0.0,0.0,0.0,0.0,0.0,0.0,0.0,1.0,False,,,,,1.0,1.005575455511156
NR_F_023,Nashik Road,FREE,300.0,True,REFERENCE_HIGH,OSM_NAMED_POINT_BUFFER,College Road Post Office,HIGH,False,EPSG:32643,REFERENCE_READY,NOT_INDEPENDENTLY_VERIFIED,2822.8936414994914,188.41986941755692,370472.9587164567,2212637.654454145,REPRESENTATIVE_POINT_FIXED_BUFFER,508.4731452070425,16.71137902302596,16.71137902302596,681.1456101007316,2107.161821601884,10578.82954595486,8.0,0.0,6.0,2.0,0.0,0.0,0.0,0.0,0.0,1.0,3.0,0.0,0.0,3393.033738099001,17308.369366273728,1007.5439143602568,5139.631247008768,0.0,0.0,2385.489823738744,12168.73811926496,17.0,0.0,9.0,6.0,1.0,0.0,0.0,0.0,0.0,7.0,5.0,0.0,0.0,14640.836890704804,18671.271220367864,2033.086999663973,2592.7697350026688,225.0901963105815,287.05463599754614,12382.659694730251,15791.44684936765,0.0100333829627641,0.0719436637849653,0.0,0.0008304108689366,0.0828074576166662,0.0828074576166662,0.0,0.9171925423833336,False,,,,,0.0,3.0907654857650524
NR_F_024,Nashik Road,FREE,60.0,True,REFERENCE_HIGH,OSM_NAMED_POINT_BUFFER,Dakshin Mukhi Maruti Mandir,HIGH,False,EPSG:32643,REFERENCE_READY,NOT_INDEPENDENTLY_VERIFIED,2822.8936414963405,188.41986941745188,371250.91982909455,2211263.144795493,REPRESENTATIVE_POINT_FIXED_BUFFER,15.902912258406396,13.567033413096471,13.567033413096471,1180.78430971567,1295.8312041129725,9141.777368706566,0.0,0.0,0.0,0.0,0.0,0.0,0.0,0.0,0.0,0.0,0.0,0.0,0.0,2392.612541224712,12205.072159729829,1474.6805113951382,7522.564453712998,0.0,0.0,917.9320298295738,4682.507706016829,1.0,0.0,0.0,1.0,0.0,0.0,0.0,0.0,0.0,0.0,1.0,0.0,0.0,11405.546427461002,14545.346850959317,3246.2501287446075,4139.9010900412295,107.7408653652854,137.4005416336239,8159.296298716393,10405.445760918084,0.0711438103090915,0.0065209151316919,0.0,0.0,0.0776647254407835,0.0776647254407835,0.0,0.9223352745592164,False,,,,,1.0,0.9793451260636826
NR_F_025,Nashik Road,FREE,10.0,True,REFERENCE_LIKELY,OSM_NAMED_POINT_BUFFER,Vadner,LIKELY,False,EPSG:32643,REFERENCE_READY,NOT_INDEPENDENTLY_VERIFIED,2822.8936414873874,188.4198694171532,375710.5095324195,2204738.0999190877,REPRESENTATIVE_POINT_FIXED_BUFFER,125.10286191454458,2295.64115151665,125.10286191454458,3352.8758655979736,3352.8758655979736,3424.494482610097,0.0,0.0,0.0,0.0,0.0,0.0,0.0,0.0,0.0,0.0,0.0,0.0,0.0,1825.7924992552296,9313.638885591154,618.7426191072997,3156.2980567840973,0.0,0.0,1207.0498801479298,6157.340828807055,0.0,0.0,0.0,0.0,0.0,0.0,0.0,0.0,0.0,0.0,0.0,0.0,0.0,4146.612930456801,5288.122205609534,1330.6573246819703,1696.9701934374966,0.0,0.0,2815.955605774831,3591.1520121720373,0.0,0.0,0.0,0.0,0.0,0.0,0.0,1.0,False,,,,,1.0,1.0755291549547752
NR_F_026,Nashik Road,FREE,60.0,True,REFERENCE_LIKELY,OSM_NAMED_POINT_BUFFER,Vadner,LIKELY,False,EPSG:32643,REFERENCE_READY,NOT_INDEPENDENTLY_VERIFIED,2822.8936414873874,188.4198694171532,375710.5095324195,2204738.0999190877,REPRESENTATIVE_POINT_FIXED_BUFFER,125.10286191454458,2295.64115151665,125.10286191454458,3352.8758655979736,3352.8758655979736,3424.494482610097,0.0,0.0,0.0,0.0,0.0,0.0,0.0,0.0,0.0,0.0,0.0,0.0,0.0,1825.7924992552296,9313.638885591154,618.7426191072997,3156.2980567840973,0.0,0.0,1207.0498801479298,6157.340828807055,0.0,0.0,0.0,0.0,0.0,0.0,0.0,0.0,0.0,0.0,0.0,0.0,0.0,4146.612930456801,5288.122205609534,1330.6573246819703,1696.9701934374966,0.0,0.0,2815.955605774831,3591.1520121720373,0.0,0.0,0.0,0.0,0.0,0.0,0.0,1.0,False,,,,,1.0,1.0755291549547752
NR_F_027,Nashik Road,FREE,100.0,True,REFERENCE_LIKELY,OSM_NAMED_POINT_BUFFER,Vadner,LIKELY,False,EPSG:32643,REFERENCE_READY,NOT_INDEPENDENTLY_VERIFIED,2822.8936414873874,188.4198694171532,375710.5095324195,2204738.0999190877,REPRESENTATIVE_POINT_FIXED_BUFFER,125.10286191454458,2295.64115151665,125.10286191454458,3352.8758655979736,3352.8758655979736,3424.494482610097,0.0,0.0,0.0,0.0,0.0,0.0,0.0,0.0,0.0,0.0,0.0,0.0,0.0,1825.7924992552296,9313.638885591154,618.7426191072997,3156.2980567840973,0.0,0.0,1207.0498801479298,6157.340828807055,0.0,0.0,0.0,0.0,0.0,0.0,0.0,0.0,0.0,0.0,0.0,0.0,0.0,4146.612930456801,5288.122205609534,1330.6573246819703,1696.9701934374966,0.0,0.0,2815.955605774831,3591.1520121720373,0.0,0.0,0.0,0.0,0.0,0.0,0.0,1.0,False,,,,,1.0,1.0755291549547752
NR_F_028,Nashik Road,FREE,50.0,True,REFERENCE_HIGH,OSM_NAMED_LINE_BUFFER,Maharana Pratap Chowk Road,HIGH,False,EPSG:32643,REFERENCE_READY,NOT_INDEPENDENTLY_VERIFIED,65781.71509946516,3351.9680199597638,370824.3117388615,2208997.817724423,REPRESENTATIVE_POINT_FIXED_BUFFER,645.6885433131769,0.0142984260187728,0.0142984260187728,812.9966872745355,2447.628269218432,8496.578248670867,0.0,0.0,0.0,0.0,0.0,0.0,0.0,0.0,0.0,1.0,0.0,0.0,0.0,5862.354747720477,29904.74282360756,999.2872529630122,5097.512790127219,300.5717269845774,1533.2610499247726,4863.067494757464,24807.230033480344,0.0,0.0,0.0,0.0,0.0,0.0,0.0,0.0,0.0,1.0,0.0,0.0,0.0,19939.58152788908,25428.69219205759,1999.4353155881784,2549.854174567718,1086.2529524289405,1385.2844369574657,17940.1462123009,22878.83801748988,0.0335343503051607,0.0,0.0,0.0148724213530175,0.0484067716581782,0.0484067716581782,1.3877787807814457e-17,0.9515932283418216,False,,,,,1.0,1.8142194819932416
NR_F_029,Nashik Road,FREE,300.0,True,REFERENCE_LIKELY,VENDOR_REFERENCE_UNION,Deolali Gaon,LIKELY,False,EPSG:32643,REFERENCE_READY,NOT_INDEPENDENTLY_VERIFIED,8220.566986191432,473.9106267325462,371149.9544198092,2211731.2306661266,REPRESENTATIVE_POINT_FIXED_BUFFER,76.7611672201086,490.4366106713123,76.7611672201086,1231.040969496633,1301.1177501280133,9493.021786582653,3.0,2.0,0.0,1.0,0.0,0.0,0.0,0.0,0.0,1.0,1.0,0.0,0.0,3317.5805392172583,16923.471385022352,932.8928539198736,4758.825093159531,0.0,0.0,2384.687685297385,12164.646291862822,5.0,2.0,0.0,3.0,0.0,0.0,0.0,0.0,0.0,2.0,2.0,0.0,0.0,13067.664677806948,16665.024905171864,2083.565008808279,2657.143691657832,488.3816492724271,622.8268438947885,10984.099668998668,14007.88121351403,0.0,0.0217078024117677,0.0,0.0,0.0217078024117677,0.0217078024117677,0.0,0.9782921975882322,False,,,,,1.0,1.9736973093912762
NR_F_030,Nashik Road,FREE,60.0,False,NO_USABLE_REFERENCE,UNRESOLVED,,UNRESOLVED,False,EPSG:32643,NO_USABLE_REFERENCE,NOT_INDEPENDENTLY_VERIFIED,,,,,,,,,,,,,,,,,,,,,,,,,,,,,,,,,,,,,,,,,,,,,,,,,,,,,,,,,,,,,,,,,,,,
NR_F_031,Nashik Road,FREE,200.0,False,NO_USABLE_REFERENCE,UNRESOLVED,,UNRESOLVED,False,EPSG:32643,NO_USABLE_REFERENCE,NOT_INDEPENDENTLY_VERIFIED,,,,,,,,,,,,,,,,,,,,,,,,,,,,,,,,,,,,,,,,,,,,,,,,,,,,,,,,,,,,,,,,,,,,
NR_F_032,Nashik Road,FREE,30.0,True,REFERENCE_HIGH,OSM_NAMED_POLYGON,Municipal Corporation School No 71 And 33,HIGH,False,EPSG:32643,REFERENCE_READY,NOT_INDEPENDENTLY_VERIFIED,797.4014957527055,132.4557548476586,369027.3929969754,2213289.158905304,REPRESENTATIVE_POINT_FIXED_BUFFER,26.27128526177921,818.7395095161514,26.27128526177921,905.2080195101064,2835.693003050712,12125.944241385783,2.0,0.0,2.0,0.0,0.0,0.0,0.0,0.0,0.0,3.0,0.0,0.0,0.0,3287.9703079192723,16772.425194537525,987.2170772795572,5035.941030112211,0.0,0.0,2300.753230639716,11736.484164425316,6.0,0.0,5.0,2.0,0.0,0.0,0.0,0.0,0.0,3.0,0.0,0.0,0.0,14548.690399613888,18553.757983931493,1990.8307600685648,2538.88089544189,0.0,0.0,12557.859639545322,16014.877088489604,0.0,0.0,0.0,0.0024912947554371,0.0024912947554371,0.0024912947554371,0.0,0.9975087052445628,False,,,,,1.0,1.5467674435344587
NR_F_033,Nashik Road,FREE,15.0,True,REFERENCE_HIGH,VENDOR_REFERENCE_UNION,Saubhagya Nagar,HIGH,False,EPSG:32643,REFERENCE_READY,NOT_INDEPENDENTLY_VERIFIED,79175.76129594025,4083.188422883458,369842.1631878894,2209312.2732816963,REPRESENTATIVE_POINT_FIXED_BUFFER,1611.3188620817575,115.14292714065748,115.14292714065748,1829.091419645475,3027.7864689281964,9527.374327627158,0.0,0.0,0.0,0.0,0.0,0.0,0.0,0.0,0.0,0.0,0.0,0.0,0.0,6432.486476201969,32813.06950282251,871.0513074009573,4443.362173556882,566.7502681768437,2891.0773476527343,5561.435168801013,28369.707329265635,0.0,0.0,0.0,0.0,0.0,0.0,0.0,0.0,0.0,0.0,1.0,0.0,0.0,24051.62369777157,30672.72675077946,1930.4009279455504,2461.815506776408,1232.0845722721317,1571.2616284885382,22121.222769826025,28210.91124400306,0.0016274807506127,0.0,0.0,0.0042319532406586,0.0058594339912713,0.0058594339912713,0.0,0.9941405660087286,False,,,,,1.0,1.5826813921673786
NR_F_034,Nashik Road,FREE,200.0,True,REFERENCE_HIGH,VENDOR_REFERENCE_UNION,Railway Station,HIGH,False,EPSG:32643,REFERENCE_READY,NOT_INDEPENDENTLY_VERIFIED,27374.2349510866,1494.4716510412998,378785.0378588133,2206511.346627917,REPRESENTATIVE_POINT_FIXED_BUFFER,446.30365399270994,8.466210545056484,8.466210545056484,354.418948439394,354.418948439394,362.9163215600052,1.0,0.0,0.0,1.0,0.0,0.0,0.0,0.0,0.0,0.0,0.0,0.0,0.0,3955.697742720491,20178.602076235464,1497.114613510284,7637.004142729234,57.4441697460957,293.0312471521144,2401.138959464112,12248.566686354116,23.0,0.0,1.0,12.0,1.0,1.0,1.0,1.0,2.0,6.0,0.0,1.0,1.0,14518.714783063506,18515.53046519141,3574.443257969169,4558.441571993012,453.9155949550289,578.8727275515735,10490.35593013931,13378.216165646829,0.0,0.0365937961409303,0.0024289878023922,0.0,0.0390227839433226,0.0390227839433226,0.0,0.9609772160566774,False,,,,,0.0,1.3699043656758454
NR_F_035,Nashik Road,FREE,100.0,True,REFERENCE_HIGH,OSM_NAMED_LINE_BUFFER,Pune Nashik Road,HIGH,False,EPSG:32643,REFERENCE_READY,NOT_INDEPENDENTLY_VERIFIED,66298.36892652776,3377.800717441032,380210.6393274345,2205126.996857181,REPRESENTATIVE_POINT_FIXED_BUFFER,2080.6337250403444,1686.749534848505,1686.749534848505,1790.472106144725,1790.472106144725,1719.1815434323023,0.0,0.0,0.0,0.0,0.0,0.0,0.0,0.0,0.0,0.0,0.0,0.0,0.0,2204.5284819771705,11245.627420701545,0.0,0.0,0.0,0.0,2204.5284819771705,11245.627420701545,0.0,0.0,0.0,0.0,0.0,0.0,0.0,0.0,0.0,0.0,0.0,0.0,0.0,7560.276676650314,9641.52373150057,0.0,0.0,0.0,0.0,7560.276676650313,9641.523731500569,0.0,0.0,0.0,0.0,0.0,0.0,0.0,1.0,False,,,,,1.0,1.1674325367333171
NR_F_036,Nashik Road,FREE,300.0,True,REFERENCE_HIGH,OSM_NAMED_LINE_BUFFER,Pune Nashik Road,HIGH,False,EPSG:32643,REFERENCE_READY,NOT_INDEPENDENTLY_VERIFIED,66298.36892652776,3377.800717441032,380210.6393274345,2205126.996857181,REPRESENTATIVE_POINT_FIXED_BUFFER,2080.6337250403444,1686.749534848505,1686.749534848505,1790.472106144725,1790.472106144725,1719.1815434323023,0.0,0.0,0.0,0.0,0.0,0.0,0.0,0.0,0.0,0.0,0.0,0.0,0.0,2204.5284819771705,11245.627420701545,0.0,0.0,0.0,0.0,2204.5284819771705,11245.627420701545,0.0,0.0,0.0,0.0,0.0,0.0,0.0,0.0,0.0,0.0,0.0,0.0,0.0,7560.276676650314,9641.52373150057,0.0,0.0,0.0,0.0,7560.276676650313,9641.523731500569,0.0,0.0,0.0,0.0,0.0,0.0,0.0,1.0,False,,,,,1.0,1.1674325367333171
NR_F_037,Nashik Road,FREE,30.0,True,REFERENCE_HIGH,OSM_NAMED_LINE_BUFFER,Pune Nashik Road,HIGH,False,EPSG:32643,REFERENCE_READY,NOT_INDEPENDENTLY_VERIFIED,66298.36892652776,3377.800717441032,380210.6393274345,2205126.996857181,REPRESENTATIVE_POINT_FIXED_BUFFER,2080.6337250403444,1686.749534848505,1686.749534848505,1790.472106144725,1790.472106144725,1719.1815434323023,0.0,0.0,0.0,0.0,0.0,0.0,0.0,0.0,0.0,0.0,0.0,0.0,0.0,2204.5284819771705,11245.627420701545,0.0,0.0,0.0,0.0,2204.5284819771705,11245.627420701545,0.0,0.0,0.0,0.0,0.0,0.0,0.0,0.0,0.0,0.0,0.0,0.0,0.0,7560.276676650314,9641.52373150057,0.0,0.0,0.0,0.0,7560.276676650313,9641.523731500569,0.0,0.0,0.0,0.0,0.0,0.0,0.0,1.0,False,,,,,1.0,1.1674325367333171
NR_F_038,Nashik Road,FREE,20.0,True,REFERENCE_HIGH,OSM_NAMED_LINE_BUFFER,Pune Nashik Road,HIGH,False,EPSG:32643,REFERENCE_READY,NOT_INDEPENDENTLY_VERIFIED,66298.36892652776,3377.800717441032,380210.6393274345,2205126.996857181,REPRESENTATIVE_POINT_FIXED_BUFFER,2080.6337250403444,1686.749534848505,1686.749534848505,1790.472106144725,1790.472106144725,1719.1815434323023,0.0,0.0,0.0,0.0,0.0,0.0,0.0,0.0,0.0,0.0,0.0,0.0,0.0,2204.5284819771705,11245.627420701545,0.0,0.0,0.0,0.0,2204.5284819771705,11245.627420701545,0.0,0.0,0.0,0.0,0.0,0.0,0.0,0.0,0.0,0.0,0.0,0.0,0.0,7560.276676650314,9641.52373150057,0.0,0.0,0.0,0.0,7560.276676650313,9641.523731500569,0.0,0.0,0.0,0.0,0.0,0.0,0.0,1.0,False,,,,,1.0,1.1674325367333171
NR_F_039,Nashik Road,FREE,80.0,True,REFERENCE_HIGH,OSM_NAMED_LINE_BUFFER,Pune Nashik Road,HIGH,False,EPSG:32643,REFERENCE_READY,NOT_INDEPENDENTLY_VERIFIED,66298.36892652776,3377.800717441032,380210.6393274345,2205126.996857181,REPRESENTATIVE_POINT_FIXED_BUFFER,2080.6337250403444,1686.749534848505,1686.749534848505,1790.472106144725,1790.472106144725,1719.1815434323023,0.0,0.0,0.0,0.0,0.0,0.0,0.0,0.0,0.0,0.0,0.0,0.0,0.0,2204.5284819771705,11245.627420701545,0.0,0.0,0.0,0.0,2204.5284819771705,11245.627420701545,0.0,0.0,0.0,0.0,0.0,0.0,0.0,0.0,0.0,0.0,0.0,0.0,0.0,7560.276676650314,9641.52373150057,0.0,0.0,0.0,0.0,7560.276676650313,9641.523731500569,0.0,0.0,0.0,0.0,0.0,0.0,0.0,1.0,False,,,,,1.0,1.1674325367333171
NR_F_040,Nashik Road,FREE,50.0,True,REFERENCE_HIGH,OSM_NAMED_LINE_BUFFER,Pune Road,HIGH,False,EPSG:32643,REFERENCE_READY,NOT_INDEPENDENTLY_VERIFIED,15074.726423831977,816.6185963312722,378509.3866171761,2206707.6155186547,REPRESENTATIVE_POINT_FIXED_BUFFER,147.97993775649053,1.6994536875243748e-10,1.6994536875243748e-10,598.1103292996005,598.1103292996005,642.0956999083973,8.0,0.0,0.0,6.0,1.0,0.0,0.0,0.0,0.0,1.0,0.0,0.0,0.0,4617.423255160077,23554.16225996887,2024.923625645258,10329.436355913916,0.0,0.0,2592.499629514819,13224.725904054956,11.0,0.0,0.0,9.0,1.0,0.0,0.0,0.0,0.0,14.0,0.0,0.0,0.0,13228.932488127408,16870.68767213567,4489.727177974043,5725.691398053317,10.506750096237395,13.39912343508328,8728.698560057128,11131.597150647272,0.0,0.0532802174140723,0.0138433293082959,0.0,0.0671235467223682,0.0671235467223682,0.0,0.9328764532776316,False,,,,,1.0,2.3634058675979084
NR_F_041,Nashik Road,FREE,10.0,True,REFERENCE_HIGH,OSM_NAMED_LINE_BUFFER,Pune Nashik Road,HIGH,False,EPSG:32643,REFERENCE_READY,NOT_INDEPENDENTLY_VERIFIED,66298.36892652776,3377.800717441032,380210.6393274345,2205126.996857181,REPRESENTATIVE_POINT_FIXED_BUFFER,2080.6337250403444,1686.749534848505,1686.749534848505,1790.472106144725,1790.472106144725,1719.1815434323023,0.0,0.0,0.0,0.0,0.0,0.0,0.0,0.0,0.0,0.0,0.0,0.0,0.0,2204.5284819771705,11245.627420701545,0.0,0.0,0.0,0.0,2204.5284819771705,11245.627420701545,0.0,0.0,0.0,0.0,0.0,0.0,0.0,0.0,0.0,0.0,0.0,0.0,0.0,7560.276676650314,9641.52373150057,0.0,0.0,0.0,0.0,7560.276676650313,9641.523731500569,0.0,0.0,0.0,0.0,0.0,0.0,0.0,1.0,False,,,,,1.0,1.1674325367333171
NR_F_042,Nashik Road,FREE,30.0,True,REFERENCE_HIGH,OSM_NAMED_LINE_BUFFER,Pune Nashik Road,HIGH,False,EPSG:32643,REFERENCE_READY,NOT_INDEPENDENTLY_VERIFIED,66298.36892652776,3377.800717441032,380210.6393274345,2205126.996857181,REPRESENTATIVE_POINT_FIXED_BUFFER,2080.6337250403444,1686.749534848505,1686.749534848505,1790.472106144725,1790.472106144725,1719.1815434323023,0.0,0.0,0.0,0.0,0.0,0.0,0.0,0.0,0.0,0.0,0.0,0.0,0.0,2204.5284819771705,11245.627420701545,0.0,0.0,0.0,0.0,2204.5284819771705,11245.627420701545,0.0,0.0,0.0,0.0,0.0,0.0,0.0,0.0,0.0,0.0,0.0,0.0,0.0,7560.276676650314,9641.52373150057,0.0,0.0,0.0,0.0,7560.276676650313,9641.523731500569,0.0,0.0,0.0,0.0,0.0,0.0,0.0,1.0,False,,,,,1.0,1.1674325367333171
NR_F_043,Nashik Road,FREE,17.0,True,REFERENCE_HIGH,OSM_NAMED_LINE_BUFFER,Pune Nashik Road,HIGH,False,EPSG:32643,REFERENCE_READY,NOT_INDEPENDENTLY_VERIFIED,66298.36892652776,3377.800717441032,380210.6393274345,2205126.996857181,REPRESENTATIVE_POINT_FIXED_BUFFER,2080.6337250403444,1686.749534848505,1686.749534848505,1790.472106144725,1790.472106144725,1719.1815434323023,0.0,0.0,0.0,0.0,0.0,0.0,0.0,0.0,0.0,0.0,0.0,0.0,0.0,2204.5284819771705,11245.627420701545,0.0,0.0,0.0,0.0,2204.5284819771705,11245.627420701545,0.0,0.0,0.0,0.0,0.0,0.0,0.0,0.0,0.0,0.0,0.0,0.0,0.0,7560.276676650314,9641.52373150057,0.0,0.0,0.0,0.0,7560.276676650313,9641.523731500569,0.0,0.0,0.0,0.0,0.0,0.0,0.0,1.0,False,,,,,1.0,1.1674325367333171
NR_F_044,Nashik Road,FREE,60.0,False,NO_USABLE_REFERENCE,UNRESOLVED,,UNRESOLVED,False,EPSG:32643,NO_USABLE_REFERENCE,NOT_INDEPENDENTLY_VERIFIED,,,,,,,,,,,,,,,,,,,,,,,,,,,,,,,,,,,,,,,,,,,,,,,,,,,,,,,,,,,,,,,,,,,,
NR_R_001,Nashik Road,RESTRICTED,50.0,True,REFERENCE_HIGH,OSM_NAMED_LINE_BUFFER,Jail Road,HIGH,False,EPSG:32643,REFERENCE_READY,NOT_INDEPENDENTLY_VERIFIED,29277.838359276902,1526.7741924628535,378329.9550341267,2206447.500161557,REPRESENTATIVE_POINT_FIXED_BUFFER,5.897660648849164e-10,289.9432653930294,5.897660648849164e-10,507.523459870994,507.523459870994,581.1065825082723,1.0,0.0,0.0,1.0,0.0,0.0,0.0,0.0,0.0,7.0,0.0,0.0,0.0,3278.8062019549925,16725.677728056307,999.0491243109144,5096.298060482499,0.0,0.0,2279.757077644077,11629.379667573805,9.0,0.0,0.0,7.0,1.0,0.0,0.0,0.0,0.0,20.0,0.0,0.0,0.0,15885.77110996888,20258.9198386073,5438.176200938467,6935.236253901321,0.0,0.0,10447.59490903041,13323.683584705976,0.0,0.0176752719603538,0.0,0.0,0.0176752719603538,0.0176752719603538,0.0,0.9823247280396462,False,,,,,1.0,1.8846949981818106
NR_R_002,Nashik Road,RESTRICTED,50.0,True,REFERENCE_LIKELY,OSM_NAMED_POLYGON,ground,LIKELY,False,EPSG:32643,REFERENCE_READY,NOT_INDEPENDENTLY_VERIFIED,154.3880173448424,49.460212090526,374859.2408430807,2209907.8278044527,REPRESENTATIVE_POINT_FIXED_BUFFER,405.6554944964841,647.8433036501857,405.6554944964841,901.742530053051,2337.0946101021755,5466.071443437397,0.0,0.0,0.0,0.0,0.0,0.0,0.0,0.0,0.0,3.0,0.0,0.0,0.0,2893.2797802904,14759.05015471331,0.0,0.0,0.0,0.0,2893.2797802904,14759.05015471331,0.0,0.0,0.0,0.0,0.0,0.0,0.0,0.0,3.0,4.0,0.0,0.0,0.0,14194.283651256184,18101.787610221745,940.7642931385252,1199.7446186139075,0.0,0.0,13253.51935811766,16902.042991607836,0.0053949195526878,0.0,0.0,0.0016170770899497,0.0070119966426376,0.0070119966426376,1.734723475976807e-18,0.9929880033573624,False,,,,,1.0,0.8316501234651436
NR_R_003,Nashik Road,RESTRICTED,25.0,True,REFERENCE_LIKELY,OSM_NAMED_POLYGON,Temple,LIKELY,False,EPSG:32643,REFERENCE_READY,NOT_INDEPENDENTLY_VERIFIED,140.59997703785456,49.754420150577104,373565.36320635886,2209774.592333068,REPRESENTATIVE_POINT_FIXED_BUFFER,494.0019078708822,13.87954790117547,13.87954790117547,1266.9410721891363,1266.9410721891363,6390.91107659306,0.0,0.0,0.0,0.0,0.0,0.0,0.0,0.0,0.0,0.0,0.0,0.0,0.0,4632.325624290143,23630.181459671923,892.2363280106754,4551.430112177073,0.0,0.0,3740.089296279468,19078.75134749485,0.0,0.0,0.0,0.0,0.0,0.0,0.0,0.0,0.0,0.0,0.0,0.0,0.0,16690.778019773756,21285.534810103887,1613.026268964848,2057.071680959823,1787.8974334220177,2280.082630714635,15077.751750808908,19228.463129144064,0.0,0.0,0.0,0.0029611972492823,0.0029611972492823,0.0029611972492823,0.0,0.9970388027507175,False,,,,,1.0,0.8869313131392808
NR_R_004,Nashik Road,RESTRICTED,50.0,True,REFERENCE_LIKELY,VENDOR_REFERENCE_UNION,Gadekar Mala,LIKELY,False,EPSG:32643,REFERENCE_READY,NOT_INDEPENDENTLY_VERIFIED,23113.121345145475,1218.4087911695756,369209.8699883084,2212107.6908700746,REPRESENTATIVE_POINT_FIXED_BUFFER,1204.2048036555088,486.5368875944565,486.5368875944565,1010.11758651422,2169.7263227171256,11314.756732209507,0.0,0.0,0.0,0.0,0.0,0.0,0.0,0.0,0.0,0.0,0.0,0.0,0.0,2436.114143048056,12426.980295781796,0.0,0.0,0.0,0.0,2436.1141430480566,12426.9802957818,0.0,0.0,0.0,0.0,0.0,0.0,0.0,0.0,0.0,0.0,0.0,0.0,0.0,11707.317482730114,14930.191601395913,293.3641382717168,374.1235171794227,0.0,0.0,11413.953344458398,14556.068084216491,0.0,0.0,0.3333481814577346,0.0056756934879676,0.3390238749457022,0.3390238749457022,0.0,0.6609761250542978,True,0.0,0.0,0.9832587203810452,0.0167412796189549,1.0,0.8598926699311294
NR_R_005,Nashik Road,RESTRICTED,100.0,False,NO_USABLE_REFERENCE,UNRESOLVED,,UNRESOLVED,False,EPSG:32643,NO_USABLE_REFERENCE,NOT_INDEPENDENTLY_VERIFIED,,,,,,,,,,,,,,,,,,,,,,,,,,,,,,,,,,,,,,,,,,,,,,,,,,,,,,,,,,,,,,,,,,,,
NR_R_006,Nashik Road,RESTRICTED,25.0,True,REFERENCE_HIGH,OSM_NAMED_POINT_BUFFER,Ganesh Temple,HIGH,False,EPSG:32643,REFERENCE_READY,NOT_INDEPENDENTLY_VERIFIED,2822.8936414973086,188.41986941748425,372130.0652684152,2210051.447236794,REPRESENTATIVE_POINT_FIXED_BUFFER,170.42854018353913,642.692950337768,170.42854018353913,748.4397759950876,778.1974751559532,7752.354012962603,1.0,0.0,1.0,1.0,0.0,0.0,0.0,0.0,0.0,7.0,0.0,0.0,0.0,4512.566095107722,23019.270302808,737.7331152269222,3763.2862617019982,331.476763697883,1690.912235265428,3443.3562161829154,17565.071805840566,4.0,0.0,2.0,2.0,0.0,0.0,0.0,0.0,1.0,10.0,0.0,0.0,0.0,16805.401850764396,21431.71310938557,3182.4761945089035,4058.571010907521,749.1801884785365,955.4198709016345,12873.745467776953,16417.722227576414,0.0,0.023814740929757,0.0,0.0018006451811264,0.0256153861108834,0.0256153861108834,0.0,0.9743846138891166,False,,,,,1.0,1.6749033546605059
NR_R_007,Nashik Road,RESTRICTED,20.0,True,REFERENCE_HIGH,OSM_NAMED_POINT_BUFFER,Hanuman Temple,HIGH,False,EPSG:32643,REFERENCE_READY,NOT_INDEPENDENTLY_VERIFIED,2822.8936414913724,188.41986941728604,368592.8899256473,2208460.1453007944,REPRESENTATIVE_POINT_FIXED_BUFFER,690.2837908820934,962.5921515854192,690.2837908820934,711.9397606141658,2844.685307717045,10494.120148402357,0.0,0.0,0.0,0.0,0.0,0.0,0.0,0.0,0.0,0.0,0.0,0.0,0.0,4965.691621571433,25330.73095622173,0.0,0.0,372.1493164481876,1898.3889715462576,4593.542305123245,23432.34198467547,0.0,0.0,0.0,0.0,0.0,0.0,0.0,0.0,0.0,0.0,0.0,0.0,0.0,17217.138339717578,21956.795364857437,0.0,0.0,391.0862369130693,498.7472543043569,16826.052102804504,21458.04811055307,0.0,0.0,0.0610676425502753,0.0,0.0610676425502753,0.0610676425502753,0.0,0.9389323574497248,False,,,,,1.0,1.426344695431281
NR_R_008,Nashik Road,RESTRICTED,50.0,True,REFERENCE_LIKELY,OSM_NAMED_POLYGON,Temple,LIKELY,False,EPSG:32643,REFERENCE_READY,NOT_INDEPENDENTLY_VERIFIED,140.59997703785456,49.754420150577104,373565.36320635886,2209774.592333068,REPRESENTATIVE_POINT_FIXED_BUFFER,494.0019078708822,13.87954790117547,13.87954790117547,1266.9410721891363,1266.9410721891363,6390.91107659306,0.0,0.0,0.0,0.0,0.0,0.0,0.0,0.0,0.0,0.0,0.0,0.0,0.0,4632.325624290143,23630.181459671923,892.2363280106754,4551.430112177073,0.0,0.0,3740.089296279468,19078.75134749485,0.0,0.0,0.0,0.0,0.0,0.0,0.0,0.0,0.0,0.0,0.0,0.0,0.0,16690.778019773756,21285.534810103887,1613.026268964848,2057.071680959823,1787.8974334220177,2280.082630714635,15077.751750808908,19228.463129144064,0.0,0.0,0.0,0.0029611972492823,0.0029611972492823,0.0029611972492823,0.0,0.9970388027507175,False,,,,,1.0,0.8869313131392808
NN_F_001,New Nashik,FREE,100.0,True,REFERENCE_LIKELY,OSM_NAMED_POINT_BUFFER,Ambad,LIKELY,False,EPSG:32643,REFERENCE_READY,NOT_INDEPENDENTLY_VERIFIED,2822.893641491502,188.4198694172904,368476.918468698,2206441.4525104994,REPRESENTATIVE_POINT_FIXED_BUFFER,530.173160060553,394.8310275190588,394.8310275190588,543.3716901305265,4711.086345720475,10356.999886032028,0.0,0.0,0.0,0.0,0.0,0.0,0.0,0.0,0.0,0.0,0.0,0.0,0.0,1525.007039415123,7779.287552605629,0.0,0.0,0.0,0.0,1525.0070394151232,7779.2875526056305,0.0,0.0,0.0,0.0,0.0,0.0,0.0,0.0,0.0,0.0,0.0,0.0,0.0,7932.197951536481,10115.830155912236,1195.6398121712582,1524.7840940767817,0.0,0.0,6736.558139365223,8591.046061835455,0.0,0.0,0.7797302459710286,0.0,0.7797302459710286,0.7797302459710289,0.0,0.2202697540289714,True,0.0,0.0,0.9999999999999996,0.0,1.0,1.30587268594758
NN_F_002,New Nashik,FREE,90.0,True,REFERENCE_LIKELY,VENDOR_REFERENCE_UNION,Ambad Gaon Vegetable Market | Market,LIKELY,False,EPSG:32643,REFERENCE_READY,NOT_INDEPENDENTLY_VERIFIED,76473.20539784784,1141.1619294277632,373956.4104492276,2213556.4975519115,REPRESENTATIVE_POINT_FIXED_BUFFER,136.71186991136983,668.6662083435091,136.71186991136983,363.2401452477212,373.02584275071774,8865.028910346206,1.0,1.0,0.0,0.0,0.0,0.0,0.0,0.0,0.0,3.0,0.0,0.0,0.0,3846.834996954413,19623.277031043992,828.4811526464828,4226.205487433656,0.0,0.0,3018.3538443079306,15397.071543610333,3.0,1.0,0.0,2.0,0.0,2.0,1.0,0.0,0.0,7.0,1.0,1.0,0.0,11783.046511416076,15026.76785891493,2895.991979153554,3693.2213710484775,264.0949706856486,336.7969237289597,8736.796148632648,11141.923901341454,0.0943247632851499,0.0321660699956947,0.0,0.0,0.1264908332808446,0.1264908332808446,0.0,0.8735091667191553,True,0.745704339505163,0.254295660494837,0.0,0.0,0.0,1.3209200990219976
NN_F_003,New Nashik,FREE,10.0,True,REFERENCE_LIKELY,VENDOR_REFERENCE_UNION,"Ganpati Temple, Pawan Nagar",LIKELY,False,EPSG:32643,REFERENCE_READY,NOT_INDEPENDENTLY_VERIFIED,12.822828010679109,14.413359235302783,373721.26593450014,2212852.378009352,REPRESENTATIVE_POINT_FIXED_BUFFER,163.0233042847402,512.734592912085,163.0233042847402,255.3778721047938,571.3010864016699,8426.3468751366,2.0,1.0,0.0,1.0,0.0,0.0,0.0,0.0,0.0,1.0,0.0,1.0,3.0,5366.182734103712,27373.695641713555,962.3765781690948,4909.225952387295,1313.6727049330998,6701.239704180796,3355.831522753624,17118.59533685243,18.0,4.0,4.0,10.0,0.0,1.0,0.0,0.0,0.0,6.0,1.0,3.0,6.0,18034.936099414736,22999.722342918983,2863.234080993284,3651.4456443106224,3117.699951927732,3975.9627008158177,12582.907050727405,16046.819730227906,0.0155187249834264,0.0600558209437982,0.0,0.0133488867764099,0.0889234327036346,0.0889234327036346,1.3877787807814457e-17,0.9110765672963654,False,,,,,0.0,2.7181134486028125
NN_F_004,New Nashik,FREE,20.0,True,REFERENCE_HIGH,VENDOR_REFERENCE_UNION,Beside Ambad Property Tax Office,HIGH,False,EPSG:32643,REFERENCE_READY,NOT_INDEPENDENTLY_VERIFIED,530.8328469155842,82.05312459946794,378336.7207815301,2214519.950861221,REPRESENTATIVE_POINT_FIXED_BUFFER,90.85475091090366,652.8181298548507,90.85475091090366,2606.7233846204863,2606.7233846204863,8383.259491690427,0.0,0.0,0.0,0.0,0.0,0.0,0.0,0.0,0.0,0.0,0.0,0.0,0.0,4949.336158107844,25247.299306366403,911.7907988812632,4651.180374247794,0.0,0.0,4037.545359226583,20596.118932118618,0.0,0.0,0.0,0.0,0.0,0.0,0.0,0.0,0.0,0.0,1.0,0.0,0.0,16420.049242758338,20940.277878375982,1955.953072039168,2494.401827913333,12.064128032341443,15.3852275119668,14464.096170719167,18445.87605046265,0.0,0.0,0.0,0.0,0.0,0.0,0.0,1.0,False,,,,,1.0,1.005575455511156
NN_F_005,New Nashik,FREE,20.0,True,REFERENCE_HIGH,VENDOR_REFERENCE_UNION,Along Phalke Smarak Compound,HIGH,False,EPSG:32643,REFERENCE_READY,NOT_INDEPENDENTLY_VERIFIED,73124.49284097695,1500.400946273316,369275.2609366813,2205705.066513529,REPRESENTATIVE_POINT_FIXED_BUFFER,500.5363430014477,700.3242722788249,500.5363430014477,606.2437430324321,5650.348035576872,9565.000070696486,0.0,0.0,0.0,0.0,0.0,0.0,0.0,0.0,0.0,0.0,0.0,0.0,0.0,2380.0084145312494,12140.776636257671,0.0,0.0,388.4129332380304,1981.3520978686747,1991.5954812932189,10159.424538388996,1.0,0.0,0.0,0.0,0.0,0.0,0.0,0.0,0.0,0.0,0.0,1.0,0.0,9073.22684225992,11570.969643361796,0.0,0.0,2461.311932914458,3138.879491687406,6611.914909345463,8432.090151674394,0.0,0.0,0.0,0.093254726411937,0.093254726411937,0.093254726411937,0.0,0.9067452735880628,False,,,,,1.0,1.6226282247801183
NN_F_006,New Nashik,FREE,10.0,True,REFERENCE_LIKELY,OSM_NAMED_POINT_BUFFER,Ambad,LIKELY,False,EPSG:32643,REFERENCE_READY,NOT_INDEPENDENTLY_VERIFIED,2822.893641491502,188.4198694172904,368476.918468698,2206441.4525104994,REPRESENTATIVE_POINT_FIXED_BUFFER,530.173160060553,394.8310275190588,394.8310275190588,543.3716901305265,4711.086345720475,10356.999886032028,0.0,0.0,0.0,0.0,0.0,0.0,0.0,0.0,0.0,0.0,0.0,0.0,0.0,1525.007039415123,7779.287552605629,0.0,0.0,0.0,0.0,1525.0070394151232,7779.2875526056305,0.0,0.0,0.0,0.0,0.0,0.0,0.0,0.0,0.0,0.0,0.0,0.0,0.0,7932.197951536481,10115.830155912236,1195.6398121712582,1524.7840940767817,0.0,0.0,6736.558139365223,8591.046061835455,0.0,0.0,0.7797302459710286,0.0,0.7797302459710286,0.7797302459710289,0.0,0.2202697540289714,True,0.0,0.0,0.9999999999999996,0.0,1.0,1.30587268594758
NN_F_007,New Nashik,FREE,10.0,True,REFERENCE_LIKELY,OSM_NAMED_POINT_BUFFER,Ambad,LIKELY,False,EPSG:32643,REFERENCE_READY,NOT_INDEPENDENTLY_VERIFIED,2822.893641491502,188.4198694172904,368476.918468698,2206441.4525104994,REPRESENTATIVE_POINT_FIXED_BUFFER,530.173160060553,394.8310275190588,394.8310275190588,543.3716901305265,4711.086345720475,10356.999886032028,0.0,0.0,0.0,0.0,0.0,0.0,0.0,0.0,0.0,0.0,0.0,0.0,0.0,1525.007039415123,7779.287552605629,0.0,0.0,0.0,0.0,1525.0070394151232,7779.2875526056305,0.0,0.0,0.0,0.0,0.0,0.0,0.0,0.0,0.0,0.0,0.0,0.0,0.0,7932.197951536481,10115.830155912236,1195.6398121712582,1524.7840940767817,0.0,0.0,6736.558139365223,8591.046061835455,0.0,0.0,0.7797302459710286,0.0,0.7797302459710286,0.7797302459710289,0.0,0.2202697540289714,True,0.0,0.0,0.9999999999999996,0.0,1.0,1.30587268594758
NN_F_008,New Nashik,FREE,12.0,True,REFERENCE_LIKELY,OSM_NAMED_POINT_BUFFER,Ambad,LIKELY,False,EPSG:32643,REFERENCE_READY,NOT_INDEPENDENTLY_VERIFIED,2822.893641491502,188.4198694172904,368476.918468698,2206441.4525104994,REPRESENTATIVE_POINT_FIXED_BUFFER,530.173160060553,394.8310275190588,394.8310275190588,543.3716901305265,4711.086345720475,10356.999886032028,0.0,0.0,0.0,0.0,0.0,0.0,0.0,0.0,0.0,0.0,0.0,0.0,0.0,1525.007039415123,7779.287552605629,0.0,0.0,0.0,0.0,1525.0070394151232,7779.2875526056305,0.0,0.0,0.0,0.0,0.0,0.0,0.0,0.0,0.0,0.0,0.0,0.0,0.0,7932.197951536481,10115.830155912236,1195.6398121712582,1524.7840940767817,0.0,0.0,6736.558139365223,8591.046061835455,0.0,0.0,0.7797302459710286,0.0,0.7797302459710286,0.7797302459710289,0.0,0.2202697540289714,True,0.0,0.0,0.9999999999999996,0.0,1.0,1.30587268594758
NN_F_009,New Nashik,FREE,30.0,True,REFERENCE_LIKELY,OSM_NAMED_POINT_BUFFER,Ambad,LIKELY,False,EPSG:32643,REFERENCE_READY,NOT_INDEPENDENTLY_VERIFIED,2822.893641491502,188.4198694172904,368476.918468698,2206441.4525104994,REPRESENTATIVE_POINT_FIXED_BUFFER,530.173160060553,394.8310275190588,394.8310275190588,543.3716901305265,4711.086345720475,10356.999886032028,0.0,0.0,0.0,0.0,0.0,0.0,0.0,0.0,0.0,0.0,0.0,0.0,0.0,1525.007039415123,7779.287552605629,0.0,0.0,0.0,0.0,1525.0070394151232,7779.2875526056305,0.0,0.0,0.0,0.0,0.0,0.0,0.0,0.0,0.0,0.0,0.0,0.0,0.0,7932.197951536481,10115.830155912236,1195.6398121712582,1524.7840940767817,0.0,0.0,6736.558139365223,8591.046061835455,0.0,0.0,0.7797302459710286,0.0,0.7797302459710286,0.7797302459710289,0.0,0.2202697540289714,True,0.0,0.0,0.9999999999999996,0.0,1.0,1.30587268594758
NN_F_010,New Nashik,FREE,20.0,False,NO_USABLE_REFERENCE,UNRESOLVED,,UNRESOLVED,False,EPSG:32643,NO_USABLE_REFERENCE,NOT_INDEPENDENTLY_VERIFIED,,,,,,,,,,,,,,,,,,,,,,,,,,,,,,,,,,,,,,,,,,,,,,,,,,,,,,,,,,,,,,,,,,,,
NN_F_011,New Nashik,FREE,50.0,True,REFERENCE_LIKELY,VENDOR_REFERENCE_UNION,"Power House, Ambad MIDC",LIKELY,False,EPSG:32643,REFERENCE_READY,NOT_INDEPENDENTLY_VERIFIED,392.1215987356604,81.02826378915191,373372.82218874746,2213980.877225181,REPRESENTATIVE_POINT_FIXED_BUFFER,229.1329652274736,228.86278329500428,228.86278329500428,956.652699356812,1073.995065975114,9543.73537552426,1.0,0.0,0.0,1.0,0.0,0.0,0.0,0.0,0.0,0.0,0.0,0.0,0.0,4609.343856101686,23512.94804462231,321.13370882602175,1638.1507751927938,0.0,0.0,4288.210147275664,21874.79726942952,1.0,0.0,0.0,1.0,0.0,0.0,0.0,0.0,0.0,0.0,0.0,0.0,1.0,15942.400942036327,20331.139136014164,1869.318961738839,2383.918459890863,0.0,0.0,14073.08198029749,17947.220676123303,0.0057357745331194,0.0,0.0,0.0,0.0057357745331194,0.0057357745331194,0.0,0.9942642254668804,False,,,,,1.0,1.0875126863716331
NN_F_012,New Nashik,FREE,10.0,True,REFERENCE_LIKELY,OSM_NAMED_POINT_BUFFER,Ambad,LIKELY,False,EPSG:32643,REFERENCE_READY,NOT_INDEPENDENTLY_VERIFIED,2822.893641491502,188.4198694172904,368476.918468698,2206441.4525104994,REPRESENTATIVE_POINT_FIXED_BUFFER,530.173160060553,394.8310275190588,394.8310275190588,543.3716901305265,4711.086345720475,10356.999886032028,0.0,0.0,0.0,0.0,0.0,0.0,0.0,0.0,0.0,0.0,0.0,0.0,0.0,1525.007039415123,7779.287552605629,0.0,0.0,0.0,0.0,1525.0070394151232,7779.2875526056305,0.0,0.0,0.0,0.0,0.0,0.0,0.0,0.0,0.0,0.0,0.0,0.0,0.0,7932.197951536481,10115.830155912236,1195.6398121712582,1524.7840940767817,0.0,0.0,6736.558139365223,8591.046061835455,0.0,0.0,0.7797302459710286,0.0,0.7797302459710286,0.7797302459710289,0.0,0.2202697540289714,True,0.0,0.0,0.9999999999999996,0.0,1.0,1.30587268594758
NN_F_013,New Nashik,FREE,10.0,True,REFERENCE_LIKELY,OSM_NAMED_POINT_BUFFER,Lekhanagar,LIKELY,False,EPSG:32643,REFERENCE_READY,NOT_INDEPENDENTLY_VERIFIED,2822.893641472383,188.41986941665235,371644.65474389854,2208962.529757781,REPRESENTATIVE_POINT_FIXED_BUFFER,47.9372819519917,56.82667757041267,47.9372819519917,10.609126376925849,1950.0118736008656,7715.605742940419,1.0,0.0,1.0,0.0,0.0,1.0,0.0,0.0,2.0,1.0,0.0,0.0,0.0,3223.81204835888,16445.14437740345,1457.5868810632069,7435.367304956862,0.0,0.0,1766.2251672956734,9009.777072446588,2.0,0.0,2.0,0.0,0.0,1.0,0.0,0.0,2.0,1.0,0.0,0.0,0.0,16052.146999476834,20471.09687334397,3321.922560004532,4236.405169589832,935.400873700929,1192.9047187000217,12730.224439472302,16234.691703754135,0.0257622674445041,0.0,0.0,0.0033424509703065,0.0291047184148107,0.0291047184148107,0.0,0.9708952815851892,False,,,,,0.0,2.135622221214119
NN_F_014,New Nashik,FREE,100.0,False,NO_USABLE_REFERENCE,UNRESOLVED,,UNRESOLVED,False,EPSG:32643,NO_USABLE_REFERENCE,NOT_INDEPENDENTLY_VERIFIED,,,,,,,,,,,,,,,,,,,,,,,,,,,,,,,,,,,,,,,,,,,,,,,,,,,,,,,,,,,,,,,,,,,,
NN_F_015,New Nashik,FREE,150.0,False,NO_USABLE_REFERENCE,UNRESOLVED,,UNRESOLVED,False,EPSG:32643,NO_USABLE_REFERENCE,NOT_INDEPENDENTLY_VERIFIED,,,,,,,,,,,,,,,,,,,,,,,,,,,,,,,,,,,,,,,,,,,,,,,,,,,,,,,,,,,,,,,,,,,,
NN_F_016,New Nashik,FREE,60.0,False,NO_USABLE_REFERENCE,UNRESOLVED,,UNRESOLVED,False,EPSG:32643,NO_USABLE_REFERENCE,NOT_INDEPENDENTLY_VERIFIED,,,,,,,,,,,,,,,,,,,,,,,,,,,,,,,,,,,,,,,,,,,,,,,,,,,,,,,,,,,,,,,,,,,,
NN_R_001,New Nashik,RESTRICTED,50.0,True,REFERENCE_LIKELY,VENDOR_REFERENCE_UNION,"Opposite Sai Baba Temple, Pathardi Phata | Abhinandan Lawns, Pathardi Phata",LIKELY,False,EPSG:32643,REFERENCE_READY,NOT_INDEPENDENTLY_VERIFIED,57460.18802479151,2472.657497810653,370140.8544701748,2207244.404150073,REPRESENTATIVE_POINT_FIXED_BUFFER,21.54778401899786,494.7393313837673,21.54778401899786,1699.865723020205,4215.598914268498,8757.495818534184,7.0,0.0,5.0,0.0,0.0,0.0,0.0,0.0,1.0,0.0,0.0,0.0,0.0,4719.598368159892,24075.37269651241,2033.56065648292,10373.49513384104,40.12636811996048,204.69056730819983,2686.037711676972,13701.877562671374,12.0,0.0,6.0,1.0,0.0,0.0,0.0,0.0,1.0,2.0,0.0,0.0,0.0,18215.932941270075,23230.54529037335,3879.853347213492,4947.927135713611,85.92244234938839,109.57578702624444,14336.07959405658,18282.618154659736,0.0,0.0507738414807142,0.0389073251405816,0.0303172602052038,0.1075284291406736,0.1075284291406736,0.012469997685826,0.8924715708593264,True,0.0,0.4721899304814505,0.3618329166669146,0.2819464624145251,1.0,2.736645614399547
NN_R_002,New Nashik,RESTRICTED,80.0,True,REFERENCE_HIGH,OSM_NAMED_LINE_BUFFER,Pathardi Road,HIGH,False,EPSG:32643,REFERENCE_READY,NOT_INDEPENDENTLY_VERIFIED,155680.6361804311,7846.803771190235,374624.0094292009,2205573.1310758963,REPRESENTATIVE_POINT_FIXED_BUFFER,2.069905791366307,2869.08832639362,2.069905791366307,4164.846690522198,4164.846690522198,4245.382532443038,0.0,0.0,0.0,0.0,0.0,0.0,0.0,0.0,0.0,0.0,0.0,0.0,0.0,1294.280311818741,6602.316224832382,499.69753059459913,2549.031367955656,0.0,0.0,794.5827812241419,4053.284856876727,0.0,0.0,0.0,0.0,0.0,0.0,0.0,0.0,0.0,0.0,0.0,0.0,0.0,2880.4230488050225,3673.366514163008,999.4504851406264,1274.5863654308182,37.89021070933164,48.32089900543666,1843.082352955064,2350.4592497267527,0.0,0.0,0.0,0.0,0.0,0.0,0.0,1.0,False,,,,,1.0,1.7433422842562667
NN_R_003,New Nashik,RESTRICTED,140.0,True,REFERENCE_LIKELY,VENDOR_REFERENCE_UNION,"Along the Ground Boundary, Gamane Mala, Pathardi Phata | Along the Ground Boundary, Gamane Mala",LIKELY,False,EPSG:32643,REFERENCE_READY,NOT_INDEPENDENTLY_VERIFIED,57614.57604213635,2522.117709901179,370140.8544701748,2207244.404150073,REPRESENTATIVE_POINT_FIXED_BUFFER,21.54778401899786,494.7393313837673,21.54778401899786,1699.865723020205,4215.598914268498,8757.495818534184,7.0,0.0,5.0,0.0,0.0,0.0,0.0,0.0,1.0,0.0,0.0,0.0,0.0,4719.598368159892,24075.37269651241,2033.56065648292,10373.49513384104,40.12636811996048,204.69056730819983,2686.037711676972,13701.877562671374,12.0,0.0,6.0,1.0,0.0,0.0,0.0,0.0,1.0,2.0,0.0,0.0,0.0,18215.932941270075,23230.54529037335,3879.853347213492,4947.927135713611,85.92244234938839,109.57578702624444,14336.07959405658,18282.618154659736,0.0,0.0507738414807142,0.0389073251405816,0.0303172602052038,0.1075284291406736,0.1075284291406736,0.012469997685826,0.8924715708593264,True,0.0,0.4721899304814505,0.3618329166669146,0.2819464624145251,1.0,2.736645614399547
NN_R_004,New Nashik,RESTRICTED,90.0,True,REFERENCE_HIGH,OSM_NAMED_LINE_BUFFER,Vikrikar Bhavan Road,HIGH,False,EPSG:32643,REFERENCE_READY,NOT_INDEPENDENTLY_VERIFIED,94308.74624643764,4778.319587107486,369288.4667166121,2206456.888252645,REPRESENTATIVE_POINT_FIXED_BUFFER,1.4964362284492394e-10,1001.5602552394466,1.4964362284492394e-10,753.553648172432,4956.061278208927,9546.279265679184,0.0,0.0,0.0,0.0,0.0,0.0,0.0,0.0,1.0,0.0,0.0,0.0,1.0,2273.213630381518,11596.000570608929,990.1427020776424,5050.86507700977,0.0,0.0,1283.0709283038757,6545.135493599157,2.0,0.0,0.0,1.0,0.0,0.0,0.0,0.0,2.0,0.0,0.0,0.0,1.0,8554.719383021687,10909.72374099352,1994.5647637539591,2543.642822377373,0.0,0.0,6560.154619267729,8366.080918616148,0.0,0.0074958252940137,0.4115161372965244,0.0,0.4190119625905382,0.4190119625905381,1.1102230246251563e-16,0.5809880374094618,True,0.0,0.0178892870925949,0.9821107129074051,0.0,1.0,1.6309507027849282
NN_R_005,New Nashik,RESTRICTED,200.0,True,REFERENCE_LIKELY,VENDOR_REFERENCE_UNION,Shivaji Chowk Vegetable Market,LIKELY,False,EPSG:32643,REFERENCE_READY,NOT_INDEPENDENTLY_VERIFIED,76473.20539784787,1141.161929427763,373956.4104492276,2213556.4975519115,REPRESENTATIVE_POINT_FIXED_BUFFER,136.71186991136983,668.6662083435091,136.71186991136983,363.2401452477212,373.02584275071774,8865.028910346206,1.0,1.0,0.0,0.0,0.0,0.0,0.0,0.0,0.0,3.0,0.0,0.0,0.0,3846.834996954413,19623.277031043992,828.4811526464828,4226.205487433656,0.0,0.0,3018.3538443079306,15397.071543610333,3.0,1.0,0.0,2.0,0.0,2.0,1.0,0.0,0.0,7.0,1.0,1.0,0.0,11783.046511416076,15026.76785891493,2895.991979153554,3693.2213710484775,264.0949706856486,336.7969237289597,8736.796148632648,11141.923901341454,0.0943247632851499,0.0321660699956947,0.0,0.0,0.1264908332808446,0.1264908332808446,0.0,0.8735091667191553,True,0.745704339505163,0.254295660494837,0.0,0.0,0.0,1.3209200990219976
NN_R_006,New Nashik,RESTRICTED,60.0,True,REFERENCE_LIKELY,OSM_NAMED_POINT_BUFFER,State Bank,LIKELY,False,EPSG:32643,REFERENCE_READY,NOT_INDEPENDENTLY_VERIFIED,2822.8936415050607,188.4198694177429,371176.1796107674,2208420.640134206,REPRESENTATIVE_POINT_FIXED_BUFFER,8.032542705346424,643.0539747171325,8.032542705346424,705.9328330243197,2658.098256486943,7983.044780373149,0.0,0.0,0.0,0.0,0.0,0.0,0.0,0.0,1.0,3.0,0.0,0.0,0.0,4330.20344542246,22089.011324265302,981.6054115902105,5007.315089432447,0.0,0.0,3348.59803383225,17081.696234832856,1.0,0.0,0.0,1.0,0.0,0.0,0.0,0.0,2.0,5.0,0.0,0.0,0.0,19039.710947596875,24281.098800143456,1988.801299353167,2536.2927502606312,83.7286654341227,106.77809150598952,17050.90964824371,21744.806049882827,0.0134231569839501,0.0038436771753811,0.0,0.0299909410996901,0.0472577752590214,0.0472577752590214,0.0,0.9527422247409786,False,,,,,1.0,1.0808064505455546
NN_R_007,New Nashik,RESTRICTED,10.0,True,REFERENCE_LIKELY,OSM_NAMED_POLYGON,Uday Colony Bal Udyan,LIKELY,False,EPSG:32643,REFERENCE_READY,NOT_INDEPENDENTLY_VERIFIED,1954.370299496319,181.4514963335461,370307.4993230363,2209401.477005571,REPRESENTATIVE_POINT_FIXED_BUFFER,1300.7762310358687,574.9411540187197,574.9411540187197,1401.401166304755,2640.431646188154,9121.1141185302,0.0,0.0,0.0,0.0,0.0,0.0,0.0,0.0,0.0,0.0,1.0,0.0,0.0,3473.9800804613537,17721.288688803485,0.0,0.0,30.77301117185502,156.97770343225326,3473.9800804613533,17721.288688803485,0.0,0.0,0.0,0.0,0.0,0.0,0.0,0.0,0.0,0.0,1.0,0.0,0.0,18313.813628256765,23355.37127317797,0.0,0.0,1491.1728463625236,1901.673576362226,18313.813628256765,23355.37127317797,0.0351618310557734,0.0,0.0,0.014938289155288,0.0501001202110615,0.0501001202110615,6.938893903907228e-18,0.9498998797889384,False,,,,,1.0,1.0652343260187407
NN_R_008,New Nashik,RESTRICTED,50.0,True,REFERENCE_HIGH,OSM_NAMED_LINE_BUFFER,Datta Chowk,HIGH,False,EPSG:32643,REFERENCE_READY,NOT_INDEPENDENTLY_VERIFIED,3016.699079657302,194.866924608856,370889.0508805179,2214069.1966691297,REPRESENTATIVE_POINT_FIXED_BUFFER,963.1814219775086,10.102193891931636,10.102193891931636,1572.7803645173406,2667.460745784877,11213.86867563254,0.0,0.0,0.0,0.0,0.0,0.0,0.0,0.0,0.0,0.0,0.0,0.0,0.0,4204.5295491111,21447.930101691163,961.9035604209732,4906.813018554849,143.22775068166524,730.6260425479132,3099.3982380084626,15810.491040588406,2.0,0.0,2.0,0.0,0.0,0.0,0.0,0.0,0.0,0.0,3.0,0.0,0.0,11025.14259755986,14060.222733098251,1976.415318704166,2520.497068240941,831.0938229392796,1059.8832767219403,8217.633455916415,10479.84238813537,0.0,0.0,0.0,0.037597022120867,0.037597022120867,0.037597022120867,0.0,0.962402977879133,False,,,,,1.0,1.6824322688280227
NN_R_009,New Nashik,RESTRICTED,20.0,True,REFERENCE_LIKELY,OSM_NAMED_POLYGON,Temple,LIKELY,False,EPSG:32643,REFERENCE_READY,NOT_INDEPENDENTLY_VERIFIED,140.59997703785456,49.754420150577104,373565.36320635886,2209774.592333068,REPRESENTATIVE_POINT_FIXED_BUFFER,494.0019078708822,13.87954790117547,13.87954790117547,1266.9410721891363,1266.9410721891363,6390.91107659306,0.0,0.0,0.0,0.0,0.0,0.0,0.0,0.0,0.0,0.0,0.0,0.0,0.0,4632.325624290143,23630.181459671923,892.2363280106754,4551.430112177073,0.0,0.0,3740.089296279468,19078.75134749485,0.0,0.0,0.0,0.0,0.0,0.0,0.0,0.0,0.0,0.0,0.0,0.0,0.0,16690.778019773756,21285.534810103887,1613.026268964848,2057.071680959823,1787.8974334220177,2280.082630714635,15077.751750808908,19228.463129144064,0.0,0.0,0.0,0.0029611972492823,0.0029611972492823,0.0029611972492823,0.0,0.9970388027507175,False,,,,,1.0,0.8869313131392808
NN_R_010,New Nashik,RESTRICTED,30.0,False,NO_USABLE_REFERENCE,UNRESOLVED,,UNRESOLVED,False,EPSG:32643,NO_USABLE_REFERENCE,NOT_INDEPENDENTLY_VERIFIED,,,,,,,,,,,,,,,,,,,,,,,,,,,,,,,,,,,,,,,,,,,,,,,,,,,,,,,,,,,,,,,,,,,,
NN_R_011,New Nashik,RESTRICTED,20.0,False,NO_USABLE_REFERENCE,UNRESOLVED,,UNRESOLVED,False,EPSG:32643,NO_USABLE_REFERENCE,NOT_INDEPENDENTLY_VERIFIED,,,,,,,,,,,,,,,,,,,,,,,,,,,,,,,,,,,,,,,,,,,,,,,,,,,,,,,,,,,,,,,,,,,,
NN_R_012,New Nashik,RESTRICTED,10.0,True,REFERENCE_LIKELY,VENDOR_REFERENCE_UNION,Ambad Gaon,LIKELY,False,EPSG:32643,REFERENCE_READY,NOT_INDEPENDENTLY_VERIFIED,778.7955814508318,147.01733063068156,377086.9493767994,2208424.877438793,REPRESENTATIVE_POINT_FIXED_BUFFER,1511.2534952238775,498.19771872066,498.19771872066,2809.236514070676,2809.236514070676,2864.834907586646,0.0,0.0,0.0,0.0,0.0,0.0,0.0,0.0,0.0,0.0,0.0,0.0,0.0,4751.234827678497,24236.754978286004,0.0,0.0,445.567008068722,2272.9035277437865,4751.234827678496,24236.754978286,0.0,0.0,0.0,0.0,0.0,0.0,0.0,0.0,2.0,2.0,1.0,0.0,0.0,15103.324127586831,19261.075252763392,11.818703128545048,15.072240284718577,1237.0564605604484,1577.6022137570944,14812.898711788564,18890.6994506055,0.0,0.0,0.0,0.0,0.0,0.0,0.0,1.0,False,,,,,1.0,1.4668895744691928
NN_R_013,New Nashik,RESTRICTED,20.0,True,REFERENCE_HIGH,OSM_NAMED_LINE_BUFFER,Colony Road,HIGH,False,EPSG:32643,REFERENCE_READY,NOT_INDEPENDENTLY_VERIFIED,3856.371743307463,255.70086418078927,374171.6727308222,2212498.0724311927,REPRESENTATIVE_POINT_FIXED_BUFFER,525.6104956718119,1069.7141094287842,525.6104956718119,581.612786823331,737.3624749008561,7872.821208256296,0.0,0.0,0.0,0.0,0.0,0.0,0.0,0.0,0.0,0.0,0.0,0.0,0.0,2164.876612364001,11043.35734079583,0.0,0.0,21.636531372396878,110.37116212355436,2143.2400809916044,10932.986178672278,4.0,1.0,3.0,1.0,0.0,0.0,0.0,0.0,0.0,0.0,0.0,1.0,2.0,12148.015488569812,15492.208107332968,0.0,0.0,989.937777285066,1262.4549312964718,11324.226388685602,14441.640450091596,0.0216366214564881,0.0013113027731626,0.0042108495039516,0.0,0.0271587737336024,0.0271587737336024,0.0,0.9728412262663976,False,,,,,1.0,2.0014134714408747
NN_R_014,New Nashik,RESTRICTED,10.0,True,REFERENCE_LIKELY,VENDOR_REFERENCE_UNION,"Beside Mini Stadium, Pawan Nagar",LIKELY,False,EPSG:32643,REFERENCE_READY,NOT_INDEPENDENTLY_VERIFIED,154.3880173448424,49.460212090526,374859.2408430807,2209907.8278044527,REPRESENTATIVE_POINT_FIXED_BUFFER,405.6554944964841,647.8433036501857,405.6554944964841,901.742530053051,2337.0946101021755,5466.071443437397,0.0,0.0,0.0,0.0,0.0,0.0,0.0,0.0,0.0,3.0,0.0,0.0,0.0,2893.2797802904,14759.05015471331,0.0,0.0,0.0,0.0,2893.2797802904,14759.05015471331,0.0,0.0,0.0,0.0,0.0,0.0,0.0,0.0,3.0,4.0,0.0,0.0,0.0,14194.283651256184,18101.787610221745,940.7642931385252,1199.7446186139075,0.0,0.0,13253.51935811766,16902.042991607836,0.0053949195526878,0.0,0.0,0.0016170770899497,0.0070119966426376,0.0070119966426376,1.734723475976807e-18,0.9929880033573624,False,,,,,1.0,0.8316501234651436
NN_R_015,New Nashik,RESTRICTED,225.0,True,REFERENCE_LIKELY,VENDOR_REFERENCE_UNION,"Opposite Pethe School, Trimurti Chowk | Pethe School, Trimurti Chowk",LIKELY,False,EPSG:32643,REFERENCE_READY,NOT_INDEPENDENTLY_VERIFIED,10688.75252663761,558.7638532105705,365774.5390827904,2211040.8745642053,REPRESENTATIVE_POINT_FIXED_BUFFER,423.1131960045103,2202.6350096880465,423.1131960045103,195.86127044234163,1562.5474564271085,13940.946963979552,1.0,0.0,0.0,0.0,0.0,1.0,0.0,0.0,0.0,1.0,0.0,0.0,0.0,4434.517230533909,22621.13144509694,0.0,0.0,71.23279712575767,363.369084663514,4363.284433408152,22257.762360433426,1.0,0.0,0.0,0.0,0.0,4.0,0.0,0.0,0.0,1.0,0.0,0.0,0.0,16626.36529422931,21203.39008861962,1007.2001273685204,1284.4693846173573,90.40486576351783,115.292164028086,15528.760301097269,19803.628539974176,0.0,0.0,0.3831458267325783,0.0086467614505902,0.3917925881831686,0.3917925881831686,0.0,0.6082074118168315,True,0.0,0.0,0.9779302577144522,0.0220697422855477,0.0,1.8872622161220172
SAT_F_001,Satpur,FREE,200.0,True,REFERENCE_HIGH,VENDOR_REFERENCE_UNION,Area behind ITI,HIGH,False,EPSG:32643,REFERENCE_READY,NOT_INDEPENDENTLY_VERIFIED,274990.11394470633,13875.169841052544,366985.1438001996,2208965.073115661,REPRESENTATIVE_POINT_FIXED_BUFFER,8.630330144621621e-11,64.30751509692502,8.630330144621621e-11,1498.2778738802472,2077.417662075477,12174.354969073647,4.0,0.0,1.0,4.0,0.0,0.0,0.0,0.0,0.0,0.0,0.0,0.0,0.0,3871.977460645273,19751.53247497109,1239.9238471494928,6325.035820167953,0.0,0.0,2632.05361349578,13426.49665480314,25.0,2.0,3.0,22.0,0.0,0.0,0.0,0.0,0.0,1.0,0.0,0.0,0.0,14296.71980076406,18232.42311586323,2497.38997501676,3184.8893553461976,20.93416609808385,26.697073118662235,11793.721044517231,15040.380953860957,0.0,0.0,0.0,0.0,0.0,0.0,0.0,1.0,False,,,,,1.0,2.3568477880043996
SAT_F_002,Satpur,FREE,17.0,True,REFERENCE_LIKELY,VENDOR_REFERENCE_UNION,Along the Fire Station Boundary,LIKELY,False,EPSG:32643,REFERENCE_READY,NOT_INDEPENDENTLY_VERIFIED,217.5263551192942,62.15280614312845,378749.53269179136,2213548.398866652,REPRESENTATIVE_POINT_FIXED_BUFFER,250.2799848090774,1077.4196471002344,250.2799848090774,2532.577190382534,2532.577190382534,7397.627228600641,0.0,0.0,0.0,0.0,0.0,0.0,0.0,0.0,0.0,0.0,0.0,0.0,0.0,2887.6205656743778,14730.181659891916,0.0,0.0,0.0,0.0,2887.6205656743778,14730.181659891916,0.0,0.0,0.0,0.0,0.0,0.0,0.0,0.0,0.0,0.0,0.0,0.0,0.0,11794.362756354834,15041.199320724452,1679.8077209431772,2142.23720883815,0.0,0.0,10114.555035411657,12898.9621118863,0.0,0.0,0.0,0.0,0.0,0.0,0.0,1.0,False,,,,,1.0,0.7578218219860345
SAT_F_003,Satpur,FREE,20.0,True,REFERENCE_LIKELY,VENDOR_REFERENCE_UNION,Along Hunter Gasket Company,LIKELY,False,EPSG:32643,REFERENCE_READY,NOT_INDEPENDENTLY_VERIFIED,126.95554744016364,48.20831225654066,378708.9446705499,2213692.668615824,REPRESENTATIVE_POINT_FIXED_BUFFER,269.5269225863026,981.3372855647584,269.5269225863026,2535.506265098044,2535.506265098044,7542.430078723662,0.0,0.0,0.0,0.0,0.0,0.0,0.0,0.0,0.0,0.0,0.0,0.0,0.0,3712.020047226606,18935.565936461167,0.0,0.0,0.0,0.0,3712.020047226606,18935.565936461167,0.0,0.0,0.0,0.0,0.0,0.0,0.0,0.0,0.0,1.0,0.0,0.0,0.0,13013.79743390392,16596.328700964736,1620.014339462201,2065.9834775010413,0.0,0.0,11393.783094441716,14530.34522346369,0.0,0.0,0.0,0.0,0.0,0.0,0.0,1.0,False,,,,,1.0,0.6826434845195412
SAT_F_004,Satpur,FREE,190.0,True,REFERENCE_LIKELY,VENDOR_REFERENCE_UNION,Chhatrapati Shivaji Vegetable Market,LIKELY,False,EPSG:32643,REFERENCE_READY,NOT_INDEPENDENTLY_VERIFIED,76473.20539784787,1141.161929427763,373956.4104492276,2213556.4975519115,REPRESENTATIVE_POINT_FIXED_BUFFER,136.71186991136983,668.6662083435091,136.71186991136983,363.2401452477212,373.02584275071774,8865.028910346206,1.0,1.0,0.0,0.0,0.0,0.0,0.0,0.0,0.0,3.0,0.0,0.0,0.0,3846.834996954413,19623.277031043992,828.4811526464828,4226.205487433656,0.0,0.0,3018.3538443079306,15397.071543610333,3.0,1.0,0.0,2.0,0.0,2.0,1.0,0.0,0.0,7.0,1.0,1.0,0.0,11783.046511416076,15026.76785891493,2895.991979153554,3693.2213710484775,264.0949706856486,336.7969237289597,8736.796148632648,11141.923901341454,0.0943247632851499,0.0321660699956947,0.0,0.0,0.1264908332808446,0.1264908332808446,0.0,0.8735091667191553,True,0.745704339505163,0.254295660494837,0.0,0.0,0.0,1.3209200990219976
SAT_F_005,Satpur,FREE,248.0,True,REFERENCE_HIGH,VENDOR_REFERENCE_UNION,Along the Boundary of Satpur Mutton Market,HIGH,False,EPSG:32643,REFERENCE_READY,NOT_INDEPENDENTLY_VERIFIED,2822.89364149933,188.4198694175517,367321.9807177408,2210895.5538260294,REPRESENTATIVE_POINT_FIXED_BUFFER,985.225818415048,1912.095402265608,985.225818415048,117.891037014574,117.891037014574,12447.48531437098,1.0,1.0,0.0,0.0,0.0,1.0,1.0,0.0,0.0,0.0,0.0,0.0,0.0,2506.46266515466,12785.838562152812,0.0,0.0,0.0,0.0,2506.46266515466,12785.838562152812,1.0,1.0,0.0,0.0,0.0,1.0,1.0,0.0,0.0,2.0,0.0,0.0,0.0,10158.95620081478,12955.586347777386,0.0,0.0,0.0,0.0,10158.95620081478,12955.586347777384,0.0,0.0,0.2236769507617932,0.0,0.2236769507617932,0.2236769507617932,0.0,0.7763230492382067,True,0.0,0.0,0.9999999999999998,0.0,0.0,1.776518852752343
SAT_F_006,Satpur,FREE,68.0,True,REFERENCE_HIGH,VENDOR_REFERENCE_UNION,"Taparia Tools, ST Bus Stand Area",HIGH,False,EPSG:32643,REFERENCE_READY,NOT_INDEPENDENTLY_VERIFIED,7304.175980079716,490.938914839082,374141.3225496477,2213217.991598456,REPRESENTATIVE_POINT_FIXED_BUFFER,54.00914966508297,778.3896449906629,54.00914966508297,17.495537843646055,17.495537843646055,8480.668063087754,2.0,0.0,0.0,2.0,0.0,2.0,1.0,0.0,0.0,5.0,2.0,1.0,0.0,3805.39874594111,19411.904556423768,1811.372465047085,9240.080148008808,124.05101337955549,632.8026555482668,1887.4728817320035,9628.279683462846,5.0,1.0,1.0,3.0,0.0,3.0,1.0,0.0,0.0,9.0,2.0,1.0,0.0,13270.931148218306,16924.24802386304,3764.822431853391,4801.22968696468,408.173771721288,520.5387679502936,9305.135702175592,11866.720033466949,0.09998706683647,0.0267878564268249,0.0,0.0,0.1267749232632949,0.1267749232632949,0.0,0.873225076736705,True,0.7886975141669769,0.211302485833023,0.0,0.0,0.0,1.835104675259529
SAT_F_007,Satpur,FREE,60.0,True,REFERENCE_LIKELY,VENDOR_REFERENCE_UNION,"MHADA Colony, Survey No. 105/2, Chunchale",LIKELY,False,EPSG:32643,REFERENCE_READY,NOT_INDEPENDENTLY_VERIFIED,98887.04591691536,5066.74243720534,366699.7297751374,2208162.0537226247,REPRESENTATIVE_POINT_FIXED_BUFFER,642.1468215753827,671.9097025411517,642.1468215753827,1096.5239331574658,2920.783105868638,12295.663222688723,0.0,0.0,0.0,0.0,0.0,0.0,0.0,0.0,0.0,0.0,0.0,0.0,0.0,3045.6892546983167,15536.513534564589,0.0,0.0,0.0,0.0,3045.689254698317,15536.51353456459,6.0,0.0,1.0,5.0,0.0,0.0,0.0,0.0,0.0,0.0,0.0,0.0,0.0,11276.221194862746,14380.420043051756,0.0,0.0,0.0,0.0,11276.221194862748,14380.42004305176,0.0,0.0,0.0,0.0,0.0,0.0,0.0,1.0,False,,,,,1.0,0.8277169706052309
SAT_F_008,Satpur,FREE,36.0,True,REFERENCE_HIGH,VENDOR_REFERENCE_UNION,Saubhagya Lawns / Papaya Nursery Area,HIGH,False,EPSG:32643,REFERENCE_READY,NOT_INDEPENDENTLY_VERIFIED,42287.59603504406,2240.139562176506,366175.9273148576,2210292.518931471,REPRESENTATIVE_POINT_FIXED_BUFFER,301.6054160016806,1451.3247709185232,301.6054160016806,476.4104429835787,1366.043259109319,13314.361965119911,0.0,0.0,0.0,0.0,0.0,0.0,0.0,0.0,0.0,1.0,0.0,0.0,0.0,2441.145035144389,12452.64362404979,0.0,0.0,0.0,0.0,2441.145035144389,12452.64362404979,2.0,0.0,0.0,1.0,0.0,1.0,0.0,0.0,0.0,3.0,0.0,0.0,0.0,11912.16517353582,15191.431230144708,1488.875270894392,1898.743507880828,0.0,0.0,10423.289902641429,13292.68772226388,0.0248613911961058,0.0404722182653996,0.0,0.0,0.0653336094615054,0.0653336094615054,1.3877787807814457e-17,0.9346663905384944,False,,,,,1.0,1.3786441881378044
SAT_F_009,Satpur,FREE,180.0,True,REFERENCE_LIKELY,VENDOR_REFERENCE_UNION,"Indira Gandhi Vegetable Market, Satpur Colony",LIKELY,False,EPSG:32643,REFERENCE_READY,NOT_INDEPENDENTLY_VERIFIED,76473.20539784787,1141.161929427763,373956.4104492276,2213556.4975519115,REPRESENTATIVE_POINT_FIXED_BUFFER,136.71186991136983,668.6662083435091,136.71186991136983,363.2401452477212,373.02584275071774,8865.028910346206,1.0,1.0,0.0,0.0,0.0,0.0,0.0,0.0,0.0,3.0,0.0,0.0,0.0,3846.834996954413,19623.277031043992,828.4811526464828,4226.205487433656,0.0,0.0,3018.3538443079306,15397.071543610333,3.0,1.0,0.0,2.0,0.0,2.0,1.0,0.0,0.0,7.0,1.0,1.0,0.0,11783.046511416076,15026.76785891493,2895.991979153554,3693.2213710484775,264.0949706856486,336.7969237289597,8736.796148632648,11141.923901341454,0.0943247632851499,0.0321660699956947,0.0,0.0,0.1264908332808446,0.1264908332808446,0.0,0.8735091667191553,True,0.745704339505163,0.254295660494837,0.0,0.0,0.0,1.3209200990219976
SAT_F_010,Satpur,FREE,40.0,True,REFERENCE_HIGH,OSM_NAMED_POINT_BUFFER,Sai Baba Mandir,HIGH,False,EPSG:32643,REFERENCE_READY,NOT_INDEPENDENTLY_VERIFIED,2822.8936415116773,188.41986941796375,366158.3111212765,2211051.314920613,REPRESENTATIVE_POINT_FIXED_BUFFER,717.8385693684781,2180.8470490431328,717.8385693684781,241.27338210436443,1179.156696628205,13585.9841344508,0.0,0.0,0.0,0.0,0.0,1.0,0.0,0.0,0.0,0.0,0.0,0.0,0.0,4532.421188922872,23120.55408719712,0.0,0.0,19.172068637760173,97.79957144894831,4513.249120285112,23022.754515748173,2.0,0.0,1.0,0.0,0.0,5.0,0.0,0.0,0.0,2.0,0.0,0.0,0.0,17134.152115164303,21850.96409866989,0.0,0.0,90.40486576351783,115.292164028086,17043.747249400785,21735.671934641807,0.0,0.0,0.4704302100649161,0.0060432140435095,0.4764734241084256,0.4764734241084254,1.6653345369377348e-16,0.5235265758915744,True,0.0,0.0,0.9873167867550696,0.0126832132449307,0.0,2.059001885939742
SAT_F_011,Satpur,FREE,204.0,True,REFERENCE_LIKELY,VENDOR_REFERENCE_UNION,Ashok Nagar Vegetable Market,LIKELY,False,EPSG:32643,REFERENCE_READY,NOT_INDEPENDENTLY_VERIFIED,76473.20539784787,1141.161929427763,373956.4104492276,2213556.4975519115,REPRESENTATIVE_POINT_FIXED_BUFFER,136.71186991136983,668.6662083435091,136.71186991136983,363.2401452477212,373.02584275071774,8865.028910346206,1.0,1.0,0.0,0.0,0.0,0.0,0.0,0.0,0.0,3.0,0.0,0.0,0.0,3846.834996954413,19623.277031043992,828.4811526464828,4226.205487433656,0.0,0.0,3018.3538443079306,15397.071543610333,3.0,1.0,0.0,2.0,0.0,2.0,1.0,0.0,0.0,7.0,1.0,1.0,0.0,11783.046511416076,15026.76785891493,2895.991979153554,3693.2213710484775,264.0949706856486,336.7969237289597,8736.796148632648,11141.923901341454,0.0943247632851499,0.0321660699956947,0.0,0.0,0.1264908332808446,0.1264908332808446,0.0,0.8735091667191553,True,0.745704339505163,0.254295660494837,0.0,0.0,0.0,1.3209200990219976
SAT_F_012,Satpur,FREE,261.0,True,REFERENCE_HIGH,VENDOR_REFERENCE_UNION,"Shramik Nagar Vegetable Market, Kedar Nagar",HIGH,False,EPSG:32643,REFERENCE_READY,NOT_INDEPENDENTLY_VERIFIED,1453.6279853858678,166.8852360662038,367076.4227961099,2208628.031210798,REPRESENTATIVE_POINT_FIXED_BUFFER,92.30759147828668,401.3294630569106,92.30759147828668,1158.1082974879785,2398.6520588600706,12011.566133423676,23.0,2.0,3.0,20.0,0.0,0.0,0.0,0.0,0.0,0.0,0.0,0.0,0.0,4417.328320228568,22533.448259036053,928.2917262884544,4735.354057298099,15.325384868014648,78.17706585037206,3489.036593940113,17798.094201737953,28.0,2.0,5.0,24.0,0.0,0.0,0.0,0.0,0.0,1.0,0.0,0.0,0.0,15490.843669011074,19755.273946126217,2343.062346780603,2988.077313445588,20.93416609808385,26.697073118662235,13142.172541000404,16760.043826024557,0.0,0.0,0.0,0.0,0.0,0.0,0.0,1.0,False,,,,,0.0,2.8272868504004247
SAT_F_013,Satpur,FREE,306.0,True,REFERENCE_LIKELY,VENDOR_REFERENCE_UNION,"Chhatrapati Shivaji Vegetable Market, Shivaji Nagar | Chhatrapati Shivaji Market, outside Shivaji Nagar",LIKELY,False,EPSG:32643,REFERENCE_READY,NOT_INDEPENDENTLY_VERIFIED,76473.20539784784,1141.1619294277632,373956.4104492276,2213556.4975519115,REPRESENTATIVE_POINT_FIXED_BUFFER,136.71186991136983,668.6662083435091,136.71186991136983,363.2401452477212,373.02584275071774,8865.028910346206,1.0,1.0,0.0,0.0,0.0,0.0,0.0,0.0,0.0,3.0,0.0,0.0,0.0,3846.834996954413,19623.277031043992,828.4811526464828,4226.205487433656,0.0,0.0,3018.3538443079306,15397.071543610333,3.0,1.0,0.0,2.0,0.0,2.0,1.0,0.0,0.0,7.0,1.0,1.0,0.0,11783.046511416076,15026.76785891493,2895.991979153554,3693.2213710484775,264.0949706856486,336.7969237289597,8736.796148632648,11141.923901341454,0.0943247632851499,0.0321660699956947,0.0,0.0,0.1264908332808446,0.1264908332808446,0.0,0.8735091667191553,True,0.745704339505163,0.254295660494837,0.0,0.0,0.0,1.3209200990219976
SAT_F_014,Satpur,FREE,35.0,True,REFERENCE_LIKELY,VENDOR_REFERENCE_UNION,Gangapur Gaon Vegetable Market,LIKELY,False,EPSG:32643,REFERENCE_READY,NOT_INDEPENDENTLY_VERIFIED,76473.20539784787,1141.161929427763,373956.4104492276,2213556.4975519115,REPRESENTATIVE_POINT_FIXED_BUFFER,136.71186991136983,668.6662083435091,136.71186991136983,363.2401452477212,373.02584275071774,8865.028910346206,1.0,1.0,0.0,0.0,0.0,0.0,0.0,0.0,0.0,3.0,0.0,0.0,0.0,3846.834996954413,19623.277031043992,828.4811526464828,4226.205487433656,0.0,0.0,3018.3538443079306,15397.071543610333,3.0,1.0,0.0,2.0,0.0,2.0,1.0,0.0,0.0,7.0,1.0,1.0,0.0,11783.046511416076,15026.76785891493,2895.991979153554,3693.2213710484775,264.0949706856486,336.7969237289597,8736.796148632648,11141.923901341454,0.0943247632851499,0.0321660699956947,0.0,0.0,0.1264908332808446,0.1264908332808446,0.0,0.8735091667191553,True,0.745704339505163,0.254295660494837,0.0,0.0,0.0,1.3209200990219976
SAT_F_015,Satpur,FREE,15.0,True,REFERENCE_HIGH,OSM_NAMED_POINT_BUFFER,Someshwar waterfall,HIGH,False,EPSG:32643,REFERENCE_READY,NOT_INDEPENDENTLY_VERIFIED,2822.893641494032,188.4198694173748,366477.4070231488,2215223.469880596,REPRESENTATIVE_POINT_FIXED_BUFFER,523.1371444526947,3660.702484016156,523.1371444526947,2918.7966280593223,4297.769471010237,15326.082506850147,0.0,0.0,0.0,0.0,0.0,0.0,0.0,0.0,0.0,0.0,0.0,0.0,0.0,833.4597241221213,4251.601920439662,0.0,0.0,0.0,0.0,833.4597241221213,4251.601920439662,0.0,0.0,0.0,0.0,0.0,0.0,0.0,0.0,0.0,0.0,0.0,0.0,0.0,3231.498135363337,4121.088062376285,0.0,0.0,0.0,0.0,3231.498135363337,4121.088062376285,0.0265610584598903,0.0,0.0,0.0,0.0265610584598903,0.0265610584598903,0.0,0.9734389415401096,False,,,,,1.0,2.0003523330938116
SAT_F_016,Satpur,FREE,90.0,True,REFERENCE_HIGH,VENDOR_REFERENCE_UNION,"Opposite Reliance Petrol Pump, Anandvalli",HIGH,False,EPSG:32643,REFERENCE_READY,NOT_INDEPENDENTLY_VERIFIED,132873.48109221162,6769.3596963547625,368633.33689009753,2213045.8208509767,REPRESENTATIVE_POINT_FIXED_BUFFER,304.0950067262073,1160.1638162584704,304.0950067262073,1218.4021747179845,2411.4936759695606,12308.719820974797,3.0,0.0,3.0,1.0,0.0,0.0,0.0,0.0,0.0,0.0,0.0,0.0,0.0,3334.067825534967,17007.575482847886,0.0,0.0,0.0,0.0,3334.067825534967,17007.575482847886,8.0,0.0,6.0,3.0,0.0,0.0,0.0,0.0,0.0,0.0,0.0,0.0,0.0,15414.973465081188,19658.517649632067,1428.2226320955283,1821.3939767236595,0.0,0.0,13986.750832985665,17837.123672908412,0.0,0.0,0.0,0.0,0.0,0.0,0.0,1.0,False,,,,,1.0,1.950565475940274
SAT_F_017,Satpur,FREE,41.0,True,REFERENCE_LIKELY,VENDOR_REFERENCE_UNION,"Beside Late G. Deshpande Garden, Mahatmanagar",LIKELY,False,EPSG:32643,REFERENCE_READY,NOT_INDEPENDENTLY_VERIFIED,42606.40825295152,2193.6585613568423,369775.1052401726,2212770.469313921,REPRESENTATIVE_POINT_FIXED_BUFFER,519.8988253186192,2.671535522855917e-10,2.671535522855917e-10,141.7670823555394,2810.1472236316663,11216.195389968032,3.0,0.0,2.0,0.0,0.0,1.0,0.0,0.0,0.0,0.0,2.0,0.0,0.0,4216.0789060800425,21506.845088040045,1472.4167450656175,7511.016645228126,228.00459948339787,1163.0853477097985,2515.657561531027,12832.743095102122,11.0,0.0,7.0,2.0,0.0,1.0,0.0,0.0,0.0,2.0,7.0,0.0,0.0,14317.472804554627,18258.8891550182,3047.227388669983,3886.089946136381,473.1610458965436,603.4162039231627,10797.084369988102,13769.38300495866,0.0005481205305531,0.0,0.0,0.0086712150199825,0.0092193355505357,0.0092193355505357,0.0,0.9907806644494642,False,,,,,0.0,2.40792444802723
SAT_F_018,Satpur,FREE,27.0,False,NO_USABLE_REFERENCE,UNRESOLVED,,UNRESOLVED,False,EPSG:32643,NO_USABLE_REFERENCE,NOT_INDEPENDENTLY_VERIFIED,,,,,,,,,,,,,,,,,,,,,,,,,,,,,,,,,,,,,,,,,,,,,,,,,,,,,,,,,,,,,,,,,,,,
SAT_F_019,Satpur,FREE,22.0,True,REFERENCE_LIKELY,VENDOR_REFERENCE_UNION,Along the Boundary of MICO Hospital,LIKELY,False,EPSG:32643,REFERENCE_READY,NOT_INDEPENDENTLY_VERIFIED,2822.8936414821733,188.41986941697908,378206.30797472864,2206677.6164096487,REPRESENTATIVE_POINT_FIXED_BUFFER,134.18637298050925,189.65653922152345,134.18637298050925,749.5853836703952,749.5853836703952,816.0340808326021,1.0,0.0,0.0,1.0,0.0,0.0,0.0,0.0,0.0,7.0,0.0,0.0,0.0,3920.040041875856,19996.706844826174,1373.303699341154,7005.426268936579,0.0,0.0,2546.736342534701,12991.280575889596,9.0,0.0,0.0,7.0,1.0,0.0,0.0,0.0,0.0,15.0,0.0,0.0,0.0,14181.578729812669,18085.58518710371,3485.405515400622,4444.892882614327,0.0,0.0,10696.173214412049,13640.692304489385,0.0,0.015893616220238,0.0,0.0,0.015893616220238,0.015893616220238,0.0,0.984106383779762,False,,,,,1.0,1.2798613641477279
SAT_F_020,Satpur,FREE,41.0,True,REFERENCE_HIGH,OSM_NAMED_POINT_BUFFER,Shivaji Nagar,HIGH,False,EPSG:32643,REFERENCE_READY,NOT_INDEPENDENTLY_VERIFIED,2822.8936415019803,188.4198694176401,371950.28977943154,2212743.3902318617,REPRESENTATIVE_POINT_FIXED_BUFFER,111.04456742099248,230.15996308769124,111.04456742099248,963.3348192663306,975.168021396707,9528.128285082596,0.0,0.0,0.0,0.0,0.0,0.0,0.0,0.0,0.0,7.0,0.0,0.0,0.0,3491.195258994527,17809.10587299849,961.6625363148726,4905.583518768943,0.0,0.0,2529.532722679655,12903.522354229552,1.0,0.0,1.0,0.0,0.0,0.0,0.0,0.0,0.0,14.0,4.0,0.0,0.0,13778.03815959883,17570.95508152087,4140.209976564216,5279.956600758362,667.3088667205589,851.0104259276444,8970.519316314052,11439.988054834865,0.189673268141514,0.0,0.0,0.0,0.189673268141514,0.189673268141514,0.0,0.810326731858486,True,1.0,0.0,0.0,0.0,1.0,1.8403216329314815
SAT_F_021,Satpur,FREE,6.0,True,REFERENCE_HIGH,OSM_NAMED_POINT_BUFFER,Satpur Gaon,HIGH,False,EPSG:32643,REFERENCE_READY,NOT_INDEPENDENTLY_VERIFIED,2822.8936415029,188.41986941767087,367321.9807177408,2210895.5538260294,REPRESENTATIVE_POINT_FIXED_BUFFER,985.225818415048,1912.095402265608,985.225818415048,117.891037014574,117.891037014574,12447.48531437098,1.0,1.0,0.0,0.0,0.0,1.0,1.0,0.0,0.0,0.0,0.0,0.0,0.0,2506.46266515466,12785.838562152812,0.0,0.0,0.0,0.0,2506.46266515466,12785.838562152812,1.0,1.0,0.0,0.0,0.0,1.0,1.0,0.0,0.0,2.0,0.0,0.0,0.0,10158.95620081478,12955.586347777386,0.0,0.0,0.0,0.0,10158.95620081478,12955.586347777384,0.0,0.0,0.2236769507617932,0.0,0.2236769507617932,0.2236769507617932,0.0,0.7763230492382067,True,0.0,0.0,0.9999999999999998,0.0,0.0,1.776518852752343
SAT_F_022,Satpur,FREE,91.0,True,REFERENCE_LIKELY,VENDOR_REFERENCE_UNION,"Plot No. 19, Sanjiv Nagar, Chunchale",LIKELY,False,EPSG:32643,REFERENCE_READY,NOT_INDEPENDENTLY_VERIFIED,78834.7757800869,4001.246657315976,366699.7297751374,2208162.0537226247,REPRESENTATIVE_POINT_FIXED_BUFFER,642.1468215753827,671.9097025411517,642.1468215753827,1096.5239331574658,2920.783105868638,12295.663222688723,0.0,0.0,0.0,0.0,0.0,0.0,0.0,0.0,0.0,0.0,0.0,0.0,0.0,3045.6892546983167,15536.513534564589,0.0,0.0,0.0,0.0,3045.689254698317,15536.51353456459,6.0,0.0,1.0,5.0,0.0,0.0,0.0,0.0,0.0,0.0,0.0,0.0,0.0,11276.221194862746,14380.420043051756,0.0,0.0,0.0,0.0,11276.221194862748,14380.42004305176,0.0,0.0,0.0,0.0,0.0,0.0,0.0,1.0,False,,,,,1.0,0.8277169706052309
SAT_F_023,Satpur,FREE,18.0,True,REFERENCE_HIGH,OSM_NAMED_POINT_BUFFER,Shivaji Nagar,HIGH,False,EPSG:32643,REFERENCE_READY,NOT_INDEPENDENTLY_VERIFIED,2822.8936415019803,188.4198694176401,371950.28977943154,2212743.3902318617,REPRESENTATIVE_POINT_FIXED_BUFFER,111.04456742099248,230.15996308769124,111.04456742099248,963.3348192663306,975.168021396707,9528.128285082596,0.0,0.0,0.0,0.0,0.0,0.0,0.0,0.0,0.0,7.0,0.0,0.0,0.0,3491.195258994527,17809.10587299849,961.6625363148726,4905.583518768943,0.0,0.0,2529.532722679655,12903.522354229552,1.0,0.0,1.0,0.0,0.0,0.0,0.0,0.0,0.0,14.0,4.0,0.0,0.0,13778.03815959883,17570.95508152087,4140.209976564216,5279.956600758362,667.3088667205589,851.0104259276444,8970.519316314052,11439.988054834865,0.189673268141514,0.0,0.0,0.0,0.189673268141514,0.189673268141514,0.0,0.810326731858486,True,1.0,0.0,0.0,0.0,1.0,1.8403216329314815
SAT_F_024,Satpur,FREE,12.0,True,REFERENCE_LIKELY,VENDOR_REFERENCE_UNION,Opposite Omkar Palace,LIKELY,False,EPSG:32643,REFERENCE_READY,NOT_INDEPENDENTLY_VERIFIED,2822.893641513628,188.4198694180288,378205.6827972002,2206726.320989983,REPRESENTATIVE_POINT_FIXED_BUFFER,142.32918121715326,151.77726867536737,142.32918121715326,784.5078615084896,784.5078615084896,848.7289505865556,5.0,0.0,0.0,4.0,1.0,0.0,0.0,0.0,0.0,7.0,0.0,0.0,0.0,3994.6497599018,20377.3021048751,1497.4800385511635,7638.868230171753,0.0,0.0,2497.169721350635,12738.433874703343,9.0,0.0,0.0,7.0,1.0,0.0,0.0,0.0,0.0,14.0,0.0,0.0,0.0,14349.5566714316,18299.805298318624,3373.387862883942,4302.038209263262,0.0,0.0,10976.168808547656,13997.767089055358,0.0,0.0164287459826483,0.0,0.0,0.0164287459826483,0.0164287459826483,0.0,0.9835712540173516,False,,,,,1.0,1.7070187877265783
SAT_F_025,Satpur,FREE,12.0,True,REFERENCE_LIKELY,VENDOR_REFERENCE_UNION,"Ganesh Temple, Mahatmanagar",LIKELY,False,EPSG:32643,REFERENCE_READY,NOT_INDEPENDENTLY_VERIFIED,1360.3090973970193,147.65164675296077,370123.6251264047,2207356.5069442485,REPRESENTATIVE_POINT_FIXED_BUFFER,75.84589078443568,442.6324328101044,75.84589078443568,1654.5002842011709,4136.305743484215,8789.261007792527,4.0,0.0,3.0,0.0,0.0,0.0,0.0,0.0,0.0,0.0,0.0,0.0,0.0,5499.13174957212,28051.88832832648,1741.123383450023,8881.729142455684,0.0,0.0,3758.008366122097,19170.159185870794,11.0,0.0,5.0,1.0,0.0,0.0,0.0,0.0,1.0,1.0,0.0,0.0,0.0,17522.443060200567,22346.1465531502,3960.986555921123,5051.395274595799,628.1490362268206,801.0703971198362,13561.456504279446,17294.751278554402,0.0,0.0518047605753621,0.0285641465953676,0.0352630061175265,0.1031619156024301,0.1031619156024301,0.0124699976858261,0.8968380843975698,True,0.0,0.5021694321285147,0.2768865470223468,0.3418219399242701,1.0,2.0934823319629987
SAT_R_001,Satpur,RESTRICTED,68.0,True,REFERENCE_LIKELY,VENDOR_REFERENCE_UNION,Satpur Mutton Market Road,LIKELY,False,EPSG:32643,REFERENCE_READY,NOT_INDEPENDENTLY_VERIFIED,2822.8936414722875,188.4198694166492,367944.0856249973,2212034.8616902544,REPRESENTATIVE_POINT_FIXED_BUFFER,1478.4356762016764,1742.2008135012086,1478.4356762016764,1021.2429794355578,1189.1053963736424,12374.056111565134,0.0,0.0,0.0,0.0,0.0,0.0,0.0,0.0,0.0,0.0,0.0,0.0,0.0,1668.922803952826,8513.423256084909,0.0,0.0,0.0,0.0,1668.922803952826,8513.423256084909,1.0,0.0,1.0,0.0,0.0,0.0,0.0,0.0,0.0,0.0,0.0,0.0,0.0,7731.976510945726,9860.490324636869,0.0,0.0,0.0,0.0,7731.976510945726,9860.490324636869,0.0,0.0,0.6126519629167958,0.0,0.6126519629167958,0.6126519629167958,0.0,0.3873480370832042,True,0.0,0.0,1.0,0.0,1.0,1.337490342268067
SAT_R_002,Satpur,RESTRICTED,36.0,True,REFERENCE_LIKELY,VENDOR_REFERENCE_UNION,"Last Bus Stop, Ashok Nagar",LIKELY,False,EPSG:32643,REFERENCE_READY,NOT_INDEPENDENTLY_VERIFIED,44093.309759905984,2267.4127593670974,365993.9923310771,2210530.804395993,REPRESENTATIVE_POINT_FIXED_BUFFER,346.81235196979986,1685.9332091059068,346.81235196979986,203.7504175921096,1426.6207659178344,13562.45280419848,0.0,0.0,0.0,0.0,0.0,1.0,0.0,0.0,0.0,1.0,0.0,0.0,0.0,4962.566944209708,25314.791512614112,0.0,0.0,0.0,0.0,4962.566944209709,25314.79151261412,2.0,0.0,0.0,0.0,0.0,3.0,0.0,0.0,0.0,4.0,0.0,0.0,0.0,17517.831972268115,22340.26609194088,1346.731890219058,1717.469880383882,71.23279712575767,90.84227116585518,16099.8672849233,20531.95394039114,0.0,0.0289869527477011,0.0028660128832774,0.0018093107796173,0.0336622764105959,0.0336622764105959,0.0,0.966337723589404,False,,,,,0.0,2.0221737469824443
SAT_R_003,Satpur,RESTRICTED,45.0,False,NO_USABLE_REFERENCE,UNRESOLVED,,UNRESOLVED,False,EPSG:32643,NO_USABLE_REFERENCE,NOT_INDEPENDENTLY_VERIFIED,,,,,,,,,,,,,,,,,,,,,,,,,,,,,,,,,,,,,,,,,,,,,,,,,,,,,,,,,,,,,,,,,,,,
NV_001,Citywide,NO_VENDING,,False,NO_USABLE_REFERENCE,UNRESOLVED,,UNRESOLVED,False,EPSG:32643,NO_USABLE_REFERENCE,NOT_INDEPENDENTLY_VERIFIED,,,,,,,,,,,,,,,,,,,,,,,,,,,,,,,,,,,,,,,,,,,,,,,,,,,,,,,,,,,,,,,,,,,,
NV_002,Citywide,NO_VENDING,,True,REFERENCE_HIGH,OSM_NAMED_POINT_BUFFER,Dwarka Circle,HIGH,False,EPSG:32643,REFERENCE_READY,NOT_INDEPENDENTLY_VERIFIED,2822.8936415003204,188.41986941758464,374156.3043136329,2211281.748836024,REPRESENTATIVE_POINT_FIXED_BUFFER,19.592443149038875,391.108619146419,19.592443149038875,74.91144070795657,1593.2028276539015,6940.063973847149,4.0,0.0,0.0,4.0,0.0,1.0,0.0,0.0,1.0,0.0,0.0,0.0,0.0,2855.3160579776227,14565.39156507714,460.507398016344,2349.1166772877946,97.02293045191604,494.9283876560887,2297.785729509362,11721.346500133252,8.0,0.0,0.0,7.0,1.0,1.0,0.0,0.0,2.0,6.0,0.0,0.0,0.0,15636.76351203518,19941.363647546656,1595.034149917343,2034.1265626532052,132.71290181473404,169.2470589436137,13909.0164603031,17737.99002594983,0.0,0.122538217099961,0.0102880419806833,0.0160611202077904,0.1488873792884347,0.1488873792884347,0.0,0.8511126207115652,True,0.0,0.8230262207958651,0.0690994900296595,0.1078742891744754,0.0,1.5971271148514041
NV_003,Citywide,NO_VENDING,,True,REFERENCE_HIGH,OSM_NAMED_LINE_BUFFER,Dwarka Circle,HIGH,False,EPSG:32643,REFERENCE_READY,NOT_INDEPENDENTLY_VERIFIED,5574.214606445501,280.7985985056512,374181.2278968841,2211277.741977663,REPRESENTATIVE_POINT_FIXED_BUFFER,41.373292496259566,411.9545289550377,41.373292496259566,97.66154316339644,1615.7114929888055,6920.3357906606925,4.0,0.0,0.0,4.0,0.0,1.0,0.0,0.0,1.0,1.0,0.0,0.0,0.0,3011.8953766225063,15364.125940097974,420.32043190632,2144.116990626287,132.34258773618438,675.0992086243533,2459.232356980002,12544.909740847334,8.0,0.0,0.0,7.0,1.0,1.0,0.0,0.0,2.0,5.0,0.0,0.0,1.0,15683.364167164842,20000.792864432824,1507.7388015031013,1922.7999261578816,132.71290181473404,169.2470589436137,14042.912463847004,17908.745879331327,0.0,0.121109053959931,0.0101658574635662,0.0160611202077904,0.1473360316312877,0.1473360316312877,0.0,0.8526639683687123,True,0.0,0.8219920994140094,0.0689977689164762,0.1090101316695144,0.0,1.432980899570519
NV_004,Citywide,NO_VENDING,,True,REFERENCE_HIGH,OSM_NAMED_POINT_BUFFER,Dwarka Circle,HIGH,False,EPSG:32643,REFERENCE_READY,NOT_INDEPENDENTLY_VERIFIED,2822.8936415003204,188.41986941758464,374156.3043136329,2211281.748836024,REPRESENTATIVE_POINT_FIXED_BUFFER,19.592443149038875,391.108619146419,19.592443149038875,74.91144070795657,1593.2028276539015,6940.063973847149,4.0,0.0,0.0,4.0,0.0,1.0,0.0,0.0,1.0,0.0,0.0,0.0,0.0,2855.3160579776227,14565.39156507714,460.507398016344,2349.1166772877946,97.02293045191604,494.9283876560887,2297.785729509362,11721.346500133252,8.0,0.0,0.0,7.0,1.0,1.0,0.0,0.0,2.0,6.0,0.0,0.0,0.0,15636.76351203518,19941.363647546656,1595.034149917343,2034.1265626532052,132.71290181473404,169.2470589436137,13909.0164603031,17737.99002594983,0.0,0.122538217099961,0.0102880419806833,0.0160611202077904,0.1488873792884347,0.1488873792884347,0.0,0.8511126207115652,True,0.0,0.8230262207958651,0.0690994900296595,0.1078742891744754,0.0,1.5971271148514041
NV_005,Citywide,NO_VENDING,,False,NO_USABLE_REFERENCE,UNRESOLVED,,UNRESOLVED,False,EPSG:32643,NO_USABLE_REFERENCE,NOT_INDEPENDENTLY_VERIFIED,,,,,,,,,,,,,,,,,,,,,,,,,,,,,,,,,,,,,,,,,,,,,,,,,,,,,,,,,,,,,,,,,,,,
NV_006,Citywide,NO_VENDING,,True,REFERENCE_LIKELY,OSM_NAMED_POLYGON,Nashik RTO Office,LIKELY,False,EPSG:32643,REFERENCE_READY,NOT_INDEPENDENTLY_VERIFIED,3407.78470118681,237.83185642350364,374080.2148138849,2215602.280573832,REPRESENTATIVE_POINT_FIXED_BUFFER,637.63570883984,110.6121308805468,110.6121308805468,2360.6853133379004,2368.210052166978,10577.420270474311,1.0,0.0,0.0,0.0,0.0,0.0,0.0,0.0,0.0,1.0,0.0,0.0,0.0,2838.0931443185614,14477.534922855391,649.4321788164401,3312.8500619025963,0.0,0.0,2188.660965502121,11164.684860952795,1.0,0.0,0.0,0.0,0.0,0.0,0.0,0.0,0.0,2.0,0.0,0.0,0.0,10317.019618298003,13157.16259371734,1348.6039993495842,1719.857357110187,0.0,0.0,8968.41561894842,11437.305236607155,0.0,0.0,0.0,0.0,0.0,0.0,0.0,1.0,False,,,,,1.0,0.6649268171294337
NV_007,Citywide,NO_VENDING,,False,NO_USABLE_REFERENCE,UNRESOLVED,,UNRESOLVED,False,EPSG:32643,NO_USABLE_REFERENCE,NOT_INDEPENDENTLY_VERIFIED,,,,,,,,,,,,,,,,,,,,,,,,,,,,,,,,,,,,,,,,,,,,,,,,,,,,,,,,,,,,,,,,,,,,
NV_008,Citywide,NO_VENDING,,True,REFERENCE_LIKELY,OSM_NAMED_POINT_BUFFER,Ashok Stambh Circle,LIKELY,False,EPSG:32643,REFERENCE_READY,NOT_INDEPENDENTLY_VERIFIED,2822.893641500567,188.4198694175929,372891.9167622365,2212701.300422834,REPRESENTATIVE_POINT_FIXED_BUFFER,7.627591825301073,359.0830897929998,7.627591825301073,359.3191823435193,911.115256944825,8840.971318728454,19.0,1.0,14.0,9.0,0.0,0.0,0.0,0.0,0.0,6.0,1.0,0.0,0.0,4149.893135476253,21169.221635747563,731.4852963434955,3731.415209034978,84.3177290370771,430.11726700859936,3418.407839132758,17437.80642671259,33.0,3.0,17.0,13.0,3.0,1.0,0.0,0.0,0.0,7.0,3.0,0.0,0.0,13199.87387381666,16833.6295945726,2320.9278264267205,2959.849443963449,487.1131112048725,621.2090935920232,10531.037722882062,13430.0971333607,0.0712782832387448,0.1031599897529497,0.0,0.0080635405008909,0.1825018134925855,0.1825018134925855,0.0,0.8174981865074145,True,0.3905620545608476,0.5652546009201206,0.0,0.0441833445190317,0.0,2.9752668731514627
NV_009,Citywide,NO_VENDING,,True,REFERENCE_HIGH,OSM_NAMED_POINT_BUFFER,Mumbai Naka,HIGH,False,EPSG:32643,REFERENCE_READY,NOT_INDEPENDENTLY_VERIFIED,2822.893641489976,188.41986941723948,372780.8970443142,2210514.4795197374,REPRESENTATIVE_POINT_FIXED_BUFFER,17.604067541318624,73.02227879675017,17.604067541318624,188.6781220430216,188.6781220430216,7458.416780855014,5.0,0.0,3.0,1.0,0.0,1.0,1.0,0.0,1.0,7.0,0.0,0.0,0.0,4899.341755117808,24992.27042661153,1889.7995419759825,9640.14832315258,0.0,0.0,3009.5422131418245,15352.122103458942,9.0,0.0,3.0,4.0,0.0,2.0,2.0,0.0,2.0,18.0,0.0,0.0,0.0,15738.540906704637,20071.159051604624,4280.019078303013,5458.253352312119,96.2689588414626,122.77056660419154,11392.533699664256,14528.751886352877,0.0291525362045884,0.0902823879051095,0.0361890894236458,0.0072099469865787,0.1628339605199226,0.1628339605199226,0.0,0.8371660394800774,True,0.1790322860876531,0.5544444636539045,0.2222453430973212,0.044277907161121,0.0,2.1063651103121317
NV_010,Citywide,NO_VENDING,,True,REFERENCE_HIGH,OSM_NAMED_LINE_BUFFER,College road,HIGH,False,EPSG:32643,REFERENCE_READY,NOT_INDEPENDENTLY_VERIFIED,17609.951903286626,943.3774900164912,371209.6786191339,2212470.8034689026,REPRESENTATIVE_POINT_FIXED_BUFFER,181.9718468418964,0.5882135360076085,0.5882135360076085,1362.0312006941683,1362.0312006941683,9899.712760647368,2.0,0.0,1.0,2.0,0.0,0.0,0.0,0.0,0.0,6.0,0.0,0.0,0.0,5636.601998442374,28753.144498462003,1599.2189295122516,8157.853433265002,0.0,0.0,4037.38306893012,20595.29106519699,10.0,0.0,3.0,7.0,1.0,0.0,0.0,0.0,0.0,15.0,1.0,0.0,0.0,18141.82130082537,23136.031667302523,4936.119039373042,6294.969204845709,258.1082403752424,329.1621234656115,12947.594021077077,16511.900338991192,0.0215741948226325,0.031243358320064,0.0,0.0,0.0528175531426966,0.0528175531426966,1.3877787807814457e-17,0.9471824468573034,False,,,,,1.0,2.0906132849424024
NV_011,Citywide,NO_VENDING,,False,NO_USABLE_REFERENCE,UNRESOLVED,,UNRESOLVED,False,EPSG:32643,NO_USABLE_REFERENCE,NOT_INDEPENDENTLY_VERIFIED,,,,,,,,,,,,,,,,,,,,,,,,,,,,,,,,,,,,,,,,,,,,,,,,,,,,,,,,,,,,,,,,,,,,
NV_012,Citywide,NO_VENDING,,True,REFERENCE_HIGH,OSM_NAMED_POINT_BUFFER,Canada Corner,HIGH,False,EPSG:32643,REFERENCE_READY,NOT_INDEPENDENTLY_VERIFIED,2822.893641505463,188.4198694177564,371297.02952237136,2212232.987871672,REPRESENTATIVE_POINT_FIXED_BUFFER,28.918053508958643,80.71976184858202,28.918053508958643,1197.4338389462637,1197.4338389462637,9681.500114359103,5.0,0.0,1.0,5.0,0.0,0.0,0.0,0.0,0.0,6.0,0.0,0.0,0.0,5699.328743778698,29073.122948789336,1674.5815384908844,8542.289301957262,0.0,0.0,4024.747205287813,20530.83364683207,9.0,1.0,2.0,7.0,0.0,0.0,0.0,0.0,0.0,16.0,1.0,0.0,0.0,16771.26019386954,21388.172692908334,3636.689361088568,4637.823227729587,0.0,0.0,13134.57083278097,16750.349465178748,0.000963029059703,0.0312973357345877,0.0,0.0009562058119139,0.0332165706062047,0.0332165706062047,0.0,0.9667834293937952,False,,,,,0.0,2.218283218391451
NV_013,Citywide,NO_VENDING,,True,REFERENCE_HIGH,OSM_NAMED_POINT_BUFFER,Sri Dakshinmukhi Hanuman Mandir,HIGH,False,EPSG:32643,REFERENCE_READY,NOT_INDEPENDENTLY_VERIFIED,2822.893641502919,188.41986941767144,373481.55471136246,2212790.700315241,REPRESENTATIVE_POINT_FIXED_BUFFER,49.95223816933356,444.5319296808599,49.95223816933356,340.2796363499907,798.9062713672979,8525.674869276587,4.0,2.0,0.0,2.0,0.0,0.0,0.0,0.0,0.0,0.0,0.0,2.0,3.0,5055.084626331277,25786.737958973,933.7966587654872,4763.435535999299,1600.5781660947216,8164.787101080143,2766.4190997351093,14111.914969332562,22.0,6.0,5.0,9.0,1.0,2.0,0.0,0.0,0.0,3.0,1.0,2.0,6.0,19126.67377896035,24392.00138191523,2128.512653874136,2714.464846043088,3178.794208279452,4053.875421165421,14434.752396170848,18408.45431171158,0.0090444410649223,0.039397998531354,0.0,0.0203568634390647,0.0687993030353411,0.0687993030353411,1.3877787807814457e-17,0.9312006969646588,False,,,,,0.0,2.6089540226621555
NV_014,Citywide,NO_VENDING,,True,REFERENCE_HIGH,OSM_NAMED_LINE_BUFFER,Pathardi Phata Road,HIGH,False,EPSG:32643,REFERENCE_READY,NOT_INDEPENDENTLY_VERIFIED,27215.68661806022,1423.666606982368,370028.16749135545,2206721.4307807805,REPRESENTATIVE_POINT_FIXED_BUFFER,270.7866618105788,803.2260617934394,270.7866618105788,1511.3235712942735,4708.695895385464,8820.134957640419,0.0,0.0,0.0,0.0,0.0,0.0,0.0,0.0,0.0,1.0,0.0,0.0,0.0,5092.973564952156,25980.01506588254,0.0,0.0,0.0,0.0,5092.973564952154,25980.01506588253,10.0,0.0,5.0,1.0,0.0,0.0,0.0,0.0,2.0,2.0,0.0,0.0,0.0,17393.39481361331,22181.572981944493,2545.168786707796,3245.8210601612805,0.0,0.0,14848.226026905517,18935.75192178321,0.0,0.0190471515302649,0.0642332369720128,0.0001062221809914,0.0832803885022732,0.0832803885022732,0.0001062221809959,0.9167196114977268,False,,,,,1.0,0.8512708984047432
NV_015,Citywide,NO_VENDING,,True,REFERENCE_HIGH,OSM_NAMED_LINE_BUFFER,Chandak Circle,HIGH,False,EPSG:32643,REFERENCE_READY,NOT_INDEPENDENTLY_VERIFIED,3731.563004564442,216.75251854348912,371980.9284992588,2211176.6224542945,REPRESENTATIVE_POINT_FIXED_BUFFER,652.7998655499697,14.037641354886205,14.037641354886205,594.8762813450719,743.1139053615741,8494.853046951086,1.0,0.0,0.0,1.0,0.0,0.0,0.0,0.0,0.0,0.0,0.0,0.0,0.0,3638.00228099394,18557.99031048485,1537.8818933407829,7844.964095924349,0.0,0.0,2100.1203876531567,10713.0262145605,2.0,0.0,0.0,2.0,0.0,0.0,0.0,0.0,0.0,11.0,0.0,1.0,0.0,12978.16940418884,16550.89273232281,3559.2109902577045,4539.016056644052,0.0,0.0,9418.958413931136,12011.87667567876,0.2100766787712223,0.0621735960600719,0.0,0.0020206685468051,0.2722502748312942,0.2722502748312942,0.0020206685468051,0.7277497251687057,True,0.771630731691275,0.2283692683087249,0.0,0.007422099199192,1.0,1.5379133718717968
NV_016,Citywide,NO_VENDING,,True,REFERENCE_HIGH,OSM_NAMED_LINE_BUFFER,Chandak Circle,HIGH,False,EPSG:32643,REFERENCE_READY,NOT_INDEPENDENTLY_VERIFIED,3731.563004564442,216.75251854348912,371980.9284992588,2211176.6224542945,REPRESENTATIVE_POINT_FIXED_BUFFER,652.7998655499697,14.037641354886205,14.037641354886205,594.8762813450719,743.1139053615741,8494.853046951086,1.0,0.0,0.0,1.0,0.0,0.0,0.0,0.0,0.0,0.0,0.0,0.0,0.0,3638.00228099394,18557.99031048485,1537.8818933407829,7844.964095924349,0.0,0.0,2100.1203876531567,10713.0262145605,2.0,0.0,0.0,2.0,0.0,0.0,0.0,0.0,0.0,11.0,0.0,1.0,0.0,12978.16940418884,16550.89273232281,3559.2109902577045,4539.016056644052,0.0,0.0,9418.958413931136,12011.87667567876,0.2100766787712223,0.0621735960600719,0.0,0.0020206685468051,0.2722502748312942,0.2722502748312942,0.0020206685468051,0.7277497251687057,True,0.771630731691275,0.2283692683087249,0.0,0.007422099199192,1.0,1.5379133718717968
NV_017,Citywide,NO_VENDING,,True,REFERENCE_HIGH,OSM_NAMED_LINE_BUFFER,Chandak Circle,HIGH,False,EPSG:32643,REFERENCE_READY,NOT_INDEPENDENTLY_VERIFIED,3731.563004564442,216.75251854348912,371980.9284992588,2211176.6224542945,REPRESENTATIVE_POINT_FIXED_BUFFER,652.7998655499697,14.037641354886205,14.037641354886205,594.8762813450719,743.1139053615741,8494.853046951086,1.0,0.0,0.0,1.0,0.0,0.0,0.0,0.0,0.0,0.0,0.0,0.0,0.0,3638.00228099394,18557.99031048485,1537.8818933407829,7844.964095924349,0.0,0.0,2100.1203876531567,10713.0262145605,2.0,0.0,0.0,2.0,0.0,0.0,0.0,0.0,0.0,11.0,0.0,1.0,0.0,12978.16940418884,16550.89273232281,3559.2109902577045,4539.016056644052,0.0,0.0,9418.958413931136,12011.87667567876,0.2100766787712223,0.0621735960600719,0.0,0.0020206685468051,0.2722502748312942,0.2722502748312942,0.0020206685468051,0.7277497251687057,True,0.771630731691275,0.2283692683087249,0.0,0.007422099199192,1.0,1.5379133718717968
NV_018,Citywide,NO_VENDING,,True,REFERENCE_HIGH,OSM_NAMED_LINE_BUFFER,Pathardi Phata Road,HIGH,False,EPSG:32643,REFERENCE_READY,NOT_INDEPENDENTLY_VERIFIED,27215.68661806022,1423.666606982368,370028.16749135545,2206721.4307807805,REPRESENTATIVE_POINT_FIXED_BUFFER,270.7866618105788,803.2260617934394,270.7866618105788,1511.3235712942735,4708.695895385464,8820.134957640419,0.0,0.0,0.0,0.0,0.0,0.0,0.0,0.0,0.0,1.0,0.0,0.0,0.0,5092.973564952156,25980.01506588254,0.0,0.0,0.0,0.0,5092.973564952154,25980.01506588253,10.0,0.0,5.0,1.0,0.0,0.0,0.0,0.0,2.0,2.0,0.0,0.0,0.0,17393.39481361331,22181.572981944493,2545.168786707796,3245.8210601612805,0.0,0.0,14848.226026905517,18935.75192178321,0.0,0.0190471515302649,0.0642332369720128,0.0001062221809914,0.0832803885022732,0.0832803885022732,0.0001062221809959,0.9167196114977268,False,,,,,1.0,0.8512708984047432
NV_019,Citywide,NO_VENDING,,True,REFERENCE_HIGH,OSM_NAMED_POINT_BUFFER,Papaya Nursery,HIGH,False,EPSG:32643,REFERENCE_READY,NOT_INDEPENDENTLY_VERIFIED,2822.893641502034,188.41986941764185,366397.6418284407,2210450.5148984734,REPRESENTATIVE_POINT_FIXED_BUFFER,82.01765123404705,1534.154612089358,82.01765123404705,394.0999459063893,1094.489199201876,13154.613587429038,1.0,0.0,0.0,0.0,0.0,0.0,0.0,0.0,0.0,2.0,0.0,0.0,0.0,3403.764887761889,17363.110555553532,358.33859225607915,1827.9384149105692,0.0,0.0,3045.4262955058107,15535.172140642964,2.0,0.0,1.0,0.0,0.0,3.0,0.0,0.0,0.0,4.0,0.0,0.0,0.0,14911.053088875184,19015.87446687893,864.2815106060987,1102.2071084967106,0.0,0.0,14046.771578269088,17913.66735838222,0.0842858093481151,0.0175544811549874,0.0,0.0022992848647298,0.1041395753678324,0.1041395753678324,0.0,0.8958604246321675,True,0.8093542637408341,0.16856685936142,0.0,0.0220788768977458,0.0,1.7953225899053091
NV_020,Citywide,NO_VENDING,,True,REFERENCE_LIKELY,VENDOR_REFERENCE_UNION,"Datta Nagar, Ambad",LIKELY,False,EPSG:32643,REFERENCE_READY,NOT_INDEPENDENTLY_VERIFIED,161017.36103598253,8176.575909729603,366985.1438001996,2208965.073115661,REPRESENTATIVE_POINT_FIXED_BUFFER,8.630330144621621e-11,64.30751509692502,8.630330144621621e-11,1498.2778738802472,2077.417662075477,12174.354969073647,4.0,0.0,1.0,4.0,0.0,0.0,0.0,0.0,0.0,0.0,0.0,0.0,0.0,3871.977460645273,19751.53247497109,1239.9238471494928,6325.035820167953,0.0,0.0,2632.05361349578,13426.49665480314,25.0,2.0,3.0,22.0,0.0,0.0,0.0,0.0,0.0,1.0,0.0,0.0,0.0,14296.71980076406,18232.42311586323,2497.38997501676,3184.8893553461976,20.93416609808385,26.697073118662235,11793.721044517231,15040.380953860957,0.0,0.0,0.0,0.0,0.0,0.0,0.0,1.0,False,,,,,1.0,2.3568477880043996
NV_021,Citywide,NO_VENDING,,True,REFERENCE_LIKELY,VENDOR_REFERENCE_UNION,E Sha Apa Bekaree Te Jagataapa Nagar Paateela Nagar,LIKELY,False,EPSG:32643,REFERENCE_READY,NOT_INDEPENDENTLY_VERIFIED,31933.71273645427,1722.4501893717052,370028.16749135545,2206721.4307807805,REPRESENTATIVE_POINT_FIXED_BUFFER,270.7866618105788,803.2260617934394,270.7866618105788,1511.3235712942735,4708.695895385464,8820.134957640419,0.0,0.0,0.0,0.0,0.0,0.0,0.0,0.0,0.0,1.0,0.0,0.0,0.0,5092.973564952156,25980.01506588254,0.0,0.0,0.0,0.0,5092.973564952154,25980.01506588253,10.0,0.0,5.0,1.0,0.0,0.0,0.0,0.0,2.0,2.0,0.0,0.0,0.0,17393.39481361331,22181.572981944493,2545.168786707796,3245.8210601612805,0.0,0.0,14848.226026905517,18935.75192178321,0.0,0.0190471515302649,0.0642332369720128,0.0001062221809914,0.0832803885022732,0.0832803885022732,0.0001062221809959,0.9167196114977268,False,,,,,1.0,0.8512708984047432
NV_022,Citywide,NO_VENDING,,True,REFERENCE_LIKELY,OSM_NAMED_POINT_BUFFER,Shalimar,LIKELY,False,EPSG:32643,REFERENCE_READY,NOT_INDEPENDENTLY_VERIFIED,2822.893641503977,188.4198694177068,373023.8628899336,2212058.147037047,REPRESENTATIVE_POINT_FIXED_BUFFER,363.6638405114271,30.25427923183101,30.25427923183101,87.11135177490014,595.1086633658973,8282.597810299902,5.0,0.0,0.0,4.0,1.0,1.0,0.0,0.0,0.0,2.0,0.0,0.0,0.0,3317.2080499497165,16921.571261909754,1648.751902372422,8410.528489350292,0.0,0.0,1668.456147577294,8511.042772559462,29.0,1.0,10.0,15.0,3.0,1.0,0.0,0.0,0.0,8.0,2.0,0.0,2.0,14858.836319854296,18949.283092088102,3045.8125896294523,3884.285671093549,95.91713862935612,122.32189480693808,11717.10659159549,14942.675526187615,0.0010204987101164,0.1595527604533397,0.0,0.0220847964006833,0.1826580555641396,0.1826580555641396,0.0,0.8173419444358604,True,0.0055869351448237,0.873505195051819,0.0,0.1209078698033572,0.0,1.5506723295412472
NV_023,Citywide,NO_VENDING,,False,NO_USABLE_REFERENCE,UNRESOLVED,,UNRESOLVED,False,EPSG:32643,NO_USABLE_REFERENCE,NOT_INDEPENDENTLY_VERIFIED,,,,,,,,,,,,,,,,,,,,,,,,,,,,,,,,,,,,,,,,,,,,,,,,,,,,,,,,,,,,,,,,,,,,
NV_024,Citywide,NO_VENDING,,True,REFERENCE_LIKELY,OSM_NAMED_POINT_BUFFER,Ashok Stambh Circle,LIKELY,False,EPSG:32643,REFERENCE_READY,NOT_INDEPENDENTLY_VERIFIED,2822.893641500567,188.4198694175929,372891.9167622365,2212701.300422834,REPRESENTATIVE_POINT_FIXED_BUFFER,7.627591825301073,359.0830897929998,7.627591825301073,359.3191823435193,911.115256944825,8840.971318728454,19.0,1.0,14.0,9.0,0.0,0.0,0.0,0.0,0.0,6.0,1.0,0.0,0.0,4149.893135476253,21169.221635747563,731.4852963434955,3731.415209034978,84.3177290370771,430.11726700859936,3418.407839132758,17437.80642671259,33.0,3.0,17.0,13.0,3.0,1.0,0.0,0.0,0.0,7.0,3.0,0.0,0.0,13199.87387381666,16833.6295945726,2320.9278264267205,2959.849443963449,487.1131112048725,621.2090935920232,10531.037722882062,13430.0971333607,0.0712782832387448,0.1031599897529497,0.0,0.0080635405008909,0.1825018134925855,0.1825018134925855,0.0,0.8174981865074145,True,0.3905620545608476,0.5652546009201206,0.0,0.0441833445190317,0.0,2.9752668731514627
NV_025,Citywide,NO_VENDING,,True,REFERENCE_LIKELY,VENDOR_REFERENCE_UNION,Panchavati Karanja,LIKELY,False,EPSG:32643,REFERENCE_READY,NOT_INDEPENDENTLY_VERIFIED,2822.893641498099,188.41986941751057,373914.2621477759,2213019.6213028547,REPRESENTATIVE_POINT_FIXED_BUFFER,4.119682449279441,586.3105871151436,4.119682449279441,6.585445079827193e-10,316.013336302385,8446.189443005502,5.0,1.0,0.0,4.0,0.0,1.0,0.0,0.0,0.0,6.0,1.0,0.0,0.0,5025.854291751085,25637.62967810539,1483.5649948153668,7567.885524039876,496.0240902483056,2530.292602807319,3325.4779388748784,16963.757194377067,8.0,1.0,2.0,5.0,0.0,3.0,1.0,0.0,0.0,6.0,2.0,3.0,3.0,15881.695744695964,20253.722577624158,3618.275882326643,4614.340754791674,2266.396949449982,2890.306917022,10280.21859888898,13110.23072638617,0.0602736856700188,0.053873123449991,0.0,0.0052468869632358,0.1193936960832457,0.1193936960832458,0.0,0.8806063039167542,True,0.5048313909973419,0.4512225118856245,0.0,0.0439460971170334,0.0,3.4473394895426113
NV_026,Citywide,NO_VENDING,,True,REFERENCE_HIGH,OSM_NAMED_POINT_BUFFER,Panchavati Karanja,HIGH,False,EPSG:32643,REFERENCE_READY,NOT_INDEPENDENTLY_VERIFIED,2822.893641498041,188.4198694175087,373914.2621477759,2213019.621302855,REPRESENTATIVE_POINT_FIXED_BUFFER,4.119682448821414,586.3105871149851,4.119682448821414,4.656612873077393e-10,316.01333630206767,8446.18944300588,5.0,1.0,0.0,4.0,0.0,1.0,0.0,0.0,0.0,6.0,1.0,0.0,0.0,5025.854291753074,25637.629678115536,1483.5649948207974,7567.885524067578,496.0240902478258,2530.2926028048714,3325.477938871435,16963.757194359503,8.0,1.0,2.0,5.0,0.0,3.0,1.0,0.0,0.0,6.0,2.0,3.0,3.0,15881.695744691291,20253.7225776182,3618.275882326456,4614.340754791436,2266.396949447172,2890.306917018416,10280.218598887306,13110.230726384034,0.0602736856701478,0.0538731234500492,0.0,0.0052468869632341,0.1193936960834312,0.1193936960834312,0.0,0.8806063039165688,True,0.5048313909976377,0.4512225118854114,0.0,0.0439460971169505,0.0,3.447339489547919
NV_027,Citywide,NO_VENDING,,True,REFERENCE_LIKELY,OSM_NAMED_POINT_BUFFER,Shalimar,LIKELY,False,EPSG:32643,REFERENCE_READY,NOT_INDEPENDENTLY_VERIFIED,2822.893641503977,188.4198694177068,373023.8628899336,2212058.147037047,REPRESENTATIVE_POINT_FIXED_BUFFER,363.6638405114271,30.25427923183101,30.25427923183101,87.11135177490014,595.1086633658973,8282.597810299902,5.0,0.0,0.0,4.0,1.0,1.0,0.0,0.0,0.0,2.0,0.0,0.0,0.0,3317.2080499497165,16921.571261909754,1648.751902372422,8410.528489350292,0.0,0.0,1668.456147577294,8511.042772559462,29.0,1.0,10.0,15.0,3.0,1.0,0.0,0.0,0.0,8.0,2.0,0.0,2.0,14858.836319854296,18949.283092088102,3045.8125896294523,3884.285671093549,95.91713862935612,122.32189480693808,11717.10659159549,14942.675526187615,0.0010204987101164,0.1595527604533397,0.0,0.0220847964006833,0.1826580555641396,0.1826580555641396,0.0,0.8173419444358604,True,0.0055869351448237,0.873505195051819,0.0,0.1209078698033572,0.0,1.5506723295412472
NV_028,Citywide,NO_VENDING,,True,REFERENCE_HIGH,OSM_NAMED_POINT_BUFFER,Ambedkar Nagar,HIGH,False,EPSG:32643,REFERENCE_READY,NOT_INDEPENDENTLY_VERIFIED,2822.893641479873,188.41986941690237,375555.3329897469,2209465.885446229,REPRESENTATIVE_POINT_FIXED_BUFFER,323.1032466577681,379.3280324312545,323.1032466577681,1669.908432689962,3143.043752673869,4659.351309852878,0.0,0.0,0.0,0.0,0.0,0.0,0.0,0.0,0.0,1.0,0.0,0.0,0.0,3346.078196508088,17068.842170147378,0.0,0.0,0.0,0.0,3346.078196508088,17068.842170147378,0.0,0.0,0.0,0.0,0.0,0.0,0.0,0.0,0.0,1.0,0.0,0.0,0.0,13939.738728660102,17777.16974014791,1584.878132384933,2021.1747239514964,0.0,0.0,12354.860596275166,15755.995016196412,0.0,0.0,0.0,0.0,0.0,0.0,0.0,1.0,False,,,,,1.0,0.6057887486477793
NV_029,Citywide,NO_VENDING,,True,REFERENCE_HIGH,OSM_NAMED_POINT_BUFFER,Mumbai Naka,HIGH,False,EPSG:32643,REFERENCE_READY,NOT_INDEPENDENTLY_VERIFIED,2822.893641489976,188.41986941723948,372780.8970443142,2210514.4795197374,REPRESENTATIVE_POINT_FIXED_BUFFER,17.604067541318624,73.02227879675017,17.604067541318624,188.6781220430216,188.6781220430216,7458.416780855014,5.0,0.0,3.0,1.0,0.0,1.0,1.0,0.0,1.0,7.0,0.0,0.0,0.0,4899.341755117808,24992.27042661153,1889.7995419759825,9640.14832315258,0.0,0.0,3009.5422131418245,15352.122103458942,9.0,0.0,3.0,4.0,0.0,2.0,2.0,0.0,2.0,18.0,0.0,0.0,0.0,15738.540906704637,20071.159051604624,4280.019078303013,5458.253352312119,96.2689588414626,122.77056660419154,11392.533699664256,14528.751886352877,0.0291525362045884,0.0902823879051095,0.0361890894236458,0.0072099469865787,0.1628339605199226,0.1628339605199226,0.0,0.8371660394800774,True,0.1790322860876531,0.5544444636539045,0.2222453430973212,0.044277907161121,0.0,2.1063651103121317
NV_030,Citywide,NO_VENDING,,True,REFERENCE_HIGH,OSM_NAMED_LINE_BUFFER,Pakhal Road,HIGH,False,EPSG:32643,REFERENCE_READY,NOT_INDEPENDENTLY_VERIFIED,30414.71777220821,1583.6159752352364,374008.8683186546,2210848.8151290794,REPRESENTATIVE_POINT_FIXED_BUFFER,294.1157152162601,75.81510698616847,75.81510698616847,414.0221896395248,1369.157681027644,6731.224734062878,2.0,0.0,0.0,2.0,0.0,0.0,0.0,0.0,0.0,2.0,0.0,0.0,0.0,3696.831672837016,18858.08778142356,578.8755883441967,2952.930407875606,0.0,0.0,3117.95608449282,15905.157373547954,5.0,0.0,0.0,5.0,0.0,2.0,0.0,0.0,2.0,6.0,0.0,0.0,0.0,15649.60073930338,19957.7347985834,3574.716921455527,4558.790571521867,0.0,0.0,12074.883817847856,15398.944227061536,0.0,0.0871383591250136,0.0,0.0022585018517667,0.0893968609767804,0.0893968609767804,0.0,0.9106031390232197,False,,,,,0.0,1.5963375903453698
NV_031,Citywide,NO_VENDING,,True,REFERENCE_HIGH,OSM_NAMED_LINE_BUFFER,Nashik Pune Highway Flyover,HIGH,False,EPSG:32643,REFERENCE_READY,NOT_INDEPENDENTLY_VERIFIED,4986.091707474286,312.1868558498536,379042.7479063393,2206462.1492577847,REPRESENTATIVE_POINT_FIXED_BUFFER,707.7869479446057,13.718291656371186,13.718291656371186,423.252855634793,423.252855634793,376.8420334610898,0.0,0.0,0.0,0.0,0.0,0.0,0.0,0.0,0.0,0.0,0.0,1.0,0.0,3488.731049307408,17796.53557315688,424.6518398225055,2166.212146134921,57.4441697460957,293.0312471521144,3006.6350397388064,15337.292179869844,15.0,0.0,1.0,6.0,0.0,1.0,1.0,1.0,2.0,0.0,0.0,1.0,1.0,12912.895447090084,16467.649693300136,1939.2109319292767,2473.050791689466,453.9155949550289,578.8727275515735,10519.768920205775,13415.726174059097,0.0,0.0191271561514649,5.344638916359224e-05,0.0,0.0191806025406285,0.0191806025406285,0.0,0.9808193974593714,False,,,,,0.0,1.842219008148551
NV_032,Citywide,NO_VENDING,,True,REFERENCE_LIKELY,OSM_NAMED_LINE_BUFFER,D Road,LIKELY,False,EPSG:32643,REFERENCE_READY,NOT_INDEPENDENTLY_VERIFIED,10337.404956708184,579.7525242996533,369540.25834782457,2211466.856771968,REPRESENTATIVE_POINT_FIXED_BUFFER,1202.816468914893,107.53917273871988,107.53917273871988,851.0318783872799,2249.785648727782,10702.927187602709,0.0,0.0,0.0,0.0,0.0,0.0,0.0,0.0,0.0,0.0,0.0,0.0,0.0,3692.684554014541,18836.932711970745,965.6852956378503,4926.104211932676,0.0,0.0,2726.999258376692,13910.828500038073,0.0,0.0,0.0,0.0,0.0,0.0,0.0,0.0,0.0,0.0,0.0,0.0,0.0,10540.96142394663,13442.75270185515,2017.1516704264295,2572.447614320556,0.0,0.0,8523.8097535202,10870.305087534594,0.0,0.0,0.1905789271845105,0.0,0.1905789271845105,0.1905789271845105,0.0,0.8094210728154894,True,0.0,0.0,1.0,0.0,1.0,0.6353056359650052
NV_033,Citywide,NO_VENDING,,True,REFERENCE_LIKELY,OSM_NAMED_POINT_BUFFER,City Care Hospital and Research Centre Pvt. Ltd,LIKELY,False,EPSG:32643,REFERENCE_READY,NOT_INDEPENDENTLY_VERIFIED,2822.893641493219,188.41986941734768,374631.09635156766,2210557.8566278694,REPRESENTATIVE_POINT_FIXED_BUFFER,856.3414281320944,436.5890757153035,436.5890757153035,245.1690993549045,1993.1136316170544,6086.714437811401,0.0,0.0,0.0,0.0,0.0,1.0,0.0,0.0,0.0,2.0,0.0,0.0,0.0,2590.9823786571687,13216.986181938248,0.0,0.0,0.0,0.0,2590.9823786571687,13216.986181938248,0.0,0.0,0.0,0.0,0.0,1.0,0.0,0.0,1.0,5.0,0.0,0.0,0.0,13917.55891365669,17748.88410698105,153.56519061811375,195.83971500008045,48.44155403105378,61.77689160816604,13763.993723038577,17553.04439198097,0.0,0.0,0.0,0.0014098950471692,0.0014098950471692,0.0014098950471692,0.0,0.9985901049528308,False,,,,,1.0,1.6132945414972235
NV_034,Citywide,NO_VENDING,,True,REFERENCE_HIGH,OSM_NAMED_LINE_BUFFER,Dindori Road,HIGH,False,EPSG:32643,REFERENCE_READY,NOT_INDEPENDENTLY_VERIFIED,116288.4093937759,5877.249560284629,374507.2350908543,2214565.428127257,REPRESENTATIVE_POINT_FIXED_BUFFER,3.702579180449383e-11,1024.8086624787018,3.702579180449383e-11,1373.4697532676923,1378.7454703300311,9459.604174924249,0.0,0.0,0.0,0.0,0.0,0.0,0.0,0.0,0.0,0.0,0.0,0.0,0.0,2182.995583679793,11135.784906295474,1014.2860185563816,5174.023722515896,0.0,0.0,1168.7095651234115,5961.7611837795785,1.0,0.0,0.0,0.0,0.0,0.0,0.0,0.0,0.0,0.0,0.0,0.0,0.0,10892.272723148752,13890.775489018846,3693.981192919644,4710.886764931403,0.0,0.0,7198.291530229108,9179.888724087445,0.0,0.0,0.0,0.0,0.0,0.0,0.0,1.0,False,,,,,1.0,1.47659697910157
NV_035,Citywide,NO_VENDING,,True,REFERENCE_HIGH,OSM_NAMED_LINE_BUFFER,Mhasrul Adgaon Road,HIGH,False,EPSG:32643,REFERENCE_READY,NOT_INDEPENDENTLY_VERIFIED,50026.76279900665,2564.150875819037,376419.4370621898,2216840.556205836,REPRESENTATIVE_POINT_FIXED_BUFFER,1307.533899387976,1.9898940743231852,1.9898940743231852,3955.197513183405,3955.197513183405,10957.749121120163,0.0,0.0,0.0,0.0,0.0,0.0,0.0,0.0,0.0,0.0,0.0,0.0,0.0,753.5576258739719,3844.009442330648,500.327502476008,2552.2449481483186,0.0,0.0,253.23012339796392,1291.7644941823296,0.0,0.0,0.0,0.0,0.0,0.0,0.0,0.0,0.0,0.0,0.0,0.0,0.0,1906.3938598566483,2431.199601221288,1019.342206417144,1299.954022059082,0.0,0.0,887.0516534395045,1131.2455791622062,0.0,0.0,0.0,0.0083537116890441,0.0083537116890441,0.0083537116890441,0.0,0.9916462883109558,False,,,,,1.0,2.2945588955722354
NV_036,Citywide,NO_VENDING,,False,NO_USABLE_REFERENCE,UNRESOLVED,,UNRESOLVED,False,EPSG:32643,NO_USABLE_REFERENCE,NOT_INDEPENDENTLY_VERIFIED,,,,,,,,,,,,,,,,,,,,,,,,,,,,,,,,,,,,,,,,,,,,,,,,,,,,,,,,,,,,,,,,,,,,
NV_037,Citywide,NO_VENDING,,True,REFERENCE_LIKELY,OSM_NAMED_LINE_BUFFER,D Road,LIKELY,False,EPSG:32643,REFERENCE_READY,NOT_INDEPENDENTLY_VERIFIED,10337.404956708184,579.7525242996533,369540.25834782457,2211466.856771968,REPRESENTATIVE_POINT_FIXED_BUFFER,1202.816468914893,107.53917273871988,107.53917273871988,851.0318783872799,2249.785648727782,10702.927187602709,0.0,0.0,0.0,0.0,0.0,0.0,0.0,0.0,0.0,0.0,0.0,0.0,0.0,3692.684554014541,18836.932711970745,965.6852956378503,4926.104211932676,0.0,0.0,2726.999258376692,13910.828500038073,0.0,0.0,0.0,0.0,0.0,0.0,0.0,0.0,0.0,0.0,0.0,0.0,0.0,10540.96142394663,13442.75270185515,2017.1516704264295,2572.447614320556,0.0,0.0,8523.8097535202,10870.305087534594,0.0,0.0,0.1905789271845105,0.0,0.1905789271845105,0.1905789271845105,0.0,0.8094210728154894,True,0.0,0.0,1.0,0.0,1.0,0.6353056359650052
NV_038,Citywide,NO_VENDING,,True,REFERENCE_HIGH,OSM_NAMED_LINE_BUFFER,Subhash Road,HIGH,False,EPSG:32643,REFERENCE_READY,NOT_INDEPENDENTLY_VERIFIED,22473.41282849456,1186.419374812945,378600.6994202171,2206054.431130481,REPRESENTATIVE_POINT_FIXED_BUFFER,311.61960140978647,1.528103302416188,1.528103302416188,180.1554935329028,180.1554935329028,248.74882952391275,6.0,0.0,1.0,5.0,0.0,1.0,1.0,1.0,0.0,1.0,0.0,0.0,2.0,3976.767546159207,20286.08227494295,1072.9737041924402,5473.398329032415,188.9775471295738,964.00255350353,2714.816294837193,13848.681392407005,17.0,0.0,1.0,8.0,0.0,1.0,1.0,1.0,2.0,9.0,0.0,2.0,2.0,12917.811456627034,16473.919017114855,3434.0278218316225,4379.371569969093,463.58551037603615,591.2046464747514,9020.198124419374,11503.34280067101,0.0,0.0128860330122288,0.0755928331834083,0.0,0.0884788661956371,0.0884788661956371,0.0,0.9115211338043628,False,,,,,0.0,1.8684198743937492
NV_039,Citywide,NO_VENDING,,True,REFERENCE_HIGH,OSM_NAMED_POINT_BUFFER,Ambedkar Statue,HIGH,False,EPSG:32643,REFERENCE_READY,NOT_INDEPENDENTLY_VERIFIED,2822.8936414966743,188.41986941746305,378700.00745611294,2206179.860779356,REPRESENTATIVE_POINT_FIXED_BUFFER,390.901443633713,8.891196894717883,8.891196894717883,51.85942647452813,51.85942647452813,132.96711461465893,15.0,0.0,1.0,6.0,0.0,1.0,1.0,1.0,2.0,0.0,0.0,1.0,2.0,4518.06761401307,23047.334368372714,1054.780174758573,5380.590431491739,396.4714252089332,2022.4596630547733,3066.816014045564,15644.284273826202,17.0,0.0,1.0,8.0,0.0,1.0,1.0,1.0,2.0,8.0,0.0,2.0,2.0,14593.607120934304,18611.03970166141,4028.7961539248,5137.871983893378,463.58551037603615,591.2046464747514,10101.225456633469,12881.963071293285,0.0,0.009900812662132,0.0445159059991336,0.0,0.0544167186612656,0.0544167186612656,1.3877787807814457e-17,0.9455832813387344,False,,,,,0.0,2.1584958582962392
NV_040,Citywide,NO_VENDING,,True,REFERENCE_HIGH,OSM_NAMED_POINT_BUFFER,Wadala Gaon,HIGH,False,EPSG:32643,REFERENCE_READY,NOT_INDEPENDENTLY_VERIFIED,2822.8936414836844,188.4198694170296,373812.4600739688,2208467.1565452665,REPRESENTATIVE_POINT_FIXED_BUFFER,425.326280277841,74.03590316910808,74.03590316910808,1931.8095528603608,2468.7862591408443,5526.104171163346,11.0,0.0,0.0,11.0,0.0,0.0,0.0,0.0,0.0,0.0,0.0,0.0,0.0,4354.353080467268,22212.202201716,983.458104858062,5016.765953136607,134.59209567719464,686.574282950371,3370.894975609207,17195.4362485794,13.0,0.0,0.0,13.0,0.0,0.0,0.0,0.0,0.0,0.0,0.0,0.0,0.0,14895.969622029295,18996.63871536244,3483.9848413126497,4443.08111519896,134.59209567719464,171.64357073754866,11411.984780716648,14553.557600163484,0.0,0.002759323373239,0.0,0.0,0.002759323373239,0.002759323373239,0.0,0.997240676626761,False,,,,,1.0,2.0425382264792287
NV_041,Citywide,NO_VENDING,,True,REFERENCE_LIKELY,OSM_NAMED_LINE_BUFFER,Service Road,LIKELY,False,EPSG:32643,REFERENCE_READY,NOT_INDEPENDENTLY_VERIFIED,2598.8685713949835,192.79416115919,372831.2643717057,2210532.561962025,REPRESENTATIVE_POINT_FIXED_BUFFER,9.00819366816356,51.15865245032407,9.00819366816356,219.4685116225733,219.4685116225733,7428.277235662061,5.0,0.0,3.0,1.0,0.0,1.0,1.0,0.0,1.0,5.0,0.0,0.0,0.0,4788.094095839346,24424.779583150656,1896.0725512623085,9672.147875808554,0.0,0.0,2892.0215445770373,14752.631707342103,9.0,0.0,3.0,5.0,0.0,2.0,2.0,0.0,2.0,16.0,0.0,0.0,0.0,16075.225787099018,20500.52895474395,4293.719148587564,5475.724875964113,183.227388996012,233.66753557075495,11715.518509774083,14940.65026584021,0.0330375137272307,0.0899131164202898,0.0361890894236458,0.0072104288818182,0.1663501484529847,0.1663501484529847,0.0,0.8336498515470152,True,0.1986022497393088,0.5405051769202466,0.2175476833666543,0.0433448899737901,0.0,2.1239117315865257
NV_042,Citywide,NO_VENDING,,False,NO_USABLE_REFERENCE,UNRESOLVED,,UNRESOLVED,False,EPSG:32643,NO_USABLE_REFERENCE,NOT_INDEPENDENTLY_VERIFIED,,,,,,,,,,,,,,,,,,,,,,,,,,,,,,,,,,,,,,,,,,,,,,,,,,,,,,,,,,,,,,,,,,,,
NV_043,Citywide,NO_VENDING,,True,REFERENCE_HIGH,OSM_NAMED_POLYGON,Dr Zakir Hussain Hospital,HIGH,False,EPSG:32643,REFERENCE_READY,NOT_INDEPENDENTLY_VERIFIED,9557.467063180124,442.0142046452231,374369.84052095306,2211474.015746952,REPRESENTATIVE_POINT_FIXED_BUFFER,302.3958259226566,566.7791771449862,302.3958259226566,358.07656244296146,1775.1836683817614,6944.348502681672,3.0,0.0,0.0,2.0,1.0,0.0,0.0,0.0,0.0,1.0,0.0,0.0,1.0,3121.179016926899,15921.598030882187,0.0,0.0,132.71290181473404,676.9882357746285,2988.4661151121654,15244.609795107564,8.0,0.0,0.0,7.0,1.0,1.0,0.0,0.0,1.0,4.0,1.0,0.0,2.0,14858.302686639256,18948.60255650365,391.2561984750136,498.9640041010924,132.71290181473404,169.2470589436137,14334.333586349509,18280.39149345895,0.0,0.1037908381118132,0.0179033884043582,0.0138026183560236,0.1354968448721951,0.1354968448721951,0.0,0.8645031551278048,True,0.0,0.7660018815176988,0.1321314043972411,0.1018667140850599,0.0,1.4885076028576048
NV_044,Citywide,NO_VENDING,,True,REFERENCE_LIKELY,OSM_NAMED_POINT_BUFFER,Nashik,LIKELY,False,EPSG:32643,REFERENCE_READY,NOT_INDEPENDENTLY_VERIFIED,2822.893641479601,188.4198694168932,373454.1442056525,2213184.648891295,REPRESENTATIVE_POINT_FIXED_BUFFER,239.81339622517268,97.50461650125312,97.50461650125312,488.817579072638,693.2230561053817,8852.542862593162,2.0,0.0,0.0,1.0,0.0,0.0,0.0,0.0,0.0,0.0,0.0,0.0,0.0,3040.335945057083,15509.205506482784,263.6430406991168,1344.882332889643,421.5992742382471,2150.64055542132,2355.093630119719,12013.682618171822,5.0,0.0,0.0,3.0,0.0,1.0,0.0,0.0,0.0,3.0,0.0,2.0,3.0,15361.601968086914,19590.45366508964,2329.849696497877,2971.2273902608504,2377.3601590876024,3031.816872914065,11092.666146591404,14146.334647816064,0.0096319176018066,0.0417026685616716,0.0,0.0280781103796997,0.079412696543178,0.079412696543178,0.0,0.920587303456822,False,,,,,0.0,1.837253981582674
NV_045,Citywide,NO_VENDING,,False,NO_USABLE_REFERENCE,UNRESOLVED,,UNRESOLVED,False,EPSG:32643,NO_USABLE_REFERENCE,NOT_INDEPENDENTLY_VERIFIED,,,,,,,,,,,,,,,,,,,,,,,,,,,,,,,,,,,,,,,,,,,,,,,,,,,,,,,,,,,,,,,,,,,,
NV_046,Citywide,NO_VENDING,,True,REFERENCE_LIKELY,OSM_NAMED_POINT_BUFFER,Sai Hospital,LIKELY,False,EPSG:32643,REFERENCE_READY,NOT_INDEPENDENTLY_VERIFIED,2822.893641501807,188.41986941763432,365853.6140222807,2215575.0543420166,REPRESENTATIVE_POINT_FIXED_BUFFER,311.74250432168344,4366.105829702785,311.74250432168344,3053.1055767480143,4797.579961526046,16037.194360041116,0.0,0.0,0.0,0.0,0.0,0.0,0.0,0.0,0.0,1.0,0.0,0.0,0.0,3526.170610278904,17987.520337891005,0.0,0.0,0.0,0.0,3526.170610278904,17987.520337891005,0.0,0.0,0.0,0.0,0.0,0.0,0.0,0.0,0.0,1.0,0.0,0.0,0.0,8582.279671281709,10944.87102259059,573.5094966586137,731.3892941712943,0.0,0.0,8008.770174623094,10213.481728419296,0.5469146600487538,0.0,0.0,0.0,0.5469146600487538,0.5469146600487538,0.0,0.4530853399512462,True,1.0,0.0,0.0,0.0,1.0,0.743369845708465
NV_047,Citywide,NO_VENDING,,True,REFERENCE_LIKELY,OSM_NAMED_POLYGON,area,LIKELY,False,EPSG:32643,REFERENCE_READY,NOT_INDEPENDENTLY_VERIFIED,46.97693380908618,28.762023925065584,375489.8760340186,2209981.0755013544,REPRESENTATIVE_POINT_FIXED_BUFFER,127.73166932397594,13.325405717029524,13.325405717029524,1279.5052147797255,2896.427279515244,5081.664885036741,1.0,0.0,0.0,1.0,0.0,0.0,0.0,0.0,0.0,0.0,0.0,0.0,0.0,3925.590448315931,20025.020292971138,1566.7599112095404,7992.275156886079,109.51065356311976,558.6301191553941,2329.134675494168,11881.262132641044,2.0,0.0,0.0,2.0,0.0,0.0,0.0,0.0,2.0,0.0,0.0,0.0,0.0,14896.134132312933,18996.848513213976,3074.30873375734,3920.626437657534,190.65958704067768,243.14572226809756,11760.083480936317,14997.483401111744,0.0,0.0179076047519267,0.0,0.0,0.0179076047519267,0.0179076047519267,0.0,0.9820923952480732,False,,,,,1.0,1.1198882462266948
NV_048,Citywide,NO_VENDING,,False,NO_USABLE_REFERENCE,UNRESOLVED,,UNRESOLVED,False,EPSG:32643,NO_USABLE_REFERENCE,NOT_INDEPENDENTLY_VERIFIED,,,,,,,,,,,,,,,,,,,,,,,,,,,,,,,,,,,,,,,,,,,,,,,,,,,,,,,,,,,,,,,,,,,,
NV_049,Citywide,NO_VENDING,,True,REFERENCE_HIGH,OSM_NAMED_POINT_BUFFER,Panchavati Karanja,HIGH,False,EPSG:32643,REFERENCE_READY,NOT_INDEPENDENTLY_VERIFIED,2822.893641498041,188.4198694175087,373914.2621477759,2213019.621302855,REPRESENTATIVE_POINT_FIXED_BUFFER,4.119682448821414,586.3105871149851,4.119682448821414,4.656612873077393e-10,316.01333630206767,8446.18944300588,5.0,1.0,0.0,4.0,0.0,1.0,0.0,0.0,0.0,6.0,1.0,0.0,0.0,5025.854291753074,25637.629678115536,1483.5649948207974,7567.885524067578,496.0240902478258,2530.2926028048714,3325.477938871435,16963.757194359503,8.0,1.0,2.0,5.0,0.0,3.0,1.0,0.0,0.0,6.0,2.0,3.0,3.0,15881.695744691291,20253.7225776182,3618.275882326456,4614.340754791436,2266.396949447172,2890.306917018416,10280.218598887306,13110.230726384034,0.0602736856701478,0.0538731234500492,0.0,0.0052468869632341,0.1193936960834312,0.1193936960834312,0.0,0.8806063039165688,True,0.5048313909976377,0.4512225118854114,0.0,0.0439460971169505,0.0,3.447339489547919
NV_050,Citywide,NO_VENDING,,True,REFERENCE_HIGH,OSM_NAMED_POINT_BUFFER,Malviya Chowk,HIGH,False,EPSG:32643,REFERENCE_READY,NOT_INDEPENDENTLY_VERIFIED,2822.893641501144,188.41986941761223,373894.84617458953,2212890.54957564,REPRESENTATIVE_POINT_FIXED_BUFFER,130.1163541877956,625.2079616645619,130.1163541877956,130.52390884866242,425.9965938997511,8353.023311612673,5.0,1.0,1.0,3.0,0.0,1.0,0.0,0.0,0.0,3.0,1.0,0.0,0.0,5223.349269061924,26645.080908812877,771.0633398953977,3933.308691230233,909.5489571332836,4639.744406311766,3811.092452754935,19440.94900107234,11.0,2.0,4.0,6.0,0.0,3.0,1.0,0.0,0.0,6.0,1.0,4.0,6.0,16826.804376018124,21459.007474919203,3409.429725321327,4348.001933460125,2656.883032771708,3388.2888031604857,11128.038465598236,14191.444511876449,0.0309603018837916,0.0373148141873934,0.0,0.0058675461971624,0.0741426622683475,0.0741426622683475,0.0,0.9258573377316524,False,,,,,0.0,2.4777876881281076
NV_051,Citywide,NO_VENDING,,True,REFERENCE_HIGH,OSM_NAMED_POLYGON,Kalaram Mandir,HIGH,False,EPSG:32643,REFERENCE_READY,NOT_INDEPENDENTLY_VERIFIED,234.30087394138667,66.80038114860378,373972.0137516329,2212703.776308032,REPRESENTATIVE_POINT_FIXED_BUFFER,314.5550702343336,797.8412878350196,314.5550702343336,321.08146708122206,558.8195017254176,8156.882678970308,3.0,1.0,2.0,0.0,0.0,0.0,0.0,0.0,0.0,0.0,0.0,0.0,0.0,4030.828129797265,20561.85334649383,0.0,0.0,773.4626770626797,3945.548066706887,3490.0584318348974,17803.306748703457,11.0,2.0,4.0,6.0,0.0,1.0,0.0,0.0,0.0,5.0,1.0,2.0,5.0,15237.276332584444,19431.902779136868,2108.3710414048046,2688.778506386562,2040.7068050087632,2602.487174879983,11381.336494289051,14514.472234169656,0.0157873123593495,0.0278570900596703,0.0008120591141411,0.0,0.044456461533161,0.044456461533161,0.0,0.9555435384668388,False,,,,,0.0,2.1944940922096894
NV_052,Citywide,NO_VENDING,,False,NO_USABLE_REFERENCE,UNRESOLVED,,UNRESOLVED,False,EPSG:32643,NO_USABLE_REFERENCE,NOT_INDEPENDENTLY_VERIFIED,,,,,,,,,,,,,,,,,,,,,,,,,,,,,,,,,,,,,,,,,,,,,,,,,,,,,,,,,,,,,,,,,,,,
NV_053,Citywide,NO_VENDING,,True,REFERENCE_LIKELY,OSM_NAMED_LINE_BUFFER,Godavari,LIKELY,False,EPSG:32643,REFERENCE_READY,NOT_INDEPENDENTLY_VERIFIED,474444.0946583454,23783.81215454687,389430.83114053856,2210254.9107256234,REPRESENTATIVE_POINT_FIXED_BUFFER,5626.986047040916,10309.959573540566,5626.986047040916,11441.662677546952,11441.662677546952,11367.548827108709,0.0,0.0,0.0,0.0,0.0,0.0,0.0,0.0,0.0,0.0,0.0,0.0,0.0,0.0,0.0,0.0,0.0,0.0,0.0,0.0,0.0,0.0,0.0,0.0,0.0,0.0,0.0,0.0,0.0,0.0,0.0,0.0,0.0,0.0,0.0,0.0,0.0,0.0,0.0,0.0,0.0,0.0,0.0,0.0,0.0,0.0,0.0,0.0,0.0,1.0,False,,,,,1.0,2.8683492895822833
NV_054,Citywide,NO_VENDING,,True,REFERENCE_HIGH,OSM_NAMED_POINT_BUFFER,Sai Baba Mandir,HIGH,False,EPSG:32643,REFERENCE_READY,NOT_INDEPENDENTLY_VERIFIED,2822.8936415116773,188.41986941796375,366158.3111212765,2211051.314920613,REPRESENTATIVE_POINT_FIXED_BUFFER,717.8385693684781,2180.8470490431328,717.8385693684781,241.27338210436443,1179.156696628205,13585.9841344508,0.0,0.0,0.0,0.0,0.0,1.0,0.0,0.0,0.0,0.0,0.0,0.0,0.0,4532.421188922872,23120.55408719712,0.0,0.0,19.172068637760173,97.79957144894831,4513.249120285112,23022.754515748173,2.0,0.0,1.0,0.0,0.0,5.0,0.0,0.0,0.0,2.0,0.0,0.0,0.0,17134.152115164303,21850.96409866989,0.0,0.0,90.40486576351783,115.292164028086,17043.747249400785,21735.671934641807,0.0,0.0,0.4704302100649161,0.0060432140435095,0.4764734241084256,0.4764734241084254,1.6653345369377348e-16,0.5235265758915744,True,0.0,0.0,0.9873167867550696,0.0126832132449307,0.0,2.059001885939742
NV_055,Citywide,NO_VENDING,,True,REFERENCE_LIKELY,OSM_NAMED_POLYGON,Vegetable Market,LIKELY,False,EPSG:32643,REFERENCE_READY,NOT_INDEPENDENTLY_VERIFIED,76473.20539784787,1141.161929427763,373956.4104492276,2213556.4975519115,REPRESENTATIVE_POINT_FIXED_BUFFER,136.71186991136983,668.6662083435091,136.71186991136983,363.2401452477212,373.02584275071774,8865.028910346206,1.0,1.0,0.0,0.0,0.0,0.0,0.0,0.0,0.0,3.0,0.0,0.0,0.0,3846.834996954413,19623.277031043992,828.4811526464828,4226.205487433656,0.0,0.0,3018.3538443079306,15397.071543610333,3.0,1.0,0.0,2.0,0.0,2.0,1.0,0.0,0.0,7.0,1.0,1.0,0.0,11783.046511416076,15026.76785891493,2895.991979153554,3693.2213710484775,264.0949706856486,336.7969237289597,8736.796148632648,11141.923901341454,0.0943247632851499,0.0321660699956947,0.0,0.0,0.1264908332808446,0.1264908332808446,0.0,0.8735091667191553,True,0.745704339505163,0.254295660494837,0.0,0.0,0.0,1.3209200990219976
NV_056,Citywide,NO_VENDING,,True,REFERENCE_LIKELY,OSM_NAMED_POINT_BUFFER,Ramkund,LIKELY,False,EPSG:32643,REFERENCE_READY,NOT_INDEPENDENTLY_VERIFIED,2822.89364149817,188.41986941751287,373686.7367615245,2212739.104992438,REPRESENTATIVE_POINT_FIXED_BUFFER,235.55675587312777,579.013299087784,235.55675587312777,361.1885958873147,675.5609415353995,8357.751584443668,7.0,2.0,3.0,3.0,0.0,0.0,0.0,0.0,0.0,0.0,0.0,2.0,3.0,5115.672859478953,26095.807540803155,253.12690613017543,1291.2379675593252,1645.8882446364155,8395.920545645859,3457.270142176113,17636.04881020133,18.0,4.0,4.0,10.0,1.0,2.0,0.0,0.0,0.0,3.0,1.0,3.0,6.0,18410.198611657223,23478.28980441188,2005.8031012995343,2557.974929889116,3012.4834754799463,3841.7814799420794,13903.319404893897,17730.724644367016,0.0114938632743357,0.0323016509539974,0.0,0.0097243999460678,0.053519914174401,0.053519914174401,0.0,0.946480085825599,False,,,,,0.0,3.065703495381195
NV_057,Citywide,NO_VENDING,,True,REFERENCE_HIGH,OSM_NAMED_POLYGON,Divisional Commissioner Office,HIGH,False,EPSG:32643,REFERENCE_READY,NOT_INDEPENDENTLY_VERIFIED,2123.7682396046785,284.0617319267318,378720.37561944185,2207254.526313856,REPRESENTATIVE_POINT_FIXED_BUFFER,239.9762717336957,555.7118687608717,239.9762717336957,1095.9347665273335,1095.9347665273335,1108.7365856360948,1.0,0.0,0.0,1.0,0.0,0.0,0.0,0.0,0.0,1.0,0.0,0.0,0.0,1617.6953245873856,8252.1042704809,145.2615621565099,741.0008171434938,0.0,0.0,1472.433762430876,7511.103453337408,2.0,0.0,0.0,2.0,0.0,0.0,0.0,0.0,0.0,2.0,0.0,0.0,0.0,7662.560272138785,9771.964686960711,1715.810483678502,2188.1510696872238,0.0,0.0,5946.749788460283,7583.81361727349,0.0,0.0619880931360315,0.1949467101867949,0.0,0.2569348033228265,0.2569348033228265,0.0,0.7430651966771735,True,0.0,0.2412600096770323,0.7587399903229674,0.0,1.0,1.1153047293837997
NV_058,Citywide,NO_VENDING,,False,NO_USABLE_REFERENCE,UNRESOLVED,,UNRESOLVED,False,EPSG:32643,NO_USABLE_REFERENCE,NOT_INDEPENDENTLY_VERIFIED,,,,,,,,,,,,,,,,,,,,,,,,,,,,,,,,,,,,,,,,,,,,,,,,,,,,,,,,,,,,,,,,,,,,
NV_059,Citywide,NO_VENDING,,False,NO_USABLE_REFERENCE,UNRESOLVED,,UNRESOLVED,False,EPSG:32643,NO_USABLE_REFERENCE,NOT_INDEPENDENTLY_VERIFIED,,,,,,,,,,,,,,,,,,,,,,,,,,,,,,,,,,,,,,,,,,,,,,,,,,,,,,,,,,,,,,,,,,,,
NV_060,Citywide,NO_VENDING,,False,NO_USABLE_REFERENCE,UNRESOLVED,,UNRESOLVED,False,EPSG:32643,NO_USABLE_REFERENCE,NOT_INDEPENDENTLY_VERIFIED,,,,,,,,,,,,,,,,,,,,,,,,,,,,,,,,,,,,,,,,,,,,,,,,,,,,,,,,,,,,,,,,,,,,
NV_061,Citywide,NO_VENDING,,True,REFERENCE_LIKELY,OSM_NAMED_LINE_BUFFER,A Road,LIKELY,False,EPSG:32643,REFERENCE_READY,NOT_INDEPENDENTLY_VERIFIED,23113.121345136355,1218.4087911693348,369209.8699883084,2212107.6908700746,REPRESENTATIVE_POINT_FIXED_BUFFER,1204.2048036555088,486.5368875944565,486.5368875944565,1010.11758651422,2169.7263227171256,11314.756732209507,0.0,0.0,0.0,0.0,0.0,0.0,0.0,0.0,0.0,0.0,0.0,0.0,0.0,2436.114143048056,12426.980295781796,0.0,0.0,0.0,0.0,2436.1141430480566,12426.9802957818,0.0,0.0,0.0,0.0,0.0,0.0,0.0,0.0,0.0,0.0,0.0,0.0,0.0,11707.317482730114,14930.191601395913,293.3641382717168,374.1235171794227,0.0,0.0,11413.953344458398,14556.068084216491,0.0,0.0,0.3333481814577346,0.0056756934879676,0.3390238749457022,0.3390238749457022,0.0,0.6609761250542978,True,0.0,0.0,0.9832587203810452,0.0167412796189549,1.0,0.8598926699311294
NV_062,Citywide,NO_VENDING,,True,REFERENCE_LIKELY,OSM_NAMED_LINE_BUFFER,A Road,LIKELY,False,EPSG:32643,REFERENCE_READY,NOT_INDEPENDENTLY_VERIFIED,23113.121345136355,1218.4087911693348,369209.8699883084,2212107.6908700746,REPRESENTATIVE_POINT_FIXED_BUFFER,1204.2048036555088,486.5368875944565,486.5368875944565,1010.11758651422,2169.7263227171256,11314.756732209507,0.0,0.0,0.0,0.0,0.0,0.0,0.0,0.0,0.0,0.0,0.0,0.0,0.0,2436.114143048056,12426.980295781796,0.0,0.0,0.0,0.0,2436.1141430480566,12426.9802957818,0.0,0.0,0.0,0.0,0.0,0.0,0.0,0.0,0.0,0.0,0.0,0.0,0.0,11707.317482730114,14930.191601395913,293.3641382717168,374.1235171794227,0.0,0.0,11413.953344458398,14556.068084216491,0.0,0.0,0.3333481814577346,0.0056756934879676,0.3390238749457022,0.3390238749457022,0.0,0.6609761250542978,True,0.0,0.0,0.9832587203810452,0.0167412796189549,1.0,0.8598926699311294
NV_063,Citywide,NO_VENDING,,True,REFERENCE_HIGH,OSM_NAMED_LINE_BUFFER,Nashik Road Railway Station Exit,HIGH,False,EPSG:32643,REFERENCE_READY,NOT_INDEPENDENTLY_VERIFIED,9236.600635358276,524.7076639883813,378785.0378588136,2206511.3466279176,REPRESENTATIVE_POINT_FIXED_BUFFER,446.303653992892,8.466210545562742,8.466210545562742,354.4189484398817,354.4189484398817,362.9163215604385,1.0,0.0,0.0,1.0,0.0,0.0,0.0,0.0,0.0,0.0,0.0,0.0,0.0,3955.69774271984,20178.602076232142,1497.1146135097856,7637.004142726692,57.4441697460957,293.0312471521144,2401.138959463958,12248.566686353332,23.0,0.0,1.0,12.0,1.0,1.0,1.0,1.0,2.0,6.0,0.0,1.0,1.0,14518.71478305868,18515.530465185257,3574.443257966622,4558.441571989763,453.9155949550289,578.8727275515735,10490.355930137031,13378.216165643922,0.0,0.0365937961409705,0.0024289878024607,0.0,0.0390227839434312,0.0390227839434313,0.0,0.9609772160565688,False,,,,,0.0,1.3699043656700365
NV_064,Citywide,NO_VENDING,,True,REFERENCE_LIKELY,OSM_NAMED_POINT_BUFFER,Lekhanagar,LIKELY,False,EPSG:32643,REFERENCE_READY,NOT_INDEPENDENTLY_VERIFIED,2822.893641472383,188.41986941665235,371644.65474389854,2208962.529757781,REPRESENTATIVE_POINT_FIXED_BUFFER,47.9372819519917,56.82667757041267,47.9372819519917,10.609126376925849,1950.0118736008656,7715.605742940419,1.0,0.0,1.0,0.0,0.0,1.0,0.0,0.0,2.0,1.0,0.0,0.0,0.0,3223.81204835888,16445.14437740345,1457.5868810632069,7435.367304956862,0.0,0.0,1766.2251672956734,9009.777072446588,2.0,0.0,2.0,0.0,0.0,1.0,0.0,0.0,2.0,1.0,0.0,0.0,0.0,16052.146999476834,20471.09687334397,3321.922560004532,4236.405169589832,935.400873700929,1192.9047187000217,12730.224439472302,16234.691703754135,0.0257622674445041,0.0,0.0,0.0033424509703065,0.0291047184148107,0.0291047184148107,0.0,0.9708952815851892,False,,,,,0.0,2.135622221214119
NV_065,Citywide,NO_VENDING,,True,REFERENCE_LIKELY,OSM_NAMED_POLYGON,police station,LIKELY,False,EPSG:32643,REFERENCE_READY,NOT_INDEPENDENTLY_VERIFIED,778.7955814487843,147.0173306311733,377086.9493767994,2208424.877438793,REPRESENTATIVE_POINT_FIXED_BUFFER,1511.2534952238775,498.19771872066,498.19771872066,2809.236514070676,2809.236514070676,2864.834907586646,0.0,0.0,0.0,0.0,0.0,0.0,0.0,0.0,0.0,0.0,0.0,0.0,0.0,4751.234827678497,24236.754978286004,0.0,0.0,445.567008068722,2272.9035277437865,4751.234827678496,24236.754978286,0.0,0.0,0.0,0.0,0.0,0.0,0.0,0.0,2.0,2.0,1.0,0.0,0.0,15103.324127586831,19261.075252763392,11.818703128545048,15.072240284718577,1237.0564605604484,1577.6022137570944,14812.898711788564,18890.6994506055,0.0,0.0,0.0,0.0,0.0,0.0,0.0,1.0,False,,,,,1.0,1.4668895744691928
NV_066,Citywide,NO_VENDING,,True,REFERENCE_HIGH,OSM_NAMED_POINT_BUFFER,Ashwin Nagar,HIGH,False,EPSG:32643,REFERENCE_READY,NOT_INDEPENDENTLY_VERIFIED,2822.8936414933974,188.4198694173537,370364.1946044997,2207675.2607055367,REPRESENTATIVE_POINT_FIXED_BUFFER,153.7377607875186,684.5173785904426,153.7377607875186,1805.1514288868536,3736.97126529074,8601.748066333832,0.0,0.0,0.0,0.0,0.0,0.0,0.0,0.0,0.0,0.0,0.0,0.0,0.0,5675.560953407749,28951.879917769253,684.6416678537068,3492.458898269845,226.30255022926775,1154.4029415081498,4990.919285554042,25459.421019499405,3.0,0.0,1.0,1.0,0.0,0.0,0.0,0.0,1.0,1.0,0.0,0.0,0.0,21047.024808602528,26841.000382479582,1952.9242761604487,2490.5392434350783,1848.2623550255537,2357.065239828424,19080.446974746927,24333.0489323003,0.0184326381447602,0.0,0.0,0.0173215049986531,0.0357541431434133,0.0357541431434133,6.938893903907228e-18,0.9642458568565866,False,,,,,1.0,1.2536124166852352
NV_067,Citywide,NO_VENDING,,True,REFERENCE_LIKELY,OSM_NAMED_POINT_BUFFER,State Bank,LIKELY,False,EPSG:32643,REFERENCE_READY,NOT_INDEPENDENTLY_VERIFIED,2822.8936415050607,188.4198694177429,371176.1796107674,2208420.640134206,REPRESENTATIVE_POINT_FIXED_BUFFER,8.032542705346424,643.0539747171325,8.032542705346424,705.9328330243197,2658.098256486943,7983.044780373149,0.0,0.0,0.0,0.0,0.0,0.0,0.0,0.0,1.0,3.0,0.0,0.0,0.0,4330.20344542246,22089.011324265302,981.6054115902105,5007.315089432447,0.0,0.0,3348.59803383225,17081.696234832856,1.0,0.0,0.0,1.0,0.0,0.0,0.0,0.0,2.0,5.0,0.0,0.0,0.0,19039.710947596875,24281.098800143456,1988.801299353167,2536.2927502606312,83.7286654341227,106.77809150598952,17050.90964824371,21744.806049882827,0.0134231569839501,0.0038436771753811,0.0,0.0299909410996901,0.0472577752590214,0.0472577752590214,0.0,0.9527422247409786,False,,,,,1.0,1.0808064505455546
NV_068,Citywide,NO_VENDING,,True,REFERENCE_HIGH,OSM_NAMED_POINT_BUFFER,Uttam Nagar,HIGH,False,EPSG:32643,REFERENCE_READY,NOT_INDEPENDENTLY_VERIFIED,2822.893641505284,188.41986941775045,369677.5149611387,2208044.212457667,REPRESENTATIVE_POINT_FIXED_BUFFER,488.4132286687242,91.82790804356412,91.82790804356412,1207.2231630461802,3780.1557755343206,9346.05347398689,0.0,0.0,0.0,0.0,0.0,0.0,0.0,0.0,0.0,0.0,0.0,0.0,0.0,7677.085424014786,39161.95370628142,947.9771592812688,4835.772376617717,1669.4041001831058,8515.878419685181,6729.108264733519,34326.18132966371,2.0,0.0,0.0,1.0,0.0,0.0,0.0,0.0,0.0,1.0,0.0,0.0,0.0,26897.35137194293,34301.84669934561,2249.402335633247,2868.633904322902,5189.507110519402,6618.111757125847,24647.949036309685,31433.212795022715,0.0,0.0,0.0,0.0028952330039639,0.0028952330039639,0.0028952330039639,0.0,0.997104766996036,False,,,,,1.0,1.606371430459056
NV_069,Citywide,NO_VENDING,,True,REFERENCE_LIKELY,OSM_NAMED_POINT_BUFFER,Lekhanagar,LIKELY,False,EPSG:32643,REFERENCE_READY,NOT_INDEPENDENTLY_VERIFIED,2822.893641472383,188.41986941665235,371644.65474389854,2208962.529757781,REPRESENTATIVE_POINT_FIXED_BUFFER,47.9372819519917,56.82667757041267,47.9372819519917,10.609126376925849,1950.0118736008656,7715.605742940419,1.0,0.0,1.0,0.0,0.0,1.0,0.0,0.0,2.0,1.0,0.0,0.0,0.0,3223.81204835888,16445.14437740345,1457.5868810632069,7435.367304956862,0.0,0.0,1766.2251672956734,9009.777072446588,2.0,0.0,2.0,0.0,0.0,1.0,0.0,0.0,2.0,1.0,0.0,0.0,0.0,16052.146999476834,20471.09687334397,3321.922560004532,4236.405169589832,935.400873700929,1192.9047187000217,12730.224439472302,16234.691703754135,0.0257622674445041,0.0,0.0,0.0033424509703065,0.0291047184148107,0.0291047184148107,0.0,0.9708952815851892,False,,,,,0.0,2.135622221214119
NV_070,Citywide,NO_VENDING,,True,REFERENCE_LIKELY,OSM_NAMED_POINT_BUFFER,Pawan Nagar,LIKELY,False,EPSG:32643,REFERENCE_READY,NOT_INDEPENDENTLY_VERIFIED,2822.8936414861746,188.4198694171125,369632.4683943213,2208984.8791924464,REPRESENTATIVE_POINT_FIXED_BUFFER,1301.5095204634465,42.82163845821765,42.82163845821765,1682.3021273481222,3062.8795194438385,9624.008235109262,0.0,0.0,0.0,0.0,0.0,0.0,0.0,0.0,0.0,2.0,0.0,0.0,0.0,6315.781326482051,32217.73918953469,992.3534052475802,5062.142202431433,49.250954841614885,251.23644025948823,5323.42792123447,27155.596987103258,6.0,0.0,3.0,2.0,0.0,0.0,0.0,0.0,0.0,4.0,2.0,0.0,0.0,22452.285693339723,28633.11153774833,2298.8282511286725,2931.666139462136,1021.1612225750538,1302.273789999406,20153.457442211053,25701.4453982862,0.0,0.0,0.0,0.0090167315280346,0.0090167315280346,0.0090167315280346,0.0,0.9909832684719654,False,,,,,1.0,1.5588688478578574
NV_071,Citywide,NO_VENDING,,True,REFERENCE_LIKELY,OSM_NAMED_POLYGON,area,LIKELY,False,EPSG:32643,REFERENCE_READY,NOT_INDEPENDENTLY_VERIFIED,46.97693380908618,28.762023925065584,375489.8760340186,2209981.0755013544,REPRESENTATIVE_POINT_FIXED_BUFFER,127.73166932397594,13.325405717029524,13.325405717029524,1279.5052147797255,2896.427279515244,5081.664885036741,1.0,0.0,0.0,1.0,0.0,0.0,0.0,0.0,0.0,0.0,0.0,0.0,0.0,3925.590448315931,20025.020292971138,1566.7599112095404,7992.275156886079,109.51065356311976,558.6301191553941,2329.134675494168,11881.262132641044,2.0,0.0,0.0,2.0,0.0,0.0,0.0,0.0,2.0,0.0,0.0,0.0,0.0,14896.134132312933,18996.848513213976,3074.30873375734,3920.626437657534,190.65958704067768,243.14572226809756,11760.083480936317,14997.483401111744,0.0,0.0179076047519267,0.0,0.0,0.0179076047519267,0.0179076047519267,0.0,0.9820923952480732,False,,,,,1.0,1.1198882462266948
NV_072,Citywide,NO_VENDING,,True,REFERENCE_HIGH,OSM_NAMED_POINT_BUFFER,Maharana Pratap Chowk,HIGH,False,EPSG:32643,REFERENCE_READY,NOT_INDEPENDENTLY_VERIFIED,2822.8936414961104,188.41986941744415,370872.9020833988,2209047.876183574,REPRESENTATIVE_POINT_FIXED_BUFFER,641.3818367801846,1.5425712317844648e-10,1.5425712317844648e-10,768.8344367440596,2378.017173677894,8467.804842241027,0.0,0.0,0.0,0.0,0.0,0.0,0.0,0.0,0.0,1.0,0.0,0.0,0.0,6339.7885334849725,32340.20352037626,999.0189794657138,5096.144287147044,529.3363330289693,2700.223304053381,5340.769554019259,27244.059233229214,0.0,0.0,0.0,0.0,0.0,0.0,0.0,0.0,0.0,1.0,0.0,0.0,0.0,19826.849871850183,25284.926959186258,1999.3749662326663,2549.7772118098405,1124.9638352983068,1434.6519286267917,17827.47490561752,22735.14974737642,0.0335343503051607,0.0,0.0,0.0120113929512552,0.045545743256416,0.045545743256416,0.0,0.954454256743584,False,,,,,1.0,1.919816537314907
NV_073,Citywide,NO_VENDING,,True,REFERENCE_HIGH,OSM_NAMED_POINT_BUFFER,Rane Nagar,HIGH,False,EPSG:32643,REFERENCE_READY,NOT_INDEPENDENTLY_VERIFIED,2822.893641499601,188.4198694175607,371112.7393202366,2208082.739036482,REPRESENTATIVE_POINT_FIXED_BUFFER,90.41471938927548,836.7876314604925,90.41471938927548,1018.2153438248868,2978.0770277515003,7955.163139230581,0.0,0.0,0.0,0.0,0.0,0.0,0.0,0.0,1.0,3.0,0.0,0.0,0.0,5073.326771786785,25879.79385406531,866.5041380046853,4420.166386672137,0.0,0.0,4206.822633782101,21459.627467393177,1.0,0.0,0.0,1.0,0.0,0.0,0.0,0.0,3.0,6.0,0.0,0.0,0.0,18359.71941536107,23413.914333797213,1933.3301344631905,2465.551086221737,0.0,0.0,16426.389280897878,20948.363247575475,0.0107225846733638,0.006838363409844,0.0,0.0070663041128024,0.0246272521960103,0.0246272521960103,0.0,0.9753727478039896,False,,,,,1.0,1.0015180684183975
NV_074,Citywide,NO_VENDING,,True,REFERENCE_HIGH,OSM_NAMED_POLYGON,Bhonsala Military School,HIGH,False,EPSG:32643,REFERENCE_READY,NOT_INDEPENDENTLY_VERIFIED,13025.925698821387,488.1130939191165,369432.3101497424,2212641.753507381,REPRESENTATIVE_POINT_FIXED_BUFFER,667.4645754391062,299.0950974427428,299.0950974427428,482.1118342515049,2654.3339083607098,11421.074931586489,0.0,0.0,0.0,0.0,0.0,0.0,0.0,0.0,0.0,0.0,1.0,0.0,0.0,2006.466646731863,10235.284563424651,0.0,0.0,0.0,0.0,2006.466646731863,10235.284563424651,2.0,0.0,1.0,1.0,0.0,1.0,0.0,0.0,0.0,0.0,4.0,0.0,0.0,12552.957676637048,16008.625678160002,1658.669024738013,2115.279301101184,252.07141380660337,321.4634360876418,10682.412620895117,13623.143596336577,0.0,0.0,0.0252304158117501,0.0,0.0252304158117501,0.0252304158117501,0.0,0.9747695841882498,False,,,,,1.0,2.0400755964050843
NV_075,Citywide,NO_VENDING,,True,REFERENCE_LIKELY,OSM_NAMED_POLYGON,Temple,LIKELY,False,EPSG:32643,REFERENCE_READY,NOT_INDEPENDENTLY_VERIFIED,140.59997703785456,49.754420150577104,373565.36320635886,2209774.592333068,REPRESENTATIVE_POINT_FIXED_BUFFER,494.0019078708822,13.87954790117547,13.87954790117547,1266.9410721891363,1266.9410721891363,6390.91107659306,0.0,0.0,0.0,0.0,0.0,0.0,0.0,0.0,0.0,0.0,0.0,0.0,0.0,4632.325624290143,23630.181459671923,892.2363280106754,4551.430112177073,0.0,0.0,3740.089296279468,19078.75134749485,0.0,0.0,0.0,0.0,0.0,0.0,0.0,0.0,0.0,0.0,0.0,0.0,0.0,16690.778019773756,21285.534810103887,1613.026268964848,2057.071680959823,1787.8974334220177,2280.082630714635,15077.751750808908,19228.463129144064,0.0,0.0,0.0,0.0029611972492823,0.0029611972492823,0.0029611972492823,0.0,0.9970388027507175,False,,,,,1.0,0.8869313131392808
NV_076,Citywide,NO_VENDING,,False,NO_USABLE_REFERENCE,UNRESOLVED,,UNRESOLVED,False,EPSG:32643,NO_USABLE_REFERENCE,NOT_INDEPENDENTLY_VERIFIED,,,,,,,,,,,,,,,,,,,,,,,,,,,,,,,,,,,,,,,,,,,,,,,,,,,,,,,,,,,,,,,,,,,,
NV_077,Citywide,NO_VENDING,,True,REFERENCE_LIKELY,OSM_NAMED_POLYGON,Namco Hospital,LIKELY,False,EPSG:32643,REFERENCE_READY,NOT_INDEPENDENTLY_VERIFIED,22870.89199764908,612.0415327844853,373828.4497478624,2215660.884585792,REPRESENTATIVE_POINT_FIXED_BUFFER,696.4726047588669,156.93925886651436,156.93925886651436,2438.384637414224,2446.5483626634928,10744.671516224917,0.0,0.0,0.0,0.0,0.0,0.0,0.0,0.0,0.0,2.0,0.0,0.0,0.0,2386.1715714329503,12172.215815573554,187.8636174779757,958.320232799962,0.0,0.0,2198.307953954974,11213.89558277359,2.0,1.0,0.0,0.0,0.0,0.0,0.0,0.0,0.0,2.0,0.0,0.0,0.0,11877.713036124982,15147.494861853662,694.6757225241424,885.9110255977231,0.0,0.0,11183.037313600842,14261.583836255944,0.0,0.0,0.0,0.0,0.0,0.0,0.0,1.0,False,,,,,1.0,1.1488459684804146
NV_078,Citywide,NO_VENDING,,True,REFERENCE_HIGH,OSM_NAMED_LINE_BUFFER,Trimbak Road,HIGH,False,EPSG:32643,REFERENCE_READY,NOT_INDEPENDENTLY_VERIFIED,26416.621995525285,1383.7085833194606,366175.9273148572,2210292.518931471,REPRESENTATIVE_POINT_FIXED_BUFFER,301.60541600137867,1451.324770918534,301.60541600137867,476.4104429834484,1366.0432591096155,13314.361965120244,0.0,0.0,0.0,0.0,0.0,0.0,0.0,0.0,0.0,1.0,0.0,0.0,0.0,2441.145035145361,12452.643624054746,0.0,0.0,0.0,0.0,2441.145035145361,12452.643624054746,2.0,0.0,0.0,1.0,0.0,1.0,0.0,0.0,0.0,3.0,0.0,0.0,0.0,11912.165173534864,15191.43123014349,1488.8752708941456,1898.743507880513,0.0,0.0,10423.28990264072,13292.687722262976,0.0248613911960059,0.0404722182653996,0.0,0.0,0.0653336094614055,0.0653336094614055,0.0,0.9346663905385943,False,,,,,1.0,1.378644188137636
NV_079,Citywide,NO_VENDING,,True,REFERENCE_LIKELY,OSM_NAMED_POINT_BUFFER,Aakash Petrol Pump,LIKELY,False,EPSG:32643,REFERENCE_READY,NOT_INDEPENDENTLY_VERIFIED,2822.893641494464,188.41986941738924,375004.90623614285,2216245.0285589667,REPRESENTATIVE_POINT_FIXED_BUFFER,22.09860700256805,690.3027599319851,22.09860700256805,3125.146226068288,3130.328415861679,10794.230861726868,0.0,0.0,0.0,0.0,0.0,0.0,0.0,0.0,0.0,1.0,0.0,0.0,0.0,5134.97140162596,26194.252272419104,992.4105760886276,5062.433839388271,0.0,0.0,4142.560825537333,21131.818433030832,0.0,0.0,0.0,0.0,0.0,0.0,0.0,0.0,0.0,6.0,0.0,0.0,0.0,18210.812319993027,23224.01502783479,1994.1574086046887,2543.1233275881186,45.38239815229336,57.87558941184269,16216.654911388336,20680.891700246662,0.0002162637614443,0.0,0.0,0.0071550085676716,0.007371272329116,0.007371272329116,8.673617379884035e-19,0.992628727670884,False,,,,,1.0,1.1623645576265413
NV_080,Citywide,NO_VENDING,,True,REFERENCE_LIKELY,OSM_NAMED_POLYGON,XLO Point/CTR Circle,LIKELY,False,EPSG:32643,REFERENCE_READY,NOT_INDEPENDENTLY_VERIFIED,757.3662752885011,98.00748053486976,367650.8507072408,2207906.449167529,REPRESENTATIVE_POINT_FIXED_BUFFER,6.693857931431404,6.904218085021869,6.693857931431404,281.159368853219,3121.890301732726,11315.9583001034,2.0,0.0,0.0,1.0,0.0,0.0,0.0,0.0,0.0,2.0,0.0,0.0,0.0,2530.9640126305894,12910.823576985706,1331.4716589346283,6792.034813799827,0.0,0.0,1199.4923536959616,6118.788763185881,10.0,0.0,2.0,7.0,0.0,1.0,0.0,0.0,0.0,2.0,0.0,0.0,2.0,9931.280141256691,12665.233993596556,2594.4146492821974,3308.623676123172,379.4706727416449,483.9340745222678,6957.39481923285,8872.676242951115,0.0173683332215695,0.0209218735889507,0.3588214419909668,0.0,0.3971116488014871,0.3971116488014871,0.0,0.6028883511985128,True,0.0437366500680311,0.0526851167728132,0.9035782331591556,0.0,0.0,1.7656448985711553
NV_081,Citywide,NO_VENDING,,True,REFERENCE_HIGH,OSM_NAMED_POLYGON,Ganapati Mandir Park,HIGH,False,EPSG:32643,REFERENCE_READY,NOT_INDEPENDENTLY_VERIFIED,1504.377873429146,155.17351239921527,367951.79878286633,2212676.773168709,REPRESENTATIVE_POINT_FIXED_BUFFER,866.4257778898022,1772.1832850618562,866.4257778898022,1662.2710458350484,1774.2527561356749,12685.228312812354,0.0,0.0,0.0,0.0,0.0,0.0,0.0,0.0,0.0,0.0,0.0,0.0,0.0,3418.711377639156,17439.35482174522,0.0,0.0,0.0,0.0,3418.711377639156,17439.35482174522,1.0,0.0,1.0,0.0,0.0,0.0,0.0,0.0,0.0,0.0,0.0,0.0,0.0,10733.74589895464,13688.608266453106,0.0,0.0,0.0,0.0,10733.74589895464,13688.608266453106,0.0,0.0,0.2142773131111913,0.0019185137777573,0.2161958268889487,0.2161958268889487,0.0,0.7838041731110512,True,0.0,0.0,0.99112603695749,0.0088739630425098,1.0,0.8978402864075967
NV_082,Citywide,NO_VENDING,,False,NO_USABLE_REFERENCE,UNRESOLVED,,UNRESOLVED,False,EPSG:32643,NO_USABLE_REFERENCE,NOT_INDEPENDENTLY_VERIFIED,,,,,,,,,,,,,,,,,,,,,,,,,,,,,,,,,,,,,,,,,,,,,,,,,,,,,,,,,,,,,,,,,,,,
NV_083,Citywide,NO_VENDING,,True,REFERENCE_HIGH,OSM_NAMED_LINE_BUFFER,Gangapur Road,HIGH,False,EPSG:32643,REFERENCE_READY,NOT_INDEPENDENTLY_VERIFIED,4718.026118393985,298.7835823890434,362890.0580196799,2216361.856801411,REPRESENTATIVE_POINT_FIXED_BUFFER,19.92157884423238,7424.068672655193,19.92157884423238,4437.422556729803,6956.243633549956,18929.72119605981,0.0,0.0,0.0,0.0,0.0,0.0,0.0,0.0,0.0,0.0,0.0,0.0,0.0,229.8175870104833,1172.3336665292934,229.8175870104833,1172.3336665292934,0.0,0.0,0.0,0.0,0.0,0.0,0.0,0.0,0.0,0.0,0.0,0.0,0.0,0.0,0.0,0.0,0.0,480.803102102424,613.1620200378055,480.803102102424,613.1620200378055,0.0,0.0,0.0,0.0,0.0,0.0,0.0,0.0,0.0,0.0,0.0,1.0,False,,,,,1.0,2.7614967189475976
